2018-11-05 20:00:54.793067,66,52.85.113.140,80,1.0,-1830935570,1,1,,1,ack
2018-11-05 20:00:57.473488,54,52.216.98.179,80,1.0,-1830712468,1,1,,1,ack
2018-11-05 20:01:07.180272,288,52.94.227.146,443,3.0,0,1,1,23,1,expected
2018-11-05 20:01:07.180581,190,52.94.227.146,443,3.0,0,1,1,23,1,expected
2018-11-05 20:01:07.185183,1514,52.94.227.146,443,1.0,-1830704609,1,1,,1,not_relevant
2018-11-05 20:01:07.185253,1514,52.94.227.146,443,1.0,0,1,1,,1,not_relevant
2018-11-05 20:01:07.185678,423,52.94.227.146,443,3.0,0,1,1,23,1,expected
2018-11-05 20:01:07.187283,258,52.94.227.146,443,3.0,0,1,1,23,1,expected
2018-11-05 20:01:07.187397,184,52.94.227.146,443,3.0,0,1,1,23,1,expected
2018-11-05 20:01:07.208626,288,52.94.227.146,443,3.0,0,1,1,23,1,expected
2018-11-05 20:01:07.221598,1514,52.94.227.146,443,3.0,0,1,1,23,1,expected
2018-11-05 20:01:07.222285,1514,52.94.227.146,443,1.0,37,1,1,,1,not_relevant
2018-11-05 20:01:07.223766,1514,52.94.227.146,443,1.0,1,1,1,,1,not_relevant
2018-11-05 20:01:07.223808,638,52.94.227.146,443,3.0,0,1,1,23,1,expected
2018-11-05 20:01:07.265194,1514,52.94.227.146,443,1.0,41,1,1,,1,not_relevant
2018-11-05 20:01:07.265259,1514,52.94.227.146,443,1.0,0,1,1,,1,not_relevant
2018-11-05 20:01:07.265320,1514,52.94.227.146,443,1.0,0,1,1,,1,not_relevant
2018-11-05 20:01:07.265353,332,52.94.227.146,443,3.0,0,1,1,23,1,expected
2018-11-05 20:01:07.265541,74,54.239.26.255,443,1.0,-1830704870,0,1,,1,retransmit
2018-11-05 20:01:07.283763,172,52.94.227.146,443,3.0,0,1,1,23,1,expected
2018-11-05 20:01:07.297480,172,52.94.227.146,443,3.0,0,1,1,23,1,expected
2018-11-05 20:01:07.310311,54,54.239.26.255,443,1.0,44,1,1,,1,ack
2018-11-05 20:01:07.318618,280,54.239.26.255,443,3.0,0,1,1,22,1,handshake
2018-11-05 20:01:07.319028,172,52.94.227.146,443,3.0,0,1,1,23,1,expected
2018-11-05 20:01:07.332610,172,52.94.227.146,443,3.0,0,1,1,23,1,expected
2018-11-05 20:01:07.333627,54,52.94.227.146,443,1.0,68,1,1,,1,ack
2018-11-05 20:01:07.361914,54,54.239.26.255,443,1.0,51,1,1,,1,ack
2018-11-05 20:01:07.362164,54,54.239.26.255,443,1.0,0,1,1,,1,ack
2018-11-05 20:01:07.363759,54,54.239.26.255,443,1.0,1,1,1,,1,ack
2018-11-05 20:01:07.364429,54,54.239.26.255,443,1.0,0,1,1,,1,ack
2018-11-05 20:01:07.367854,172,52.94.227.146,443,3.0,0,1,1,23,1,expected
2018-11-05 20:01:07.382028,66,54.239.26.255,443,1.0,17,1,1,,1,ack
2018-11-05 20:01:07.385484,172,52.94.227.146,443,3.0,0,1,1,23,1,expected
2018-11-05 20:01:07.396510,172,52.94.227.146,443,3.0,0,1,1,23,1,expected
2018-11-05 20:01:07.408555,172,52.94.227.146,443,3.0,0,1,1,23,1,expected
2018-11-05 20:01:07.434477,180,54.239.26.255,443,3.0,0,1,1,22,1,handshake
2018-11-05 20:01:07.446336,172,52.94.227.146,443,3.0,0,1,1,23,1,expected
2018-11-05 20:01:07.458642,172,52.94.227.146,443,3.0,0,1,1,23,1,expected
2018-11-05 20:01:07.473464,54,54.239.26.255,443,1.0,91,1,1,,1,ack
2018-11-05 20:01:07.479295,172,52.94.227.146,443,3.0,0,1,1,23,1,expected
2018-11-05 20:01:07.479939,764,54.239.26.255,443,3.0,0,1,1,23,1,expected
2018-11-05 20:01:07.493053,172,52.94.227.146,443,3.0,0,1,1,23,1,expected
2018-11-05 20:01:07.527740,172,52.94.227.146,443,3.0,0,1,1,23,1,expected
2018-11-05 20:01:07.530559,85,54.239.26.255,443,3.0,0,1,1,21,1,handshake
2018-11-05 20:01:07.530777,54,54.239.26.255,443,1.0,57,1,1,,1,ack
2018-11-05 20:01:07.541395,172,52.94.227.146,443,3.0,0,1,1,23,1,expected
2018-11-05 20:01:07.555017,172,52.94.227.146,443,3.0,0,1,1,23,1,expected
2018-11-05 20:01:07.568695,172,52.94.227.146,443,3.0,0,1,1,23,1,expected
2018-11-05 20:01:07.570819,54,54.239.26.255,443,1.0,40,1,1,,1,ack
2018-11-05 20:01:07.603746,172,52.94.227.146,443,3.0,0,1,1,23,1,expected
2018-11-05 20:01:07.617913,172,52.94.227.146,443,3.0,0,1,1,23,1,expected
2018-11-05 20:01:07.638725,172,52.94.227.146,443,3.0,0,1,1,23,1,expected
2018-11-05 20:01:07.652671,172,52.94.227.146,443,3.0,0,1,1,23,1,expected
2018-11-05 20:01:07.680779,172,52.94.227.146,443,3.0,0,1,1,23,1,expected
2018-11-05 20:01:07.688203,288,52.94.227.146,443,3.0,0,1,1,23,1,expected
2018-11-05 20:01:07.688755,190,52.94.227.146,443,3.0,0,1,1,23,1,expected
2018-11-05 20:01:07.690688,1514,52.94.227.146,443,1.0,357,1,1,,1,not_relevant
2018-11-05 20:01:07.690757,1514,52.94.227.146,443,1.0,0,1,1,,1,not_relevant
2018-11-05 20:01:07.690790,126,52.94.227.146,443,3.0,0,1,1,23,1,expected
2018-11-05 20:01:07.690950,136,52.94.227.146,443,3.0,0,1,1,23,1,expected
2018-11-05 20:01:07.691087,92,52.94.227.146,443,3.0,0,1,1,23,1,expected
2018-11-05 20:01:07.701559,172,52.94.227.146,443,3.0,0,1,1,23,1,expected
2018-11-05 20:01:07.715667,172,52.94.227.146,443,3.0,0,1,1,23,1,expected
2018-11-05 20:01:07.730786,172,52.94.227.146,443,3.0,0,1,1,23,1,expected
2018-11-05 20:01:07.764558,172,52.94.227.146,443,3.0,0,1,1,23,1,expected
2018-11-05 20:01:07.778497,172,52.94.227.146,443,3.0,0,1,1,23,1,expected
2018-11-05 20:01:07.792775,172,52.94.227.146,443,3.0,0,1,1,23,1,expected
2018-11-05 20:01:07.812848,172,52.94.227.146,443,3.0,0,1,1,23,1,expected
2018-11-05 20:01:07.859394,172,52.94.227.146,443,3.0,0,1,1,23,1,expected
2018-11-05 20:01:07.861482,172,52.94.227.146,443,3.0,0,1,1,23,1,expected
2018-11-05 20:01:07.875738,172,52.94.227.146,443,3.0,0,1,1,23,1,expected
2018-11-05 20:01:07.889797,172,52.94.227.146,443,3.0,0,1,1,23,1,expected
2018-11-05 20:01:07.925005,172,52.94.227.146,443,3.0,0,1,1,23,1,expected
2018-11-05 20:01:07.938745,172,52.94.227.146,443,3.0,0,1,1,23,1,expected
2018-11-05 20:01:07.952956,172,52.94.227.146,443,3.0,0,1,1,23,1,expected
2018-11-05 20:01:07.973919,172,52.94.227.146,443,3.0,0,1,1,23,1,expected
2018-11-05 20:01:08.001627,172,52.94.227.146,443,3.0,0,1,1,23,1,expected
2018-11-05 20:01:08.022604,172,52.94.227.146,443,3.0,0,1,1,23,1,expected
2018-11-05 20:01:08.037265,172,52.94.227.146,443,3.0,0,1,1,23,1,expected
2018-11-05 20:01:08.050996,172,52.94.227.146,443,3.0,0,1,1,23,1,expected
2018-11-05 20:01:08.086283,172,52.94.227.146,443,3.0,0,1,1,23,1,expected
2018-11-05 20:01:08.099692,172,52.94.227.146,443,3.0,0,1,1,23,1,expected
2018-11-05 20:01:08.114713,172,52.94.227.146,443,3.0,0,1,1,23,1,expected
2018-11-05 20:01:08.134945,172,52.94.227.146,443,3.0,0,1,1,23,1,expected
2018-11-05 20:01:08.162763,172,52.94.227.146,443,3.0,0,1,1,23,1,expected
2018-11-05 20:01:08.176413,172,52.94.227.146,443,3.0,0,1,1,23,1,expected
2018-11-05 20:01:08.197487,172,52.94.227.146,443,3.0,0,1,1,23,1,expected
2018-11-05 20:01:08.211853,172,52.94.227.146,443,3.0,0,1,1,23,1,expected
2018-11-05 20:01:08.246507,172,52.94.227.146,443,3.0,0,1,1,23,1,expected
2018-11-05 20:01:08.260391,172,52.94.227.146,443,3.0,0,1,1,23,1,expected
2018-11-05 20:01:08.276135,172,52.94.227.146,443,3.0,0,1,1,23,1,expected
2018-11-05 20:01:08.288611,172,52.94.227.146,443,3.0,0,1,1,23,1,expected
2018-11-05 20:01:08.323679,172,52.94.227.146,443,3.0,0,1,1,23,1,expected
2018-11-05 20:01:08.337542,172,52.94.227.146,443,3.0,0,1,1,23,1,expected
2018-11-05 20:01:08.358477,172,52.94.227.146,443,3.0,0,1,1,23,1,expected
2018-11-05 20:01:08.373962,172,52.94.227.146,443,3.0,0,1,1,23,1,expected
2018-11-05 20:01:08.400780,172,52.94.227.146,443,3.0,0,1,1,23,1,expected
2018-11-05 20:01:08.421635,172,52.94.227.146,443,3.0,0,1,1,23,1,expected
2018-11-05 20:01:08.435678,172,52.94.227.146,443,3.0,0,1,1,23,1,expected
2018-11-05 20:01:08.449802,172,52.94.227.146,443,3.0,0,1,1,23,1,expected
2018-11-05 20:01:08.485019,172,52.94.227.146,443,3.0,0,1,1,23,1,expected
2018-11-05 20:01:08.498535,172,52.94.227.146,443,3.0,0,1,1,23,1,expected
2018-11-05 20:01:08.520060,172,52.94.227.146,443,3.0,0,1,1,23,1,expected
2018-11-05 20:01:08.559367,172,52.94.227.146,443,3.0,0,1,1,23,1,expected
2018-11-05 20:01:08.562960,172,52.94.227.146,443,3.0,0,1,1,23,1,expected
2018-11-05 20:01:08.583110,172,52.94.227.146,443,3.0,0,1,1,23,1,expected
2018-11-05 20:01:08.595709,172,52.94.227.146,443,3.0,0,1,1,23,1,expected
2018-11-05 20:01:08.609414,172,52.94.227.146,443,3.0,0,1,1,23,1,expected
2018-11-05 20:01:08.644646,172,52.94.227.146,443,3.0,0,1,1,23,1,expected
2018-11-05 20:01:08.658481,172,52.94.227.146,443,3.0,0,1,1,23,1,expected
2018-11-05 20:01:08.672592,172,52.94.227.146,443,3.0,0,1,1,23,1,expected
2018-11-05 20:01:08.693989,172,52.94.227.146,443,3.0,0,1,1,23,1,expected
2018-11-05 20:01:08.721582,172,52.94.227.146,443,3.0,0,1,1,23,1,expected
2018-11-05 20:01:08.743530,172,52.94.227.146,443,3.0,0,1,1,23,1,expected
2018-11-05 20:01:08.761525,172,52.94.227.146,443,3.0,0,1,1,23,1,expected
2018-11-05 20:01:08.773601,172,52.94.227.146,443,3.0,0,1,1,23,1,expected
2018-11-05 20:01:08.805815,172,52.94.227.146,443,3.0,0,1,1,23,1,expected
2018-11-05 20:01:08.819393,172,52.94.227.146,443,3.0,0,1,1,23,1,expected
2018-11-05 20:01:08.834245,172,52.94.227.146,443,3.0,0,1,1,23,1,expected
2018-11-05 20:01:08.854476,172,52.94.227.146,443,3.0,0,1,1,23,1,expected
2018-11-05 20:01:08.885182,172,52.94.227.146,443,3.0,0,1,1,23,1,expected
2018-11-05 20:01:08.898179,172,52.94.227.146,443,3.0,0,1,1,23,1,expected
2018-11-05 20:01:08.919572,172,52.94.227.146,443,3.0,0,1,1,23,1,expected
2018-11-05 20:01:08.933675,172,52.94.227.146,443,3.0,0,1,1,23,1,expected
2018-11-05 20:01:08.966264,172,52.94.227.146,443,3.0,0,1,1,23,1,expected
2018-11-05 20:01:08.980284,172,52.94.227.146,443,3.0,0,1,1,23,1,expected
2018-11-05 20:01:08.994734,172,52.94.227.146,443,3.0,0,1,1,23,1,expected
2018-11-05 20:01:09.008454,172,52.94.227.146,443,3.0,0,1,1,23,1,expected
2018-11-05 20:01:09.043789,172,52.94.227.146,443,3.0,0,1,1,23,1,expected
2018-11-05 20:01:09.057400,172,52.94.227.146,443,3.0,0,1,1,23,1,expected
2018-11-05 20:01:09.078327,172,52.94.227.146,443,3.0,0,1,1,23,1,expected
2018-11-05 20:01:09.092412,172,52.94.227.146,443,3.0,0,1,1,23,1,expected
2018-11-05 20:01:09.120462,172,52.94.227.146,443,3.0,0,1,1,23,1,expected
2018-11-05 20:01:09.128455,136,52.94.227.146,443,3.0,0,1,1,23,1,expected
2018-11-05 20:01:09.129213,92,52.94.227.146,443,3.0,0,1,1,23,1,expected
2018-11-05 20:01:09.159921,74,54.239.26.255,443,1.0,-1830703352,0,1,,1,retransmit
2018-11-05 20:01:09.180566,54,52.94.227.146,443,1.0,1489,1,1,,1,ack
2018-11-05 20:01:09.198324,54,54.239.26.255,443,1.0,38,1,1,,1,ack
2018-11-05 20:01:09.200043,312,54.239.26.255,443,3.0,0,1,1,22,1,handshake
2018-11-05 20:01:09.260168,54,54.239.26.255,443,1.0,61,1,1,,1,ack
2018-11-05 20:01:09.260567,105,54.239.26.255,443,3.0,0,1,1,20,1,handshake
2018-11-05 20:01:09.340815,815,54.239.26.255,443,3.0,0,1,1,23,1,expected
2018-11-05 20:01:09.385439,85,54.239.26.255,443,3.0,0,1,1,21,1,handshake
2018-11-05 20:01:09.385636,54,54.239.26.255,443,1.0,125,1,1,,1,ack
2018-11-05 20:01:09.403363,54,52.94.227.146,443,1.0,222,1,1,,1,ack
2018-11-05 20:01:09.410023,74,54.239.26.255,443,1.0,-1830703600,0,1,,1,retransmit
2018-11-05 20:01:09.424400,54,54.239.26.255,443,1.0,38,1,1,,1,ack
2018-11-05 20:01:09.450054,54,54.239.26.255,443,1.0,40,1,1,,1,ack
2018-11-05 20:01:09.452351,312,54.239.26.255,443,3.0,0,1,1,22,1,handshake
2018-11-05 20:01:09.496906,54,54.239.26.255,443,1.0,46,1,1,,1,ack
2018-11-05 20:01:09.497585,105,54.239.26.255,443,3.0,0,1,1,20,1,handshake
2018-11-05 20:01:09.569195,54,52.94.227.146,443,1.0,165,1,1,,1,ack
2018-11-05 20:01:09.569588,54,52.94.227.146,443,1.0,0,1,1,,1,ack
2018-11-05 20:01:09.569733,54,52.94.227.146,443,1.0,0,1,1,,1,ack
2018-11-05 20:01:09.570914,54,52.94.227.146,443,1.0,1,1,1,,1,ack
2018-11-05 20:01:09.571209,54,52.94.227.146,443,1.0,0,1,1,,1,ack
2018-11-05 20:01:09.572165,54,52.94.227.146,443,1.0,0,1,1,,1,ack
2018-11-05 20:01:09.572550,54,52.94.227.146,443,1.0,0,1,1,,1,ack
2018-11-05 20:01:09.573980,54,52.94.227.146,443,1.0,1,1,1,,1,ack
2018-11-05 20:01:09.574317,54,52.94.227.146,443,1.0,0,1,1,,1,ack
2018-11-05 20:01:09.574437,54,52.94.227.146,443,1.0,0,1,1,,1,ack
2018-11-05 20:01:09.584547,780,54.239.26.255,443,3.0,0,1,1,23,1,expected
2018-11-05 20:01:09.608113,54,52.94.227.146,443,1.0,33,1,1,,1,ack
2018-11-05 20:01:09.611794,54,52.94.227.146,443,1.0,3,1,1,,1,ack
2018-11-05 20:01:09.611976,54,52.94.227.146,443,1.0,0,1,1,,1,ack
2018-11-05 20:01:09.612066,54,52.94.227.146,443,1.0,0,1,1,,1,ack
2018-11-05 20:01:09.612883,54,52.94.227.146,443,1.0,0,1,1,,1,ack
2018-11-05 20:01:09.612987,54,52.94.227.146,443,1.0,0,1,1,,1,ack
2018-11-05 20:01:09.614036,54,52.94.227.146,443,1.0,1,1,1,,1,ack
2018-11-05 20:01:09.617551,54,52.94.227.146,443,1.0,3,1,1,,1,ack
2018-11-05 20:01:09.617740,54,52.94.227.146,443,1.0,0,1,1,,1,ack
2018-11-05 20:01:09.617940,54,52.94.227.146,443,1.0,0,1,1,,1,ack
2018-11-05 20:01:09.635057,85,54.239.26.255,443,3.0,0,1,1,21,1,handshake
2018-11-05 20:01:09.635241,54,54.239.26.255,443,1.0,138,1,1,,1,ack
2018-11-05 20:01:09.645941,54,52.94.227.146,443,1.0,28,1,1,,1,ack
2018-11-05 20:01:09.650003,54,52.94.227.146,443,1.0,4,1,1,,1,ack
2018-11-05 20:01:09.650931,54,52.94.227.146,443,1.0,0,1,1,,1,ack
2018-11-05 20:01:09.651124,54,52.94.227.146,443,1.0,0,1,1,,1,ack
2018-11-05 20:01:09.652086,54,52.94.227.146,443,1.0,0,1,1,,1,ack
2018-11-05 20:01:09.652276,54,52.94.227.146,443,1.0,0,1,1,,1,ack
2018-11-05 20:01:09.655962,74,54.239.26.255,443,1.0,-1830800561,0,1,,1,retransmit
2018-11-05 20:01:09.656782,54,52.94.227.146,443,1.0,4,1,1,,1,ack
2018-11-05 20:01:09.656882,54,52.94.227.146,443,1.0,0,1,1,,1,ack
2018-11-05 20:01:09.658215,54,52.94.227.146,443,1.0,1,1,1,,1,ack
2018-11-05 20:01:09.658460,54,52.94.227.146,443,1.0,0,1,1,,1,ack
2018-11-05 20:01:09.658534,54,52.94.227.146,443,1.0,0,1,1,,1,ack
2018-11-05 20:01:09.697235,54,54.239.26.255,443,1.0,61,1,1,,1,ack
2018-11-05 20:01:09.698937,54,52.94.227.146,443,1.0,40,1,1,,1,ack
2018-11-05 20:01:09.699351,54,52.94.227.146,443,1.0,0,1,1,,1,ack
2018-11-05 20:01:09.699475,54,52.94.227.146,443,1.0,0,1,1,,1,ack
2018-11-05 20:01:09.699578,54,52.94.227.146,443,1.0,0,1,1,,1,ack
2018-11-05 20:01:09.700222,54,52.94.227.146,443,1.0,0,1,1,,1,ack
2018-11-05 20:01:09.700469,54,52.94.227.146,443,1.0,0,1,1,,1,ack
2018-11-05 20:01:09.703973,54,52.94.227.146,443,1.0,3,1,1,,1,ack
2018-11-05 20:01:09.704149,54,54.239.26.255,443,1.0,48,1,1,,1,ack
2018-11-05 20:01:09.704227,96,52.94.227.146,443,3.0,0,1,1,23,1,expected
2018-11-05 20:01:09.705057,312,54.239.26.255,443,3.0,0,1,1,22,1,handshake
2018-11-05 20:01:09.706658,54,52.94.227.146,443,1.0,2,1,1,,1,ack
2018-11-05 20:01:09.707050,54,52.94.227.146,443,1.0,0,1,1,,1,ack
2018-11-05 20:01:09.712360,641,52.94.227.146,443,3.0,0,1,1,23,1,expected
2018-11-05 20:01:09.713283,190,52.94.227.146,443,3.0,0,1,1,23,1,expected
2018-11-05 20:01:09.714549,1514,52.94.227.146,443,1.0,7,1,1,,1,not_relevant
2018-11-05 20:01:09.714882,1514,52.94.227.146,443,1.0,0,1,1,,1,not_relevant
2018-11-05 20:01:09.714902,122,52.94.227.146,443,3.0,0,1,1,23,1,expected
2018-11-05 20:01:09.724253,136,52.94.227.146,443,3.0,0,1,1,23,1,expected
2018-11-05 20:01:09.724504,92,52.94.227.146,443,3.0,0,1,1,23,1,expected
2018-11-05 20:01:09.740366,54,52.94.227.146,443,1.0,25,1,1,,1,ack
2018-11-05 20:01:09.746709,54,52.94.227.146,443,1.0,6,1,1,,1,ack
2018-11-05 20:01:09.746789,54,52.94.227.146,443,1.0,0,1,1,,1,ack
2018-11-05 20:01:09.750346,54,54.239.26.255,443,1.0,46,1,1,,1,ack
2018-11-05 20:01:09.751486,96,52.94.227.146,443,3.0,0,1,1,23,1,expected
2018-11-05 20:01:09.751976,105,54.239.26.255,443,3.0,0,1,1,20,1,handshake
2018-11-05 20:01:09.762311,74,54.239.26.255,443,1.0,-1830861655,0,1,,1,retransmit
2018-11-05 20:01:09.808340,54,54.239.26.255,443,1.0,46,1,1,,1,ack
2018-11-05 20:01:09.809805,312,54.239.26.255,443,3.0,0,1,1,22,1,handshake
2018-11-05 20:01:09.837653,786,54.239.26.255,443,3.0,0,1,1,23,1,expected
2018-11-05 20:01:09.853042,54,54.239.26.255,443,1.0,44,1,1,,1,ack
2018-11-05 20:01:09.858337,105,54.239.26.255,443,3.0,0,1,1,20,1,handshake
2018-11-05 20:01:09.863611,54,52.94.227.146,443,1.0,116,1,1,,1,ack
2018-11-05 20:01:09.896788,85,54.239.26.255,443,3.0,0,1,1,21,1,handshake
2018-11-05 20:01:09.896944,54,54.239.26.255,443,1.0,146,1,1,,1,ack
2018-11-05 20:01:09.908966,294,52.94.227.146,443,3.0,0,1,1,23,1,expected
2018-11-05 20:01:09.909832,190,52.94.227.146,443,3.0,0,1,1,23,1,expected
2018-11-05 20:01:09.911593,1514,52.94.227.146,443,1.0,47,1,1,,1,not_relevant
2018-11-05 20:01:09.912133,1514,52.94.227.146,443,1.0,0,1,1,,1,not_relevant
2018-11-05 20:01:09.912302,123,52.94.227.146,443,3.0,0,1,1,23,1,expected
2018-11-05 20:01:09.912388,136,52.94.227.146,443,3.0,0,1,1,23,1,expected
2018-11-05 20:01:09.912473,92,52.94.227.146,443,3.0,0,1,1,23,1,expected
2018-11-05 20:01:09.959375,54,54.239.26.255,443,1.0,62,1,1,,1,ack
2018-11-05 20:01:09.960706,794,54.239.26.255,443,3.0,0,1,1,23,1,expected
2018-11-05 20:01:09.961113,288,52.94.227.146,443,3.0,0,1,1,23,1,expected
2018-11-05 20:01:09.962133,190,52.94.227.146,443,3.0,0,1,1,23,1,expected
2018-11-05 20:01:09.963259,1514,52.94.227.146,443,1.0,51,1,1,,1,not_relevant
2018-11-05 20:01:09.963277,1514,52.94.227.146,443,1.0,0,1,1,,1,not_relevant
2018-11-05 20:01:09.963298,60,52.94.227.146,443,3.0,0,1,1,23,1,expected
2018-11-05 20:01:09.963386,136,52.94.227.146,443,3.0,0,1,1,23,1,expected
2018-11-05 20:01:09.963492,92,52.94.227.146,443,3.0,0,1,1,23,1,expected
2018-11-05 20:01:10.015870,85,54.239.26.255,443,3.0,0,1,1,21,1,handshake
2018-11-05 20:01:10.016013,54,54.239.26.255,443,1.0,162,1,1,,1,ack
2018-11-05 20:01:10.063509,54,54.239.26.255,443,1.0,47,1,1,,1,ack
2018-11-05 20:01:10.104658,54,52.94.227.146,443,1.0,141,1,1,,1,ack
2018-11-05 20:01:10.169983,54,52.94.227.146,443,1.0,65,1,1,,1,ack
2018-11-05 20:01:12.820475,100,52.94.227.146,443,3.0,0,1,1,23,1,syn
2018-11-05 20:01:19.724180,288,52.94.227.146,443,3.0,0,1,1,23,1,expected
2018-11-05 20:01:19.724468,190,52.94.227.146,443,3.0,0,1,1,23,1,expected
2018-11-05 20:01:19.725046,1514,52.94.227.146,443,1.0,9555,1,1,,1,not_relevant
2018-11-05 20:01:19.725372,1514,52.94.227.146,443,1.0,0,1,1,,1,not_relevant
2018-11-05 20:01:19.725415,64,52.94.227.146,443,3.0,0,1,1,23,1,expected
2018-11-05 20:01:19.725572,136,52.94.227.146,443,3.0,0,1,1,23,1,expected
2018-11-05 20:01:19.725714,92,52.94.227.146,443,3.0,0,1,1,23,1,expected
2018-11-05 20:01:19.754821,287,52.94.227.146,443,3.0,0,1,1,23,1,expected
2018-11-05 20:01:19.756232,190,52.94.227.146,443,3.0,0,1,1,23,1,expected
2018-11-05 20:01:19.761439,1514,52.94.227.146,443,1.0,36,1,1,,1,not_relevant
2018-11-05 20:01:19.767235,1514,52.94.227.146,443,1.0,5,1,1,,1,not_relevant
2018-11-05 20:01:19.767539,184,52.94.227.146,443,3.0,0,1,1,23,1,expected
2018-11-05 20:01:19.893576,54,52.94.227.146,443,1.0,126,1,1,,1,ack
2018-11-05 20:01:19.913286,54,52.94.227.146,443,1.0,19,1,1,,1,ack
2018-11-05 20:01:20.229386,286,52.94.227.146,443,3.0,0,1,1,23,1,expected
2018-11-05 20:01:20.229646,190,52.94.227.146,443,3.0,0,1,1,23,1,expected
2018-11-05 20:01:20.230162,1514,52.94.227.146,443,1.0,316,1,1,,1,not_relevant
2018-11-05 20:01:20.230245,1514,52.94.227.146,443,1.0,0,1,1,,1,not_relevant
2018-11-05 20:01:20.230308,59,52.94.227.146,443,3.0,0,1,1,23,1,expected
2018-11-05 20:01:20.230492,136,52.94.227.146,443,3.0,0,1,1,23,1,expected
2018-11-05 20:01:20.230638,92,52.94.227.146,443,3.0,0,1,1,23,1,expected
2018-11-05 20:01:20.314597,54,52.94.227.146,443,1.0,84,1,1,,1,ack
2018-11-05 20:01:20.478602,54,52.94.227.146,443,1.0,164,1,1,,1,ack
2018-11-05 20:01:20.478796,54,52.94.227.146,443,1.0,0,1,1,,1,ack
2018-11-05 20:01:24.275301,66,52.85.113.140,80,1.0,29482,1,1,,1,ack
2018-11-05 20:01:29.559060,54,52.216.98.179,80,1.0,32085,1,1,,1,ack
2018-11-05 20:01:42.820333,54,52.94.227.146,443,1.0,22341,1,1,,1,ack
2018-11-05 20:01:42.821363,100,52.94.227.146,443,3.0,0,1,1,23,1,syn
2018-11-05 20:01:44.393452,74,54.239.26.255,443,1.0,-1830771104,0,1,,1,retransmit
2018-11-05 20:01:44.393700,287,52.94.227.146,443,3.0,0,1,1,23,1,expected
2018-11-05 20:01:44.393846,190,52.94.227.146,443,3.0,0,1,1,23,1,expected
2018-11-05 20:01:44.400587,1514,52.94.227.146,443,1.0,1580,1,1,,1,not_relevant
2018-11-05 20:01:44.401677,1514,52.94.227.146,443,1.0,1,1,1,,1,not_relevant
2018-11-05 20:01:44.401716,360,52.94.227.146,443,3.0,0,1,1,23,1,expected
2018-11-05 20:01:44.401737,132,52.94.227.146,443,3.0,0,1,1,23,1,expected
2018-11-05 20:01:44.402773,180,52.94.227.146,443,3.0,0,1,1,23,1,expected
2018-11-05 20:01:44.404498,128,52.94.227.146,443,3.0,0,1,1,23,1,expected
2018-11-05 20:01:44.435269,54,54.239.26.255,443,1.0,41,1,1,,1,ack
2018-11-05 20:01:44.437536,312,54.239.26.255,443,3.0,0,1,1,22,1,handshake
2018-11-05 20:01:44.439004,1514,52.94.227.146,443,3.0,0,1,1,23,1,expected
2018-11-05 20:01:44.439094,1514,52.94.227.146,443,1.0,37,1,1,,1,not_relevant
2018-11-05 20:01:44.439150,1514,52.94.227.146,443,1.0,0,1,1,,1,not_relevant
2018-11-05 20:01:44.439183,807,52.94.227.146,443,3.0,0,1,1,23,1,expected
2018-11-05 20:01:44.484155,54,54.239.26.255,443,1.0,48,1,1,,1,ack
2018-11-05 20:01:44.484511,105,54.239.26.255,443,3.0,0,1,1,20,1,handshake
2018-11-05 20:01:44.500890,1514,52.94.227.146,443,1.0,61,1,1,,1,not_relevant
2018-11-05 20:01:44.500946,1514,52.94.227.146,443,1.0,0,1,1,,1,not_relevant
2018-11-05 20:01:44.502330,1312,52.94.227.146,443,3.0,0,1,1,23,1,expected
2018-11-05 20:01:44.512785,172,52.94.227.146,443,3.0,0,1,1,23,1,expected
2018-11-05 20:01:44.528312,172,52.94.227.146,443,3.0,0,1,1,23,1,expected
2018-11-05 20:01:44.569417,172,52.94.227.146,443,3.0,0,1,1,23,1,expected
2018-11-05 20:01:44.569821,767,54.239.26.255,443,3.0,0,1,1,23,1,expected
2018-11-05 20:01:44.579565,172,52.94.227.146,443,3.0,0,1,1,23,1,expected
2018-11-05 20:01:44.589180,172,52.94.227.146,443,3.0,0,1,1,23,1,expected
2018-11-05 20:01:44.610185,172,52.94.227.146,443,3.0,0,1,1,23,1,expected
2018-11-05 20:01:44.621424,85,54.239.26.255,443,3.0,0,1,1,21,1,handshake
2018-11-05 20:01:44.621597,54,54.239.26.255,443,1.0,137,1,1,,1,ack
2018-11-05 20:01:44.638660,172,52.94.227.146,443,3.0,0,1,1,23,1,expected
2018-11-05 20:01:44.651747,172,52.94.227.146,443,3.0,0,1,1,23,1,expected
2018-11-05 20:01:44.663090,54,54.239.26.255,443,1.0,41,1,1,,1,ack
2018-11-05 20:01:44.673257,172,52.94.227.146,443,3.0,0,1,1,23,1,expected
2018-11-05 20:01:44.686996,172,52.94.227.146,443,3.0,0,1,1,23,1,expected
2018-11-05 20:01:44.722341,172,52.94.227.146,443,3.0,0,1,1,23,1,expected
2018-11-05 20:01:44.735437,172,52.94.227.146,443,3.0,0,1,1,23,1,expected
2018-11-05 20:01:44.749102,172,52.94.227.146,443,3.0,0,1,1,23,1,expected
2018-11-05 20:01:44.769781,172,52.94.227.146,443,3.0,0,1,1,23,1,expected
2018-11-05 20:01:44.797928,172,52.94.227.146,443,3.0,0,1,1,23,1,expected
2018-11-05 20:01:44.811541,172,52.94.227.146,443,3.0,0,1,1,23,1,expected
2018-11-05 20:01:44.832649,172,52.94.227.146,443,3.0,0,1,1,23,1,expected
2018-11-05 20:01:44.847789,172,52.94.227.146,443,3.0,0,1,1,23,1,expected
2018-11-05 20:01:44.881535,172,52.94.227.146,443,3.0,0,1,1,23,1,expected
2018-11-05 20:01:44.894427,285,52.94.227.146,443,3.0,0,1,1,23,1,expected
2018-11-05 20:01:44.896165,190,52.94.227.146,443,3.0,0,1,1,23,1,expected
2018-11-05 20:01:44.897657,1514,52.94.227.146,443,1.0,396,1,1,,1,not_relevant
2018-11-05 20:01:44.898115,1514,52.94.227.146,443,1.0,0,1,1,,1,not_relevant
2018-11-05 20:01:44.898137,63,52.94.227.146,443,3.0,0,1,1,23,1,expected
2018-11-05 20:01:44.898257,136,52.94.227.146,443,3.0,0,1,1,23,1,expected
2018-11-05 20:01:44.898412,92,52.94.227.146,443,3.0,0,1,1,23,1,expected
2018-11-05 20:01:44.899062,172,52.94.227.146,443,3.0,0,1,1,23,1,expected
2018-11-05 20:01:44.909980,172,52.94.227.146,443,3.0,0,1,1,23,1,expected
2018-11-05 20:01:44.924048,172,52.94.227.146,443,3.0,0,1,1,23,1,expected
2018-11-05 20:01:44.959112,172,52.94.227.146,443,3.0,0,1,1,23,1,expected
2018-11-05 20:01:44.972797,172,52.94.227.146,443,3.0,0,1,1,23,1,expected
2018-11-05 20:01:44.993308,172,52.94.227.146,443,3.0,0,1,1,23,1,expected
2018-11-05 20:01:45.007378,172,52.94.227.146,443,3.0,0,1,1,23,1,expected
2018-11-05 20:01:45.034947,54,52.94.227.146,443,1.0,136,1,1,,1,ack
2018-11-05 20:01:45.037169,172,52.94.227.146,443,3.0,0,1,1,23,1,expected
2018-11-05 20:01:45.055919,172,52.94.227.146,443,3.0,0,1,1,23,1,expected
2018-11-05 20:01:45.069711,172,52.94.227.146,443,3.0,0,1,1,23,1,expected
2018-11-05 20:01:45.084137,172,52.94.227.146,443,3.0,0,1,1,23,1,expected
2018-11-05 20:01:45.118825,172,52.94.227.146,443,3.0,0,1,1,23,1,expected
2018-11-05 20:01:45.132686,172,52.94.227.146,443,3.0,0,1,1,23,1,expected
2018-11-05 20:01:45.154240,172,52.94.227.146,443,3.0,0,1,1,23,1,expected
2018-11-05 20:01:45.168525,172,52.94.227.146,443,3.0,0,1,1,23,1,expected
2018-11-05 20:01:45.196984,172,52.94.227.146,443,3.0,0,1,1,23,1,expected
2018-11-05 20:01:45.216930,172,52.94.227.146,443,3.0,0,1,1,23,1,expected
2018-11-05 20:01:45.231137,172,52.94.227.146,443,3.0,0,1,1,23,1,expected
2018-11-05 20:01:45.245180,172,52.94.227.146,443,3.0,0,1,1,23,1,expected
2018-11-05 20:01:45.279828,172,52.94.227.146,443,3.0,0,1,1,23,1,expected
2018-11-05 20:01:45.293905,172,52.94.227.146,443,3.0,0,1,1,23,1,expected
2018-11-05 20:01:45.311499,172,52.94.227.146,443,3.0,0,1,1,23,1,expected
2018-11-05 20:01:45.332242,172,52.94.227.146,443,3.0,0,1,1,23,1,expected
2018-11-05 20:01:45.356930,172,52.94.227.146,443,3.0,0,1,1,23,1,expected
2018-11-05 20:01:45.378107,172,52.94.227.146,443,3.0,0,1,1,23,1,expected
2018-11-05 20:01:45.391902,172,52.94.227.146,443,3.0,0,1,1,23,1,expected
2018-11-05 20:01:45.405977,172,52.94.227.146,443,3.0,0,1,1,23,1,expected
2018-11-05 20:01:45.441261,172,52.94.227.146,443,3.0,0,1,1,23,1,expected
2018-11-05 20:01:45.455056,172,52.94.227.146,443,3.0,0,1,1,23,1,expected
2018-11-05 20:01:45.468781,172,52.94.227.146,443,3.0,0,1,1,23,1,expected
2018-11-05 20:01:45.490062,172,52.94.227.146,443,3.0,0,1,1,23,1,expected
2018-11-05 20:01:45.518135,172,52.94.227.146,443,3.0,0,1,1,23,1,expected
2018-11-05 20:01:45.531997,172,52.94.227.146,443,3.0,0,1,1,23,1,expected
2018-11-05 20:01:45.553317,172,52.94.227.146,443,3.0,0,1,1,23,1,expected
2018-11-05 20:01:45.567458,172,52.94.227.146,443,3.0,0,1,1,23,1,expected
2018-11-05 20:01:45.601641,172,52.94.227.146,443,3.0,0,1,1,23,1,expected
2018-11-05 20:01:45.615828,172,52.94.227.146,443,3.0,0,1,1,23,1,expected
2018-11-05 20:01:45.629582,172,52.94.227.146,443,3.0,0,1,1,23,1,expected
2018-11-05 20:01:45.662376,172,52.94.227.146,443,3.0,0,1,1,23,1,expected
2018-11-05 20:01:45.679019,172,52.94.227.146,443,3.0,0,1,1,23,1,expected
2018-11-05 20:01:45.692743,172,52.94.227.146,443,3.0,0,1,1,23,1,expected
2018-11-05 20:01:45.713068,172,52.94.227.146,443,3.0,0,1,1,23,1,expected
2018-11-05 20:01:45.727204,172,52.94.227.146,443,3.0,0,1,1,23,1,expected
2018-11-05 20:01:45.761885,172,52.94.227.146,443,3.0,0,1,1,23,1,expected
2018-11-05 20:01:45.776074,172,52.94.227.146,443,3.0,0,1,1,23,1,expected
2018-11-05 20:01:45.790156,172,52.94.227.146,443,3.0,0,1,1,23,1,expected
2018-11-05 20:01:45.804418,172,52.94.227.146,443,3.0,0,1,1,23,1,expected
2018-11-05 20:01:45.839093,172,52.94.227.146,443,3.0,0,1,1,23,1,expected
2018-11-05 20:01:45.853955,172,52.94.227.146,443,3.0,0,1,1,23,1,expected
2018-11-05 20:01:45.874254,172,52.94.227.146,443,3.0,0,1,1,23,1,expected
2018-11-05 20:01:45.888061,172,52.94.227.146,443,3.0,0,1,1,23,1,expected
2018-11-05 20:01:45.916064,172,52.94.227.146,443,3.0,0,1,1,23,1,expected
2018-11-05 20:01:45.936866,172,52.94.227.146,443,3.0,0,1,1,23,1,expected
2018-11-05 20:01:45.950874,172,52.94.227.146,443,3.0,0,1,1,23,1,expected
2018-11-05 20:01:45.964984,172,52.94.227.146,443,3.0,0,1,1,23,1,expected
2018-11-05 20:01:45.999845,172,52.94.227.146,443,3.0,0,1,1,23,1,expected
2018-11-05 20:01:46.013860,172,52.94.227.146,443,3.0,0,1,1,23,1,expected
2018-11-05 20:01:46.018996,136,52.94.227.146,443,3.0,0,1,1,23,1,expected
2018-11-05 20:01:46.019293,92,52.94.227.146,443,3.0,0,1,1,23,1,expected
2018-11-05 20:01:46.036314,74,54.239.26.255,443,1.0,-1830728611,0,1,,1,retransmit
2018-11-05 20:01:46.064178,54,52.94.227.146,443,1.0,1029,1,1,,1,ack
2018-11-05 20:01:46.079592,54,54.239.26.255,443,1.0,43,1,1,,1,ack
2018-11-05 20:01:46.080945,312,54.239.26.255,443,3.0,0,1,1,22,1,handshake
2018-11-05 20:01:46.129170,54,54.239.26.255,443,1.0,49,1,1,,1,ack
2018-11-05 20:01:46.129550,105,54.239.26.255,443,3.0,0,1,1,20,1,handshake
2018-11-05 20:01:46.223723,816,54.239.26.255,443,3.0,0,1,1,23,1,expected
2018-11-05 20:01:46.254888,54,52.94.227.146,443,1.0,190,1,1,,1,ack
2018-11-05 20:01:46.260230,74,54.239.26.255,443,1.0,-1830708139,0,1,,1,retransmit
2018-11-05 20:01:46.275481,85,54.239.26.255,443,3.0,0,1,1,21,1,handshake
2018-11-05 20:01:46.276015,54,54.239.26.255,443,1.0,146,1,1,,1,ack
2018-11-05 20:01:46.298981,54,54.239.26.255,443,1.0,38,1,1,,1,ack
2018-11-05 20:01:46.300087,312,54.239.26.255,443,3.0,0,1,1,22,1,handshake
2018-11-05 20:01:46.323881,54,54.239.26.255,443,1.0,47,1,1,,1,ack
2018-11-05 20:01:46.363261,54,54.239.26.255,443,1.0,64,1,1,,1,ack
2018-11-05 20:01:46.365782,105,54.239.26.255,443,3.0,0,1,1,20,1,handshake
2018-11-05 20:01:46.423365,54,52.94.227.146,443,1.0,168,1,1,,1,ack
2018-11-05 20:01:46.423660,54,52.94.227.146,443,1.0,0,1,1,,1,ack
2018-11-05 20:01:46.423742,54,52.94.227.146,443,1.0,0,1,1,,1,ack
2018-11-05 20:01:46.424486,54,52.94.227.146,443,1.0,0,1,1,,1,ack
2018-11-05 20:01:46.424580,54,52.94.227.146,443,1.0,0,1,1,,1,ack
2018-11-05 20:01:46.425620,54,52.94.227.146,443,1.0,1,1,1,,1,ack
2018-11-05 20:01:46.425714,54,52.94.227.146,443,1.0,0,1,1,,1,ack
2018-11-05 20:01:46.427025,54,52.94.227.146,443,1.0,1,1,1,,1,ack
2018-11-05 20:01:46.427194,54,52.94.227.146,443,1.0,0,1,1,,1,ack
2018-11-05 20:01:46.428061,54,52.94.227.146,443,1.0,0,1,1,,1,ack
2018-11-05 20:01:46.448362,779,54.239.26.255,443,3.0,0,1,1,23,1,expected
2018-11-05 20:01:46.465267,54,52.94.227.146,443,1.0,37,1,1,,1,ack
2018-11-05 20:01:46.465353,54,52.94.227.146,443,1.0,0,1,1,,1,ack
2018-11-05 20:01:46.466660,54,52.94.227.146,443,1.0,1,1,1,,1,ack
2018-11-05 20:01:46.466844,54,52.94.227.146,443,1.0,0,1,1,,1,ack
2018-11-05 20:01:46.466933,54,52.94.227.146,443,1.0,0,1,1,,1,ack
2018-11-05 20:01:46.470409,54,52.94.227.146,443,1.0,3,1,1,,1,ack
2018-11-05 20:01:46.470631,54,52.94.227.146,443,1.0,0,1,1,,1,ack
2018-11-05 20:01:46.470715,54,52.94.227.146,443,1.0,0,1,1,,1,ack
2018-11-05 20:01:46.471064,54,52.94.227.146,443,1.0,0,1,1,,1,ack
2018-11-05 20:01:46.473701,54,52.94.227.146,443,1.0,2,1,1,,1,ack
2018-11-05 20:01:46.473778,54,52.94.227.146,443,1.0,0,1,1,,1,ack
2018-11-05 20:01:46.474931,54,52.94.227.146,443,1.0,1,1,1,,1,ack
2018-11-05 20:01:46.475014,54,52.94.227.146,443,1.0,0,1,1,,1,ack
2018-11-05 20:01:46.488459,74,54.239.26.255,443,1.0,-1830709925,0,1,,1,retransmit
2018-11-05 20:01:46.499251,85,54.239.26.255,443,3.0,0,1,1,21,1,handshake
2018-11-05 20:01:46.499456,54,54.239.26.255,443,1.0,136,1,1,,1,ack
2018-11-05 20:01:46.506169,54,52.94.227.146,443,1.0,31,1,1,,1,ack
2018-11-05 20:01:46.515406,54,52.94.227.146,443,1.0,9,1,1,,1,ack
2018-11-05 20:01:46.515592,54,52.94.227.146,443,1.0,0,1,1,,1,ack
2018-11-05 20:01:46.515754,54,52.94.227.146,443,1.0,0,1,1,,1,ack
2018-11-05 20:01:46.515940,54,52.94.227.146,443,1.0,0,1,1,,1,ack
2018-11-05 20:01:46.516117,54,52.94.227.146,443,1.0,0,1,1,,1,ack
2018-11-05 20:01:46.516193,54,52.94.227.146,443,1.0,0,1,1,,1,ack
2018-11-05 20:01:46.516269,54,52.94.227.146,443,1.0,0,1,1,,1,ack
2018-11-05 20:01:46.516342,54,52.94.227.146,443,1.0,0,1,1,,1,ack
2018-11-05 20:01:46.523817,54,52.94.227.146,443,1.0,7,1,1,,1,ack
2018-11-05 20:01:46.524109,54,52.94.227.146,443,1.0,0,1,1,,1,ack
2018-11-05 20:01:46.524269,54,52.94.227.146,443,1.0,0,1,1,,1,ack
2018-11-05 20:01:46.524346,54,52.94.227.146,443,1.0,0,1,1,,1,ack
2018-11-05 20:01:46.528008,54,54.239.26.255,443,1.0,39,1,1,,1,ack
2018-11-05 20:01:46.530236,312,54.239.26.255,443,3.0,0,1,1,22,1,handshake
2018-11-05 20:01:46.530447,96,52.94.227.146,443,3.0,0,1,1,23,1,expected
2018-11-05 20:01:46.537759,54,54.239.26.255,443,1.0,38,1,1,,1,ack
2018-11-05 20:01:46.546479,238,52.94.227.146,443,3.0,0,1,1,23,1,expected
2018-11-05 20:01:46.549767,132,52.94.227.146,443,3.0,0,1,1,23,1,expected
2018-11-05 20:01:46.551011,1514,52.94.227.146,443,3.0,0,1,1,23,1,expected
2018-11-05 20:01:46.551055,1514,52.94.227.146,443,1.0,26,1,1,,1,not_relevant
2018-11-05 20:01:46.551088,1514,52.94.227.146,443,1.0,0,1,1,,1,not_relevant
2018-11-05 20:01:46.551154,277,52.94.227.146,443,3.0,0,1,1,23,1,expected
2018-11-05 20:01:46.551214,92,52.94.227.146,443,3.0,0,1,1,23,1,expected
2018-11-05 20:01:46.555700,54,52.94.227.146,443,1.0,4,1,1,,1,ack
2018-11-05 20:01:46.562903,54,52.94.227.146,443,1.0,7,1,1,,1,ack
2018-11-05 20:01:46.563066,54,52.94.227.146,443,1.0,0,1,1,,1,ack
2018-11-05 20:01:46.563224,54,52.94.227.146,443,1.0,0,1,1,,1,ack
2018-11-05 20:01:46.573913,54,52.94.227.146,443,1.0,10,1,1,,1,ack
2018-11-05 20:01:46.574245,96,52.94.227.146,443,3.0,0,1,1,23,1,expected
2018-11-05 20:01:46.574390,54,54.239.26.255,443,1.0,46,1,1,,1,ack
2018-11-05 20:01:46.576223,105,54.239.26.255,443,3.0,0,1,1,20,1,handshake
2018-11-05 20:01:46.576699,74,54.239.26.255,443,1.0,-1830710127,0,1,,1,retransmit
2018-11-05 20:01:46.596551,54,52.94.227.146,443,1.0,22,1,1,,1,ack
2018-11-05 20:01:46.618179,54,54.239.26.255,443,1.0,41,1,1,,1,ack
2018-11-05 20:01:46.621235,312,54.239.26.255,443,3.0,0,1,1,22,1,handshake
2018-11-05 20:01:46.674910,54,54.239.26.255,443,1.0,56,1,1,,1,ack
2018-11-05 20:01:46.675406,785,54.239.26.255,443,3.0,0,1,1,23,1,expected
2018-11-05 20:01:46.675452,105,54.239.26.255,443,3.0,0,1,1,20,1,handshake
2018-11-05 20:01:46.688560,54,52.94.227.146,443,1.0,92,1,1,,1,ack
2018-11-05 20:01:46.735238,85,54.239.26.255,443,3.0,0,1,1,21,1,handshake
2018-11-05 20:01:46.735447,54,54.239.26.255,443,1.0,161,1,1,,1,ack
2018-11-05 20:01:46.779573,796,54.239.26.255,443,3.0,0,1,1,23,1,expected
2018-11-05 20:01:46.779841,54,54.239.26.255,443,1.0,44,1,1,,1,ack
2018-11-05 20:01:46.836023,85,54.239.26.255,443,3.0,0,1,1,21,1,handshake
2018-11-05 20:01:46.836268,54,54.239.26.255,443,1.0,161,1,1,,1,ack
2018-11-05 20:01:46.879752,54,54.239.26.255,443,1.0,43,1,1,,1,ack
2018-11-05 20:01:46.915739,288,52.94.227.146,443,3.0,0,1,1,23,1,expected
2018-11-05 20:01:46.917926,1514,52.94.227.146,443,3.0,0,1,1,23,1,expected
2018-11-05 20:01:46.918012,1514,52.94.227.146,443,1.0,229,1,1,,1,not_relevant
2018-11-05 20:01:46.918056,1514,52.94.227.146,443,1.0,0,1,1,,1,not_relevant
2018-11-05 20:01:46.918072,200,52.94.227.146,443,3.0,0,1,1,23,1,expected
2018-11-05 20:01:46.918332,136,52.94.227.146,443,3.0,0,1,1,23,1,expected
2018-11-05 20:01:46.918505,92,52.94.227.146,443,3.0,0,1,1,23,1,expected
2018-11-05 20:01:46.996942,54,52.94.227.146,443,1.0,78,1,1,,1,ack
2018-11-05 20:01:47.057035,286,52.94.227.146,443,3.0,0,1,1,23,1,expected
2018-11-05 20:01:47.057698,190,52.94.227.146,443,3.0,0,1,1,23,1,expected
2018-11-05 20:01:47.058223,1514,52.94.227.146,443,1.0,61,1,1,,1,not_relevant
2018-11-05 20:01:47.058400,1514,52.94.227.146,443,1.0,0,1,1,,1,not_relevant
2018-11-05 20:01:47.058422,60,52.94.227.146,443,3.0,0,1,1,23,1,expected
2018-11-05 20:01:47.058517,136,52.94.227.146,443,3.0,0,1,1,23,1,expected
2018-11-05 20:01:47.058594,92,52.94.227.146,443,3.0,0,1,1,23,1,expected
2018-11-05 20:01:47.123514,54,52.94.227.146,443,1.0,65,1,1,,1,ack
2018-11-05 20:01:47.123735,54,52.94.227.146,443,1.0,0,1,1,,1,ack
2018-11-05 20:01:47.164195,54,52.94.227.146,443,1.0,40,1,1,,1,ack
2018-11-05 20:01:47.164366,54,52.94.227.146,443,1.0,0,1,1,,1,ack
2018-11-05 20:01:55.377676,285,52.94.227.146,443,3.0,0,1,1,23,1,expected
2018-11-05 20:01:55.378136,1514,52.94.227.146,443,3.0,0,1,1,23,1,expected
2018-11-05 20:01:55.378181,1514,52.94.227.146,443,1.0,8213,1,1,,1,not_relevant
2018-11-05 20:01:55.378198,1514,52.94.227.146,443,1.0,0,1,1,,1,not_relevant
2018-11-05 20:01:55.378216,721,52.94.227.146,443,3.0,0,1,1,23,1,expected
2018-11-05 20:01:55.378300,92,52.94.227.146,443,3.0,0,1,1,23,1,expected
2018-11-05 20:01:55.675655,54,52.94.227.146,443,1.0,297,1,1,,1,ack
2018-11-05 20:01:55.675987,54,52.94.227.146,443,1.0,0,1,1,,1,ack
2018-11-05 20:01:56.568132,638,52.94.227.146,443,3.0,0,1,1,23,1,expected
2018-11-05 20:01:56.568295,190,52.94.227.146,443,3.0,0,1,1,23,1,expected
2018-11-05 20:01:56.568716,1514,52.94.227.146,443,1.0,892,1,1,,1,not_relevant
2018-11-05 20:01:56.568741,1514,52.94.227.146,443,1.0,0,1,1,,1,not_relevant
2018-11-05 20:01:56.568757,64,52.94.227.146,443,3.0,0,1,1,23,1,expected
2018-11-05 20:01:56.568835,136,52.94.227.146,443,3.0,0,1,1,23,1,expected
2018-11-05 20:01:56.569559,92,52.94.227.146,443,3.0,0,1,1,23,1,expected
2018-11-05 20:01:56.588735,297,52.94.227.146,443,3.0,0,1,1,23,1,expected
2018-11-05 20:01:56.589340,190,52.94.227.146,443,3.0,0,1,1,23,1,expected
2018-11-05 20:01:56.611253,1514,52.94.227.146,443,1.0,42,1,1,,1,not_relevant
2018-11-05 20:01:56.612787,1514,52.94.227.146,443,1.0,1,1,1,,1,not_relevant
2018-11-05 20:01:56.612810,184,52.94.227.146,443,3.0,0,1,1,23,1,expected
2018-11-05 20:01:56.712358,54,52.94.227.146,443,1.0,99,1,1,,1,ack
2018-11-05 20:01:56.712602,54,52.94.227.146,443,1.0,0,1,1,,1,ack
2018-11-05 20:01:56.748492,54,52.94.227.146,443,1.0,35,1,1,,1,ack
2018-11-05 20:01:56.748700,54,52.94.227.146,443,1.0,0,1,1,,1,ack
2018-11-05 20:01:57.069387,288,52.94.227.146,443,3.0,0,1,1,23,1,expected
2018-11-05 20:01:57.069685,190,52.94.227.146,443,3.0,0,1,1,23,1,expected
2018-11-05 20:01:57.072060,1514,52.94.227.146,443,1.0,323,1,1,,1,not_relevant
2018-11-05 20:01:57.072603,1514,52.94.227.146,443,1.0,0,1,1,,1,not_relevant
2018-11-05 20:01:57.072735,59,52.94.227.146,443,3.0,0,1,1,23,1,expected
2018-11-05 20:01:57.072844,136,52.94.227.146,443,3.0,0,1,1,23,1,expected
2018-11-05 20:01:57.073092,92,52.94.227.146,443,3.0,0,1,1,23,1,expected
2018-11-05 20:01:57.222957,54,52.94.227.146,443,1.0,150,1,1,,1,ack
2018-11-05 20:01:57.223206,54,52.94.227.146,443,1.0,0,1,1,,1,ack
2018-11-05 20:02:12.822684,54,52.94.227.146,443,1.0,15599,1,1,,1,ack
2018-11-05 20:02:12.823516,100,52.94.227.146,443,3.0,0,1,1,23,1,syn
2018-11-05 20:02:23.862475,287,52.94.227.146,443,3.0,0,1,1,23,1,expected
2018-11-05 20:02:23.873547,190,52.94.227.146,443,3.0,0,1,1,23,1,expected
2018-11-05 20:02:23.876779,1514,52.94.227.146,443,1.0,11054,1,1,,1,not_relevant
2018-11-05 20:02:23.876847,1514,52.94.227.146,443,1.0,0,1,1,,1,not_relevant
2018-11-05 20:02:23.878020,1514,52.94.227.146,443,3.0,0,1,1,23,1,expected
2018-11-05 20:02:23.878082,670,52.94.227.146,443,3.0,0,1,1,23,1,expected
2018-11-05 20:02:23.878173,287,52.94.227.146,443,3.0,0,1,1,23,1,expected
2018-11-05 20:02:23.878207,190,52.94.227.146,443,3.0,0,1,1,23,1,expected
2018-11-05 20:02:23.895235,74,52.94.232.195,443,1.0,-1830673214,0,1,,1,retransmit
2018-11-05 20:02:23.903328,1514,52.94.227.146,443,1.0,26,1,1,,1,not_relevant
2018-11-05 20:02:23.904662,1514,52.94.227.146,443,1.0,1,1,1,,1,not_relevant
2018-11-05 20:02:23.909845,438,52.94.227.146,443,3.0,0,1,1,23,1,expected
2018-11-05 20:02:23.931491,54,52.94.232.195,443,1.0,36,1,1,,1,ack
2018-11-05 20:02:23.933886,312,52.94.232.195,443,3.0,0,1,1,22,1,handshake
2018-11-05 20:02:23.973582,54,52.94.232.195,443,1.0,42,1,1,,1,ack
2018-11-05 20:02:23.975119,105,52.94.232.195,443,3.0,0,1,1,20,1,handshake
2018-11-05 20:02:23.986371,54,52.94.227.146,443,1.0,81,1,1,,1,ack
2018-11-05 20:02:23.993640,1514,52.94.227.146,443,1.0,7,1,1,,1,not_relevant
2018-11-05 20:02:23.993665,1514,52.94.227.146,443,1.0,0,1,1,,1,not_relevant
2018-11-05 20:02:23.993684,1514,52.94.227.146,443,1.0,0,1,1,,1,not_relevant
2018-11-05 20:02:23.993747,492,52.94.227.146,443,3.0,0,1,1,23,1,expected
2018-11-05 20:02:24.017278,172,52.94.227.146,443,3.0,0,1,1,23,1,expected
2018-11-05 20:02:24.026125,54,52.94.227.146,443,1.0,32,1,1,,1,ack
2018-11-05 20:02:24.026306,54,52.94.227.146,443,1.0,0,1,1,,1,ack
2018-11-05 20:02:24.030787,172,52.94.227.146,443,3.0,0,1,1,23,1,expected
2018-11-05 20:02:24.057851,172,52.94.227.146,443,3.0,0,1,1,23,1,expected
2018-11-05 20:02:24.066093,172,52.94.227.146,443,3.0,0,1,1,23,1,expected
2018-11-05 20:02:24.071886,766,52.94.232.195,443,3.0,0,1,1,23,1,expected
2018-11-05 20:02:24.092910,172,52.94.227.146,443,3.0,0,1,1,23,1,expected
2018-11-05 20:02:24.114532,172,52.94.227.146,443,3.0,0,1,1,23,1,expected
2018-11-05 20:02:24.114747,85,52.94.232.195,443,3.0,0,1,1,21,1,handshake
2018-11-05 20:02:24.114826,54,52.94.232.195,443,1.0,141,1,1,,1,ack
2018-11-05 20:02:24.128653,172,52.94.227.146,443,3.0,0,1,1,23,1,expected
2018-11-05 20:02:24.160325,172,52.94.227.146,443,3.0,0,1,1,23,1,expected
2018-11-05 20:02:24.162592,54,52.94.232.195,443,1.0,47,1,1,,1,ack
2018-11-05 20:02:24.177273,172,52.94.227.146,443,3.0,0,1,1,23,1,expected
2018-11-05 20:02:24.191081,172,52.94.227.146,443,3.0,0,1,1,23,1,expected
2018-11-05 20:02:24.205158,172,52.94.227.146,443,3.0,0,1,1,23,1,expected
2018-11-05 20:02:24.226328,172,52.94.227.146,443,3.0,0,1,1,23,1,expected
2018-11-05 20:02:24.254293,172,52.94.227.146,443,3.0,0,1,1,23,1,expected
2018-11-05 20:02:24.268628,172,52.94.227.146,443,3.0,0,1,1,23,1,expected
2018-11-05 20:02:24.289287,172,52.94.227.146,443,3.0,0,1,1,23,1,expected
2018-11-05 20:02:24.303236,172,52.94.227.146,443,3.0,0,1,1,23,1,expected
2018-11-05 20:02:24.338102,172,52.94.227.146,443,3.0,0,1,1,23,1,expected
2018-11-05 20:02:24.351907,172,52.94.227.146,443,3.0,0,1,1,23,1,expected
2018-11-05 20:02:24.367016,172,52.94.227.146,443,3.0,0,1,1,23,1,expected
2018-11-05 20:02:24.371232,288,52.94.227.146,443,3.0,0,1,1,23,1,expected
2018-11-05 20:02:24.374887,190,52.94.227.146,443,3.0,0,1,1,23,1,expected
2018-11-05 20:02:24.375528,1514,52.94.227.146,443,1.0,349,1,1,,1,not_relevant
2018-11-05 20:02:24.375776,1514,52.94.227.146,443,1.0,0,1,1,,1,not_relevant
2018-11-05 20:02:24.375798,63,52.94.227.146,443,3.0,0,1,1,23,1,expected
2018-11-05 20:02:24.375888,136,52.94.227.146,443,3.0,0,1,1,23,1,expected
2018-11-05 20:02:24.375966,92,52.94.227.146,443,3.0,0,1,1,23,1,expected
2018-11-05 20:02:24.380273,172,52.94.227.146,443,3.0,0,1,1,23,1,expected
2018-11-05 20:02:24.415127,172,52.94.227.146,443,3.0,0,1,1,23,1,expected
2018-11-05 20:02:24.429150,172,52.94.227.146,443,3.0,0,1,1,23,1,expected
2018-11-05 20:02:24.450199,172,52.94.227.146,443,3.0,0,1,1,23,1,expected
2018-11-05 20:02:24.464069,172,52.94.227.146,443,3.0,0,1,1,23,1,expected
2018-11-05 20:02:24.493321,172,52.94.227.146,443,3.0,0,1,1,23,1,expected
2018-11-05 20:02:24.503497,54,52.94.227.146,443,1.0,127,1,1,,1,ack
2018-11-05 20:02:24.514034,172,52.94.227.146,443,3.0,0,1,1,23,1,expected
2018-11-05 20:02:24.528578,172,52.94.227.146,443,3.0,0,1,1,23,1,expected
2018-11-05 20:02:24.542585,172,52.94.227.146,443,3.0,0,1,1,23,1,expected
2018-11-05 20:02:24.575767,172,52.94.227.146,443,3.0,0,1,1,23,1,expected
2018-11-05 20:02:24.590215,172,52.94.227.146,443,3.0,0,1,1,23,1,expected
2018-11-05 20:02:24.604476,172,52.94.227.146,443,3.0,0,1,1,23,1,expected
2018-11-05 20:02:24.625214,172,52.94.227.146,443,3.0,0,1,1,23,1,expected
2018-11-05 20:02:24.658290,172,52.94.227.146,443,3.0,0,1,1,23,1,expected
2018-11-05 20:02:24.678112,172,52.94.227.146,443,3.0,0,1,1,23,1,expected
2018-11-05 20:02:24.688172,172,52.94.227.146,443,3.0,0,1,1,23,1,expected
2018-11-05 20:02:24.702144,172,52.94.227.146,443,3.0,0,1,1,23,1,expected
2018-11-05 20:02:24.737104,172,52.94.227.146,443,3.0,0,1,1,23,1,expected
2018-11-05 20:02:24.751250,172,52.94.227.146,443,3.0,0,1,1,23,1,expected
2018-11-05 20:02:24.765284,172,52.94.227.146,443,3.0,0,1,1,23,1,expected
2018-11-05 20:02:24.786561,172,52.94.227.146,443,3.0,0,1,1,23,1,expected
2018-11-05 20:02:24.814322,172,52.94.227.146,443,3.0,0,1,1,23,1,expected
2018-11-05 20:02:24.828411,172,52.94.227.146,443,3.0,0,1,1,23,1,expected
2018-11-05 20:02:24.866015,172,52.94.227.146,443,3.0,0,1,1,23,1,expected
2018-11-05 20:02:24.866247,172,52.94.227.146,443,3.0,0,1,1,23,1,expected
2018-11-05 20:02:24.898754,172,52.94.227.146,443,3.0,0,1,1,23,1,expected
2018-11-05 20:02:24.912296,172,52.94.227.146,443,3.0,0,1,1,23,1,expected
2018-11-05 20:02:24.925725,172,52.94.227.146,443,3.0,0,1,1,23,1,expected
2018-11-05 20:02:24.940177,172,52.94.227.146,443,3.0,0,1,1,23,1,expected
2018-11-05 20:02:24.974513,172,52.94.227.146,443,3.0,0,1,1,23,1,expected
2018-11-05 20:02:24.988044,172,52.94.227.146,443,3.0,0,1,1,23,1,expected
2018-11-05 20:02:25.012258,172,52.94.227.146,443,3.0,0,1,1,23,1,expected
2018-11-05 20:02:25.026317,172,52.94.227.146,443,3.0,0,1,1,23,1,expected
2018-11-05 20:02:25.043072,136,52.94.227.146,443,3.0,0,1,1,23,1,expected
2018-11-05 20:02:25.044496,92,52.94.227.146,443,3.0,0,1,1,23,1,expected
2018-11-05 20:02:25.061483,74,52.94.232.195,443,1.0,-1830672543,0,1,,1,retransmit
2018-11-05 20:02:25.086474,54,52.94.227.146,443,1.0,582,1,1,,1,ack
2018-11-05 20:02:25.101736,54,52.94.232.195,443,1.0,40,1,1,,1,ack
2018-11-05 20:02:25.102831,312,52.94.232.195,443,3.0,0,1,1,22,1,handshake
2018-11-05 20:02:25.148110,54,52.94.232.195,443,1.0,46,1,1,,1,ack
2018-11-05 20:02:25.148487,105,52.94.232.195,443,3.0,0,1,1,20,1,handshake
2018-11-05 20:02:25.246367,815,52.94.232.195,443,3.0,0,1,1,23,1,expected
2018-11-05 20:02:25.270158,54,52.94.227.146,443,1.0,183,1,1,,1,ack
2018-11-05 20:02:25.274563,74,52.94.232.195,443,1.0,-1830713423,0,1,,1,retransmit
2018-11-05 20:02:25.296036,85,52.94.232.195,443,3.0,0,1,1,21,1,handshake
2018-11-05 20:02:25.296234,54,52.94.232.195,443,1.0,148,1,1,,1,ack
2018-11-05 20:02:25.313797,54,52.94.232.195,443,1.0,39,1,1,,1,ack
2018-11-05 20:02:25.315335,312,52.94.232.195,443,3.0,0,1,1,22,1,handshake
2018-11-05 20:02:25.335887,54,52.94.232.195,443,1.0,39,1,1,,1,ack
2018-11-05 20:02:25.359518,54,52.94.232.195,443,1.0,45,1,1,,1,ack
2018-11-05 20:02:25.359890,105,52.94.232.195,443,3.0,0,1,1,20,1,handshake
2018-11-05 20:02:25.430859,54,52.94.227.146,443,1.0,160,1,1,,1,ack
2018-11-05 20:02:25.431119,54,52.94.227.146,443,1.0,0,1,1,,1,ack
2018-11-05 20:02:25.431206,54,52.94.227.146,443,1.0,0,1,1,,1,ack
2018-11-05 20:02:25.431973,54,52.94.227.146,443,1.0,0,1,1,,1,ack
2018-11-05 20:02:25.432155,54,52.94.227.146,443,1.0,0,1,1,,1,ack
2018-11-05 20:02:25.433508,54,52.94.227.146,443,1.0,1,1,1,,1,ack
2018-11-05 20:02:25.434039,54,52.94.227.146,443,1.0,0,1,1,,1,ack
2018-11-05 20:02:25.434477,54,52.94.227.146,443,1.0,0,1,1,,1,ack
2018-11-05 20:02:25.434723,54,52.94.227.146,443,1.0,0,1,1,,1,ack
2018-11-05 20:02:25.435418,54,52.94.227.146,443,1.0,0,1,1,,1,ack
2018-11-05 20:02:25.446562,66,52.85.113.192,80,1.0,-1830720144,1,1,,1,ack
2018-11-05 20:02:25.448215,778,52.94.232.195,443,3.0,0,1,1,23,1,expected
2018-11-05 20:02:25.468881,54,52.94.227.146,443,1.0,33,1,1,,1,ack
2018-11-05 20:02:25.469755,54,52.94.227.146,443,1.0,0,1,1,,1,ack
2018-11-05 20:02:25.469950,54,52.94.227.146,443,1.0,0,1,1,,1,ack
2018-11-05 20:02:25.470772,54,52.94.227.146,443,1.0,0,1,1,,1,ack
2018-11-05 20:02:25.473358,54,52.94.227.146,443,1.0,2,1,1,,1,ack
2018-11-05 20:02:25.473549,54,52.94.227.146,443,1.0,0,1,1,,1,ack
2018-11-05 20:02:25.473861,54,52.94.227.146,443,1.0,0,1,1,,1,ack
2018-11-05 20:02:25.475103,54,52.94.227.146,443,1.0,1,1,1,,1,ack
2018-11-05 20:02:25.475186,54,52.94.227.146,443,1.0,0,1,1,,1,ack
2018-11-05 20:02:25.476104,54,52.94.227.146,443,1.0,0,1,1,,1,ack
2018-11-05 20:02:25.476183,54,52.94.227.146,443,1.0,0,1,1,,1,ack
2018-11-05 20:02:25.477166,54,52.94.227.146,443,1.0,0,1,1,,1,ack
2018-11-05 20:02:25.477756,54,52.94.227.146,443,1.0,0,1,1,,1,ack
2018-11-05 20:02:25.481735,74,52.94.232.195,443,1.0,-1830722297,0,1,,1,retransmit
2018-11-05 20:02:25.503253,85,52.94.232.195,443,3.0,0,1,1,21,1,handshake
2018-11-05 20:02:25.503403,54,52.94.232.195,443,1.0,143,1,1,,1,ack
2018-11-05 20:02:25.506265,54,52.94.227.146,443,1.0,28,1,1,,1,ack
2018-11-05 20:02:25.511132,54,52.94.227.146,443,1.0,4,1,1,,1,ack
2018-11-05 20:02:25.511298,54,52.94.227.146,443,1.0,0,1,1,,1,ack
2018-11-05 20:02:25.511383,54,52.94.227.146,443,1.0,0,1,1,,1,ack
2018-11-05 20:02:25.518623,54,52.94.227.146,443,1.0,7,1,1,,1,ack
2018-11-05 20:02:25.518786,54,52.94.227.146,443,1.0,0,1,1,,1,ack
2018-11-05 20:02:25.519152,54,52.94.227.146,443,1.0,0,1,1,,1,ack
2018-11-05 20:02:25.519313,54,52.94.227.146,443,1.0,0,1,1,,1,ack
2018-11-05 20:02:25.519457,54,52.94.227.146,443,1.0,0,1,1,,1,ack
2018-11-05 20:02:25.519540,54,52.94.227.146,443,1.0,0,1,1,,1,ack
2018-11-05 20:02:25.519680,54,52.94.227.146,443,1.0,0,1,1,,1,ack
2018-11-05 20:02:25.519755,54,52.94.227.146,443,1.0,0,1,1,,1,ack
2018-11-05 20:02:25.519836,54,52.94.227.146,443,1.0,0,1,1,,1,ack
2018-11-05 20:02:25.519910,54,52.94.227.146,443,1.0,0,1,1,,1,ack
2018-11-05 20:02:25.520003,96,52.94.227.146,443,3.0,0,1,1,23,1,expected
2018-11-05 20:02:25.520074,54,52.94.232.195,443,1.0,38,1,1,,1,ack
2018-11-05 20:02:25.521546,312,52.94.232.195,443,3.0,0,1,1,22,1,handshake
2018-11-05 20:02:25.567981,54,52.94.232.195,443,1.0,64,1,1,,1,ack
2018-11-05 20:02:25.569397,54,52.94.227.146,443,1.0,49,1,1,,1,ack
2018-11-05 20:02:25.570450,54,52.94.227.146,443,1.0,1,1,1,,1,ack
2018-11-05 20:02:25.604779,54,52.94.227.146,443,1.0,34,1,1,,1,ack
2018-11-05 20:02:25.604983,54,52.94.227.146,443,1.0,0,1,1,,1,ack
2018-11-05 20:02:25.605058,54,52.94.227.146,443,1.0,0,1,1,,1,ack
2018-11-05 20:02:25.605130,54,52.94.232.195,443,1.0,85,1,1,,1,ack
2018-11-05 20:02:25.621399,96,52.94.227.146,443,3.0,0,1,1,23,1,expected
2018-11-05 20:02:25.623152,105,52.94.232.195,443,3.0,0,1,1,20,1,handshake
2018-11-05 20:02:25.635011,287,52.94.227.146,443,3.0,0,1,1,23,1,expected
2018-11-05 20:02:25.635701,1514,52.94.227.146,443,3.0,0,1,1,23,1,expected
2018-11-05 20:02:25.635748,1514,52.94.227.146,443,1.0,30,1,1,,1,not_relevant
2018-11-05 20:02:25.637212,1514,52.94.227.146,443,1.0,1,1,1,,1,not_relevant
2018-11-05 20:02:25.637251,315,52.94.227.146,443,3.0,0,1,1,23,1,expected
2018-11-05 20:02:25.642183,286,52.94.227.146,443,3.0,0,1,1,23,1,expected
2018-11-05 20:02:25.642745,1514,52.94.227.146,443,3.0,0,1,1,23,1,expected
2018-11-05 20:02:25.644329,1514,52.94.227.146,443,1.0,7,1,1,,1,not_relevant
2018-11-05 20:02:25.644371,1514,52.94.227.146,443,1.0,0,1,1,,1,not_relevant
2018-11-05 20:02:25.644401,320,52.94.227.146,443,3.0,0,1,1,23,1,expected
2018-11-05 20:02:25.652563,74,52.94.232.195,443,1.0,-1830722328,0,1,,1,retransmit
2018-11-05 20:02:25.667540,54,52.94.227.146,443,1.0,23,1,1,,1,ack
2018-11-05 20:02:25.692139,54,52.94.232.195,443,1.0,39,1,1,,1,ack
2018-11-05 20:02:25.696325,312,52.94.232.195,443,3.0,0,1,1,22,1,handshake
2018-11-05 20:02:25.709485,287,52.94.227.146,443,3.0,0,1,1,23,1,expected
2018-11-05 20:02:25.710015,786,52.94.232.195,443,3.0,0,1,1,23,1,expected
2018-11-05 20:02:25.711170,190,52.94.227.146,443,3.0,0,1,1,23,1,expected
2018-11-05 20:02:25.712046,1514,52.94.227.146,443,1.0,44,1,1,,1,not_relevant
2018-11-05 20:02:25.712097,1514,52.94.227.146,443,1.0,0,1,1,,1,not_relevant
2018-11-05 20:02:25.712130,60,52.94.227.146,443,3.0,0,1,1,23,1,expected
2018-11-05 20:02:25.713193,136,52.94.227.146,443,3.0,0,1,1,23,1,expected
2018-11-05 20:02:25.713536,92,52.94.227.146,443,3.0,0,1,1,23,1,expected
2018-11-05 20:02:25.740176,54,52.94.232.195,443,1.0,48,1,1,,1,ack
2018-11-05 20:02:25.740516,105,52.94.232.195,443,3.0,0,1,1,20,1,handshake
2018-11-05 20:02:25.758392,85,52.94.232.195,443,3.0,0,1,1,21,1,handshake
2018-11-05 20:02:25.758529,54,52.94.232.195,443,1.0,153,1,1,,1,ack
2018-11-05 20:02:25.767318,54,52.94.227.146,443,1.0,55,1,1,,1,ack
2018-11-05 20:02:25.802915,54,52.94.232.195,443,1.0,44,1,1,,1,ack
2018-11-05 20:02:25.803820,54,52.94.227.146,443,1.0,36,1,1,,1,ack
2018-11-05 20:02:25.822608,54,52.94.227.146,443,1.0,18,1,1,,1,ack
2018-11-05 20:02:25.836165,797,52.94.232.195,443,3.0,0,1,1,23,1,expected
2018-11-05 20:02:25.882529,85,52.94.232.195,443,3.0,0,1,1,21,1,handshake
2018-11-05 20:02:25.882763,54,52.94.232.195,443,1.0,142,1,1,,1,ack
2018-11-05 20:02:25.925947,54,52.94.232.195,443,1.0,43,1,1,,1,ack
2018-11-05 20:02:35.325989,288,52.94.227.146,443,3.0,0,1,1,23,1,expected
2018-11-05 20:02:35.326415,1514,52.94.227.146,443,3.0,0,1,1,23,1,expected
2018-11-05 20:02:35.326446,1514,52.94.227.146,443,1.0,9503,1,1,,1,not_relevant
2018-11-05 20:02:35.326465,1514,52.94.227.146,443,1.0,0,1,1,,1,not_relevant
2018-11-05 20:02:35.326484,319,52.94.227.146,443,3.0,0,1,1,23,1,expected
2018-11-05 20:02:35.364509,287,52.94.227.146,443,3.0,0,1,1,23,1,expected
2018-11-05 20:02:35.364685,190,52.94.227.146,443,3.0,0,1,1,23,1,expected
2018-11-05 20:02:35.365067,1514,52.94.227.146,443,1.0,38,1,1,,1,not_relevant
2018-11-05 20:02:35.365084,1514,52.94.227.146,443,1.0,0,1,1,,1,not_relevant
2018-11-05 20:02:35.369210,184,52.94.227.146,443,3.0,0,1,1,23,1,expected
2018-11-05 20:02:35.407459,54,52.94.227.146,443,1.0,42,1,1,,1,ack
2018-11-05 20:02:35.474339,54,52.94.227.146,443,1.0,66,1,1,,1,ack
2018-11-05 20:02:35.474558,54,52.94.227.146,443,1.0,0,1,1,,1,ack
2018-11-05 20:02:35.503454,54,52.94.227.146,443,1.0,28,1,1,,1,ack
2018-11-05 20:02:35.503673,54,52.94.227.146,443,1.0,0,1,1,,1,ack
2018-11-05 20:02:35.832120,287,52.94.227.146,443,3.0,0,1,1,23,1,expected
2018-11-05 20:02:35.833156,1514,52.94.227.146,443,3.0,0,1,1,23,1,expected
2018-11-05 20:02:35.834810,1514,52.94.227.146,443,1.0,331,1,1,,1,not_relevant
2018-11-05 20:02:35.834872,1514,52.94.227.146,443,1.0,0,1,1,,1,not_relevant
2018-11-05 20:02:35.834958,315,52.94.227.146,443,3.0,0,1,1,23,1,expected
2018-11-05 20:02:35.981306,54,52.94.227.146,443,1.0,146,1,1,,1,ack
2018-11-05 20:02:35.981571,54,52.94.227.146,443,1.0,0,1,1,,1,ack
2018-11-05 20:02:42.824493,54,52.94.227.146,443,1.0,6842,1,1,,1,ack
2018-11-05 20:02:42.831488,100,52.94.227.146,443,3.0,0,1,1,23,1,syn
2018-11-05 20:03:01.896662,288,52.94.227.146,443,3.0,0,1,1,23,1,expected
2018-11-05 20:03:01.897125,190,52.94.227.146,443,3.0,0,1,1,23,1,expected
2018-11-05 20:03:01.900985,1514,52.94.227.146,443,1.0,19076,1,1,,1,not_relevant
2018-11-05 20:03:01.901063,1514,52.94.227.146,443,1.0,0,1,1,,1,not_relevant
2018-11-05 20:03:01.901132,360,52.94.227.146,443,3.0,0,1,1,23,1,expected
2018-11-05 20:03:01.901211,132,52.94.227.146,443,3.0,0,1,1,23,1,expected
2018-11-05 20:03:01.902600,180,52.94.227.146,443,3.0,0,1,1,23,1,expected
2018-11-05 20:03:01.905902,184,52.94.227.146,443,3.0,0,1,1,23,1,expected
2018-11-05 20:03:01.913996,74,52.94.232.195,443,1.0,-1830686517,0,1,,1,retransmit
2018-11-05 20:03:01.969686,1514,52.94.227.146,443,3.0,0,1,1,23,1,expected
2018-11-05 20:03:01.970637,1514,52.94.227.146,443,1.0,69,1,1,,1,not_relevant
2018-11-05 20:03:01.971492,1514,52.94.227.146,443,1.0,0,1,1,,1,not_relevant
2018-11-05 20:03:01.971540,1161,52.94.227.146,443,3.0,0,1,1,23,1,expected
2018-11-05 20:03:01.971600,54,52.94.232.195,443,1.0,57,1,1,,1,ack
2018-11-05 20:03:01.972332,312,52.94.232.195,443,3.0,0,1,1,22,1,handshake
2018-11-05 20:03:01.989613,1514,52.94.227.146,443,1.0,18,1,1,,1,not_relevant
2018-11-05 20:03:01.990159,1514,52.94.227.146,443,1.0,0,1,1,,1,not_relevant
2018-11-05 20:03:01.990457,1514,52.94.227.146,443,1.0,0,1,1,,1,not_relevant
2018-11-05 20:03:01.990498,172,52.94.227.146,443,3.0,0,1,1,23,1,expected
2018-11-05 20:03:02.002478,172,52.94.227.146,443,3.0,0,1,1,23,1,expected
2018-11-05 20:03:02.021128,54,52.94.232.195,443,1.0,49,1,1,,1,ack
2018-11-05 20:03:02.021969,105,52.94.232.195,443,3.0,0,1,1,20,1,handshake
2018-11-05 20:03:02.037613,172,52.94.227.146,443,3.0,0,1,1,23,1,expected
2018-11-05 20:03:02.051498,172,52.94.227.146,443,3.0,0,1,1,23,1,expected
2018-11-05 20:03:02.065574,172,52.94.227.146,443,3.0,0,1,1,23,1,expected
2018-11-05 20:03:02.079641,172,52.94.227.146,443,3.0,0,1,1,23,1,expected
2018-11-05 20:03:02.100871,54,52.94.227.146,443,1.0,110,1,1,,1,ack
2018-11-05 20:03:02.113343,766,52.94.232.195,443,3.0,0,1,1,23,1,expected
2018-11-05 20:03:02.114650,172,52.94.227.146,443,3.0,0,1,1,23,1,expected
2018-11-05 20:03:02.129706,172,52.94.227.146,443,3.0,0,1,1,23,1,expected
2018-11-05 20:03:02.149723,172,52.94.227.146,443,3.0,0,1,1,23,1,expected
2018-11-05 20:03:02.163788,85,52.94.232.195,443,3.0,0,1,1,21,1,handshake
2018-11-05 20:03:02.164063,54,52.94.232.195,443,1.0,142,1,1,,1,ack
2018-11-05 20:03:02.164147,172,52.94.227.146,443,3.0,0,1,1,23,1,expected
2018-11-05 20:03:02.191833,172,52.94.227.146,443,3.0,0,1,1,23,1,expected
2018-11-05 20:03:02.204416,54,52.94.232.195,443,1.0,40,1,1,,1,ack
2018-11-05 20:03:02.212628,172,52.94.227.146,443,3.0,0,1,1,23,1,expected
2018-11-05 20:03:02.226358,172,52.94.227.146,443,3.0,0,1,1,23,1,expected
2018-11-05 20:03:02.240341,172,52.94.227.146,443,3.0,0,1,1,23,1,expected
2018-11-05 20:03:02.276039,172,52.94.227.146,443,3.0,0,1,1,23,1,expected
2018-11-05 20:03:02.289282,172,52.94.227.146,443,3.0,0,1,1,23,1,expected
2018-11-05 20:03:02.303650,172,52.94.227.146,443,3.0,0,1,1,23,1,expected
2018-11-05 20:03:02.325064,172,52.94.227.146,443,3.0,0,1,1,23,1,expected
2018-11-05 20:03:02.353364,172,52.94.227.146,443,3.0,0,1,1,23,1,expected
2018-11-05 20:03:02.373322,172,52.94.227.146,443,3.0,0,1,1,23,1,expected
2018-11-05 20:03:02.388226,172,52.94.227.146,443,3.0,0,1,1,23,1,expected
2018-11-05 20:03:02.402063,172,52.94.227.146,443,3.0,0,1,1,23,1,expected
2018-11-05 20:03:02.406313,296,52.94.227.146,443,3.0,0,1,1,23,1,expected
2018-11-05 20:03:02.407624,190,52.94.227.146,443,3.0,0,1,1,23,1,expected
2018-11-05 20:03:02.410553,1514,52.94.227.146,443,1.0,309,1,1,,1,not_relevant
2018-11-05 20:03:02.411448,1514,52.94.227.146,443,1.0,0,1,1,,1,not_relevant
2018-11-05 20:03:02.411530,63,52.94.227.146,443,3.0,0,1,1,23,1,expected
2018-11-05 20:03:02.411980,136,52.94.227.146,443,3.0,0,1,1,23,1,expected
2018-11-05 20:03:02.412580,92,52.94.227.146,443,3.0,0,1,1,23,1,expected
2018-11-05 20:03:02.436703,172,52.94.227.146,443,3.0,0,1,1,23,1,expected
2018-11-05 20:03:02.450754,172,52.94.227.146,443,3.0,0,1,1,23,1,expected
2018-11-05 20:03:02.464515,172,52.94.227.146,443,3.0,0,1,1,23,1,expected
2018-11-05 20:03:02.489479,172,52.94.227.146,443,3.0,0,1,1,23,1,expected
2018-11-05 20:03:02.513729,172,52.94.227.146,443,3.0,0,1,1,23,1,expected
2018-11-05 20:03:02.527996,172,52.94.227.146,443,3.0,0,1,1,23,1,expected
2018-11-05 20:03:02.546567,54,52.94.227.146,443,1.0,135,1,1,,1,ack
2018-11-05 20:03:02.551230,172,52.94.227.146,443,3.0,0,1,1,23,1,expected
2018-11-05 20:03:02.563702,172,52.94.227.146,443,3.0,0,1,1,23,1,expected
2018-11-05 20:03:02.597456,172,52.94.227.146,443,3.0,0,1,1,23,1,expected
2018-11-05 20:03:02.611378,172,52.94.227.146,443,3.0,0,1,1,23,1,expected
2018-11-05 20:03:02.625803,172,52.94.227.146,443,3.0,0,1,1,23,1,expected
2018-11-05 20:03:02.664032,172,52.94.227.146,443,3.0,0,1,1,23,1,expected
2018-11-05 20:03:02.674803,172,52.94.227.146,443,3.0,0,1,1,23,1,expected
2018-11-05 20:03:02.688562,172,52.94.227.146,443,3.0,0,1,1,23,1,expected
2018-11-05 20:03:02.708679,172,52.94.227.146,443,3.0,0,1,1,23,1,expected
2018-11-05 20:03:02.722908,172,52.94.227.146,443,3.0,0,1,1,23,1,expected
2018-11-05 20:03:02.758011,172,52.94.227.146,443,3.0,0,1,1,23,1,expected
2018-11-05 20:03:02.771935,172,52.94.227.146,443,3.0,0,1,1,23,1,expected
2018-11-05 20:03:02.785416,172,52.94.227.146,443,3.0,0,1,1,23,1,expected
2018-11-05 20:03:02.800152,172,52.94.227.146,443,3.0,0,1,1,23,1,expected
2018-11-05 20:03:02.834510,172,52.94.227.146,443,3.0,0,1,1,23,1,expected
2018-11-05 20:03:02.848727,172,52.94.227.146,443,3.0,0,1,1,23,1,expected
2018-11-05 20:03:02.870833,172,52.94.227.146,443,3.0,0,1,1,23,1,expected
2018-11-05 20:03:02.884382,172,52.94.227.146,443,3.0,0,1,1,23,1,expected
2018-11-05 20:03:02.911591,172,52.94.227.146,443,3.0,0,1,1,23,1,expected
2018-11-05 20:03:02.932715,172,52.94.227.146,443,3.0,0,1,1,23,1,expected
2018-11-05 20:03:02.946317,172,52.94.227.146,443,3.0,0,1,1,23,1,expected
2018-11-05 20:03:02.960501,172,52.94.227.146,443,3.0,0,1,1,23,1,expected
2018-11-05 20:03:02.995369,172,52.94.227.146,443,3.0,0,1,1,23,1,expected
2018-11-05 20:03:03.009346,172,52.94.227.146,443,3.0,0,1,1,23,1,expected
2018-11-05 20:03:03.023406,172,52.94.227.146,443,3.0,0,1,1,23,1,expected
2018-11-05 20:03:03.044781,172,52.94.227.146,443,3.0,0,1,1,23,1,expected
2018-11-05 20:03:03.071984,172,52.94.227.146,443,3.0,0,1,1,23,1,expected
2018-11-05 20:03:03.092517,172,52.94.227.146,443,3.0,0,1,1,23,1,expected
2018-11-05 20:03:03.106758,172,52.94.227.146,443,3.0,0,1,1,23,1,expected
2018-11-05 20:03:03.120771,172,52.94.227.146,443,3.0,0,1,1,23,1,expected
2018-11-05 20:03:03.155724,172,52.94.227.146,443,3.0,0,1,1,23,1,expected
2018-11-05 20:03:03.169778,172,52.94.227.146,443,3.0,0,1,1,23,1,expected
2018-11-05 20:03:03.183472,172,52.94.227.146,443,3.0,0,1,1,23,1,expected
2018-11-05 20:03:03.205305,172,52.94.227.146,443,3.0,0,1,1,23,1,expected
2018-11-05 20:03:03.232686,172,52.94.227.146,443,3.0,0,1,1,23,1,expected
2018-11-05 20:03:03.253487,172,52.94.227.146,443,3.0,0,1,1,23,1,expected
2018-11-05 20:03:03.266883,172,52.94.227.146,443,3.0,0,1,1,23,1,expected
2018-11-05 20:03:03.281260,172,52.94.227.146,443,3.0,0,1,1,23,1,expected
2018-11-05 20:03:03.315429,172,52.94.227.146,443,3.0,0,1,1,23,1,expected
2018-11-05 20:03:03.329845,172,52.94.227.146,443,3.0,0,1,1,23,1,expected
2018-11-05 20:03:03.364347,172,52.94.227.146,443,3.0,0,1,1,23,1,expected
2018-11-05 20:03:03.364657,172,52.94.227.146,443,3.0,0,1,1,23,1,expected
2018-11-05 20:03:03.392413,172,52.94.227.146,443,3.0,0,1,1,23,1,expected
2018-11-05 20:03:03.413576,172,52.94.227.146,443,3.0,0,1,1,23,1,expected
2018-11-05 20:03:03.427370,172,52.94.227.146,443,3.0,0,1,1,23,1,expected
2018-11-05 20:03:03.441592,172,52.94.227.146,443,3.0,0,1,1,23,1,expected
2018-11-05 20:03:03.476895,172,52.94.227.146,443,3.0,0,1,1,23,1,expected
2018-11-05 20:03:03.490377,172,52.94.227.146,443,3.0,0,1,1,23,1,expected
2018-11-05 20:03:03.504558,172,52.94.227.146,443,3.0,0,1,1,23,1,expected
2018-11-05 20:03:03.527413,172,52.94.227.146,443,3.0,0,1,1,23,1,expected
2018-11-05 20:03:03.553640,172,52.94.227.146,443,3.0,0,1,1,23,1,expected
2018-11-05 20:03:03.568100,172,52.94.227.146,443,3.0,0,1,1,23,1,expected
2018-11-05 20:03:03.588816,172,52.94.227.146,443,3.0,0,1,1,23,1,expected
2018-11-05 20:03:03.603947,172,52.94.227.146,443,3.0,0,1,1,23,1,expected
2018-11-05 20:03:03.607458,136,52.94.227.146,443,3.0,0,1,1,23,1,expected
2018-11-05 20:03:03.607749,92,52.94.227.146,443,3.0,0,1,1,23,1,expected
2018-11-05 20:03:03.622783,74,52.94.232.195,443,1.0,-1830685187,0,1,,1,retransmit
2018-11-05 20:03:03.650318,54,52.94.227.146,443,1.0,1103,1,1,,1,ack
2018-11-05 20:03:03.659635,54,52.94.232.195,443,1.0,36,1,1,,1,ack
2018-11-05 20:03:03.666085,312,52.94.232.195,443,3.0,0,1,1,22,1,handshake
2018-11-05 20:03:03.711818,54,52.94.232.195,443,1.0,52,1,1,,1,ack
2018-11-05 20:03:03.712119,105,52.94.232.195,443,3.0,0,1,1,20,1,handshake
2018-11-05 20:03:03.806438,815,52.94.232.195,443,3.0,0,1,1,23,1,expected
2018-11-05 20:03:03.849551,85,52.94.232.195,443,3.0,0,1,1,21,1,handshake
2018-11-05 20:03:03.849840,54,52.94.232.195,443,1.0,138,1,1,,1,ack
2018-11-05 20:03:03.886496,54,52.94.232.195,443,1.0,36,1,1,,1,ack
2018-11-05 20:03:03.892757,54,52.94.227.146,443,1.0,242,1,1,,1,ack
2018-11-05 20:03:03.896393,74,52.94.232.195,443,1.0,-1830727553,0,1,,1,retransmit
2018-11-05 20:03:03.938074,54,52.94.232.195,443,1.0,41,1,1,,1,ack
2018-11-05 20:03:03.941428,312,52.94.232.195,443,3.0,0,1,1,22,1,handshake
2018-11-05 20:03:03.982534,54,52.94.232.195,443,1.0,44,1,1,,1,ack
2018-11-05 20:03:03.985628,105,52.94.232.195,443,3.0,0,1,1,20,1,handshake
2018-11-05 20:03:04.069577,54,52.94.227.146,443,1.0,176,1,1,,1,ack
2018-11-05 20:03:04.071038,54,52.94.227.146,443,1.0,1,1,1,,1,ack
2018-11-05 20:03:04.071257,54,52.94.227.146,443,1.0,0,1,1,,1,ack
2018-11-05 20:03:04.072074,54,52.94.227.146,443,1.0,0,1,1,,1,ack
2018-11-05 20:03:04.072262,54,52.94.227.146,443,1.0,0,1,1,,1,ack
2018-11-05 20:03:04.074318,54,52.94.227.146,443,1.0,2,1,1,,1,ack
2018-11-05 20:03:04.074394,54,52.94.227.146,443,1.0,0,1,1,,1,ack
2018-11-05 20:03:04.081387,54,52.94.227.146,443,1.0,6,1,1,,1,ack
2018-11-05 20:03:04.081639,54,52.94.227.146,443,1.0,0,1,1,,1,ack
2018-11-05 20:03:04.081717,54,52.94.227.146,443,1.0,0,1,1,,1,ack
2018-11-05 20:03:04.082049,781,52.94.232.195,443,3.0,0,1,1,23,1,expected
2018-11-05 20:03:04.108566,54,52.94.227.146,443,1.0,26,1,1,,1,ack
2018-11-05 20:03:04.108837,54,52.94.227.146,443,1.0,0,1,1,,1,ack
2018-11-05 20:03:04.116043,54,52.94.227.146,443,1.0,7,1,1,,1,ack
2018-11-05 20:03:04.116316,54,52.94.227.146,443,1.0,0,1,1,,1,ack
2018-11-05 20:03:04.116393,54,52.94.227.146,443,1.0,0,1,1,,1,ack
2018-11-05 20:03:04.116467,54,52.94.227.146,443,1.0,0,1,1,,1,ack
2018-11-05 20:03:04.116541,54,52.94.227.146,443,1.0,0,1,1,,1,ack
2018-11-05 20:03:04.118564,54,52.94.227.146,443,1.0,2,1,1,,1,ack
2018-11-05 20:03:04.119878,54,52.94.227.146,443,1.0,1,1,1,,1,ack
2018-11-05 20:03:04.130374,85,52.94.232.195,443,3.0,0,1,1,21,1,handshake
2018-11-05 20:03:04.130596,54,52.94.232.195,443,1.0,148,1,1,,1,ack
2018-11-05 20:03:04.133425,74,52.94.232.195,443,1.0,-1830729764,0,1,,1,retransmit
2018-11-05 20:03:04.146678,54,52.94.227.146,443,1.0,26,1,1,,1,ack
2018-11-05 20:03:04.154282,54,52.94.227.146,443,1.0,7,1,1,,1,ack
2018-11-05 20:03:04.155499,54,52.94.227.146,443,1.0,1,1,1,,1,ack
2018-11-05 20:03:04.183428,54,52.94.227.146,443,1.0,27,1,1,,1,ack
2018-11-05 20:03:04.183662,54,52.94.227.146,443,1.0,0,1,1,,1,ack
2018-11-05 20:03:04.183741,96,52.94.227.146,443,3.0,0,1,1,23,1,expected
2018-11-05 20:03:04.184985,1514,52.94.227.146,443,3.0,0,1,1,23,1,expected
2018-11-05 20:03:04.185022,1514,52.94.227.146,443,1.0,1,1,1,,1,not_relevant
2018-11-05 20:03:04.185039,1514,52.94.227.146,443,1.0,0,1,1,,1,not_relevant
2018-11-05 20:03:04.185074,511,52.94.227.146,443,3.0,0,1,1,23,1,expected
2018-11-05 20:03:04.185093,54,52.94.227.146,443,1.0,0,1,1,,1,ack
2018-11-05 20:03:04.188071,54,52.94.227.146,443,1.0,2,1,1,,1,ack
2018-11-05 20:03:04.188260,54,52.94.232.195,443,1.0,57,1,1,,1,ack
2018-11-05 20:03:04.188410,54,52.94.232.195,443,1.0,54,1,1,,1,ack
2018-11-05 20:03:04.188527,312,52.94.232.195,443,3.0,0,1,1,22,1,handshake
2018-11-05 20:03:04.188544,54,52.94.227.146,443,1.0,0,1,1,,1,ack
2018-11-05 20:03:04.189147,92,52.94.227.146,443,3.0,0,1,1,23,1,expected
2018-11-05 20:03:04.192545,54,52.94.227.146,443,1.0,4,1,1,,1,ack
2018-11-05 20:03:04.203127,54,52.94.227.146,443,1.0,10,1,1,,1,ack
2018-11-05 20:03:04.222039,54,52.94.227.146,443,1.0,18,1,1,,1,ack
2018-11-05 20:03:04.229509,96,52.94.227.146,443,3.0,0,1,1,23,1,expected
2018-11-05 20:03:04.232481,54,52.94.232.195,443,1.0,44,1,1,,1,ack
2018-11-05 20:03:04.233343,105,52.94.232.195,443,3.0,0,1,1,20,1,handshake
2018-11-05 20:03:04.234773,74,52.94.232.195,443,1.0,-1830729920,0,1,,1,retransmit
2018-11-05 20:03:04.280959,54,52.94.232.195,443,1.0,46,1,1,,1,ack
2018-11-05 20:03:04.282746,312,52.94.232.195,443,3.0,0,1,1,22,1,handshake
2018-11-05 20:03:04.329436,54,52.94.232.195,443,1.0,48,1,1,,1,ack
2018-11-05 20:03:04.330809,105,52.94.232.195,443,3.0,0,1,1,20,1,handshake
2018-11-05 20:03:04.338887,784,52.94.232.195,443,3.0,0,1,1,23,1,expected
2018-11-05 20:03:04.370328,54,52.94.227.146,443,1.0,148,1,1,,1,ack
2018-11-05 20:03:04.395385,85,52.94.232.195,443,3.0,0,1,1,21,1,handshake
2018-11-05 20:03:04.395548,54,52.94.232.195,443,1.0,163,1,1,,1,ack
2018-11-05 20:03:04.420786,796,52.94.232.195,443,3.0,0,1,1,23,1,expected
2018-11-05 20:03:04.434054,287,52.94.227.146,443,3.0,0,1,1,23,1,expected
2018-11-05 20:03:04.441470,190,52.94.227.146,443,3.0,0,1,1,23,1,expected
2018-11-05 20:03:04.441621,54,52.94.232.195,443,1.0,46,1,1,,1,ack
2018-11-05 20:03:04.442573,1514,52.94.227.146,443,1.0,72,1,1,,1,not_relevant
2018-11-05 20:03:04.443567,1514,52.94.227.146,443,1.0,0,1,1,,1,not_relevant
2018-11-05 20:03:04.443589,184,52.94.227.146,443,3.0,0,1,1,23,1,expected
2018-11-05 20:03:04.464310,286,52.94.227.146,443,3.0,0,1,1,23,1,expected
2018-11-05 20:03:04.466034,190,52.94.227.146,443,3.0,0,1,1,23,1,expected
2018-11-05 20:03:04.469561,1514,52.94.227.146,443,1.0,25,1,1,,1,not_relevant
2018-11-05 20:03:04.469616,1514,52.94.227.146,443,1.0,0,1,1,,1,not_relevant
2018-11-05 20:03:04.469638,60,52.94.227.146,443,3.0,0,1,1,23,1,expected
2018-11-05 20:03:04.470068,136,52.94.227.146,443,3.0,0,1,1,23,1,expected
2018-11-05 20:03:04.472853,85,52.94.232.195,443,3.0,0,1,1,21,1,handshake
2018-11-05 20:03:04.473056,54,52.94.232.195,443,1.0,143,1,1,,1,ack
2018-11-05 20:03:04.567667,92,52.94.227.146,443,3.0,0,1,1,23,1,expected
2018-11-05 20:03:04.568605,54,52.94.232.195,443,1.0,95,1,1,,1,ack
2018-11-05 20:03:04.585065,54,52.94.227.146,443,1.0,115,1,1,,1,ack
2018-11-05 20:03:04.708065,54,52.94.227.146,443,1.0,123,1,1,,1,ack
2018-11-05 20:03:04.724457,66,52.94.227.146,443,1.0,16,1,1,,1,ack
2018-11-05 20:03:12.827586,54,52.94.227.146,443,1.0,8103,1,1,,1,ack
2018-11-05 20:03:12.829010,100,52.94.227.146,443,3.0,0,1,1,23,1,syn
2018-11-05 20:03:14.139160,287,52.94.227.146,443,3.0,0,1,1,23,1,expected
2018-11-05 20:03:14.139681,1514,52.94.227.146,443,3.0,0,1,1,23,1,expected
2018-11-05 20:03:14.139716,1514,52.94.227.146,443,1.0,1312,1,1,,1,not_relevant
2018-11-05 20:03:14.139734,1514,52.94.227.146,443,1.0,0,1,1,,1,not_relevant
2018-11-05 20:03:14.139773,691,52.94.227.146,443,3.0,0,1,1,23,1,expected
2018-11-05 20:03:14.140141,1514,52.94.227.146,443,1.0,0,1,1,,1,not_relevant
2018-11-05 20:03:14.140157,1514,52.94.227.146,443,1.0,0,1,1,,1,not_relevant
2018-11-05 20:03:14.140173,64,52.94.227.146,443,3.0,0,1,1,23,1,expected
2018-11-05 20:03:14.140563,136,52.94.227.146,443,3.0,0,1,1,23,1,expected
2018-11-05 20:03:14.177151,92,52.94.227.146,443,3.0,0,1,1,23,1,expected
2018-11-05 20:03:14.291310,54,52.94.227.146,443,1.0,151,1,1,,1,ack
2018-11-05 20:03:14.363482,54,52.94.227.146,443,1.0,72,1,1,,1,ack
2018-11-05 20:03:14.622770,287,52.94.227.146,443,3.0,0,1,1,23,1,expected
2018-11-05 20:03:14.623014,190,52.94.227.146,443,3.0,0,1,1,23,1,expected
2018-11-05 20:03:14.623386,1514,52.94.227.146,443,1.0,259,1,1,,1,not_relevant
2018-11-05 20:03:14.623403,1514,52.94.227.146,443,1.0,0,1,1,,1,not_relevant
2018-11-05 20:03:14.623441,59,52.94.227.146,443,3.0,0,1,1,23,1,expected
2018-11-05 20:03:14.623546,136,52.94.227.146,443,3.0,0,1,1,23,1,expected
2018-11-05 20:03:14.627668,92,52.94.227.146,443,3.0,0,1,1,23,1,expected
2018-11-05 20:03:14.853672,54,52.94.227.146,443,1.0,230,1,1,,1,ack
2018-11-05 20:03:19.072132,66,205.251.253.158,443,1.0,-1830715465,1,1,,1,ack
2018-11-05 20:03:19.072464,66,205.251.253.158,443,1.0,0,1,1,,1,ack
2018-11-05 20:03:19.072849,97,205.251.253.158,443,3.0,0,1,1,21,1,handshake
2018-11-05 20:03:19.073097,66,205.251.253.158,443,1.0,0,1,1,,1,ack
2018-11-05 20:03:38.854106,288,52.94.227.146,443,3.0,0,1,1,23,1,expected
2018-11-05 20:03:38.856620,190,52.94.227.146,443,3.0,0,1,1,23,1,expected
2018-11-05 20:03:38.859839,1514,52.94.227.146,443,1.0,24006,1,1,,1,not_relevant
2018-11-05 20:03:38.861342,1514,52.94.227.146,443,1.0,1,1,1,,1,not_relevant
2018-11-05 20:03:38.861375,360,52.94.227.146,443,3.0,0,1,1,23,1,expected
2018-11-05 20:03:38.865116,132,52.94.227.146,443,3.0,0,1,1,23,1,expected
2018-11-05 20:03:38.866584,180,52.94.227.146,443,3.0,0,1,1,23,1,expected
2018-11-05 20:03:38.873967,160,52.94.227.146,443,3.0,0,1,1,23,1,expected
2018-11-05 20:03:38.891097,1514,52.94.227.146,443,3.0,0,1,1,23,1,expected
2018-11-05 20:03:38.891433,1514,52.94.227.146,443,1.0,30,1,1,,1,not_relevant
2018-11-05 20:03:38.900620,1514,52.94.227.146,443,1.0,9,1,1,,1,not_relevant
2018-11-05 20:03:38.900843,808,52.94.227.146,443,3.0,0,1,1,23,1,expected
2018-11-05 20:03:38.915954,74,52.94.232.195,443,1.0,-1830696470,0,1,,1,retransmit
2018-11-05 20:03:38.943245,54,52.94.227.146,443,1.0,42,1,1,,1,ack
2018-11-05 20:03:38.956683,54,52.94.232.195,443,1.0,40,1,1,,1,ack
2018-11-05 20:03:38.958214,312,52.94.232.195,443,3.0,0,1,1,22,1,handshake
2018-11-05 20:03:38.965716,1514,52.94.227.146,443,1.0,22,1,1,,1,not_relevant
2018-11-05 20:03:38.966467,1514,52.94.227.146,443,1.0,0,1,1,,1,not_relevant
2018-11-05 20:03:38.966489,1514,52.94.227.146,443,1.0,0,1,1,,1,not_relevant
2018-11-05 20:03:38.966507,412,52.94.227.146,443,3.0,0,1,1,23,1,expected
2018-11-05 20:03:38.985924,172,52.94.227.146,443,3.0,0,1,1,23,1,expected
2018-11-05 20:03:39.000225,172,52.94.227.146,443,3.0,0,1,1,23,1,expected
2018-11-05 20:03:39.003882,54,52.94.232.195,443,1.0,47,1,1,,1,ack
2018-11-05 20:03:39.004692,105,52.94.232.195,443,3.0,0,1,1,20,1,handshake
2018-11-05 20:03:39.016397,172,52.94.227.146,443,3.0,0,1,1,23,1,expected
2018-11-05 20:03:39.021096,54,52.94.227.146,443,1.0,54,1,1,,1,ack
2018-11-05 20:03:39.021214,54,52.94.227.146,443,1.0,0,1,1,,1,ack
2018-11-05 20:03:39.030668,172,52.94.227.146,443,3.0,0,1,1,23,1,expected
2018-11-05 20:03:39.077141,172,52.94.227.146,443,3.0,0,1,1,23,1,expected
2018-11-05 20:03:39.077274,172,52.94.227.146,443,3.0,0,1,1,23,1,expected
2018-11-05 20:03:39.097722,172,52.94.227.146,443,3.0,0,1,1,23,1,expected
2018-11-05 20:03:39.102910,768,52.94.232.195,443,3.0,0,1,1,23,1,expected
2018-11-05 20:03:39.111896,172,52.94.227.146,443,3.0,0,1,1,23,1,expected
2018-11-05 20:03:39.139497,172,52.94.227.146,443,3.0,0,1,1,23,1,expected
2018-11-05 20:03:39.152280,85,52.94.232.195,443,3.0,0,1,1,21,1,handshake
2018-11-05 20:03:39.152444,54,52.94.232.195,443,1.0,148,1,1,,1,ack
2018-11-05 20:03:39.159513,172,52.94.227.146,443,3.0,0,1,1,23,1,expected
2018-11-05 20:03:39.174022,172,52.94.227.146,443,3.0,0,1,1,23,1,expected
2018-11-05 20:03:39.187905,172,52.94.227.146,443,3.0,0,1,1,23,1,expected
2018-11-05 20:03:39.192374,54,52.94.232.195,443,1.0,39,1,1,,1,ack
2018-11-05 20:03:39.222739,172,52.94.227.146,443,3.0,0,1,1,23,1,expected
2018-11-05 20:03:39.236855,172,52.94.227.146,443,3.0,0,1,1,23,1,expected
2018-11-05 20:03:39.257763,172,52.94.227.146,443,3.0,0,1,1,23,1,expected
2018-11-05 20:03:39.272116,172,52.94.227.146,443,3.0,0,1,1,23,1,expected
2018-11-05 20:03:39.300393,172,52.94.227.146,443,3.0,0,1,1,23,1,expected
2018-11-05 20:03:39.320654,172,52.94.227.146,443,3.0,0,1,1,23,1,expected
2018-11-05 20:03:39.334758,172,52.94.227.146,443,3.0,0,1,1,23,1,expected
2018-11-05 20:03:39.349063,172,52.94.227.146,443,3.0,0,1,1,23,1,expected
2018-11-05 20:03:39.368341,288,52.94.227.146,443,3.0,0,1,1,23,1,expected
2018-11-05 20:03:39.369488,1514,52.94.227.146,443,3.0,0,1,1,23,1,expected
2018-11-05 20:03:39.371371,1514,52.94.227.146,443,1.0,350,1,1,,1,not_relevant
2018-11-05 20:03:39.371413,1514,52.94.227.146,443,1.0,0,1,1,,1,not_relevant
2018-11-05 20:03:39.371431,319,52.94.227.146,443,3.0,0,1,1,23,1,expected
2018-11-05 20:03:39.383619,172,52.94.227.146,443,3.0,0,1,1,23,1,expected
2018-11-05 20:03:39.397999,172,52.94.227.146,443,3.0,0,1,1,23,1,expected
2018-11-05 20:03:39.412294,172,52.94.227.146,443,3.0,0,1,1,23,1,expected
2018-11-05 20:03:39.432752,172,52.94.227.146,443,3.0,0,1,1,23,1,expected
2018-11-05 20:03:39.461123,172,52.94.227.146,443,3.0,0,1,1,23,1,expected
2018-11-05 20:03:39.481901,172,52.94.227.146,443,3.0,0,1,1,23,1,expected
2018-11-05 20:03:39.495857,172,52.94.227.146,443,3.0,0,1,1,23,1,expected
2018-11-05 20:03:39.509638,172,52.94.227.146,443,3.0,0,1,1,23,1,expected
2018-11-05 20:03:39.516068,54,52.94.227.146,443,1.0,144,1,1,,1,ack
2018-11-05 20:03:39.546847,172,52.94.227.146,443,3.0,0,1,1,23,1,expected
2018-11-05 20:03:39.558734,172,52.94.227.146,443,3.0,0,1,1,23,1,expected
2018-11-05 20:03:39.572860,172,52.94.227.146,443,3.0,0,1,1,23,1,expected
2018-11-05 20:03:39.594042,172,52.94.227.146,443,3.0,0,1,1,23,1,expected
2018-11-05 20:03:39.621652,172,52.94.227.146,443,3.0,0,1,1,23,1,expected
2018-11-05 20:03:39.635852,172,52.94.227.146,443,3.0,0,1,1,23,1,expected
2018-11-05 20:03:39.657294,172,52.94.227.146,443,3.0,0,1,1,23,1,expected
2018-11-05 20:03:39.671179,172,52.94.227.146,443,3.0,0,1,1,23,1,expected
2018-11-05 20:03:39.706265,172,52.94.227.146,443,3.0,0,1,1,23,1,expected
2018-11-05 20:03:39.719820,172,52.94.227.146,443,3.0,0,1,1,23,1,expected
2018-11-05 20:03:39.735910,172,52.94.227.146,443,3.0,0,1,1,23,1,expected
2018-11-05 20:03:39.773260,172,52.94.227.146,443,3.0,0,1,1,23,1,expected
2018-11-05 20:03:39.783514,172,52.94.227.146,443,3.0,0,1,1,23,1,expected
2018-11-05 20:03:39.797626,172,52.94.227.146,443,3.0,0,1,1,23,1,expected
2018-11-05 20:03:39.818493,172,52.94.227.146,443,3.0,0,1,1,23,1,expected
2018-11-05 20:03:39.832276,172,52.94.227.146,443,3.0,0,1,1,23,1,expected
2018-11-05 20:03:39.859726,172,52.94.227.146,443,3.0,0,1,1,23,1,expected
2018-11-05 20:03:39.882802,172,52.94.227.146,443,3.0,0,1,1,23,1,expected
2018-11-05 20:03:39.897776,172,52.94.227.146,443,3.0,0,1,1,23,1,expected
2018-11-05 20:03:39.909595,172,52.94.227.146,443,3.0,0,1,1,23,1,expected
2018-11-05 20:03:39.943997,172,52.94.227.146,443,3.0,0,1,1,23,1,expected
2018-11-05 20:03:39.958117,172,52.94.227.146,443,3.0,0,1,1,23,1,expected
2018-11-05 20:03:39.971462,172,52.94.227.146,443,3.0,0,1,1,23,1,expected
2018-11-05 20:03:39.991937,172,52.94.227.146,443,3.0,0,1,1,23,1,expected
2018-11-05 20:03:40.021628,172,52.94.227.146,443,3.0,0,1,1,23,1,expected
2018-11-05 20:03:40.042120,172,52.94.227.146,443,3.0,0,1,1,23,1,expected
2018-11-05 20:03:40.047815,136,52.94.227.146,443,3.0,0,1,1,23,1,expected
2018-11-05 20:03:40.048573,92,52.94.227.146,443,3.0,0,1,1,23,1,expected
2018-11-05 20:03:40.067508,74,52.94.232.195,443,1.0,-1830743945,0,1,,1,retransmit
2018-11-05 20:03:40.094289,54,52.94.227.146,443,1.0,578,1,1,,1,ack
2018-11-05 20:03:40.105656,54,52.94.232.195,443,1.0,38,1,1,,1,ack
2018-11-05 20:03:40.106818,312,52.94.232.195,443,3.0,0,1,1,22,1,handshake
2018-11-05 20:03:40.148540,54,52.94.232.195,443,1.0,42,1,1,,1,ack
2018-11-05 20:03:40.149122,105,52.94.232.195,443,3.0,0,1,1,20,1,handshake
2018-11-05 20:03:40.236064,814,52.94.232.195,443,3.0,0,1,1,23,1,expected
2018-11-05 20:03:40.280049,85,52.94.232.195,443,3.0,0,1,1,21,1,handshake
2018-11-05 20:03:40.280786,54,52.94.232.195,443,1.0,132,1,1,,1,ack
2018-11-05 20:03:40.286403,54,52.94.227.146,443,1.0,192,1,1,,1,ack
2018-11-05 20:03:40.294548,74,52.94.232.195,443,1.0,-1830745612,0,1,,1,retransmit
2018-11-05 20:03:40.317145,54,52.94.232.195,443,1.0,36,1,1,,1,ack
2018-11-05 20:03:40.331369,54,52.94.232.195,443,1.0,36,1,1,,1,ack
2018-11-05 20:03:40.332335,312,52.94.232.195,443,3.0,0,1,1,22,1,handshake
2018-11-05 20:03:40.370510,54,52.94.232.195,443,1.0,39,1,1,,1,ack
2018-11-05 20:03:40.375474,105,52.94.232.195,443,3.0,0,1,1,20,1,handshake
2018-11-05 20:03:40.473118,54,52.94.227.146,443,1.0,186,1,1,,1,ack
2018-11-05 20:03:40.474300,54,52.94.227.146,443,1.0,1,1,1,,1,ack
2018-11-05 20:03:40.474467,54,52.94.227.146,443,1.0,0,1,1,,1,ack
2018-11-05 20:03:40.476034,54,52.94.227.146,443,1.0,1,1,1,,1,ack
2018-11-05 20:03:40.476248,54,52.94.227.146,443,1.0,0,1,1,,1,ack
2018-11-05 20:03:40.477834,54,52.94.227.146,443,1.0,1,1,1,,1,ack
2018-11-05 20:03:40.478013,54,52.94.227.146,443,1.0,0,1,1,,1,ack
2018-11-05 20:03:40.479004,54,52.94.227.146,443,1.0,0,1,1,,1,ack
2018-11-05 20:03:40.479195,54,52.94.227.146,443,1.0,0,1,1,,1,ack
2018-11-05 20:03:40.480227,54,52.94.227.146,443,1.0,1,1,1,,1,ack
2018-11-05 20:03:40.480769,779,52.94.232.195,443,3.0,0,1,1,23,1,expected
2018-11-05 20:03:40.512389,54,52.94.227.146,443,1.0,32,1,1,,1,ack
2018-11-05 20:03:40.512744,54,52.94.227.146,443,1.0,0,1,1,,1,ack
2018-11-05 20:03:40.515800,54,52.94.227.146,443,1.0,3,1,1,,1,ack
2018-11-05 20:03:40.516882,54,52.94.227.146,443,1.0,1,1,1,,1,ack
2018-11-05 20:03:40.518787,54,52.94.227.146,443,1.0,1,1,1,,1,ack
2018-11-05 20:03:40.519937,54,52.94.227.146,443,1.0,1,1,1,,1,ack
2018-11-05 20:03:40.521380,54,52.94.227.146,443,1.0,1,1,1,,1,ack
2018-11-05 20:03:40.521842,54,52.94.227.146,443,1.0,0,1,1,,1,ack
2018-11-05 20:03:40.528246,85,52.94.232.195,443,3.0,0,1,1,21,1,handshake
2018-11-05 20:03:40.528464,54,52.94.232.195,443,1.0,157,1,1,,1,ack
2018-11-05 20:03:40.528695,74,52.94.232.195,443,1.0,-1830745682,0,1,,1,retransmit
2018-11-05 20:03:40.552947,54,52.94.227.146,443,1.0,31,1,1,,1,ack
2018-11-05 20:03:40.558624,54,52.94.227.146,443,1.0,5,1,1,,1,ack
2018-11-05 20:03:40.561372,54,52.94.227.146,443,1.0,2,1,1,,1,ack
2018-11-05 20:03:40.566666,54,52.94.227.146,443,1.0,5,1,1,,1,ack
2018-11-05 20:03:40.566900,54,52.94.227.146,443,1.0,0,1,1,,1,ack
2018-11-05 20:03:40.567147,54,52.94.227.146,443,1.0,0,1,1,,1,ack
2018-11-05 20:03:40.567286,54,52.94.227.146,443,1.0,0,1,1,,1,ack
2018-11-05 20:03:40.567415,54,52.94.227.146,443,1.0,0,1,1,,1,ack
2018-11-05 20:03:40.567537,54,52.94.232.195,443,1.0,39,1,1,,1,ack
2018-11-05 20:03:40.567673,96,52.94.227.146,443,3.0,0,1,1,23,1,expected
2018-11-05 20:03:40.571777,54,52.94.232.195,443,1.0,43,1,1,,1,ack
2018-11-05 20:03:40.573150,312,52.94.232.195,443,3.0,0,1,1,22,1,handshake
2018-11-05 20:03:40.594017,54,52.94.227.146,443,1.0,26,1,1,,1,ack
2018-11-05 20:03:40.595363,288,52.94.227.146,443,3.0,0,1,1,23,1,expected
2018-11-05 20:03:40.595795,190,52.94.227.146,443,3.0,0,1,1,23,1,expected
2018-11-05 20:03:40.599437,1514,52.94.227.146,443,1.0,5,1,1,,1,not_relevant
2018-11-05 20:03:40.599485,1514,52.94.227.146,443,1.0,0,1,1,,1,not_relevant
2018-11-05 20:03:40.599521,59,52.94.227.146,443,3.0,0,1,1,23,1,expected
2018-11-05 20:03:40.599761,136,52.94.227.146,443,3.0,0,1,1,23,1,expected
2018-11-05 20:03:40.599925,92,52.94.227.146,443,3.0,0,1,1,23,1,expected
2018-11-05 20:03:40.603156,54,52.94.227.146,443,1.0,3,1,1,,1,ack
2018-11-05 20:03:40.603463,54,52.94.227.146,443,1.0,0,1,1,,1,ack
2018-11-05 20:03:40.605852,96,52.94.227.146,443,3.0,0,1,1,23,1,expected
2018-11-05 20:03:40.616641,54,52.94.232.195,443,1.0,44,1,1,,1,ack
2018-11-05 20:03:40.618032,105,52.94.232.195,443,3.0,0,1,1,20,1,handshake
2018-11-05 20:03:40.684510,74,52.94.232.195,443,1.0,-1830745930,0,1,,1,retransmit
2018-11-05 20:03:40.690853,54,52.94.227.146,443,1.0,87,1,1,,1,ack
2018-11-05 20:03:40.718458,287,52.94.227.146,443,3.0,0,1,1,23,1,expected
2018-11-05 20:03:40.718948,190,52.94.227.146,443,3.0,0,1,1,23,1,expected
2018-11-05 20:03:40.721781,1514,52.94.227.146,443,1.0,30,1,1,,1,not_relevant
2018-11-05 20:03:40.721834,1514,52.94.227.146,443,1.0,0,1,1,,1,not_relevant
2018-11-05 20:03:40.721869,788,52.94.232.195,443,3.0,0,1,1,23,1,expected
2018-11-05 20:03:40.721906,64,52.94.227.146,443,3.0,0,1,1,23,1,expected
2018-11-05 20:03:40.722059,136,52.94.227.146,443,3.0,0,1,1,23,1,expected
2018-11-05 20:03:40.725598,92,52.94.227.146,443,3.0,0,1,1,23,1,expected
2018-11-05 20:03:40.726314,54,52.94.232.195,443,1.0,41,1,1,,1,ack
2018-11-05 20:03:40.730434,312,52.94.232.195,443,3.0,0,1,1,22,1,handshake
2018-11-05 20:03:40.767984,85,52.94.232.195,443,3.0,0,1,1,21,1,handshake
2018-11-05 20:03:40.768160,54,52.94.232.195,443,1.0,151,1,1,,1,ack
2018-11-05 20:03:40.771426,641,52.94.227.146,443,3.0,0,1,1,23,1,expected
2018-11-05 20:03:40.772069,190,52.94.227.146,443,3.0,0,1,1,23,1,expected
2018-11-05 20:03:40.773542,1514,52.94.227.146,443,1.0,51,1,1,,1,not_relevant
2018-11-05 20:03:40.774020,1514,52.94.227.146,443,1.0,0,1,1,,1,not_relevant
2018-11-05 20:03:40.774062,60,52.94.227.146,443,3.0,0,1,1,23,1,expected
2018-11-05 20:03:40.774233,136,52.94.227.146,443,3.0,0,1,1,23,1,expected
2018-11-05 20:03:40.776920,54,52.94.232.195,443,1.0,50,1,1,,1,ack
2018-11-05 20:03:40.781547,105,52.94.232.195,443,3.0,0,1,1,20,1,handshake
2018-11-05 20:03:40.781729,92,52.94.227.146,443,3.0,0,1,1,23,1,expected
2018-11-05 20:03:40.795982,54,52.94.227.146,443,1.0,21,1,1,,1,ack
2018-11-05 20:03:40.809764,54,52.94.232.195,443,1.0,41,1,1,,1,ack
2018-11-05 20:03:40.857194,54,52.94.227.146,443,1.0,61,1,1,,1,ack
2018-11-05 20:03:40.865934,799,52.94.232.195,443,3.0,0,1,1,23,1,expected
2018-11-05 20:03:40.883831,54,52.94.227.146,443,1.0,26,1,1,,1,ack
2018-11-05 20:03:40.920193,85,52.94.232.195,443,3.0,0,1,1,21,1,handshake
2018-11-05 20:03:40.920455,54,52.94.232.195,443,1.0,143,1,1,,1,ack
2018-11-05 20:03:40.967845,54,52.94.232.195,443,1.0,47,1,1,,1,ack
2018-11-05 20:03:41.066399,54,52.94.227.146,443,1.0,182,1,1,,1,ack
2018-11-05 20:03:41.069472,54,52.94.227.146,443,1.0,3,1,1,,1,ack
2018-11-05 20:03:42.829663,54,52.94.227.146,443,1.0,1760,1,1,,1,ack
2018-11-05 20:03:42.830746,100,52.94.227.146,443,3.0,0,1,1,23,1,syn
2018-11-05 20:03:50.428275,296,52.94.227.146,443,3.0,0,1,1,23,1,expected
2018-11-05 20:03:50.428792,1514,52.94.227.146,443,3.0,0,1,1,23,1,expected
2018-11-05 20:03:50.428841,1514,52.94.227.146,443,1.0,7599,1,1,,1,not_relevant
2018-11-05 20:03:50.429028,1514,52.94.227.146,443,1.0,0,1,1,,1,not_relevant
2018-11-05 20:03:50.429141,201,52.94.227.146,443,3.0,0,1,1,23,1,expected
2018-11-05 20:03:50.429335,136,52.94.227.146,443,3.0,0,1,1,23,1,expected
2018-11-05 20:03:50.429488,92,52.94.227.146,443,3.0,0,1,1,23,1,expected
2018-11-05 20:03:50.445423,286,52.94.227.146,443,3.0,0,1,1,23,1,expected
2018-11-05 20:03:50.446099,190,52.94.227.146,443,3.0,0,1,1,23,1,expected
2018-11-05 20:03:50.465644,1514,52.94.227.146,443,1.0,36,1,1,,1,not_relevant
2018-11-05 20:03:50.467188,1514,52.94.227.146,443,1.0,1,1,1,,1,not_relevant
2018-11-05 20:03:50.472150,184,52.94.227.146,443,3.0,0,1,1,23,1,expected
2018-11-05 20:03:50.571570,54,52.94.227.146,443,1.0,104,1,1,,1,ack
2018-11-05 20:03:50.614432,54,52.94.227.146,443,1.0,42,1,1,,1,ack
2018-11-05 20:03:50.927629,287,52.94.227.146,443,3.0,0,1,1,23,1,expected
2018-11-05 20:03:50.927934,1514,52.94.227.146,443,3.0,0,1,1,23,1,expected
2018-11-05 20:03:50.928324,1514,52.94.227.146,443,1.0,313,1,1,,1,not_relevant
2018-11-05 20:03:50.928381,1514,52.94.227.146,443,1.0,0,1,1,,1,not_relevant
2018-11-05 20:03:50.928441,195,52.94.227.146,443,3.0,0,1,1,23,1,expected
2018-11-05 20:03:50.928602,136,52.94.227.146,443,3.0,0,1,1,23,1,expected
2018-11-05 20:03:50.928751,92,52.94.227.146,443,3.0,0,1,1,23,1,expected
2018-11-05 20:03:51.131732,54,52.94.227.146,443,1.0,203,1,1,,1,ack
2018-11-05 20:04:12.834330,100,52.94.227.146,443,3.0,0,1,1,23,1,syn
