2018-11-27 03:19:41.708483,100,52.94.235.50,443,3.0,0,1,1,23,1,syn
2018-11-27 03:19:52.183966,285,52.94.235.50,443,3.0,0,1,1,23,1,expected
2018-11-27 03:19:52.186293,190,52.94.235.50,443,3.0,0,1,1,23,1,expected
2018-11-27 03:19:52.186961,1514,52.94.235.50,443,1.0,-437100558,1,1,,1,not_relevant
2018-11-27 03:19:52.188495,1514,52.94.235.50,443,1.0,1,1,1,,1,not_relevant
2018-11-27 03:19:52.188518,781,52.94.235.50,443,3.0,0,1,1,23,1,expected
2018-11-27 03:19:52.188533,180,52.94.235.50,443,3.0,0,1,1,23,1,expected
2018-11-27 03:19:52.191461,144,52.94.235.50,443,3.0,0,1,1,23,1,expected
2018-11-27 03:19:52.298049,287,52.94.235.50,443,3.0,0,1,1,23,1,expected
2018-11-27 03:19:52.298441,1514,52.94.235.50,443,3.0,0,1,1,23,1,expected
2018-11-27 03:19:52.299032,1514,52.94.235.50,443,1.0,110,1,1,,1,not_relevant
2018-11-27 03:19:52.299055,1514,52.94.235.50,443,1.0,0,1,1,,1,not_relevant
2018-11-27 03:19:52.299288,915,52.94.235.50,443,3.0,0,1,1,23,1,expected
2018-11-27 03:19:52.317810,1514,52.94.235.50,443,1.0,18,1,1,,1,not_relevant
2018-11-27 03:19:52.317889,1514,52.94.235.50,443,1.0,0,1,1,,1,not_relevant
2018-11-27 03:19:52.317909,1514,52.94.235.50,443,1.0,0,1,1,,1,not_relevant
2018-11-27 03:19:52.329929,74,52.94.232.195,443,1.0,-437106589,0,1,,1,retransmit
2018-11-27 03:19:52.343015,488,52.94.235.50,443,3.0,0,1,1,23,1,expected
2018-11-27 03:19:52.368661,54,52.94.232.195,443,1.0,38,1,1,,1,ack
2018-11-27 03:19:52.370092,312,52.94.232.195,443,3.0,0,1,1,22,1,handshake
2018-11-27 03:19:52.378256,172,52.94.235.50,443,3.0,0,1,1,23,1,expected
2018-11-27 03:19:52.390911,172,52.94.235.50,443,3.0,0,1,1,23,1,expected
2018-11-27 03:19:52.412597,172,52.94.235.50,443,3.0,0,1,1,23,1,expected
2018-11-27 03:19:52.415280,54,52.94.232.195,443,1.0,46,1,1,,1,ack
2018-11-27 03:19:52.415791,105,52.94.232.195,443,3.0,0,1,1,20,1,handshake
2018-11-27 03:19:52.420460,54,52.94.235.50,443,1.0,102,1,1,,1,ack
2018-11-27 03:19:52.426591,172,52.94.235.50,443,3.0,0,1,1,23,1,expected
2018-11-27 03:19:52.453853,172,52.94.235.50,443,3.0,0,1,1,23,1,expected
2018-11-27 03:19:52.474669,172,52.94.235.50,443,3.0,0,1,1,23,1,expected
2018-11-27 03:19:52.488830,172,52.94.235.50,443,3.0,0,1,1,23,1,expected
2018-11-27 03:19:52.502834,172,52.94.235.50,443,3.0,0,1,1,23,1,expected
2018-11-27 03:19:52.504305,763,52.94.232.195,443,3.0,0,1,1,23,1,expected
2018-11-27 03:19:52.537629,172,52.94.235.50,443,3.0,0,1,1,23,1,expected
2018-11-27 03:19:52.551054,85,52.94.232.195,443,3.0,0,1,1,21,1,handshake
2018-11-27 03:19:52.551244,54,52.94.232.195,443,1.0,135,1,1,,1,ack
2018-11-27 03:19:52.551558,172,52.94.235.50,443,3.0,0,1,1,23,1,expected
2018-11-27 03:19:52.566020,172,52.94.235.50,443,3.0,0,1,1,23,1,expected
2018-11-27 03:19:52.586615,172,52.94.235.50,443,3.0,0,1,1,23,1,expected
2018-11-27 03:19:52.588973,54,52.94.232.195,443,1.0,37,1,1,,1,ack
2018-11-27 03:19:52.614566,172,52.94.235.50,443,3.0,0,1,1,23,1,expected
2018-11-27 03:19:52.635312,172,52.94.235.50,443,3.0,0,1,1,23,1,expected
2018-11-27 03:19:52.649389,172,52.94.235.50,443,3.0,0,1,1,23,1,expected
2018-11-27 03:19:52.663546,172,52.94.235.50,443,3.0,0,1,1,23,1,expected
2018-11-27 03:19:52.697860,172,52.94.235.50,443,3.0,0,1,1,23,1,expected
2018-11-27 03:19:52.711838,172,52.94.235.50,443,3.0,0,1,1,23,1,expected
2018-11-27 03:19:52.725844,172,52.94.235.50,443,3.0,0,1,1,23,1,expected
2018-11-27 03:19:52.747176,172,52.94.235.50,443,3.0,0,1,1,23,1,expected
2018-11-27 03:19:52.781161,172,52.94.235.50,443,3.0,0,1,1,23,1,expected
2018-11-27 03:19:52.796530,172,52.94.235.50,443,3.0,0,1,1,23,1,expected
2018-11-27 03:19:52.798633,287,52.94.235.50,443,3.0,0,1,1,23,1,expected
2018-11-27 03:19:52.799310,190,52.94.235.50,443,3.0,0,1,1,23,1,expected
2018-11-27 03:19:52.801219,1514,52.94.235.50,443,1.0,380,1,1,,1,not_relevant
2018-11-27 03:19:52.801289,1514,52.94.235.50,443,1.0,0,1,1,,1,not_relevant
2018-11-27 03:19:52.801366,406,52.94.235.50,443,3.0,0,1,1,23,1,expected
2018-11-27 03:19:52.801426,136,52.94.235.50,443,3.0,0,1,1,23,1,expected
2018-11-27 03:19:52.842357,328,52.94.235.50,443,3.0,0,1,1,23,1,expected
2018-11-27 03:19:52.866266,172,52.94.235.50,443,3.0,0,1,1,23,1,expected
2018-11-27 03:19:52.871805,172,52.94.235.50,443,3.0,0,1,1,23,1,expected
2018-11-27 03:19:52.885913,172,52.94.235.50,443,3.0,0,1,1,23,1,expected
2018-11-27 03:19:52.908169,172,52.94.235.50,443,3.0,0,1,1,23,1,expected
2018-11-27 03:19:52.934961,172,52.94.235.50,443,3.0,0,1,1,23,1,expected
2018-11-27 03:19:52.945900,54,52.94.235.50,443,1.0,144,1,1,,1,ack
2018-11-27 03:19:52.956124,172,52.94.235.50,443,3.0,0,1,1,23,1,expected
2018-11-27 03:19:52.970417,172,52.94.235.50,443,3.0,0,1,1,23,1,expected
2018-11-27 03:19:52.983978,172,52.94.235.50,443,3.0,0,1,1,23,1,expected
2018-11-27 03:19:53.018993,172,52.94.235.50,443,3.0,0,1,1,23,1,expected
2018-11-27 03:19:53.032538,172,52.94.235.50,443,3.0,0,1,1,23,1,expected
2018-11-27 03:19:53.047079,172,52.94.235.50,443,3.0,0,1,1,23,1,expected
2018-11-27 03:19:53.067918,172,52.94.235.50,443,3.0,0,1,1,23,1,expected
2018-11-27 03:19:53.096164,172,52.94.235.50,443,3.0,0,1,1,23,1,expected
2018-11-27 03:19:53.109766,172,52.94.235.50,443,3.0,0,1,1,23,1,expected
2018-11-27 03:19:53.129853,172,52.94.235.50,443,3.0,0,1,1,23,1,expected
2018-11-27 03:19:53.144037,172,52.94.235.50,443,3.0,0,1,1,23,1,expected
2018-11-27 03:19:53.179274,172,52.94.235.50,443,3.0,0,1,1,23,1,expected
2018-11-27 03:19:53.194399,172,52.94.235.50,443,3.0,0,1,1,23,1,expected
2018-11-27 03:19:53.207414,172,52.94.235.50,443,3.0,0,1,1,23,1,expected
2018-11-27 03:19:53.221419,172,52.94.235.50,443,3.0,0,1,1,23,1,expected
2018-11-27 03:19:53.256482,172,52.94.235.50,443,3.0,0,1,1,23,1,expected
2018-11-27 03:19:53.270371,172,52.94.235.50,443,3.0,0,1,1,23,1,expected
2018-11-27 03:19:53.291847,172,52.94.235.50,443,3.0,0,1,1,23,1,expected
2018-11-27 03:19:53.305456,172,52.94.235.50,443,3.0,0,1,1,23,1,expected
2018-11-27 03:19:53.333848,172,52.94.235.50,443,3.0,0,1,1,23,1,expected
2018-11-27 03:19:53.354609,172,52.94.235.50,443,3.0,0,1,1,23,1,expected
2018-11-27 03:19:53.368760,172,52.94.235.50,443,3.0,0,1,1,23,1,expected
2018-11-27 03:19:53.382772,172,52.94.235.50,443,3.0,0,1,1,23,1,expected
2018-11-27 03:19:53.417740,172,52.94.235.50,443,3.0,0,1,1,23,1,expected
2018-11-27 03:19:53.431674,172,52.94.235.50,443,3.0,0,1,1,23,1,expected
2018-11-27 03:19:53.445852,172,52.94.235.50,443,3.0,0,1,1,23,1,expected
2018-11-27 03:19:53.467049,172,52.94.235.50,443,3.0,0,1,1,23,1,expected
2018-11-27 03:19:53.494782,172,52.94.235.50,443,3.0,0,1,1,23,1,expected
2018-11-27 03:19:53.539663,172,52.94.235.50,443,3.0,0,1,1,23,1,expected
2018-11-27 03:19:53.539835,172,52.94.235.50,443,3.0,0,1,1,23,1,expected
2018-11-27 03:19:53.543292,172,52.94.235.50,443,3.0,0,1,1,23,1,expected
2018-11-27 03:19:53.580416,172,52.94.235.50,443,3.0,0,1,1,23,1,expected
2018-11-27 03:19:53.591001,172,52.94.235.50,443,3.0,0,1,1,23,1,expected
2018-11-27 03:19:53.611709,172,52.94.235.50,443,3.0,0,1,1,23,1,expected
2018-11-27 03:19:53.625937,172,52.94.235.50,443,3.0,0,1,1,23,1,expected
2018-11-27 03:19:53.654004,172,52.94.235.50,443,3.0,0,1,1,23,1,expected
2018-11-27 03:19:53.674574,172,52.94.235.50,443,3.0,0,1,1,23,1,expected
2018-11-27 03:19:53.688877,172,52.94.235.50,443,3.0,0,1,1,23,1,expected
2018-11-27 03:19:53.702876,172,52.94.235.50,443,3.0,0,1,1,23,1,expected
2018-11-27 03:19:53.737637,172,52.94.235.50,443,3.0,0,1,1,23,1,expected
2018-11-27 03:19:53.751658,172,52.94.235.50,443,3.0,0,1,1,23,1,expected
2018-11-27 03:19:53.765997,172,52.94.235.50,443,3.0,0,1,1,23,1,expected
2018-11-27 03:19:53.786725,172,52.94.235.50,443,3.0,0,1,1,23,1,expected
2018-11-27 03:19:53.814937,172,52.94.235.50,443,3.0,0,1,1,23,1,expected
2018-11-27 03:19:53.835704,172,52.94.235.50,443,3.0,0,1,1,23,1,expected
2018-11-27 03:19:53.849529,172,52.94.235.50,443,3.0,0,1,1,23,1,expected
2018-11-27 03:19:53.863580,172,52.94.235.50,443,3.0,0,1,1,23,1,expected
2018-11-27 03:19:53.898872,172,52.94.235.50,443,3.0,0,1,1,23,1,expected
2018-11-27 03:19:53.912478,172,52.94.235.50,443,3.0,0,1,1,23,1,expected
2018-11-27 03:19:53.926792,172,52.94.235.50,443,3.0,0,1,1,23,1,expected
2018-11-27 03:19:53.948724,172,52.94.235.50,443,3.0,0,1,1,23,1,expected
2018-11-27 03:19:53.975760,172,52.94.235.50,443,3.0,0,1,1,23,1,expected
2018-11-27 03:19:53.989631,172,52.94.235.50,443,3.0,0,1,1,23,1,expected
2018-11-27 03:19:54.010954,172,52.94.235.50,443,3.0,0,1,1,23,1,expected
2018-11-27 03:19:54.024230,172,52.94.235.50,443,3.0,0,1,1,23,1,expected
2018-11-27 03:19:54.059700,172,52.94.235.50,443,3.0,0,1,1,23,1,expected
2018-11-27 03:19:54.072443,172,52.94.235.50,443,3.0,0,1,1,23,1,expected
2018-11-27 03:19:54.086517,172,52.94.235.50,443,3.0,0,1,1,23,1,expected
2018-11-27 03:19:54.107771,172,52.94.235.50,443,3.0,0,1,1,23,1,expected
2018-11-27 03:19:54.136799,172,52.94.235.50,443,3.0,0,1,1,23,1,expected
2018-11-27 03:19:54.149699,172,52.94.235.50,443,3.0,0,1,1,23,1,expected
2018-11-27 03:19:54.170586,172,52.94.235.50,443,3.0,0,1,1,23,1,expected
2018-11-27 03:19:54.188112,172,52.94.235.50,443,3.0,0,1,1,23,1,expected
2018-11-27 03:19:54.237411,172,52.94.235.50,443,3.0,0,1,1,23,1,expected
2018-11-27 03:19:54.237547,172,52.94.235.50,443,3.0,0,1,1,23,1,expected
2018-11-27 03:19:54.248475,172,52.94.235.50,443,3.0,0,1,1,23,1,expected
2018-11-27 03:19:54.261836,172,52.94.235.50,443,3.0,0,1,1,23,1,expected
2018-11-27 03:19:54.297123,172,52.94.235.50,443,3.0,0,1,1,23,1,expected
2018-11-27 03:19:54.310903,172,52.94.235.50,443,3.0,0,1,1,23,1,expected
2018-11-27 03:19:54.331785,172,52.94.235.50,443,3.0,0,1,1,23,1,expected
2018-11-27 03:19:54.346557,172,52.94.235.50,443,3.0,0,1,1,23,1,expected
2018-11-27 03:19:54.374184,172,52.94.235.50,443,3.0,0,1,1,23,1,expected
2018-11-27 03:19:54.394911,172,52.94.235.50,443,3.0,0,1,1,23,1,expected
2018-11-27 03:19:54.408483,172,52.94.235.50,443,3.0,0,1,1,23,1,expected
2018-11-27 03:19:54.423423,172,52.94.235.50,443,3.0,0,1,1,23,1,expected
2018-11-27 03:19:54.457170,172,52.94.235.50,443,3.0,0,1,1,23,1,expected
2018-11-27 03:19:54.471221,172,52.94.235.50,443,3.0,0,1,1,23,1,expected
2018-11-27 03:19:54.492189,172,52.94.235.50,443,3.0,0,1,1,23,1,expected
2018-11-27 03:19:54.506786,172,52.94.235.50,443,3.0,0,1,1,23,1,expected
2018-11-27 03:19:54.534441,172,52.94.235.50,443,3.0,0,1,1,23,1,expected
2018-11-27 03:19:54.554798,172,52.94.235.50,443,3.0,0,1,1,23,1,expected
2018-11-27 03:19:54.569090,172,52.94.235.50,443,3.0,0,1,1,23,1,expected
2018-11-27 03:19:54.582558,172,52.94.235.50,443,3.0,0,1,1,23,1,expected
2018-11-27 03:19:54.617829,172,52.94.235.50,443,3.0,0,1,1,23,1,expected
2018-11-27 03:19:54.631752,172,52.94.235.50,443,3.0,0,1,1,23,1,expected
2018-11-27 03:19:54.648112,172,52.94.235.50,443,3.0,0,1,1,23,1,expected
2018-11-27 03:19:54.667121,172,52.94.235.50,443,3.0,0,1,1,23,1,expected
2018-11-27 03:19:54.694710,172,52.94.235.50,443,3.0,0,1,1,23,1,expected
2018-11-27 03:19:54.716251,172,52.94.235.50,443,3.0,0,1,1,23,1,expected
2018-11-27 03:19:54.730384,172,52.94.235.50,443,3.0,0,1,1,23,1,expected
2018-11-27 03:19:54.744401,172,52.94.235.50,443,3.0,0,1,1,23,1,expected
2018-11-27 03:19:54.779241,172,52.94.235.50,443,3.0,0,1,1,23,1,expected
2018-11-27 03:19:54.792595,172,52.94.235.50,443,3.0,0,1,1,23,1,expected
2018-11-27 03:19:54.806675,172,52.94.235.50,443,3.0,0,1,1,23,1,expected
2018-11-27 03:19:54.832897,172,52.94.235.50,443,3.0,0,1,1,23,1,expected
2018-11-27 03:19:54.856124,172,52.94.235.50,443,3.0,0,1,1,23,1,expected
2018-11-27 03:19:54.869602,172,52.94.235.50,443,3.0,0,1,1,23,1,expected
2018-11-27 03:19:54.890665,172,52.94.235.50,443,3.0,0,1,1,23,1,expected
2018-11-27 03:19:54.905121,172,52.94.235.50,443,3.0,0,1,1,23,1,expected
2018-11-27 03:19:54.939779,172,52.94.235.50,443,3.0,0,1,1,23,1,expected
2018-11-27 03:19:54.953588,172,52.94.235.50,443,3.0,0,1,1,23,1,expected
2018-11-27 03:19:54.968163,172,52.94.235.50,443,3.0,0,1,1,23,1,expected
2018-11-27 03:19:54.982169,172,52.94.235.50,443,3.0,0,1,1,23,1,expected
2018-11-27 03:19:55.018572,172,52.94.235.50,443,3.0,0,1,1,23,1,expected
2018-11-27 03:19:55.031067,172,52.94.235.50,443,3.0,0,1,1,23,1,expected
2018-11-27 03:19:55.051789,172,52.94.235.50,443,3.0,0,1,1,23,1,expected
2018-11-27 03:19:55.066134,172,52.94.235.50,443,3.0,0,1,1,23,1,expected
2018-11-27 03:19:55.094115,172,52.94.235.50,443,3.0,0,1,1,23,1,expected
2018-11-27 03:19:55.114700,172,52.94.235.50,443,3.0,0,1,1,23,1,expected
2018-11-27 03:19:55.128822,172,52.94.235.50,443,3.0,0,1,1,23,1,expected
2018-11-27 03:19:55.143017,172,52.94.235.50,443,3.0,0,1,1,23,1,expected
2018-11-27 03:19:55.177664,172,52.94.235.50,443,3.0,0,1,1,23,1,expected
2018-11-27 03:19:55.191781,172,52.94.235.50,443,3.0,0,1,1,23,1,expected
2018-11-27 03:19:55.206380,172,52.94.235.50,443,3.0,0,1,1,23,1,expected
2018-11-27 03:19:55.236223,172,52.94.235.50,443,3.0,0,1,1,23,1,expected
2018-11-27 03:19:55.254136,172,52.94.235.50,443,3.0,0,1,1,23,1,expected
2018-11-27 03:19:55.275498,172,52.94.235.50,443,3.0,0,1,1,23,1,expected
2018-11-27 03:19:55.288913,172,52.94.235.50,443,3.0,0,1,1,23,1,expected
2018-11-27 03:19:55.302432,172,52.94.235.50,443,3.0,0,1,1,23,1,expected
2018-11-27 03:19:55.337132,172,52.94.235.50,443,3.0,0,1,1,23,1,expected
2018-11-27 03:19:55.350837,172,52.94.235.50,443,3.0,0,1,1,23,1,expected
2018-11-27 03:19:55.371918,172,52.94.235.50,443,3.0,0,1,1,23,1,expected
2018-11-27 03:19:55.387103,172,52.94.235.50,443,3.0,0,1,1,23,1,expected
2018-11-27 03:19:55.413753,172,52.94.235.50,443,3.0,0,1,1,23,1,expected
2018-11-27 03:19:55.434875,172,52.94.235.50,443,3.0,0,1,1,23,1,expected
2018-11-27 03:19:55.449114,172,52.94.235.50,443,3.0,0,1,1,23,1,expected
2018-11-27 03:19:55.466614,172,52.94.235.50,443,3.0,0,1,1,23,1,expected
2018-11-27 03:19:55.498151,172,52.94.235.50,443,3.0,0,1,1,23,1,expected
2018-11-27 03:19:55.512552,172,52.94.235.50,443,3.0,0,1,1,23,1,expected
2018-11-27 03:19:55.525959,172,52.94.235.50,443,3.0,0,1,1,23,1,expected
2018-11-27 03:19:55.547150,172,52.94.235.50,443,3.0,0,1,1,23,1,expected
2018-11-27 03:19:55.575193,172,52.94.235.50,443,3.0,0,1,1,23,1,expected
2018-11-27 03:19:55.595812,172,52.94.235.50,443,3.0,0,1,1,23,1,expected
2018-11-27 03:19:55.610128,172,52.94.235.50,443,3.0,0,1,1,23,1,expected
2018-11-27 03:19:55.642876,172,52.94.235.50,443,3.0,0,1,1,23,1,expected
2018-11-27 03:19:55.658812,172,52.94.235.50,443,3.0,0,1,1,23,1,expected
2018-11-27 03:19:55.672820,172,52.94.235.50,443,3.0,0,1,1,23,1,expected
2018-11-27 03:19:55.686981,172,52.94.235.50,443,3.0,0,1,1,23,1,expected
2018-11-27 03:19:55.707910,172,52.94.235.50,443,3.0,0,1,1,23,1,expected
2018-11-27 03:19:55.737739,172,52.94.235.50,443,3.0,0,1,1,23,1,expected
2018-11-27 03:19:55.740248,136,52.94.235.50,443,3.0,0,1,1,23,1,expected
2018-11-27 03:19:55.740426,92,52.94.235.50,443,3.0,0,1,1,23,1,expected
2018-11-27 03:19:55.754362,74,52.94.232.195,443,1.0,-436920852,0,1,,1,retransmit
2018-11-27 03:19:55.784489,54,52.94.235.50,443,1.0,2838,1,1,,1,ack
2018-11-27 03:19:55.795996,54,52.94.232.195,443,1.0,41,1,1,,1,ack
2018-11-27 03:19:55.798494,312,52.94.232.195,443,3.0,0,1,1,22,1,handshake
2018-11-27 03:19:55.841785,54,52.94.232.195,443,1.0,45,1,1,,1,ack
2018-11-27 03:19:55.843969,105,52.94.232.195,443,3.0,0,1,1,20,1,handshake
2018-11-27 03:19:55.933841,810,52.94.232.195,443,3.0,0,1,1,23,1,expected
2018-11-27 03:19:55.982668,85,52.94.232.195,443,3.0,0,1,1,21,1,handshake
2018-11-27 03:19:55.983105,54,52.94.232.195,443,1.0,141,1,1,,1,ack
2018-11-27 03:19:56.024509,54,52.94.232.195,443,1.0,41,1,1,,1,ack
2018-11-27 03:19:56.072636,54,52.94.235.50,443,1.0,288,1,1,,1,ack
2018-11-27 03:19:56.076771,74,52.94.232.195,443,1.0,-436957856,0,1,,1,retransmit
2018-11-27 03:19:56.118309,54,52.94.232.195,443,1.0,41,1,1,,1,ack
2018-11-27 03:19:56.121387,312,52.94.232.195,443,3.0,0,1,1,22,1,handshake
2018-11-27 03:19:56.154279,54,52.94.235.50,443,1.0,81,1,1,,1,ack
2018-11-27 03:19:56.154381,54,52.94.235.50,443,1.0,0,1,1,,1,ack
2018-11-27 03:19:56.154548,54,52.94.235.50,443,1.0,0,1,1,,1,ack
2018-11-27 03:19:56.156285,54,52.94.235.50,443,1.0,1,1,1,,1,ack
2018-11-27 03:19:56.156493,54,52.94.235.50,443,1.0,0,1,1,,1,ack
2018-11-27 03:19:56.156732,54,52.94.235.50,443,1.0,0,1,1,,1,ack
2018-11-27 03:19:56.156846,54,52.94.235.50,443,1.0,0,1,1,,1,ack
2018-11-27 03:19:56.158209,54,52.94.235.50,443,1.0,1,1,1,,1,ack
2018-11-27 03:19:56.159207,54,52.94.235.50,443,1.0,0,1,1,,1,ack
2018-11-27 03:19:56.160088,54,52.94.235.50,443,1.0,0,1,1,,1,ack
2018-11-27 03:19:56.174741,54,52.94.232.195,443,1.0,56,1,1,,1,ack
2018-11-27 03:19:56.176575,105,52.94.232.195,443,3.0,0,1,1,20,1,handshake
2018-11-27 03:19:56.199090,54,52.94.235.50,443,1.0,39,1,1,,1,ack
2018-11-27 03:19:56.199198,54,52.94.235.50,443,1.0,0,1,1,,1,ack
2018-11-27 03:19:56.199358,54,52.94.235.50,443,1.0,0,1,1,,1,ack
2018-11-27 03:19:56.200135,54,52.94.235.50,443,1.0,0,1,1,,1,ack
2018-11-27 03:19:56.200231,54,52.94.235.50,443,1.0,0,1,1,,1,ack
2018-11-27 03:19:56.203110,54,52.94.235.50,443,1.0,2,1,1,,1,ack
2018-11-27 03:19:56.203448,54,52.94.235.50,443,1.0,0,1,1,,1,ack
2018-11-27 03:19:56.204940,96,52.94.235.50,443,3.0,0,1,1,23,1,expected
2018-11-27 03:19:56.217392,74,52.94.232.195,443,1.0,-436959640,0,1,,1,retransmit
2018-11-27 03:19:56.256552,54,52.94.232.195,443,1.0,39,1,1,,1,ack
2018-11-27 03:19:56.257972,312,52.94.232.195,443,3.0,0,1,1,22,1,handshake
2018-11-27 03:19:56.279160,781,52.94.232.195,443,3.0,0,1,1,23,1,expected
2018-11-27 03:19:56.300353,54,52.94.232.195,443,1.0,43,1,1,,1,ack
2018-11-27 03:19:56.302249,105,52.94.232.195,443,3.0,0,1,1,20,1,handshake
2018-11-27 03:19:56.345099,85,52.94.232.195,443,3.0,0,1,1,21,1,handshake
2018-11-27 03:19:56.345313,54,52.94.232.195,443,1.0,170,1,1,,1,ack
2018-11-27 03:19:56.347008,286,52.94.235.50,443,3.0,0,1,1,23,1,expected
2018-11-27 03:19:56.347447,190,52.94.235.50,443,3.0,0,1,1,23,1,expected
2018-11-27 03:19:56.351353,1514,52.94.235.50,443,1.0,147,1,1,,1,not_relevant
2018-11-27 03:19:56.351394,1514,52.94.235.50,443,1.0,0,1,1,,1,not_relevant
2018-11-27 03:19:56.351426,402,52.94.235.50,443,3.0,0,1,1,23,1,expected
2018-11-27 03:19:56.351482,136,52.94.235.50,443,3.0,0,1,1,23,1,expected
2018-11-27 03:19:56.351723,92,52.94.235.50,443,3.0,0,1,1,23,1,expected
2018-11-27 03:19:56.394343,54,52.94.232.195,443,1.0,49,1,1,,1,ack
2018-11-27 03:19:56.406353,786,52.94.232.195,443,3.0,0,1,1,23,1,expected
2018-11-27 03:19:56.453972,85,52.94.232.195,443,3.0,0,1,1,21,1,handshake
2018-11-27 03:19:56.454294,54,52.94.232.195,443,1.0,153,1,1,,1,ack
2018-11-27 03:19:56.497095,54,52.94.232.195,443,1.0,42,1,1,,1,ack
2018-11-27 03:19:56.512028,54,52.94.235.50,443,1.0,160,1,1,,1,ack
2018-11-27 03:19:56.520262,286,52.94.235.50,443,3.0,0,1,1,23,1,expected
2018-11-27 03:19:56.520833,190,52.94.235.50,443,3.0,0,1,1,23,1,expected
2018-11-27 03:19:56.522415,1514,52.94.235.50,443,1.0,10,1,1,,1,not_relevant
2018-11-27 03:19:56.522486,1514,52.94.235.50,443,1.0,0,1,1,,1,not_relevant
2018-11-27 03:19:56.522561,407,52.94.235.50,443,3.0,0,1,1,23,1,expected
2018-11-27 03:19:56.522643,136,52.94.235.50,443,3.0,0,1,1,23,1,expected
2018-11-27 03:19:56.522883,92,52.94.235.50,443,3.0,0,1,1,23,1,expected
2018-11-27 03:19:56.569475,74,52.94.232.195,443,1.0,-436959754,0,1,,1,retransmit
2018-11-27 03:19:56.594576,54,52.94.235.50,443,1.0,72,1,1,,1,ack
2018-11-27 03:19:56.610935,54,52.94.232.195,443,1.0,41,1,1,,1,ack
2018-11-27 03:19:56.612453,312,52.94.232.195,443,3.0,0,1,1,22,1,handshake
2018-11-27 03:19:56.636603,287,52.94.235.50,443,3.0,0,1,1,23,1,expected
2018-11-27 03:19:56.638112,190,52.94.235.50,443,3.0,0,1,1,23,1,expected
2018-11-27 03:19:56.638229,54,52.94.235.50,443,1.0,43,1,1,,1,ack
2018-11-27 03:19:56.638321,54,52.94.235.50,443,1.0,0,1,1,,1,ack
2018-11-27 03:19:56.642817,1514,52.94.235.50,443,1.0,4,1,1,,1,not_relevant
2018-11-27 03:19:56.642915,1514,52.94.235.50,443,1.0,0,1,1,,1,not_relevant
2018-11-27 03:19:56.643084,403,52.94.235.50,443,3.0,0,1,1,23,1,expected
2018-11-27 03:19:56.643584,136,52.94.235.50,443,3.0,0,1,1,23,1,expected
2018-11-27 03:19:56.649145,92,52.94.235.50,443,3.0,0,1,1,23,1,expected
2018-11-27 03:19:56.662631,54,52.94.232.195,443,1.0,51,1,1,,1,ack
2018-11-27 03:19:56.663038,105,52.94.232.195,443,3.0,0,1,1,20,1,handshake
2018-11-27 03:19:56.688098,54,52.94.235.50,443,1.0,45,1,1,,1,ack
2018-11-27 03:19:56.755486,797,52.94.232.195,443,3.0,0,1,1,23,1,expected
2018-11-27 03:19:56.784414,54,52.94.235.50,443,1.0,96,1,1,,1,ack
2018-11-27 03:19:56.800822,85,52.94.232.195,443,3.0,0,1,1,21,1,handshake
2018-11-27 03:19:56.801013,54,52.94.232.195,443,1.0,138,1,1,,1,ack
2018-11-27 03:19:56.844569,54,52.94.232.195,443,1.0,43,1,1,,1,ack
2018-11-27 03:20:00.281457,288,52.94.235.50,443,3.0,0,1,1,23,1,expected
2018-11-27 03:20:00.282149,190,52.94.235.50,443,3.0,0,1,1,23,1,expected
2018-11-27 03:20:00.284615,1514,52.94.235.50,443,1.0,3500,1,1,,1,not_relevant
2018-11-27 03:20:00.284741,1514,52.94.235.50,443,1.0,0,1,1,,1,not_relevant
2018-11-27 03:20:00.285983,408,52.94.235.50,443,3.0,0,1,1,23,1,expected
2018-11-27 03:20:00.293962,136,52.94.235.50,443,3.0,0,1,1,23,1,expected
2018-11-27 03:20:00.294145,92,52.94.235.50,443,3.0,0,1,1,23,1,expected
2018-11-27 03:20:00.328347,287,52.94.235.50,443,3.0,0,1,1,23,1,expected
2018-11-27 03:20:00.335714,1514,52.94.235.50,443,3.0,0,1,1,23,1,expected
2018-11-27 03:20:00.337205,1514,52.94.235.50,443,1.0,52,1,1,,1,not_relevant
2018-11-27 03:20:00.341075,1514,52.94.235.50,443,1.0,3,1,1,,1,not_relevant
2018-11-27 03:20:00.341437,663,52.94.235.50,443,3.0,0,1,1,23,1,expected
2018-11-27 03:20:00.432506,54,52.94.235.50,443,1.0,91,1,1,,1,ack
2018-11-27 03:20:00.543065,54,52.94.235.50,443,1.0,110,1,1,,1,ack
2018-11-27 03:20:00.787345,288,52.94.235.50,443,3.0,0,1,1,23,1,expected
2018-11-27 03:20:00.787758,1514,52.94.235.50,443,3.0,0,1,1,23,1,expected
2018-11-27 03:20:00.787811,1514,52.94.235.50,443,1.0,244,1,1,,1,not_relevant
2018-11-27 03:20:00.787827,1514,52.94.235.50,443,1.0,0,1,1,,1,not_relevant
2018-11-27 03:20:00.787860,658,52.94.235.50,443,3.0,0,1,1,23,1,expected
2018-11-27 03:20:00.874337,54,52.94.235.50,443,1.0,86,1,1,,1,ack
2018-11-27 03:20:00.952664,54,52.94.235.50,443,1.0,78,1,1,,1,ack
2018-11-27 03:20:00.952862,54,52.94.235.50,443,1.0,0,1,1,,1,ack
2018-11-27 03:20:05.589064,286,52.94.235.50,443,3.0,0,1,1,23,1,expected
2018-11-27 03:20:05.589291,190,52.94.235.50,443,3.0,0,1,1,23,1,expected
2018-11-27 03:20:05.594934,1514,52.94.235.50,443,1.0,4642,1,1,,1,not_relevant
2018-11-27 03:20:05.596502,1514,52.94.235.50,443,1.0,1,1,1,,1,not_relevant
2018-11-27 03:20:05.596538,970,52.94.235.50,443,3.0,0,1,1,23,1,expected
2018-11-27 03:20:06.009772,54,52.94.235.50,443,1.0,413,1,1,,1,ack
2018-11-27 03:20:06.009941,54,52.94.235.50,443,1.0,0,1,1,,1,ack
2018-11-27 03:20:11.743094,54,52.94.235.50,443,1.0,5733,1,1,,1,ack
2018-11-27 03:20:11.743313,100,52.94.235.50,443,3.0,0,1,1,23,1,syn
2018-11-27 03:20:31.383182,641,52.94.235.50,443,3.0,0,1,1,23,1,expected
2018-11-27 03:20:31.384176,190,52.94.235.50,443,3.0,0,1,1,23,1,expected
2018-11-27 03:20:31.385814,1514,52.94.235.50,443,1.0,19642,1,1,,1,not_relevant
2018-11-27 03:20:31.385859,1514,52.94.235.50,443,1.0,0,1,1,,1,not_relevant
2018-11-27 03:20:31.386851,781,52.94.235.50,443,3.0,0,1,1,23,1,expected
2018-11-27 03:20:31.388199,180,52.94.235.50,443,3.0,0,1,1,23,1,expected
2018-11-27 03:20:31.390157,136,52.94.235.50,443,3.0,0,1,1,23,1,expected
2018-11-27 03:20:31.433903,1514,52.94.235.50,443,3.0,0,1,1,23,1,expected
2018-11-27 03:20:31.434807,1514,52.94.235.50,443,1.0,48,1,1,,1,not_relevant
2018-11-27 03:20:31.434850,1514,52.94.235.50,443,1.0,0,1,1,,1,not_relevant
2018-11-27 03:20:31.434883,1161,52.94.235.50,443,3.0,0,1,1,23,1,expected
2018-11-27 03:20:31.449372,74,54.239.26.255,443,1.0,-436925093,0,1,,1,retransmit
2018-11-27 03:20:31.487851,1514,52.94.235.50,443,1.0,53,1,1,,1,not_relevant
2018-11-27 03:20:31.487920,1514,52.94.235.50,443,1.0,0,1,1,,1,not_relevant
2018-11-27 03:20:31.487956,1514,52.94.235.50,443,1.0,0,1,1,,1,not_relevant
2018-11-27 03:20:31.487994,92,52.94.235.50,443,3.0,0,1,1,23,1,expected
2018-11-27 03:20:31.497052,54,54.239.26.255,443,1.0,47,1,1,,1,ack
2018-11-27 03:20:31.499402,172,52.94.235.50,443,3.0,0,1,1,23,1,expected
2018-11-27 03:20:31.499891,312,54.239.26.255,443,3.0,0,1,1,22,1,handshake
2018-11-27 03:20:31.526589,172,52.94.235.50,443,3.0,0,1,1,23,1,expected
2018-11-27 03:20:31.547390,172,52.94.235.50,443,3.0,0,1,1,23,1,expected
2018-11-27 03:20:31.550842,54,54.239.26.255,443,1.0,53,1,1,,1,ack
2018-11-27 03:20:31.552782,105,54.239.26.255,443,3.0,0,1,1,20,1,handshake
2018-11-27 03:20:31.561710,172,52.94.235.50,443,3.0,0,1,1,23,1,expected
2018-11-27 03:20:31.577196,172,52.94.235.50,443,3.0,0,1,1,23,1,expected
2018-11-27 03:20:31.609721,172,52.94.235.50,443,3.0,0,1,1,23,1,expected
2018-11-27 03:20:31.623980,172,52.94.235.50,443,3.0,0,1,1,23,1,expected
2018-11-27 03:20:31.629091,54,52.94.235.50,443,1.0,141,1,1,,1,ack
2018-11-27 03:20:31.638108,766,54.239.26.255,443,3.0,0,1,1,23,1,expected
2018-11-27 03:20:31.638379,172,52.94.235.50,443,3.0,0,1,1,23,1,expected
2018-11-27 03:20:31.658871,172,52.94.235.50,443,3.0,0,1,1,23,1,expected
2018-11-27 03:20:31.687001,172,52.94.235.50,443,3.0,0,1,1,23,1,expected
2018-11-27 03:20:31.693337,85,54.239.26.255,443,3.0,0,1,1,21,1,handshake
2018-11-27 03:20:31.693524,54,54.239.26.255,443,1.0,142,1,1,,1,ack
2018-11-27 03:20:31.707045,172,52.94.235.50,443,3.0,0,1,1,23,1,expected
2018-11-27 03:20:31.720910,172,52.94.235.50,443,3.0,0,1,1,23,1,expected
2018-11-27 03:20:31.735354,172,52.94.235.50,443,3.0,0,1,1,23,1,expected
2018-11-27 03:20:31.743021,54,54.239.26.255,443,1.0,49,1,1,,1,ack
2018-11-27 03:20:31.769548,172,52.94.235.50,443,3.0,0,1,1,23,1,expected
2018-11-27 03:20:31.783705,172,52.94.235.50,443,3.0,0,1,1,23,1,expected
2018-11-27 03:20:31.799410,172,52.94.235.50,443,3.0,0,1,1,23,1,expected
2018-11-27 03:20:31.820005,172,52.94.235.50,443,3.0,0,1,1,23,1,expected
2018-11-27 03:20:31.847695,172,52.94.235.50,443,3.0,0,1,1,23,1,expected
2018-11-27 03:20:31.868143,172,52.94.235.50,443,3.0,0,1,1,23,1,expected
2018-11-27 03:20:31.881965,172,52.94.235.50,443,3.0,0,1,1,23,1,expected
2018-11-27 03:20:31.896008,172,52.94.235.50,443,3.0,0,1,1,23,1,expected
2018-11-27 03:20:31.924180,288,52.94.235.50,443,3.0,0,1,1,23,1,expected
2018-11-27 03:20:31.924877,190,52.94.235.50,443,3.0,0,1,1,23,1,expected
2018-11-27 03:20:31.927012,1514,52.94.235.50,443,1.0,297,1,1,,1,not_relevant
2018-11-27 03:20:31.927130,1514,52.94.235.50,443,1.0,0,1,1,,1,not_relevant
2018-11-27 03:20:31.927446,406,52.94.235.50,443,3.0,0,1,1,23,1,expected
2018-11-27 03:20:31.927529,136,52.94.235.50,443,3.0,0,1,1,23,1,expected
2018-11-27 03:20:31.940301,210,52.94.235.50,443,3.0,0,1,1,23,1,expected
2018-11-27 03:20:31.944628,172,52.94.235.50,443,3.0,0,1,1,23,1,expected
2018-11-27 03:20:31.968867,172,52.94.235.50,443,3.0,0,1,1,23,1,expected
2018-11-27 03:20:31.980038,172,52.94.235.50,443,3.0,0,1,1,23,1,expected
2018-11-27 03:20:32.008618,172,52.94.235.50,443,3.0,0,1,1,23,1,expected
2018-11-27 03:20:32.042967,172,52.94.235.50,443,3.0,0,1,1,23,1,expected
2018-11-27 03:20:32.043127,172,52.94.235.50,443,3.0,0,1,1,23,1,expected
2018-11-27 03:20:32.056522,172,52.94.235.50,443,3.0,0,1,1,23,1,expected
2018-11-27 03:20:32.091592,172,52.94.235.50,443,3.0,0,1,1,23,1,expected
2018-11-27 03:20:32.107383,172,52.94.235.50,443,3.0,0,1,1,23,1,expected
2018-11-27 03:20:32.119783,172,52.94.235.50,443,3.0,0,1,1,23,1,expected
2018-11-27 03:20:32.133421,172,52.94.235.50,443,3.0,0,1,1,23,1,expected
2018-11-27 03:20:32.168986,172,52.94.235.50,443,3.0,0,1,1,23,1,expected
2018-11-27 03:20:32.182606,172,52.94.235.50,443,3.0,0,1,1,23,1,expected
2018-11-27 03:20:32.203590,172,52.94.235.50,443,3.0,0,1,1,23,1,expected
2018-11-27 03:20:32.217972,172,52.94.235.50,443,3.0,0,1,1,23,1,expected
2018-11-27 03:20:32.245763,172,52.94.235.50,443,3.0,0,1,1,23,1,expected
2018-11-27 03:20:32.266611,172,52.94.235.50,443,3.0,0,1,1,23,1,expected
2018-11-27 03:20:32.280879,172,52.94.235.50,443,3.0,0,1,1,23,1,expected
2018-11-27 03:20:32.294846,172,52.94.235.50,443,3.0,0,1,1,23,1,expected
2018-11-27 03:20:32.329495,172,52.94.235.50,443,3.0,0,1,1,23,1,expected
2018-11-27 03:20:32.343754,172,52.94.235.50,443,3.0,0,1,1,23,1,expected
2018-11-27 03:20:32.357960,172,52.94.235.50,443,3.0,0,1,1,23,1,expected
2018-11-27 03:20:32.378703,172,52.94.235.50,443,3.0,0,1,1,23,1,expected
2018-11-27 03:20:32.405941,172,52.94.235.50,443,3.0,0,1,1,23,1,expected
2018-11-27 03:20:32.426775,172,52.94.235.50,443,3.0,0,1,1,23,1,expected
2018-11-27 03:20:32.440775,172,52.94.235.50,443,3.0,0,1,1,23,1,expected
2018-11-27 03:20:32.455030,172,52.94.235.50,443,3.0,0,1,1,23,1,expected
2018-11-27 03:20:32.489397,172,52.94.235.50,443,3.0,0,1,1,23,1,expected
2018-11-27 03:20:32.502930,172,52.94.235.50,443,3.0,0,1,1,23,1,expected
2018-11-27 03:20:32.523938,172,52.94.235.50,443,3.0,0,1,1,23,1,expected
2018-11-27 03:20:32.537695,172,52.94.235.50,443,3.0,0,1,1,23,1,expected
2018-11-27 03:20:32.566743,172,52.94.235.50,443,3.0,0,1,1,23,1,expected
2018-11-27 03:20:32.586907,172,52.94.235.50,443,3.0,0,1,1,23,1,expected
2018-11-27 03:20:32.600645,172,52.94.235.50,443,3.0,0,1,1,23,1,expected
2018-11-27 03:20:32.614629,172,52.94.235.50,443,3.0,0,1,1,23,1,expected
2018-11-27 03:20:32.654813,172,52.94.235.50,443,3.0,0,1,1,23,1,expected
2018-11-27 03:20:32.667493,172,52.94.235.50,443,3.0,0,1,1,23,1,expected
2018-11-27 03:20:32.678005,172,52.94.235.50,443,3.0,0,1,1,23,1,expected
2018-11-27 03:20:32.699492,172,52.94.235.50,443,3.0,0,1,1,23,1,expected
2018-11-27 03:20:32.743082,172,52.94.235.50,443,3.0,0,1,1,23,1,expected
2018-11-27 03:20:32.747947,172,52.94.235.50,443,3.0,0,1,1,23,1,expected
2018-11-27 03:20:32.761722,172,52.94.235.50,443,3.0,0,1,1,23,1,expected
2018-11-27 03:20:32.775737,172,52.94.235.50,443,3.0,0,1,1,23,1,expected
2018-11-27 03:20:32.809146,172,52.94.235.50,443,3.0,0,1,1,23,1,expected
2018-11-27 03:20:32.823609,172,52.94.235.50,443,3.0,0,1,1,23,1,expected
2018-11-27 03:20:32.844152,172,52.94.235.50,443,3.0,0,1,1,23,1,expected
2018-11-27 03:20:32.858192,172,52.94.235.50,443,3.0,0,1,1,23,1,expected
2018-11-27 03:20:32.891618,172,52.94.235.50,443,3.0,0,1,1,23,1,expected
2018-11-27 03:20:32.909272,172,52.94.235.50,443,3.0,0,1,1,23,1,expected
2018-11-27 03:20:32.920994,172,52.94.235.50,443,3.0,0,1,1,23,1,expected
2018-11-27 03:20:32.935259,172,52.94.235.50,443,3.0,0,1,1,23,1,expected
2018-11-27 03:20:32.970275,172,52.94.235.50,443,3.0,0,1,1,23,1,expected
2018-11-27 03:20:32.984032,172,52.94.235.50,443,3.0,0,1,1,23,1,expected
2018-11-27 03:20:32.998304,172,52.94.235.50,443,3.0,0,1,1,23,1,expected
2018-11-27 03:20:33.019118,172,52.94.235.50,443,3.0,0,1,1,23,1,expected
2018-11-27 03:20:33.046759,172,52.94.235.50,443,3.0,0,1,1,23,1,expected
2018-11-27 03:20:33.067921,172,52.94.235.50,443,3.0,0,1,1,23,1,expected
2018-11-27 03:20:33.081675,172,52.94.235.50,443,3.0,0,1,1,23,1,expected
2018-11-27 03:20:33.095700,172,52.94.235.50,443,3.0,0,1,1,23,1,expected
2018-11-27 03:20:33.130831,172,52.94.235.50,443,3.0,0,1,1,23,1,expected
2018-11-27 03:20:33.144683,172,52.94.235.50,443,3.0,0,1,1,23,1,expected
2018-11-27 03:20:33.158785,172,52.94.235.50,443,3.0,0,1,1,23,1,expected
2018-11-27 03:20:33.181912,172,52.94.235.50,443,3.0,0,1,1,23,1,expected
2018-11-27 03:20:33.207711,172,52.94.235.50,443,3.0,0,1,1,23,1,expected
2018-11-27 03:20:33.221886,172,52.94.235.50,443,3.0,0,1,1,23,1,expected
2018-11-27 03:20:33.242831,172,52.94.235.50,443,3.0,0,1,1,23,1,expected
2018-11-27 03:20:33.256685,172,52.94.235.50,443,3.0,0,1,1,23,1,expected
2018-11-27 03:20:33.291745,172,52.94.235.50,443,3.0,0,1,1,23,1,expected
2018-11-27 03:20:33.305974,172,52.94.235.50,443,3.0,0,1,1,23,1,expected
2018-11-27 03:20:33.320187,172,52.94.235.50,443,3.0,0,1,1,23,1,expected
2018-11-27 03:20:33.335305,172,52.94.235.50,443,3.0,0,1,1,23,1,expected
2018-11-27 03:20:33.369140,172,52.94.235.50,443,3.0,0,1,1,23,1,expected
2018-11-27 03:20:33.382689,172,52.94.235.50,443,3.0,0,1,1,23,1,expected
2018-11-27 03:20:33.403656,172,52.94.235.50,443,3.0,0,1,1,23,1,expected
2018-11-27 03:20:33.443511,172,52.94.235.50,443,3.0,0,1,1,23,1,expected
2018-11-27 03:20:33.445787,172,52.94.235.50,443,3.0,0,1,1,23,1,expected
2018-11-27 03:20:33.466944,172,52.94.235.50,443,3.0,0,1,1,23,1,expected
2018-11-27 03:20:33.482239,172,52.94.235.50,443,3.0,0,1,1,23,1,expected
2018-11-27 03:20:33.495099,172,52.94.235.50,443,3.0,0,1,1,23,1,expected
2018-11-27 03:20:33.529638,172,52.94.235.50,443,3.0,0,1,1,23,1,expected
2018-11-27 03:20:33.543813,172,52.94.235.50,443,3.0,0,1,1,23,1,expected
2018-11-27 03:20:33.558018,172,52.94.235.50,443,3.0,0,1,1,23,1,expected
2018-11-27 03:20:33.577968,172,52.94.235.50,443,3.0,0,1,1,23,1,expected
2018-11-27 03:20:33.606543,172,52.94.235.50,443,3.0,0,1,1,23,1,expected
2018-11-27 03:20:33.626768,172,52.94.235.50,443,3.0,0,1,1,23,1,expected
2018-11-27 03:20:33.640711,172,52.94.235.50,443,3.0,0,1,1,23,1,expected
2018-11-27 03:20:33.658811,172,52.94.235.50,443,3.0,0,1,1,23,1,expected
2018-11-27 03:20:33.689668,172,52.94.235.50,443,3.0,0,1,1,23,1,expected
2018-11-27 03:20:33.703736,172,52.94.235.50,443,3.0,0,1,1,23,1,expected
2018-11-27 03:20:33.718364,172,52.94.235.50,443,3.0,0,1,1,23,1,expected
2018-11-27 03:20:33.738746,172,52.94.235.50,443,3.0,0,1,1,23,1,expected
2018-11-27 03:20:33.766987,172,52.94.235.50,443,3.0,0,1,1,23,1,expected
2018-11-27 03:20:33.787244,172,52.94.235.50,443,3.0,0,1,1,23,1,expected
2018-11-27 03:20:33.800829,172,52.94.235.50,443,3.0,0,1,1,23,1,expected
2018-11-27 03:20:33.814835,172,52.94.235.50,443,3.0,0,1,1,23,1,expected
2018-11-27 03:20:33.850376,172,52.94.235.50,443,3.0,0,1,1,23,1,expected
2018-11-27 03:20:33.868088,136,52.94.235.50,443,3.0,0,1,1,23,1,expected
2018-11-27 03:20:33.868269,92,52.94.235.50,443,3.0,0,1,1,23,1,expected
2018-11-27 03:20:33.885238,74,54.239.26.255,443,1.0,-436971807,0,1,,1,retransmit
2018-11-27 03:20:33.904129,54,52.94.235.50,443,1.0,1976,1,1,,1,ack
2018-11-27 03:20:33.922717,54,54.239.26.255,443,1.0,37,1,1,,1,ack
2018-11-27 03:20:33.926702,312,54.239.26.255,443,3.0,0,1,1,22,1,handshake
2018-11-27 03:20:33.979815,54,54.239.26.255,443,1.0,57,1,1,,1,ack
2018-11-27 03:20:33.980122,105,54.239.26.255,443,3.0,0,1,1,20,1,handshake
2018-11-27 03:20:34.066324,809,54.239.26.255,443,3.0,0,1,1,23,1,expected
2018-11-27 03:20:34.144906,85,54.239.26.255,443,3.0,0,1,1,21,1,handshake
2018-11-27 03:20:34.145060,54,54.239.26.255,443,1.0,165,1,1,,1,ack
2018-11-27 03:20:34.193108,54,54.239.26.255,443,1.0,48,1,1,,1,ack
2018-11-27 03:20:34.208079,54,52.94.235.50,443,1.0,303,1,1,,1,ack
2018-11-27 03:20:34.215976,74,54.239.26.255,443,1.0,-436973481,0,1,,1,retransmit
2018-11-27 03:20:34.262255,54,54.239.26.255,443,1.0,46,1,1,,1,ack
2018-11-27 03:20:34.264374,312,54.239.26.255,443,3.0,0,1,1,22,1,handshake
2018-11-27 03:20:34.288394,54,52.94.235.50,443,1.0,80,1,1,,1,ack
2018-11-27 03:20:34.288598,54,52.94.235.50,443,1.0,0,1,1,,1,ack
2018-11-27 03:20:34.288678,54,52.94.235.50,443,1.0,0,1,1,,1,ack
2018-11-27 03:20:34.289531,54,52.94.235.50,443,1.0,0,1,1,,1,ack
2018-11-27 03:20:34.289646,54,52.94.235.50,443,1.0,0,1,1,,1,ack
2018-11-27 03:20:34.290489,54,52.94.235.50,443,1.0,0,1,1,,1,ack
2018-11-27 03:20:34.290681,54,52.94.235.50,443,1.0,0,1,1,,1,ack
2018-11-27 03:20:34.291620,54,52.94.235.50,443,1.0,0,1,1,,1,ack
2018-11-27 03:20:34.291791,54,52.94.235.50,443,1.0,0,1,1,,1,ack
2018-11-27 03:20:34.293387,54,52.94.235.50,443,1.0,1,1,1,,1,ack
2018-11-27 03:20:34.313366,54,54.239.26.255,443,1.0,51,1,1,,1,ack
2018-11-27 03:20:34.316031,105,54.239.26.255,443,3.0,0,1,1,20,1,handshake
2018-11-27 03:20:34.334861,54,52.94.235.50,443,1.0,41,1,1,,1,ack
2018-11-27 03:20:34.335513,54,52.94.235.50,443,1.0,0,1,1,,1,ack
2018-11-27 03:20:34.335677,54,52.94.235.50,443,1.0,0,1,1,,1,ack
2018-11-27 03:20:34.336755,54,52.94.235.50,443,1.0,1,1,1,,1,ack
2018-11-27 03:20:34.336956,54,52.94.235.50,443,1.0,0,1,1,,1,ack
2018-11-27 03:20:34.338033,54,52.94.235.50,443,1.0,1,1,1,,1,ack
2018-11-27 03:20:34.338802,54,52.94.235.50,443,1.0,0,1,1,,1,ack
2018-11-27 03:20:34.341843,96,52.94.235.50,443,3.0,0,1,1,23,1,expected
2018-11-27 03:20:34.346831,74,54.239.26.255,443,1.0,-436973714,0,1,,1,retransmit
2018-11-27 03:20:34.390667,54,54.239.26.255,443,1.0,43,1,1,,1,ack
2018-11-27 03:20:34.392163,312,54.239.26.255,443,3.0,0,1,1,22,1,handshake
2018-11-27 03:20:34.417496,782,54.239.26.255,443,3.0,0,1,1,23,1,expected
2018-11-27 03:20:34.438127,54,54.239.26.255,443,1.0,47,1,1,,1,ack
2018-11-27 03:20:34.438242,105,54.239.26.255,443,3.0,0,1,1,20,1,handshake
2018-11-27 03:20:34.466880,287,52.94.235.50,443,3.0,0,1,1,23,1,expected
2018-11-27 03:20:34.473652,190,52.94.235.50,443,3.0,0,1,1,23,1,expected
2018-11-27 03:20:34.473837,85,54.239.26.255,443,3.0,0,1,1,21,1,handshake
2018-11-27 03:20:34.473913,54,54.239.26.255,443,1.0,160,1,1,,1,ack
2018-11-27 03:20:34.475989,1514,52.94.235.50,443,1.0,137,1,1,,1,not_relevant
2018-11-27 03:20:34.476007,1514,52.94.235.50,443,1.0,0,1,1,,1,not_relevant
2018-11-27 03:20:34.476040,402,52.94.235.50,443,3.0,0,1,1,23,1,expected
2018-11-27 03:20:34.486764,136,52.94.235.50,443,3.0,0,1,1,23,1,expected
2018-11-27 03:20:34.487048,92,52.94.235.50,443,3.0,0,1,1,23,1,expected
2018-11-27 03:20:34.523380,54,54.239.26.255,443,1.0,49,1,1,,1,ack
2018-11-27 03:20:34.531948,788,54.239.26.255,443,3.0,0,1,1,23,1,expected
2018-11-27 03:20:34.587084,85,54.239.26.255,443,3.0,0,1,1,21,1,handshake
2018-11-27 03:20:34.587292,54,54.239.26.255,443,1.0,149,1,1,,1,ack
2018-11-27 03:20:34.608702,287,52.94.235.50,443,3.0,0,1,1,23,1,expected
2018-11-27 03:20:34.609298,190,52.94.235.50,443,3.0,0,1,1,23,1,expected
2018-11-27 03:20:34.610672,1514,52.94.235.50,443,1.0,134,1,1,,1,not_relevant
2018-11-27 03:20:34.612120,1514,52.94.235.50,443,1.0,1,1,1,,1,not_relevant
2018-11-27 03:20:34.612146,407,52.94.235.50,443,3.0,0,1,1,23,1,expected
2018-11-27 03:20:34.612161,136,52.94.235.50,443,3.0,0,1,1,23,1,expected
2018-11-27 03:20:34.612413,92,52.94.235.50,443,3.0,0,1,1,23,1,expected
2018-11-27 03:20:34.628621,54,54.239.26.255,443,1.0,41,1,1,,1,ack
2018-11-27 03:20:34.636375,54,52.94.235.50,443,1.0,24,1,1,,1,ack
2018-11-27 03:20:34.666770,287,52.94.235.50,443,3.0,0,1,1,23,1,expected
2018-11-27 03:20:34.667551,1514,52.94.235.50,443,3.0,0,1,1,23,1,expected
2018-11-27 03:20:34.667666,1514,52.94.235.50,443,1.0,31,1,1,,1,not_relevant
2018-11-27 03:20:34.667743,1514,52.94.235.50,443,1.0,0,1,1,,1,not_relevant
2018-11-27 03:20:34.668928,659,52.94.235.50,443,3.0,0,1,1,23,1,expected
2018-11-27 03:20:34.750258,74,54.239.26.255,443,1.0,-436973525,0,1,,1,retransmit
2018-11-27 03:20:34.764209,54,52.94.235.50,443,1.0,96,1,1,,1,ack
2018-11-27 03:20:34.797112,54,52.94.235.50,443,1.0,32,1,1,,1,ack
2018-11-27 03:20:34.797331,54,54.239.26.255,443,1.0,47,1,1,,1,ack
2018-11-27 03:20:34.798298,312,54.239.26.255,443,3.0,0,1,1,22,1,handshake
2018-11-27 03:20:34.806364,54,52.94.235.50,443,1.0,9,1,1,,1,ack
2018-11-27 03:20:34.854827,54,54.239.26.255,443,1.0,57,1,1,,1,ack
2018-11-27 03:20:34.855251,105,54.239.26.255,443,3.0,0,1,1,20,1,handshake
2018-11-27 03:20:34.947703,797,54.239.26.255,443,3.0,0,1,1,23,1,expected
2018-11-27 03:20:34.999939,85,54.239.26.255,443,3.0,0,1,1,21,1,handshake
2018-11-27 03:20:35.000107,54,54.239.26.255,443,1.0,145,1,1,,1,ack
2018-11-27 03:20:35.050767,54,54.239.26.255,443,1.0,50,1,1,,1,ack
2018-11-27 03:20:38.309868,287,52.94.235.50,443,3.0,0,1,1,23,1,expected
2018-11-27 03:20:38.310312,1514,52.94.235.50,443,3.0,0,1,1,23,1,expected
2018-11-27 03:20:38.310342,1514,52.94.235.50,443,1.0,3503,1,1,,1,not_relevant
2018-11-27 03:20:38.310358,1514,52.94.235.50,443,1.0,0,1,1,,1,not_relevant
2018-11-27 03:20:38.310373,664,52.94.235.50,443,3.0,0,1,1,23,1,expected
2018-11-27 03:20:38.341096,286,52.94.235.50,443,3.0,0,1,1,23,1,expected
2018-11-27 03:20:38.342057,190,52.94.235.50,443,3.0,0,1,1,23,1,expected
2018-11-27 03:20:38.345223,1514,52.94.235.50,443,1.0,34,1,1,,1,not_relevant
2018-11-27 03:20:38.363579,1514,52.94.235.50,443,1.0,18,1,1,,1,not_relevant
2018-11-27 03:20:38.363970,527,52.94.235.50,443,3.0,0,1,1,23,1,expected
2018-11-27 03:20:38.475949,54,52.94.235.50,443,1.0,112,1,1,,1,ack
2018-11-27 03:20:38.541031,54,52.94.235.50,443,1.0,65,1,1,,1,ack
2018-11-27 03:20:38.818837,287,52.94.235.50,443,3.0,0,1,1,23,1,expected
2018-11-27 03:20:38.819015,190,52.94.235.50,443,3.0,0,1,1,23,1,expected
2018-11-27 03:20:38.823796,1514,52.94.235.50,443,1.0,282,1,1,,1,not_relevant
2018-11-27 03:20:38.823825,1514,52.94.235.50,443,1.0,0,1,1,,1,not_relevant
2018-11-27 03:20:38.823845,402,52.94.235.50,443,3.0,0,1,1,23,1,expected
2018-11-27 03:20:38.823860,136,52.94.235.50,443,3.0,0,1,1,23,1,expected
2018-11-27 03:20:38.823945,92,52.94.235.50,443,3.0,0,1,1,23,1,expected
2018-11-27 03:20:38.904023,54,52.94.235.50,443,1.0,80,1,1,,1,ack
2018-11-27 03:20:39.002773,54,52.94.235.50,443,1.0,98,1,1,,1,ack
2018-11-27 03:20:39.002939,54,52.94.235.50,443,1.0,0,1,1,,1,ack
2018-11-27 03:20:41.714254,54,52.94.235.50,443,1.0,2711,1,1,,1,ack
2018-11-27 03:20:41.715206,100,52.94.235.50,443,3.0,0,1,1,23,1,syn
2018-11-27 03:21:11.708188,100,52.94.235.50,443,3.0,0,1,1,23,1,syn
2018-11-27 03:21:15.853025,287,52.94.235.50,443,3.0,0,1,1,23,1,expected
2018-11-27 03:21:15.853455,190,52.94.235.50,443,3.0,0,1,1,23,1,expected
2018-11-27 03:21:15.854015,1514,52.94.235.50,443,1.0,34139,1,1,,1,not_relevant
2018-11-27 03:21:15.854054,1514,52.94.235.50,443,1.0,0,1,1,,1,not_relevant
2018-11-27 03:21:15.854083,703,52.94.235.50,443,3.0,0,1,1,23,1,expected
2018-11-27 03:21:15.854411,132,52.94.235.50,443,3.0,0,1,1,23,1,expected
2018-11-27 03:21:15.855511,180,52.94.235.50,443,3.0,0,1,1,23,1,expected
2018-11-27 03:21:15.898265,1514,52.94.235.50,443,3.0,0,1,1,23,1,expected
2018-11-27 03:21:15.899711,1514,52.94.235.50,443,1.0,45,1,1,,1,not_relevant
2018-11-27 03:21:15.909274,1514,52.94.235.50,443,1.0,9,1,1,,1,not_relevant
2018-11-27 03:21:15.909853,1241,52.94.235.50,443,3.0,0,1,1,23,1,expected
2018-11-27 03:21:15.909897,1514,52.94.235.50,443,1.0,0,1,1,,1,not_relevant
2018-11-27 03:21:15.916601,74,54.239.26.255,443,1.0,-436973134,0,1,,1,retransmit
2018-11-27 03:21:15.954959,1514,52.94.235.50,443,1.0,45,1,1,,1,not_relevant
2018-11-27 03:21:15.962967,54,54.239.26.255,443,1.0,46,1,1,,1,ack
2018-11-27 03:21:15.965740,312,54.239.26.255,443,3.0,0,1,1,22,1,handshake
2018-11-27 03:21:15.983974,1514,52.94.235.50,443,1.0,29,1,1,,1,not_relevant
2018-11-27 03:21:15.984106,1514,52.94.235.50,443,1.0,0,1,1,,1,not_relevant
2018-11-27 03:21:15.984162,1472,52.94.235.50,443,3.0,0,1,1,23,1,expected
2018-11-27 03:21:15.986942,172,52.94.235.50,443,3.0,0,1,1,23,1,expected
2018-11-27 03:21:15.988689,252,52.94.235.50,443,3.0,0,1,1,23,1,expected
2018-11-27 03:21:16.012521,54,54.239.26.255,443,1.0,49,1,1,,1,ack
2018-11-27 03:21:16.013088,54,54.239.26.255,443,1.0,0,1,1,,1,ack
2018-11-27 03:21:16.013421,54,54.239.26.255,443,1.0,0,1,1,,1,ack
2018-11-27 03:21:16.013555,54,54.239.26.255,443,1.0,0,1,1,,1,ack
2018-11-27 03:21:16.028049,54,52.94.235.50,443,1.0,43,1,1,,1,ack
2018-11-27 03:21:16.030907,290,52.94.235.50,443,3.0,0,1,1,23,1,expected
2018-11-27 03:21:16.043319,172,52.94.235.50,443,3.0,0,1,1,23,1,expected
2018-11-27 03:21:16.049186,66,54.239.26.255,443,1.0,35,1,1,,1,ack
2018-11-27 03:21:16.057967,172,52.94.235.50,443,3.0,0,1,1,23,1,expected
2018-11-27 03:21:16.092461,172,52.94.235.50,443,3.0,0,1,1,23,1,expected
2018-11-27 03:21:16.107145,172,52.94.235.50,443,3.0,0,1,1,23,1,expected
2018-11-27 03:21:16.138689,172,52.94.235.50,443,3.0,0,1,1,23,1,expected
2018-11-27 03:21:16.138870,172,52.94.235.50,443,3.0,0,1,1,23,1,expected
2018-11-27 03:21:16.169534,172,52.94.235.50,443,3.0,0,1,1,23,1,expected
2018-11-27 03:21:16.183244,172,52.94.235.50,443,3.0,0,1,1,23,1,expected
2018-11-27 03:21:16.204501,172,52.94.235.50,443,3.0,0,1,1,23,1,expected
2018-11-27 03:21:16.218410,172,52.94.235.50,443,3.0,0,1,1,23,1,expected
2018-11-27 03:21:16.223027,180,54.239.26.255,443,3.0,0,1,1,22,1,handshake
2018-11-27 03:21:16.246462,172,52.94.235.50,443,3.0,0,1,1,23,1,expected
2018-11-27 03:21:16.267570,172,52.94.235.50,443,3.0,0,1,1,23,1,expected
2018-11-27 03:21:16.271703,54,54.239.26.255,443,1.0,222,1,1,,1,ack
2018-11-27 03:21:16.273843,765,54.239.26.255,443,3.0,0,1,1,23,1,expected
2018-11-27 03:21:16.280707,172,52.94.235.50,443,3.0,0,1,1,23,1,expected
2018-11-27 03:21:16.294854,172,52.94.235.50,443,3.0,0,1,1,23,1,expected
2018-11-27 03:21:16.330358,172,52.94.235.50,443,3.0,0,1,1,23,1,expected
2018-11-27 03:21:16.330810,85,54.239.26.255,443,3.0,0,1,1,21,1,handshake
2018-11-27 03:21:16.330969,54,54.239.26.255,443,1.0,59,1,1,,1,ack
2018-11-27 03:21:16.345965,172,52.94.235.50,443,3.0,0,1,1,23,1,expected
2018-11-27 03:21:16.357923,172,52.94.235.50,443,3.0,0,1,1,23,1,expected
2018-11-27 03:21:16.379973,172,52.94.235.50,443,3.0,0,1,1,23,1,expected
2018-11-27 03:21:16.394873,288,52.94.235.50,443,3.0,0,1,1,23,1,expected
2018-11-27 03:21:16.395368,1514,52.94.235.50,443,3.0,0,1,1,23,1,expected
2018-11-27 03:21:16.395954,1514,52.94.235.50,443,1.0,367,1,1,,1,not_relevant
2018-11-27 03:21:16.395996,1514,52.94.235.50,443,1.0,0,1,1,,1,not_relevant
2018-11-27 03:21:16.396136,54,54.239.26.255,443,1.0,65,1,1,,1,ack
2018-11-27 03:21:16.397462,624,52.94.235.50,443,3.0,0,1,1,23,1,expected
2018-11-27 03:21:16.401920,92,52.94.235.50,443,3.0,0,1,1,23,1,expected
2018-11-27 03:21:16.428966,290,52.94.235.50,443,3.0,0,1,1,23,1,expected
2018-11-27 03:21:16.443571,172,52.94.235.50,443,3.0,0,1,1,23,1,expected
2018-11-27 03:21:16.456756,172,52.94.235.50,443,3.0,0,1,1,23,1,expected
2018-11-27 03:21:16.490809,172,52.94.235.50,443,3.0,0,1,1,23,1,expected
2018-11-27 03:21:16.505506,172,52.94.235.50,443,3.0,0,1,1,23,1,expected
2018-11-27 03:21:16.519364,172,52.94.235.50,443,3.0,0,1,1,23,1,expected
2018-11-27 03:21:16.539918,172,52.94.235.50,443,3.0,0,1,1,23,1,expected
2018-11-27 03:21:16.568783,172,52.94.235.50,443,3.0,0,1,1,23,1,expected
2018-11-27 03:21:16.582385,172,52.94.235.50,443,3.0,0,1,1,23,1,expected
2018-11-27 03:21:16.602943,172,52.94.235.50,443,3.0,0,1,1,23,1,expected
2018-11-27 03:21:16.603340,54,52.94.235.50,443,1.0,207,1,1,,1,ack
2018-11-27 03:21:16.619994,172,52.94.235.50,443,3.0,0,1,1,23,1,expected
2018-11-27 03:21:16.646944,172,52.94.235.50,443,3.0,0,1,1,23,1,expected
2018-11-27 03:21:16.667373,172,52.94.235.50,443,3.0,0,1,1,23,1,expected
2018-11-27 03:21:16.680830,172,52.94.235.50,443,3.0,0,1,1,23,1,expected
2018-11-27 03:21:16.694741,172,52.94.235.50,443,3.0,0,1,1,23,1,expected
2018-11-27 03:21:16.729543,172,52.94.235.50,443,3.0,0,1,1,23,1,expected
2018-11-27 03:21:16.744025,172,52.94.235.50,443,3.0,0,1,1,23,1,expected
2018-11-27 03:21:16.758039,172,52.94.235.50,443,3.0,0,1,1,23,1,expected
2018-11-27 03:21:16.778719,172,52.94.235.50,443,3.0,0,1,1,23,1,expected
2018-11-27 03:21:16.807059,172,52.94.235.50,443,3.0,0,1,1,23,1,expected
2018-11-27 03:21:16.843089,172,52.94.235.50,443,3.0,0,1,1,23,1,expected
2018-11-27 03:21:16.843268,172,52.94.235.50,443,3.0,0,1,1,23,1,expected
2018-11-27 03:21:16.856483,172,52.94.235.50,443,3.0,0,1,1,23,1,expected
2018-11-27 03:21:16.890578,172,52.94.235.50,443,3.0,0,1,1,23,1,expected
2018-11-27 03:21:16.904919,172,52.94.235.50,443,3.0,0,1,1,23,1,expected
2018-11-27 03:21:16.920934,172,52.94.235.50,443,3.0,0,1,1,23,1,expected
2018-11-27 03:21:16.940962,172,52.94.235.50,443,3.0,0,1,1,23,1,expected
2018-11-27 03:21:16.967729,172,52.94.235.50,443,3.0,0,1,1,23,1,expected
2018-11-27 03:21:16.982394,172,52.94.235.50,443,3.0,0,1,1,23,1,expected
2018-11-27 03:21:17.002815,172,52.94.235.50,443,3.0,0,1,1,23,1,expected
2018-11-27 03:21:17.016903,172,52.94.235.50,443,3.0,0,1,1,23,1,expected
2018-11-27 03:21:17.055428,172,52.94.235.50,443,3.0,0,1,1,23,1,expected
2018-11-27 03:21:17.066721,172,52.94.235.50,443,3.0,0,1,1,23,1,expected
2018-11-27 03:21:17.080530,172,52.94.235.50,443,3.0,0,1,1,23,1,expected
2018-11-27 03:21:17.094289,172,52.94.235.50,443,3.0,0,1,1,23,1,expected
2018-11-27 03:21:17.128836,172,52.94.235.50,443,3.0,0,1,1,23,1,expected
2018-11-27 03:21:17.142473,172,52.94.235.50,443,3.0,0,1,1,23,1,expected
2018-11-27 03:21:17.164275,172,52.94.235.50,443,3.0,0,1,1,23,1,expected
2018-11-27 03:21:17.177757,172,52.94.235.50,443,3.0,0,1,1,23,1,expected
2018-11-27 03:21:17.206777,172,52.94.235.50,443,3.0,0,1,1,23,1,expected
2018-11-27 03:21:17.229664,172,52.94.235.50,443,3.0,0,1,1,23,1,expected
2018-11-27 03:21:17.241934,172,52.94.235.50,443,3.0,0,1,1,23,1,expected
2018-11-27 03:21:17.254810,172,52.94.235.50,443,3.0,0,1,1,23,1,expected
2018-11-27 03:21:17.290485,172,52.94.235.50,443,3.0,0,1,1,23,1,expected
2018-11-27 03:21:17.303980,172,52.94.235.50,443,3.0,0,1,1,23,1,expected
2018-11-27 03:21:17.318294,172,52.94.235.50,443,3.0,0,1,1,23,1,expected
2018-11-27 03:21:17.339331,172,52.94.235.50,443,3.0,0,1,1,23,1,expected
2018-11-27 03:21:17.367589,172,52.94.235.50,443,3.0,0,1,1,23,1,expected
2018-11-27 03:21:17.387872,172,52.94.235.50,443,3.0,0,1,1,23,1,expected
2018-11-27 03:21:17.402913,172,52.94.235.50,443,3.0,0,1,1,23,1,expected
2018-11-27 03:21:17.415722,172,52.94.235.50,443,3.0,0,1,1,23,1,expected
2018-11-27 03:21:17.451085,172,52.94.235.50,443,3.0,0,1,1,23,1,expected
2018-11-27 03:21:17.464403,172,52.94.235.50,443,3.0,0,1,1,23,1,expected
2018-11-27 03:21:17.478440,172,52.94.235.50,443,3.0,0,1,1,23,1,expected
2018-11-27 03:21:17.498958,172,52.94.235.50,443,3.0,0,1,1,23,1,expected
2018-11-27 03:21:17.537885,172,52.94.235.50,443,3.0,0,1,1,23,1,expected
2018-11-27 03:21:17.548243,172,52.94.235.50,443,3.0,0,1,1,23,1,expected
2018-11-27 03:21:17.562633,172,52.94.235.50,443,3.0,0,1,1,23,1,expected
2018-11-27 03:21:17.576913,172,52.94.235.50,443,3.0,0,1,1,23,1,expected
2018-11-27 03:21:17.610534,172,52.94.235.50,443,3.0,0,1,1,23,1,expected
2018-11-27 03:21:17.624640,172,52.94.235.50,443,3.0,0,1,1,23,1,expected
2018-11-27 03:21:17.641150,172,52.94.235.50,443,3.0,0,1,1,23,1,expected
2018-11-27 03:21:17.660358,172,52.94.235.50,443,3.0,0,1,1,23,1,expected
2018-11-27 03:21:17.688592,172,52.94.235.50,443,3.0,0,1,1,23,1,expected
2018-11-27 03:21:17.702268,172,52.94.235.50,443,3.0,0,1,1,23,1,expected
2018-11-27 03:21:17.722526,172,52.94.235.50,443,3.0,0,1,1,23,1,expected
2018-11-27 03:21:17.736831,172,52.94.235.50,443,3.0,0,1,1,23,1,expected
2018-11-27 03:21:17.771888,172,52.94.235.50,443,3.0,0,1,1,23,1,expected
2018-11-27 03:21:17.785290,172,52.94.235.50,443,3.0,0,1,1,23,1,expected
2018-11-27 03:21:17.799415,172,52.94.235.50,443,3.0,0,1,1,23,1,expected
2018-11-27 03:21:17.823533,172,52.94.235.50,443,3.0,0,1,1,23,1,expected
2018-11-27 03:21:17.847744,172,52.94.235.50,443,3.0,0,1,1,23,1,expected
2018-11-27 03:21:17.863133,172,52.94.235.50,443,3.0,0,1,1,23,1,expected
2018-11-27 03:21:17.883909,172,52.94.235.50,443,3.0,0,1,1,23,1,expected
2018-11-27 03:21:17.896912,172,52.94.235.50,443,3.0,0,1,1,23,1,expected
2018-11-27 03:21:17.931970,172,52.94.235.50,443,3.0,0,1,1,23,1,expected
2018-11-27 03:21:17.946415,172,52.94.235.50,443,3.0,0,1,1,23,1,expected
2018-11-27 03:21:17.960895,172,52.94.235.50,443,3.0,0,1,1,23,1,expected
2018-11-27 03:21:17.973603,172,52.94.235.50,443,3.0,0,1,1,23,1,expected
2018-11-27 03:21:18.014261,172,52.94.235.50,443,3.0,0,1,1,23,1,expected
2018-11-27 03:21:18.023189,172,52.94.235.50,443,3.0,0,1,1,23,1,expected
2018-11-27 03:21:18.044029,172,52.94.235.50,443,3.0,0,1,1,23,1,expected
2018-11-27 03:21:18.058286,172,52.94.235.50,443,3.0,0,1,1,23,1,expected
2018-11-27 03:21:18.085798,172,52.94.235.50,443,3.0,0,1,1,23,1,expected
2018-11-27 03:21:18.107276,172,52.94.235.50,443,3.0,0,1,1,23,1,expected
2018-11-27 03:21:18.120550,172,52.94.235.50,443,3.0,0,1,1,23,1,expected
2018-11-27 03:21:18.134753,172,52.94.235.50,443,3.0,0,1,1,23,1,expected
2018-11-27 03:21:18.169810,172,52.94.235.50,443,3.0,0,1,1,23,1,expected
2018-11-27 03:21:18.184072,172,52.94.235.50,443,3.0,0,1,1,23,1,expected
2018-11-27 03:21:18.197942,172,52.94.235.50,443,3.0,0,1,1,23,1,expected
2018-11-27 03:21:18.237736,172,52.94.235.50,443,3.0,0,1,1,23,1,expected
2018-11-27 03:21:18.247535,172,52.94.235.50,443,3.0,0,1,1,23,1,expected
2018-11-27 03:21:18.268013,172,52.94.235.50,443,3.0,0,1,1,23,1,expected
2018-11-27 03:21:18.281974,172,52.94.235.50,443,3.0,0,1,1,23,1,expected
2018-11-27 03:21:18.296641,172,52.94.235.50,443,3.0,0,1,1,23,1,expected
2018-11-27 03:21:18.330683,172,52.94.235.50,443,3.0,0,1,1,23,1,expected
2018-11-27 03:21:18.344919,172,52.94.235.50,443,3.0,0,1,1,23,1,expected
2018-11-27 03:21:18.360959,172,52.94.235.50,443,3.0,0,1,1,23,1,expected
2018-11-27 03:21:18.380489,172,52.94.235.50,443,3.0,0,1,1,23,1,expected
2018-11-27 03:21:18.407769,172,52.94.235.50,443,3.0,0,1,1,23,1,expected
2018-11-27 03:21:18.422406,172,52.94.235.50,443,3.0,0,1,1,23,1,expected
2018-11-27 03:21:18.442650,172,52.94.235.50,443,3.0,0,1,1,23,1,expected
2018-11-27 03:21:18.456717,172,52.94.235.50,443,3.0,0,1,1,23,1,expected
2018-11-27 03:21:18.493878,172,52.94.235.50,443,3.0,0,1,1,23,1,expected
2018-11-27 03:21:18.505503,172,52.94.235.50,443,3.0,0,1,1,23,1,expected
2018-11-27 03:21:18.519571,172,52.94.235.50,443,3.0,0,1,1,23,1,expected
2018-11-27 03:21:18.534149,172,52.94.235.50,443,3.0,0,1,1,23,1,expected
2018-11-27 03:21:18.569592,172,52.94.235.50,443,3.0,0,1,1,23,1,expected
2018-11-27 03:21:18.582510,172,52.94.235.50,443,3.0,0,1,1,23,1,expected
2018-11-27 03:21:18.604241,172,52.94.235.50,443,3.0,0,1,1,23,1,expected
2018-11-27 03:21:18.617687,172,52.94.235.50,443,3.0,0,1,1,23,1,expected
2018-11-27 03:21:18.646774,172,52.94.235.50,443,3.0,0,1,1,23,1,expected
2018-11-27 03:21:18.668831,172,52.94.235.50,443,3.0,0,1,1,23,1,expected
2018-11-27 03:21:18.681464,172,52.94.235.50,443,3.0,0,1,1,23,1,expected
2018-11-27 03:21:18.694697,172,52.94.235.50,443,3.0,0,1,1,23,1,expected
2018-11-27 03:21:18.729912,172,52.94.235.50,443,3.0,0,1,1,23,1,expected
2018-11-27 03:21:18.744026,172,52.94.235.50,443,3.0,0,1,1,23,1,expected
2018-11-27 03:21:18.758138,172,52.94.235.50,443,3.0,0,1,1,23,1,expected
2018-11-27 03:21:18.779674,172,52.94.235.50,443,3.0,0,1,1,23,1,expected
2018-11-27 03:21:18.807112,172,52.94.235.50,443,3.0,0,1,1,23,1,expected
2018-11-27 03:21:18.821318,172,52.94.235.50,443,3.0,0,1,1,23,1,expected
2018-11-27 03:21:18.844754,172,52.94.235.50,443,3.0,0,1,1,23,1,expected
2018-11-27 03:21:18.857027,136,52.94.235.50,443,3.0,0,1,1,23,1,expected
2018-11-27 03:21:18.859954,92,52.94.235.50,443,3.0,0,1,1,23,1,expected
2018-11-27 03:21:18.874276,74,54.239.26.255,443,1.0,-436972228,0,1,,1,retransmit
2018-11-27 03:21:18.943301,54,54.239.26.255,443,1.0,69,1,1,,1,ack
2018-11-27 03:21:18.943474,312,54.239.26.255,443,3.0,0,1,1,22,1,handshake
2018-11-27 03:21:18.989508,54,54.239.26.255,443,1.0,46,1,1,,1,ack
2018-11-27 03:21:18.989918,105,54.239.26.255,443,3.0,0,1,1,20,1,handshake
2018-11-27 03:21:19.091955,809,54.239.26.255,443,3.0,0,1,1,23,1,expected
2018-11-27 03:21:19.149092,85,54.239.26.255,443,3.0,0,1,1,21,1,handshake
2018-11-27 03:21:19.149258,54,54.239.26.255,443,1.0,159,1,1,,1,ack
2018-11-27 03:21:19.188959,54,54.239.26.255,443,1.0,39,1,1,,1,ack
2018-11-27 03:21:19.263716,74,54.239.26.255,443,1.0,-436972252,0,1,,1,retransmit
2018-11-27 03:21:19.294436,54,52.94.235.50,443,1.0,2691,1,1,,1,ack
2018-11-27 03:21:19.307939,54,54.239.26.255,443,1.0,44,1,1,,1,ack
2018-11-27 03:21:19.309413,312,54.239.26.255,443,3.0,0,1,1,22,1,handshake
2018-11-27 03:21:19.334694,54,52.94.235.50,443,1.0,40,1,1,,1,ack
2018-11-27 03:21:19.339430,54,52.94.235.50,443,1.0,4,1,1,,1,ack
2018-11-27 03:21:19.339786,54,52.94.235.50,443,1.0,0,1,1,,1,ack
2018-11-27 03:21:19.339929,54,52.94.235.50,443,1.0,0,1,1,,1,ack
2018-11-27 03:21:19.340071,54,52.94.235.50,443,1.0,0,1,1,,1,ack
2018-11-27 03:21:19.340323,54,52.94.235.50,443,1.0,0,1,1,,1,ack
2018-11-27 03:21:19.340468,54,52.94.235.50,443,1.0,0,1,1,,1,ack
2018-11-27 03:21:19.340615,54,52.94.235.50,443,1.0,0,1,1,,1,ack
2018-11-27 03:21:19.340745,54,52.94.235.50,443,1.0,0,1,1,,1,ack
2018-11-27 03:21:19.344219,54,52.94.235.50,443,1.0,3,1,1,,1,ack
2018-11-27 03:21:19.344558,54,52.94.235.50,443,1.0,0,1,1,,1,ack
2018-11-27 03:21:19.360088,54,54.239.26.255,443,1.0,52,1,1,,1,ack
2018-11-27 03:21:19.367631,105,54.239.26.255,443,3.0,0,1,1,20,1,handshake
2018-11-27 03:21:19.380643,54,52.94.235.50,443,1.0,36,1,1,,1,ack
2018-11-27 03:21:19.390558,54,52.94.235.50,443,1.0,9,1,1,,1,ack
2018-11-27 03:21:19.390774,54,52.94.235.50,443,1.0,0,1,1,,1,ack
2018-11-27 03:21:19.390920,54,52.94.235.50,443,1.0,0,1,1,,1,ack
2018-11-27 03:21:19.391063,54,52.94.235.50,443,1.0,0,1,1,,1,ack
2018-11-27 03:21:19.394180,54,52.94.235.50,443,1.0,3,1,1,,1,ack
2018-11-27 03:21:19.404790,288,52.94.235.50,443,3.0,0,1,1,23,1,expected
2018-11-27 03:21:19.406243,190,52.94.235.50,443,3.0,0,1,1,23,1,expected
2018-11-27 03:21:19.415571,74,54.239.26.255,443,1.0,-436972364,0,1,,1,retransmit
2018-11-27 03:21:19.417606,1514,52.94.235.50,443,1.0,23,1,1,,1,not_relevant
2018-11-27 03:21:19.417664,1514,52.94.235.50,443,1.0,0,1,1,,1,not_relevant
2018-11-27 03:21:19.417732,402,52.94.235.50,443,3.0,0,1,1,23,1,expected
2018-11-27 03:21:19.417814,136,52.94.235.50,443,3.0,0,1,1,23,1,expected
2018-11-27 03:21:19.452383,92,52.94.235.50,443,3.0,0,1,1,23,1,expected
2018-11-27 03:21:19.457222,54,54.239.26.255,443,1.0,41,1,1,,1,ack
2018-11-27 03:21:19.464400,312,54.239.26.255,443,3.0,0,1,1,22,1,handshake
2018-11-27 03:21:19.465211,781,54.239.26.255,443,3.0,0,1,1,23,1,expected
2018-11-27 03:21:19.511819,54,54.239.26.255,443,1.0,54,1,1,,1,ack
2018-11-27 03:21:19.514079,105,54.239.26.255,443,3.0,0,1,1,20,1,handshake
2018-11-27 03:21:19.527700,85,54.239.26.255,443,3.0,0,1,1,21,1,handshake
2018-11-27 03:21:19.527997,54,54.239.26.255,443,1.0,167,1,1,,1,ack
2018-11-27 03:21:19.578567,641,52.94.235.50,443,3.0,0,1,1,23,1,expected
2018-11-27 03:21:19.578829,190,52.94.235.50,443,3.0,0,1,1,23,1,expected
2018-11-27 03:21:19.581503,1514,52.94.235.50,443,1.0,163,1,1,,1,not_relevant
2018-11-27 03:21:19.581579,1514,52.94.235.50,443,1.0,0,1,1,,1,not_relevant
2018-11-27 03:21:19.581653,407,52.94.235.50,443,3.0,0,1,1,23,1,expected
2018-11-27 03:21:19.581833,136,52.94.235.50,443,3.0,0,1,1,23,1,expected
2018-11-27 03:21:19.581983,54,54.239.26.255,443,1.0,53,1,1,,1,ack
2018-11-27 03:21:19.643514,785,54.239.26.255,443,3.0,0,1,1,23,1,expected
2018-11-27 03:21:19.644673,1514,52.94.235.50,443,3.0,0,1,1,23,1,expected
2018-11-27 03:21:19.646805,1514,52.94.235.50,443,1.0,65,1,1,,1,not_relevant
2018-11-27 03:21:19.646917,1514,52.94.235.50,443,1.0,0,1,1,,1,not_relevant
2018-11-27 03:21:19.647002,940,52.94.235.50,443,3.0,0,1,1,23,1,expected
2018-11-27 03:21:19.647969,54,52.94.235.50,443,1.0,1,1,1,,1,ack
2018-11-27 03:21:19.701632,85,54.239.26.255,443,3.0,0,1,1,21,1,handshake
2018-11-27 03:21:19.701822,54,54.239.26.255,443,1.0,190,1,1,,1,ack
2018-11-27 03:21:19.735328,54,52.94.235.50,443,1.0,87,1,1,,1,ack
2018-11-27 03:21:19.743523,54,54.239.26.255,443,1.0,41,1,1,,1,ack
2018-11-27 03:21:19.750109,74,54.239.26.255,443,1.0,-436998382,0,1,,1,retransmit
2018-11-27 03:21:19.774124,54,52.94.235.50,443,1.0,38,1,1,,1,ack
2018-11-27 03:21:19.783666,54,52.94.235.50,443,1.0,9,1,1,,1,ack
2018-11-27 03:21:19.792000,54,52.94.235.50,443,1.0,8,1,1,,1,ack
2018-11-27 03:21:19.799716,54,54.239.26.255,443,1.0,49,1,1,,1,ack
2018-11-27 03:21:19.801071,312,54.239.26.255,443,3.0,0,1,1,22,1,handshake
2018-11-27 03:21:19.846271,54,54.239.26.255,443,1.0,46,1,1,,1,ack
2018-11-27 03:21:19.846613,105,54.239.26.255,443,3.0,0,1,1,20,1,handshake
2018-11-27 03:21:19.939211,797,54.239.26.255,443,3.0,0,1,1,23,1,expected
2018-11-27 03:21:19.989070,85,54.239.26.255,443,3.0,0,1,1,21,1,handshake
2018-11-27 03:21:19.989303,54,54.239.26.255,443,1.0,143,1,1,,1,ack
2018-11-27 03:21:20.033588,54,54.239.26.255,443,1.0,44,1,1,,1,ack
2018-11-27 03:21:23.268749,285,52.94.235.50,443,3.0,0,1,1,23,1,expected
2018-11-27 03:21:23.268946,190,52.94.235.50,443,3.0,0,1,1,23,1,expected
2018-11-27 03:21:23.269315,1514,52.94.235.50,443,1.0,3477,1,1,,1,not_relevant
2018-11-27 03:21:23.269331,1514,52.94.235.50,443,1.0,0,1,1,,1,not_relevant
2018-11-27 03:21:23.269347,406,52.94.235.50,443,3.0,0,1,1,23,1,expected
2018-11-27 03:21:23.269443,136,52.94.235.50,443,3.0,0,1,1,23,1,expected
2018-11-27 03:21:23.320433,92,52.94.235.50,443,3.0,0,1,1,23,1,expected
2018-11-27 03:21:23.320853,1514,52.94.235.50,443,1.0,51,1,1,,1,not_relevant
2018-11-27 03:21:23.329390,289,52.94.235.50,443,3.0,0,1,1,23,1,expected
2018-11-27 03:21:23.330385,190,52.94.235.50,443,3.0,0,1,1,23,1,expected
2018-11-27 03:21:23.369409,463,52.94.235.50,443,1.0,48,1,1,,1,not_relevant
2018-11-27 03:21:23.371149,1514,52.94.235.50,443,1.0,1,1,1,,1,not_relevant
2018-11-27 03:21:23.376204,1514,52.94.235.50,443,1.0,5,1,1,,1,not_relevant
2018-11-27 03:21:23.420796,527,52.94.235.50,443,3.0,0,1,1,23,1,expected
2018-11-27 03:21:23.435843,54,52.94.235.50,443,1.0,59,1,1,,1,ack
2018-11-27 03:21:23.436005,54,52.94.235.50,443,1.0,0,1,1,,1,ack
2018-11-27 03:21:23.654984,54,52.94.235.50,443,1.0,218,1,1,,1,ack
2018-11-27 03:21:23.655356,54,52.94.235.50,443,1.0,0,1,1,,1,ack
2018-11-27 03:21:23.780931,286,52.94.235.50,443,3.0,0,1,1,23,1,expected
2018-11-27 03:21:23.781329,190,52.94.235.50,443,3.0,0,1,1,23,1,expected
2018-11-27 03:21:23.840808,1514,52.94.235.50,443,1.0,185,1,1,,1,not_relevant
2018-11-27 03:21:23.841268,1514,52.94.235.50,443,1.0,0,1,1,,1,not_relevant
2018-11-27 03:21:23.842570,522,52.94.235.50,443,3.0,0,1,1,23,1,expected
2018-11-27 03:21:24.073658,54,52.94.235.50,443,1.0,232,1,1,,1,ack
2018-11-27 03:21:24.073827,54,52.94.235.50,443,1.0,0,1,1,,1,ack
2018-11-27 03:21:41.165549,295,52.94.232.230,443,3.0,0,1,1,23,1,expected
2018-11-27 03:21:41.206907,54,52.94.232.230,443,1.0,-436992322,1,1,,1,ack
2018-11-27 03:21:41.705631,54,52.94.235.50,443,1.0,17631,1,1,,1,ack
2018-11-27 03:21:41.706625,100,52.94.235.50,443,3.0,0,1,1,23,1,syn
2018-11-27 03:21:49.138238,288,52.94.235.50,443,3.0,0,1,1,23,1,expected
2018-11-27 03:21:49.144001,190,52.94.235.50,443,3.0,0,1,1,23,1,expected
2018-11-27 03:21:49.183643,1514,52.94.235.50,443,1.0,7478,1,1,,1,not_relevant
2018-11-27 03:21:49.192225,74,54.239.26.255,443,1.0,-436992176,0,1,,1,retransmit
2018-11-27 03:21:49.197316,1514,52.94.235.50,443,1.0,13,1,1,,1,not_relevant
2018-11-27 03:21:49.207747,1514,52.94.235.50,443,3.0,0,1,1,23,1,expected
2018-11-27 03:21:49.227019,1514,52.94.235.50,443,3.0,0,1,1,23,1,expected
2018-11-27 03:21:49.227363,1514,52.94.235.50,443,1.0,30,1,1,,1,not_relevant
2018-11-27 03:21:49.239126,54,54.239.26.255,443,1.0,46,1,1,,1,ack
2018-11-27 03:21:49.241425,1514,52.94.235.50,443,1.0,14,1,1,,1,not_relevant
2018-11-27 03:21:49.242816,312,54.239.26.255,443,3.0,0,1,1,22,1,handshake
2018-11-27 03:21:49.251836,1514,52.94.235.50,443,1.0,10,1,1,,1,not_relevant
2018-11-27 03:21:49.252263,1514,52.94.235.50,443,3.0,0,1,1,23,1,expected
2018-11-27 03:21:49.279761,1514,52.94.235.50,443,1.0,27,1,1,,1,not_relevant
2018-11-27 03:21:49.280131,1514,52.94.235.50,443,1.0,0,1,1,,1,not_relevant
2018-11-27 03:21:49.289690,54,54.239.26.255,443,1.0,50,1,1,,1,ack
2018-11-27 03:21:49.292736,105,54.239.26.255,443,3.0,0,1,1,20,1,handshake
2018-11-27 03:21:49.301025,1514,52.94.235.50,443,1.0,20,1,1,,1,not_relevant
2018-11-27 03:21:49.301335,945,52.94.235.50,443,3.0,0,1,1,23,1,expected
2018-11-27 03:21:49.304735,172,52.94.235.50,443,3.0,0,1,1,23,1,expected
2018-11-27 03:21:49.339035,172,52.94.235.50,443,3.0,0,1,1,23,1,expected
2018-11-27 03:21:49.352481,172,52.94.235.50,443,3.0,0,1,1,23,1,expected
2018-11-27 03:21:49.366641,172,52.94.235.50,443,3.0,0,1,1,23,1,expected
2018-11-27 03:21:49.379411,765,54.239.26.255,443,3.0,0,1,1,23,1,expected
2018-11-27 03:21:49.388271,172,52.94.235.50,443,3.0,0,1,1,23,1,expected
2018-11-27 03:21:49.415228,172,52.94.235.50,443,3.0,0,1,1,23,1,expected
2018-11-27 03:21:49.430063,85,54.239.26.255,443,3.0,0,1,1,21,1,handshake
2018-11-27 03:21:49.430239,54,54.239.26.255,443,1.0,140,1,1,,1,ack
2018-11-27 03:21:49.432879,172,52.94.235.50,443,3.0,0,1,1,23,1,expected
2018-11-27 03:21:49.450176,172,52.94.235.50,443,3.0,0,1,1,23,1,expected
2018-11-27 03:21:49.463658,172,52.94.235.50,443,3.0,0,1,1,23,1,expected
2018-11-27 03:21:49.473616,54,54.239.26.255,443,1.0,43,1,1,,1,ack
2018-11-27 03:21:49.499082,172,52.94.235.50,443,3.0,0,1,1,23,1,expected
2018-11-27 03:21:49.512997,172,52.94.235.50,443,3.0,0,1,1,23,1,expected
2018-11-27 03:21:49.526917,172,52.94.235.50,443,3.0,0,1,1,23,1,expected
2018-11-27 03:21:49.548656,172,52.94.235.50,443,3.0,0,1,1,23,1,expected
2018-11-27 03:21:49.576162,172,52.94.235.50,443,3.0,0,1,1,23,1,expected
2018-11-27 03:21:49.590442,172,52.94.235.50,443,3.0,0,1,1,23,1,expected
2018-11-27 03:21:49.611293,172,52.94.235.50,443,3.0,0,1,1,23,1,expected
2018-11-27 03:21:49.625614,172,52.94.235.50,443,3.0,0,1,1,23,1,expected
2018-11-27 03:21:49.659555,172,52.94.235.50,443,3.0,0,1,1,23,1,expected
2018-11-27 03:21:49.678728,172,52.94.235.50,443,3.0,0,1,1,23,1,expected
2018-11-27 03:21:49.694246,172,52.94.235.50,443,3.0,0,1,1,23,1,expected
2018-11-27 03:21:49.707435,172,52.94.235.50,443,3.0,0,1,1,23,1,expected
2018-11-27 03:21:49.737933,288,52.94.235.50,443,3.0,0,1,1,23,1,expected
2018-11-27 03:21:49.739446,190,52.94.235.50,443,3.0,0,1,1,23,1,expected
2018-11-27 03:21:49.740529,1514,52.94.235.50,443,1.0,439,1,1,,1,not_relevant
2018-11-27 03:21:49.742069,1514,52.94.235.50,443,1.0,1,1,1,,1,not_relevant
2018-11-27 03:21:49.791034,998,52.94.235.50,443,3.0,0,1,1,23,1,expected
2018-11-27 03:21:49.813877,172,52.94.235.50,443,3.0,0,1,1,23,1,expected
2018-11-27 03:21:49.834674,172,52.94.235.50,443,3.0,0,1,1,23,1,expected
2018-11-27 03:21:49.848918,172,52.94.235.50,443,3.0,0,1,1,23,1,expected
2018-11-27 03:21:49.863283,172,52.94.235.50,443,3.0,0,1,1,23,1,expected
2018-11-27 03:21:49.897594,172,52.94.235.50,443,3.0,0,1,1,23,1,expected
2018-11-27 03:21:49.913016,172,52.94.235.50,443,3.0,0,1,1,23,1,expected
2018-11-27 03:21:49.926327,172,52.94.235.50,443,3.0,0,1,1,23,1,expected
2018-11-27 03:21:49.946727,172,52.94.235.50,443,3.0,0,1,1,23,1,expected
2018-11-27 03:21:49.973906,54,52.94.235.50,443,1.0,231,1,1,,1,ack
2018-11-27 03:21:49.975517,172,52.94.235.50,443,3.0,0,1,1,23,1,expected
2018-11-27 03:21:49.995772,172,52.94.235.50,443,3.0,0,1,1,23,1,expected
2018-11-27 03:21:50.009773,172,52.94.235.50,443,3.0,0,1,1,23,1,expected
2018-11-27 03:21:50.024750,172,52.94.235.50,443,3.0,0,1,1,23,1,expected
2018-11-27 03:21:50.059175,172,52.94.235.50,443,3.0,0,1,1,23,1,expected
2018-11-27 03:21:50.072652,172,52.94.235.50,443,3.0,0,1,1,23,1,expected
2018-11-27 03:21:50.086791,172,52.94.235.50,443,3.0,0,1,1,23,1,expected
2018-11-27 03:21:50.108207,172,52.94.235.50,443,3.0,0,1,1,23,1,expected
2018-11-27 03:21:50.137212,172,52.94.235.50,443,3.0,0,1,1,23,1,expected
2018-11-27 03:21:50.155428,172,52.94.235.50,443,3.0,0,1,1,23,1,expected
2018-11-27 03:21:50.175392,172,52.94.235.50,443,3.0,0,1,1,23,1,expected
2018-11-27 03:21:50.185339,172,52.94.235.50,443,3.0,0,1,1,23,1,expected
2018-11-27 03:21:50.220181,172,52.94.235.50,443,3.0,0,1,1,23,1,expected
2018-11-27 03:21:50.233539,172,52.94.235.50,443,3.0,0,1,1,23,1,expected
2018-11-27 03:21:50.247751,172,52.94.235.50,443,3.0,0,1,1,23,1,expected
2018-11-27 03:21:50.261666,172,52.94.235.50,443,3.0,0,1,1,23,1,expected
2018-11-27 03:21:50.296842,172,52.94.235.50,443,3.0,0,1,1,23,1,expected
2018-11-27 03:21:50.310543,172,52.94.235.50,443,3.0,0,1,1,23,1,expected
2018-11-27 03:21:50.332605,172,52.94.235.50,443,3.0,0,1,1,23,1,expected
2018-11-27 03:21:50.346470,172,52.94.235.50,443,3.0,0,1,1,23,1,expected
2018-11-27 03:21:50.373589,172,52.94.235.50,443,3.0,0,1,1,23,1,expected
2018-11-27 03:21:50.395065,172,52.94.235.50,443,3.0,0,1,1,23,1,expected
2018-11-27 03:21:50.408882,172,52.94.235.50,443,3.0,0,1,1,23,1,expected
2018-11-27 03:21:50.437783,172,52.94.235.50,443,3.0,0,1,1,23,1,expected
2018-11-27 03:21:50.456828,172,52.94.235.50,443,3.0,0,1,1,23,1,expected
2018-11-27 03:21:50.470788,172,52.94.235.50,443,3.0,0,1,1,23,1,expected
2018-11-27 03:21:50.491608,172,52.94.235.50,443,3.0,0,1,1,23,1,expected
2018-11-27 03:21:50.505698,172,52.94.235.50,443,3.0,0,1,1,23,1,expected
2018-11-27 03:21:50.536504,172,52.94.235.50,443,3.0,0,1,1,23,1,expected
2018-11-27 03:21:50.554686,172,52.94.235.50,443,3.0,0,1,1,23,1,expected
2018-11-27 03:21:50.568825,172,52.94.235.50,443,3.0,0,1,1,23,1,expected
2018-11-27 03:21:50.583230,172,52.94.235.50,443,3.0,0,1,1,23,1,expected
2018-11-27 03:21:50.617709,172,52.94.235.50,443,3.0,0,1,1,23,1,expected
2018-11-27 03:21:50.632134,172,52.94.235.50,443,3.0,0,1,1,23,1,expected
2018-11-27 03:21:50.650714,172,52.94.235.50,443,3.0,0,1,1,23,1,expected
2018-11-27 03:21:50.669665,172,52.94.235.50,443,3.0,0,1,1,23,1,expected
2018-11-27 03:21:50.695417,172,52.94.235.50,443,3.0,0,1,1,23,1,expected
2018-11-27 03:21:50.715796,172,52.94.235.50,443,3.0,0,1,1,23,1,expected
2018-11-27 03:21:50.729935,172,52.94.235.50,443,3.0,0,1,1,23,1,expected
2018-11-27 03:21:50.744789,172,52.94.235.50,443,3.0,0,1,1,23,1,expected
2018-11-27 03:21:50.779083,172,52.94.235.50,443,3.0,0,1,1,23,1,expected
2018-11-27 03:21:50.792492,172,52.94.235.50,443,3.0,0,1,1,23,1,expected
2018-11-27 03:21:50.806686,172,52.94.235.50,443,3.0,0,1,1,23,1,expected
2018-11-27 03:21:50.828448,172,52.94.235.50,443,3.0,0,1,1,23,1,expected
2018-11-27 03:21:50.854810,172,52.94.235.50,443,3.0,0,1,1,23,1,expected
2018-11-27 03:21:50.878194,172,52.94.235.50,443,3.0,0,1,1,23,1,expected
2018-11-27 03:21:50.892681,172,52.94.235.50,443,3.0,0,1,1,23,1,expected
2018-11-27 03:21:50.906695,172,52.94.235.50,443,3.0,0,1,1,23,1,expected
2018-11-27 03:21:50.939695,172,52.94.235.50,443,3.0,0,1,1,23,1,expected
2018-11-27 03:21:50.952402,172,52.94.235.50,443,3.0,0,1,1,23,1,expected
2018-11-27 03:21:50.966581,172,52.94.235.50,443,3.0,0,1,1,23,1,expected
2018-11-27 03:21:50.987654,172,52.94.235.50,443,3.0,0,1,1,23,1,expected
2018-11-27 03:21:51.015994,172,52.94.235.50,443,3.0,0,1,1,23,1,expected
2018-11-27 03:21:51.029673,172,52.94.235.50,443,3.0,0,1,1,23,1,expected
2018-11-27 03:21:51.050772,172,52.94.235.50,443,3.0,0,1,1,23,1,expected
2018-11-27 03:21:51.065425,172,52.94.235.50,443,3.0,0,1,1,23,1,expected
2018-11-27 03:21:51.104524,172,52.94.235.50,443,3.0,0,1,1,23,1,expected
2018-11-27 03:21:51.137873,172,52.94.235.50,443,3.0,0,1,1,23,1,expected
2018-11-27 03:21:51.138137,172,52.94.235.50,443,3.0,0,1,1,23,1,expected
2018-11-27 03:21:51.145465,172,52.94.235.50,443,3.0,0,1,1,23,1,expected
2018-11-27 03:21:51.180219,172,52.94.235.50,443,3.0,0,1,1,23,1,expected
2018-11-27 03:21:51.190739,172,52.94.235.50,443,3.0,0,1,1,23,1,expected
2018-11-27 03:21:51.211636,172,52.94.235.50,443,3.0,0,1,1,23,1,expected
2018-11-27 03:21:51.225794,172,52.94.235.50,443,3.0,0,1,1,23,1,expected
2018-11-27 03:21:51.253725,172,52.94.235.50,443,3.0,0,1,1,23,1,expected
2018-11-27 03:21:51.274581,172,52.94.235.50,443,3.0,0,1,1,23,1,expected
2018-11-27 03:21:51.289008,172,52.94.235.50,443,3.0,0,1,1,23,1,expected
2018-11-27 03:21:51.302908,172,52.94.235.50,443,3.0,0,1,1,23,1,expected
2018-11-27 03:21:51.337436,172,52.94.235.50,443,3.0,0,1,1,23,1,expected
2018-11-27 03:21:51.351370,172,52.94.235.50,443,3.0,0,1,1,23,1,expected
2018-11-27 03:21:51.366147,172,52.94.235.50,443,3.0,0,1,1,23,1,expected
2018-11-27 03:21:51.386702,172,52.94.235.50,443,3.0,0,1,1,23,1,expected
2018-11-27 03:21:51.414990,172,52.94.235.50,443,3.0,0,1,1,23,1,expected
2018-11-27 03:21:51.436329,172,52.94.235.50,443,3.0,0,1,1,23,1,expected
2018-11-27 03:21:51.457129,172,52.94.235.50,443,3.0,0,1,1,23,1,expected
2018-11-27 03:21:51.457941,174,52.94.235.50,443,3.0,0,1,1,23,1,expected
2018-11-27 03:21:51.480046,74,54.239.26.255,443,1.0,-436978072,0,1,,1,retransmit
2018-11-27 03:21:51.504166,54,52.94.235.50,443,1.0,1530,1,1,,1,ack
2018-11-27 03:21:51.518373,54,54.239.26.255,443,1.0,38,1,1,,1,ack
2018-11-27 03:21:51.525769,312,54.239.26.255,443,3.0,0,1,1,22,1,handshake
2018-11-27 03:21:51.574755,54,54.239.26.255,443,1.0,56,1,1,,1,ack
2018-11-27 03:21:51.575324,105,54.239.26.255,443,3.0,0,1,1,20,1,handshake
2018-11-27 03:21:51.673151,811,54.239.26.255,443,3.0,0,1,1,23,1,expected
2018-11-27 03:21:51.722581,85,54.239.26.255,443,3.0,0,1,1,21,1,handshake
2018-11-27 03:21:51.722759,54,54.239.26.255,443,1.0,148,1,1,,1,ack
2018-11-27 03:21:51.742897,100,52.94.235.50,443,3.0,0,1,1,23,1,syn
2018-11-27 03:21:51.766927,54,54.239.26.255,443,1.0,44,1,1,,1,ack
2018-11-27 03:21:51.774808,54,52.94.235.50,443,1.0,270,1,1,,1,ack
2018-11-27 03:21:51.778069,74,54.239.26.255,443,1.0,-436979791,0,1,,1,retransmit
2018-11-27 03:21:51.786166,54,52.94.235.50,443,1.0,11,1,1,,1,ack
2018-11-27 03:21:51.843300,54,54.239.26.255,443,1.0,65,1,1,,1,ack
2018-11-27 03:21:51.844607,312,54.239.26.255,443,3.0,0,1,1,22,1,handshake
2018-11-27 03:21:51.862256,54,52.94.235.50,443,1.0,76,1,1,,1,ack
2018-11-27 03:21:51.862489,54,52.94.235.50,443,1.0,0,1,1,,1,ack
2018-11-27 03:21:51.862645,54,52.94.235.50,443,1.0,0,1,1,,1,ack
2018-11-27 03:21:51.862829,54,52.94.235.50,443,1.0,0,1,1,,1,ack
2018-11-27 03:21:51.863002,54,52.94.235.50,443,1.0,0,1,1,,1,ack
2018-11-27 03:21:51.863076,54,52.94.235.50,443,1.0,0,1,1,,1,ack
2018-11-27 03:21:51.863173,54,52.94.235.50,443,1.0,0,1,1,,1,ack
2018-11-27 03:21:51.863260,54,52.94.235.50,443,1.0,0,1,1,,1,ack
2018-11-27 03:21:51.863341,54,52.94.235.50,443,1.0,0,1,1,,1,ack
2018-11-27 03:21:51.863413,54,52.94.235.50,443,1.0,0,1,1,,1,ack
2018-11-27 03:21:51.890640,54,54.239.26.255,443,1.0,47,1,1,,1,ack
2018-11-27 03:21:51.896671,105,54.239.26.255,443,3.0,0,1,1,20,1,handshake
2018-11-27 03:21:51.905115,54,52.94.235.50,443,1.0,41,1,1,,1,ack
2018-11-27 03:21:51.905281,54,52.94.235.50,443,1.0,0,1,1,,1,ack
2018-11-27 03:21:51.905355,54,52.94.235.50,443,1.0,0,1,1,,1,ack
2018-11-27 03:21:51.911341,54,52.94.235.50,443,1.0,5,1,1,,1,ack
2018-11-27 03:21:51.911495,54,52.94.235.50,443,1.0,0,1,1,,1,ack
2018-11-27 03:21:51.911575,54,52.94.235.50,443,1.0,0,1,1,,1,ack
2018-11-27 03:21:51.914485,96,52.94.235.50,443,3.0,0,1,1,23,1,expected
2018-11-27 03:21:51.916279,74,54.239.26.255,443,1.0,-436980083,0,1,,1,retransmit
2018-11-27 03:21:51.962370,54,54.239.26.255,443,1.0,46,1,1,,1,ack
2018-11-27 03:21:51.966652,312,54.239.26.255,443,3.0,0,1,1,22,1,handshake
2018-11-27 03:21:51.995422,782,54.239.26.255,443,3.0,0,1,1,23,1,expected
2018-11-27 03:21:52.017135,54,54.239.26.255,443,1.0,54,1,1,,1,ack
2018-11-27 03:21:52.026335,105,54.239.26.255,443,3.0,0,1,1,20,1,handshake
2018-11-27 03:21:52.050408,85,54.239.26.255,443,3.0,0,1,1,21,1,handshake
2018-11-27 03:21:52.050599,54,54.239.26.255,443,1.0,159,1,1,,1,ack
2018-11-27 03:21:52.052339,287,52.94.235.50,443,3.0,0,1,1,23,1,expected
2018-11-27 03:21:52.052357,190,52.94.235.50,443,3.0,0,1,1,23,1,expected
2018-11-27 03:21:52.060424,1514,52.94.235.50,443,1.0,148,1,1,,1,not_relevant
2018-11-27 03:21:52.060461,1514,52.94.235.50,443,1.0,0,1,1,,1,not_relevant
2018-11-27 03:21:52.060478,527,52.94.235.50,443,3.0,0,1,1,23,1,expected
2018-11-27 03:21:52.101465,54,54.239.26.255,443,1.0,50,1,1,,1,ack
2018-11-27 03:21:52.123924,786,54.239.26.255,443,3.0,0,1,1,23,1,expected
2018-11-27 03:21:52.146764,286,52.94.235.50,443,3.0,0,1,1,23,1,expected
2018-11-27 03:21:52.147358,190,52.94.235.50,443,3.0,0,1,1,23,1,expected
2018-11-27 03:21:52.150467,1514,52.94.235.50,443,1.0,90,1,1,,1,not_relevant
2018-11-27 03:21:52.150549,1514,52.94.235.50,443,1.0,0,1,1,,1,not_relevant
2018-11-27 03:21:52.150569,398,52.94.235.50,443,3.0,0,1,1,23,1,expected
2018-11-27 03:21:52.183552,85,54.239.26.255,443,3.0,0,1,1,21,1,handshake
2018-11-27 03:21:52.183749,54,54.239.26.255,443,1.0,166,1,1,,1,ack
2018-11-27 03:21:52.194400,1514,52.94.235.50,443,3.0,0,1,1,23,1,expected
2018-11-27 03:21:52.196223,1514,52.94.235.50,443,1.0,45,1,1,,1,not_relevant
2018-11-27 03:21:52.196297,1514,52.94.235.50,443,1.0,0,1,1,,1,not_relevant
2018-11-27 03:21:52.196320,1011,52.94.235.50,443,3.0,0,1,1,23,1,expected
2018-11-27 03:21:52.219325,54,52.94.235.50,443,1.0,23,1,1,,1,ack
2018-11-27 03:21:52.232129,54,54.239.26.255,443,1.0,48,1,1,,1,ack
2018-11-27 03:21:52.322991,54,52.94.235.50,443,1.0,103,1,1,,1,ack
2018-11-27 03:21:52.354727,54,52.94.235.50,443,1.0,31,1,1,,1,ack
2018-11-27 03:21:52.355326,74,54.239.26.255,443,1.0,-436979854,0,1,,1,retransmit
2018-11-27 03:21:52.401431,54,54.239.26.255,443,1.0,46,1,1,,1,ack
2018-11-27 03:21:52.402756,312,54.239.26.255,443,3.0,0,1,1,22,1,handshake
2018-11-27 03:21:52.411137,54,52.94.235.50,443,1.0,56,1,1,,1,ack
2018-11-27 03:21:52.446436,54,54.239.26.255,443,1.0,45,1,1,,1,ack
2018-11-27 03:21:52.446863,105,54.239.26.255,443,3.0,0,1,1,20,1,handshake
2018-11-27 03:21:52.540865,795,54.239.26.255,443,3.0,0,1,1,23,1,expected
2018-11-27 03:21:52.588803,85,54.239.26.255,443,3.0,0,1,1,21,1,handshake
2018-11-27 03:21:52.589018,54,54.239.26.255,443,1.0,142,1,1,,1,ack
2018-11-27 03:21:52.632512,54,54.239.26.255,443,1.0,43,1,1,,1,ack
2018-11-27 03:21:55.371165,66,99.84.170.19,80,1.0,21874828,1,1,,1,ack
2018-11-27 03:21:55.436534,74,99.84.170.19,80,1.0,21874743,0,1,,1,retransmit
2018-11-27 03:21:55.470505,66,99.84.170.19,80,1.0,33,1,1,,1,ack
2018-11-27 03:21:55.474475,256,99.84.170.19,80,3.0,0,1,1,,1,not_relevant
2018-11-27 03:21:55.502210,66,99.84.170.19,80,1.0,31,1,1,,1,ack
2018-11-27 03:21:55.511457,54,52.216.162.163,80,1.0,21865089,1,1,,1,ack
2018-11-27 03:21:55.546214,74,52.216.107.188,80,1.0,21871814,0,1,,1,retransmit
2018-11-27 03:21:55.593145,54,52.216.107.188,80,1.0,46,1,1,,1,ack
2018-11-27 03:21:55.594028,200,52.216.107.188,80,3.0,0,1,1,,1,not_relevant
2018-11-27 03:21:55.594076,66,99.84.170.19,80,1.0,222,1,1,,1,ack
2018-11-27 03:21:55.641278,54,52.216.107.188,80,1.0,48,1,1,,1,ack
2018-11-27 03:21:55.641452,54,52.216.107.188,80,1.0,0,1,1,,1,ack
2018-11-27 03:21:55.729800,288,52.94.235.50,443,3.0,0,1,1,23,1,expected
2018-11-27 03:21:55.731725,190,52.94.235.50,443,3.0,0,1,1,23,1,expected
2018-11-27 03:21:55.742445,1514,52.94.235.50,443,1.0,3331,1,1,,1,not_relevant
2018-11-27 03:21:55.742492,1514,52.94.235.50,443,1.0,0,1,1,,1,not_relevant
2018-11-27 03:21:55.742526,528,52.94.235.50,443,3.0,0,1,1,23,1,expected
2018-11-27 03:21:55.754036,54,52.216.162.163,80,1.0,242,1,1,,1,ack
2018-11-27 03:21:55.781918,286,52.94.235.50,443,3.0,0,1,1,23,1,expected
2018-11-27 03:21:55.782450,190,52.94.235.50,443,3.0,0,1,1,23,1,expected
2018-11-27 03:21:55.791678,1514,52.94.235.50,443,1.0,49,1,1,,1,not_relevant
2018-11-27 03:21:55.793320,1514,52.94.235.50,443,1.0,1,1,1,,1,not_relevant
2018-11-27 03:21:55.793396,527,52.94.235.50,443,3.0,0,1,1,23,1,expected
2018-11-27 03:21:55.824237,66,99.84.170.19,80,1.0,230,1,1,,1,ack
2018-11-27 03:21:55.914795,54,52.94.235.50,443,1.0,121,1,1,,1,ack
2018-11-27 03:21:55.989630,54,52.94.235.50,443,1.0,74,1,1,,1,ack
2018-11-27 03:21:56.003957,54,52.216.162.163,80,1.0,249,1,1,,1,ack
2018-11-27 03:21:56.236328,642,52.94.235.50,443,3.0,0,1,1,23,1,expected
2018-11-27 03:21:56.236513,190,52.94.235.50,443,3.0,0,1,1,23,1,expected
2018-11-27 03:21:56.238738,1514,52.94.235.50,443,1.0,249,1,1,,1,not_relevant
2018-11-27 03:21:56.238760,1514,52.94.235.50,443,1.0,0,1,1,,1,not_relevant
2018-11-27 03:21:56.238776,402,52.94.235.50,443,3.0,0,1,1,23,1,expected
2018-11-27 03:21:56.287085,66,99.84.170.19,80,1.0,462,1,1,,1,ack
2018-11-27 03:21:56.289944,174,52.94.235.50,443,3.0,0,1,1,23,1,expected
2018-11-27 03:21:56.498464,54,52.94.235.50,443,1.0,259,1,1,,1,ack
2018-11-27 03:21:56.504135,54,52.216.162.163,80,1.0,500,1,1,,1,ack
2018-11-27 03:21:57.215226,66,99.84.170.19,80,1.0,928,1,1,,1,ack
2018-11-27 03:21:57.517552,54,52.216.162.163,80,1.0,1013,1,1,,1,ack
2018-11-27 03:21:59.047519,66,99.84.170.19,80,1.0,1832,1,1,,1,ack
2018-11-27 03:21:59.508443,54,52.216.162.163,80,1.0,1990,1,1,,1,ack
2018-11-27 03:22:02.734487,66,99.84.170.19,80,1.0,3686,1,1,,1,ack
2018-11-27 03:22:03.575454,54,52.216.162.163,80,1.0,4067,1,1,,1,ack
2018-11-27 03:22:05.689285,74,52.94.241.86,80,1.0,21881449,0,1,,1,retransmit
2018-11-27 03:22:05.728060,54,52.94.241.86,80,1.0,38,1,1,,1,ack
2018-11-27 03:22:05.728516,211,52.94.241.86,80,3.0,0,1,1,,1,not_relevant
2018-11-27 03:22:05.775312,54,52.94.241.86,80,1.0,47,1,1,,1,ack
2018-11-27 03:22:10.117287,66,99.84.170.19,80,1.0,7382,1,1,,1,ack
2018-11-27 03:22:11.537527,54,52.216.162.163,80,1.0,7962,1,1,,1,ack
2018-11-27 03:22:11.714271,100,52.94.235.50,443,3.0,0,1,1,23,1,syn
2018-11-27 03:22:18.684200,54,52.216.107.188,80,1.0,23042,1,1,,1,ack
2018-11-27 03:22:24.943904,66,99.84.170.19,80,1.0,14826,1,1,,1,ack
2018-11-27 03:22:27.200573,294,52.94.235.50,443,3.0,0,1,1,23,1,expected
2018-11-27 03:22:27.201212,190,52.94.235.50,443,3.0,0,1,1,23,1,expected
2018-11-27 03:22:27.207444,1514,52.94.235.50,443,1.0,30708,1,1,,1,not_relevant
2018-11-27 03:22:27.207507,1514,52.94.235.50,443,1.0,0,1,1,,1,not_relevant
2018-11-27 03:22:27.208852,703,52.94.235.50,443,3.0,0,1,1,23,1,expected
2018-11-27 03:22:27.262023,74,54.239.26.255,443,1.0,21902499,0,1,,1,retransmit
2018-11-27 03:22:27.263606,1514,52.94.235.50,443,3.0,0,1,1,23,1,expected
2018-11-27 03:22:27.264304,1514,52.94.235.50,443,3.0,0,1,1,23,1,expected
2018-11-27 03:22:27.264347,1514,52.94.235.50,443,1.0,56,1,1,,1,not_relevant
2018-11-27 03:22:27.265816,1514,52.94.235.50,443,1.0,1,1,1,,1,not_relevant
2018-11-27 03:22:27.265859,1485,52.94.235.50,443,3.0,0,1,1,23,1,expected
2018-11-27 03:22:27.303813,54,54.239.26.255,443,1.0,41,1,1,,1,ack
2018-11-27 03:22:27.306932,312,54.239.26.255,443,3.0,0,1,1,22,1,handshake
2018-11-27 03:22:27.336536,1514,52.94.235.50,443,1.0,70,1,1,,1,not_relevant
2018-11-27 03:22:27.336608,1514,52.94.235.50,443,1.0,0,1,1,,1,not_relevant
2018-11-27 03:22:27.336640,1514,52.94.235.50,443,1.0,0,1,1,,1,not_relevant
2018-11-27 03:22:27.336673,412,52.94.235.50,443,3.0,0,1,1,23,1,expected
2018-11-27 03:22:27.347724,54,54.239.26.255,443,1.0,43,1,1,,1,ack
2018-11-27 03:22:27.347979,105,54.239.26.255,443,3.0,0,1,1,20,1,handshake
2018-11-27 03:22:27.357418,172,52.94.235.50,443,3.0,0,1,1,23,1,expected
2018-11-27 03:22:27.381636,172,52.94.235.50,443,3.0,0,1,1,23,1,expected
2018-11-27 03:22:27.385312,172,52.94.235.50,443,3.0,0,1,1,23,1,expected
2018-11-27 03:22:27.404753,54,52.94.235.50,443,1.0,68,1,1,,1,ack
2018-11-27 03:22:27.418012,172,52.94.235.50,443,3.0,0,1,1,23,1,expected
2018-11-27 03:22:27.435584,172,52.94.235.50,443,3.0,0,1,1,23,1,expected
2018-11-27 03:22:27.438256,766,54.239.26.255,443,3.0,0,1,1,23,1,expected
2018-11-27 03:22:27.446270,172,52.94.235.50,443,3.0,0,1,1,23,1,expected
2018-11-27 03:22:27.467298,172,52.94.235.50,443,3.0,0,1,1,23,1,expected
2018-11-27 03:22:27.495372,172,52.94.235.50,443,3.0,0,1,1,23,1,expected
2018-11-27 03:22:27.537939,172,52.94.235.50,443,3.0,0,1,1,23,1,expected
2018-11-27 03:22:27.538082,172,52.94.235.50,443,3.0,0,1,1,23,1,expected
2018-11-27 03:22:27.540328,85,54.239.26.255,443,3.0,0,1,1,21,1,handshake
2018-11-27 03:22:27.540413,54,54.239.26.255,443,1.0,192,1,1,,1,ack
2018-11-27 03:22:27.544446,172,52.94.235.50,443,3.0,0,1,1,23,1,expected
2018-11-27 03:22:27.574484,54,52.216.162.163,80,1.0,16036,1,1,,1,ack
2018-11-27 03:22:27.578709,172,52.94.235.50,443,3.0,0,1,1,23,1,expected
2018-11-27 03:22:27.578905,54,54.239.26.255,443,1.0,38,1,1,,1,ack
2018-11-27 03:22:27.592287,172,52.94.235.50,443,3.0,0,1,1,23,1,expected
2018-11-27 03:22:27.606893,172,52.94.235.50,443,3.0,0,1,1,23,1,expected
2018-11-27 03:22:27.627769,172,52.94.235.50,443,3.0,0,1,1,23,1,expected
2018-11-27 03:22:27.655853,172,52.94.235.50,443,3.0,0,1,1,23,1,expected
2018-11-27 03:22:27.669883,172,52.94.235.50,443,3.0,0,1,1,23,1,expected
2018-11-27 03:22:27.690447,172,52.94.235.50,443,3.0,0,1,1,23,1,expected
2018-11-27 03:22:27.704567,172,52.94.235.50,443,3.0,0,1,1,23,1,expected
2018-11-27 03:22:27.739501,172,52.94.235.50,443,3.0,0,1,1,23,1,expected
2018-11-27 03:22:27.753628,172,52.94.235.50,443,3.0,0,1,1,23,1,expected
2018-11-27 03:22:27.758144,287,52.94.235.50,443,3.0,0,1,1,23,1,expected
2018-11-27 03:22:27.758630,190,52.94.235.50,443,3.0,0,1,1,23,1,expected
2018-11-27 03:22:27.759949,1514,52.94.235.50,443,1.0,355,1,1,,1,not_relevant
2018-11-27 03:22:27.785388,1514,52.94.235.50,443,1.0,25,1,1,,1,not_relevant
2018-11-27 03:22:27.798950,762,52.94.235.50,443,3.0,0,1,1,23,1,expected
2018-11-27 03:22:27.816572,172,52.94.235.50,443,3.0,0,1,1,23,1,expected
2018-11-27 03:22:27.830615,172,52.94.235.50,443,3.0,0,1,1,23,1,expected
2018-11-27 03:22:27.852044,172,52.94.235.50,443,3.0,0,1,1,23,1,expected
2018-11-27 03:22:27.865662,172,52.94.235.50,443,3.0,0,1,1,23,1,expected
2018-11-27 03:22:27.893669,172,52.94.235.50,443,3.0,0,1,1,23,1,expected
2018-11-27 03:22:27.914538,172,52.94.235.50,443,3.0,0,1,1,23,1,expected
2018-11-27 03:22:27.928512,172,52.94.235.50,443,3.0,0,1,1,23,1,expected
2018-11-27 03:22:27.942507,172,52.94.235.50,443,3.0,0,1,1,23,1,expected
2018-11-27 03:22:27.977674,172,52.94.235.50,443,3.0,0,1,1,23,1,expected
2018-11-27 03:22:27.988327,54,52.94.235.50,443,1.0,202,1,1,,1,ack
2018-11-27 03:22:27.992228,172,52.94.235.50,443,3.0,0,1,1,23,1,expected
2018-11-27 03:22:28.005670,172,52.94.235.50,443,3.0,0,1,1,23,1,expected
2018-11-27 03:22:28.028119,172,52.94.235.50,443,3.0,0,1,1,23,1,expected
2018-11-27 03:22:28.054803,172,52.94.235.50,443,3.0,0,1,1,23,1,expected
2018-11-27 03:22:28.075822,172,52.94.235.50,443,3.0,0,1,1,23,1,expected
2018-11-27 03:22:28.094562,172,52.94.235.50,443,3.0,0,1,1,23,1,expected
2018-11-27 03:22:28.104055,172,52.94.235.50,443,3.0,0,1,1,23,1,expected
2018-11-27 03:22:28.142241,172,52.94.235.50,443,3.0,0,1,1,23,1,expected
2018-11-27 03:22:28.153173,172,52.94.235.50,443,3.0,0,1,1,23,1,expected
2018-11-27 03:22:28.166668,172,52.94.235.50,443,3.0,0,1,1,23,1,expected
2018-11-27 03:22:28.187557,172,52.94.235.50,443,3.0,0,1,1,23,1,expected
2018-11-27 03:22:28.243382,172,52.94.235.50,443,3.0,0,1,1,23,1,expected
2018-11-27 03:22:28.243536,172,52.94.235.50,443,3.0,0,1,1,23,1,expected
2018-11-27 03:22:28.250606,172,52.94.235.50,443,3.0,0,1,1,23,1,expected
2018-11-27 03:22:28.265040,172,52.94.235.50,443,3.0,0,1,1,23,1,expected
2018-11-27 03:22:28.299651,172,52.94.235.50,443,3.0,0,1,1,23,1,expected
2018-11-27 03:22:28.313639,172,52.94.235.50,443,3.0,0,1,1,23,1,expected
2018-11-27 03:22:28.328216,172,52.94.235.50,443,3.0,0,1,1,23,1,expected
2018-11-27 03:22:28.342057,172,52.94.235.50,443,3.0,0,1,1,23,1,expected
2018-11-27 03:22:28.377035,172,52.94.235.50,443,3.0,0,1,1,23,1,expected
2018-11-27 03:22:28.390789,172,52.94.235.50,443,3.0,0,1,1,23,1,expected
2018-11-27 03:22:28.412535,172,52.94.235.50,443,3.0,0,1,1,23,1,expected
2018-11-27 03:22:28.425583,172,52.94.235.50,443,3.0,0,1,1,23,1,expected
2018-11-27 03:22:28.454062,172,52.94.235.50,443,3.0,0,1,1,23,1,expected
2018-11-27 03:22:28.475538,172,52.94.235.50,443,3.0,0,1,1,23,1,expected
2018-11-27 03:22:28.489244,172,52.94.235.50,443,3.0,0,1,1,23,1,expected
2018-11-27 03:22:28.502731,172,52.94.235.50,443,3.0,0,1,1,23,1,expected
2018-11-27 03:22:28.537592,172,52.94.235.50,443,3.0,0,1,1,23,1,expected
2018-11-27 03:22:28.551494,172,52.94.235.50,443,3.0,0,1,1,23,1,expected
2018-11-27 03:22:28.565967,172,52.94.235.50,443,3.0,0,1,1,23,1,expected
2018-11-27 03:22:28.586766,172,52.94.235.50,443,3.0,0,1,1,23,1,expected
2018-11-27 03:22:28.614918,172,52.94.235.50,443,3.0,0,1,1,23,1,expected
2018-11-27 03:22:28.638481,172,52.94.235.50,443,3.0,0,1,1,23,1,expected
2018-11-27 03:22:28.650221,172,52.94.235.50,443,3.0,0,1,1,23,1,expected
2018-11-27 03:22:28.664337,172,52.94.235.50,443,3.0,0,1,1,23,1,expected
2018-11-27 03:22:28.698979,172,52.94.235.50,443,3.0,0,1,1,23,1,expected
2018-11-27 03:22:28.712356,172,52.94.235.50,443,3.0,0,1,1,23,1,expected
2018-11-27 03:22:28.726511,172,52.94.235.50,443,3.0,0,1,1,23,1,expected
2018-11-27 03:22:28.748020,172,52.94.235.50,443,3.0,0,1,1,23,1,expected
2018-11-27 03:22:28.775605,172,52.94.235.50,443,3.0,0,1,1,23,1,expected
2018-11-27 03:22:28.789674,172,52.94.235.50,443,3.0,0,1,1,23,1,expected
2018-11-27 03:22:28.811086,172,52.94.235.50,443,3.0,0,1,1,23,1,expected
2018-11-27 03:22:28.824724,172,52.94.235.50,443,3.0,0,1,1,23,1,expected
2018-11-27 03:22:28.859883,172,52.94.235.50,443,3.0,0,1,1,23,1,expected
2018-11-27 03:22:28.873790,172,52.94.235.50,443,3.0,0,1,1,23,1,expected
2018-11-27 03:22:28.887628,172,52.94.235.50,443,3.0,0,1,1,23,1,expected
2018-11-27 03:22:28.901699,172,52.94.235.50,443,3.0,0,1,1,23,1,expected
2018-11-27 03:22:28.943432,172,52.94.235.50,443,3.0,0,1,1,23,1,expected
2018-11-27 03:22:28.950596,172,52.94.235.50,443,3.0,0,1,1,23,1,expected
2018-11-27 03:22:28.971672,172,52.94.235.50,443,3.0,0,1,1,23,1,expected
2018-11-27 03:22:28.986034,172,52.94.235.50,443,3.0,0,1,1,23,1,expected
2018-11-27 03:22:29.013391,172,52.94.235.50,443,3.0,0,1,1,23,1,expected
2018-11-27 03:22:29.034637,172,52.94.235.50,443,3.0,0,1,1,23,1,expected
2018-11-27 03:22:29.049082,172,52.94.235.50,443,3.0,0,1,1,23,1,expected
2018-11-27 03:22:29.062501,172,52.94.235.50,443,3.0,0,1,1,23,1,expected
2018-11-27 03:22:29.098104,172,52.94.235.50,443,3.0,0,1,1,23,1,expected
2018-11-27 03:22:29.112000,172,52.94.235.50,443,3.0,0,1,1,23,1,expected
2018-11-27 03:22:29.125639,172,52.94.235.50,443,3.0,0,1,1,23,1,expected
2018-11-27 03:22:29.148679,172,52.94.235.50,443,3.0,0,1,1,23,1,expected
2018-11-27 03:22:29.174742,172,52.94.235.50,443,3.0,0,1,1,23,1,expected
2018-11-27 03:22:29.195594,172,52.94.235.50,443,3.0,0,1,1,23,1,expected
2018-11-27 03:22:29.210320,172,52.94.235.50,443,3.0,0,1,1,23,1,expected
2018-11-27 03:22:29.223703,172,52.94.235.50,443,3.0,0,1,1,23,1,expected
2018-11-27 03:22:29.260975,172,52.94.235.50,443,3.0,0,1,1,23,1,expected
2018-11-27 03:22:29.275834,172,52.94.235.50,443,3.0,0,1,1,23,1,expected
2018-11-27 03:22:29.292335,172,52.94.235.50,443,3.0,0,1,1,23,1,expected
2018-11-27 03:22:29.310348,172,52.94.235.50,443,3.0,0,1,1,23,1,expected
2018-11-27 03:22:29.338548,172,52.94.235.50,443,3.0,0,1,1,23,1,expected
2018-11-27 03:22:29.351937,172,52.94.235.50,443,3.0,0,1,1,23,1,expected
2018-11-27 03:22:29.370574,172,52.94.235.50,443,3.0,0,1,1,23,1,expected
2018-11-27 03:22:29.384634,172,52.94.235.50,443,3.0,0,1,1,23,1,expected
2018-11-27 03:22:29.419484,172,52.94.235.50,443,3.0,0,1,1,23,1,expected
2018-11-27 03:22:29.434429,172,52.94.235.50,443,3.0,0,1,1,23,1,expected
2018-11-27 03:22:29.447636,172,52.94.235.50,443,3.0,0,1,1,23,1,expected
2018-11-27 03:22:29.461864,172,52.94.235.50,443,3.0,0,1,1,23,1,expected
2018-11-27 03:22:29.496600,172,52.94.235.50,443,3.0,0,1,1,23,1,expected
2018-11-27 03:22:29.510623,172,52.94.235.50,443,3.0,0,1,1,23,1,expected
2018-11-27 03:22:29.532081,172,52.94.235.50,443,3.0,0,1,1,23,1,expected
2018-11-27 03:22:29.546523,172,52.94.235.50,443,3.0,0,1,1,23,1,expected
2018-11-27 03:22:29.580221,172,52.94.235.50,443,3.0,0,1,1,23,1,expected
2018-11-27 03:22:29.589638,136,52.94.235.50,443,3.0,0,1,1,23,1,expected
2018-11-27 03:22:29.589925,92,52.94.235.50,443,3.0,0,1,1,23,1,expected
2018-11-27 03:22:29.644038,54,52.94.235.50,443,1.0,1655,1,1,,1,ack
2018-11-27 03:22:29.648008,74,54.239.26.255,443,1.0,2227964,0,1,,1,retransmit
2018-11-27 03:22:29.689244,54,54.239.26.255,443,1.0,41,1,1,,1,ack
2018-11-27 03:22:29.691659,312,54.239.26.255,443,3.0,0,1,1,22,1,handshake
2018-11-27 03:22:29.733503,54,54.239.26.255,443,1.0,44,1,1,,1,ack
2018-11-27 03:22:29.734001,105,54.239.26.255,443,3.0,0,1,1,20,1,handshake
2018-11-27 03:22:29.827652,811,54.239.26.255,443,3.0,0,1,1,23,1,expected
2018-11-27 03:22:29.877256,85,54.239.26.255,443,3.0,0,1,1,21,1,handshake
2018-11-27 03:22:29.877530,54,54.239.26.255,443,1.0,144,1,1,,1,ack
2018-11-27 03:22:29.916895,54,54.239.26.255,443,1.0,39,1,1,,1,ack
2018-11-27 03:22:30.066451,54,52.94.235.50,443,1.0,422,1,1,,1,ack
2018-11-27 03:22:30.073146,74,54.239.26.255,443,1.0,2228358,0,1,,1,retransmit
2018-11-27 03:22:30.121661,54,54.239.26.255,443,1.0,48,1,1,,1,ack
2018-11-27 03:22:30.122996,312,54.239.26.255,443,3.0,0,1,1,22,1,handshake
2018-11-27 03:22:30.135867,288,52.94.235.50,443,3.0,0,1,1,23,1,expected
2018-11-27 03:22:30.138538,190,52.94.235.50,443,3.0,0,1,1,23,1,expected
2018-11-27 03:22:30.140761,1514,52.94.235.50,443,1.0,74,1,1,,1,not_relevant
2018-11-27 03:22:30.140785,1514,52.94.235.50,443,1.0,0,1,1,,1,not_relevant
2018-11-27 03:22:30.140804,522,52.94.235.50,443,3.0,0,1,1,23,1,expected
2018-11-27 03:22:30.147365,54,52.94.235.50,443,1.0,6,1,1,,1,ack
2018-11-27 03:22:30.147453,54,52.94.235.50,443,1.0,0,1,1,,1,ack
2018-11-27 03:22:30.147530,54,52.94.235.50,443,1.0,0,1,1,,1,ack
2018-11-27 03:22:30.148080,54,52.94.235.50,443,1.0,0,1,1,,1,ack
2018-11-27 03:22:30.148262,54,52.94.235.50,443,1.0,0,1,1,,1,ack
2018-11-27 03:22:30.149122,54,52.94.235.50,443,1.0,0,1,1,,1,ack
2018-11-27 03:22:30.149299,54,52.94.235.50,443,1.0,0,1,1,,1,ack
2018-11-27 03:22:30.150430,54,52.94.235.50,443,1.0,1,1,1,,1,ack
2018-11-27 03:22:30.150602,54,52.94.235.50,443,1.0,0,1,1,,1,ack
2018-11-27 03:22:30.168405,54,54.239.26.255,443,1.0,46,1,1,,1,ack
2018-11-27 03:22:30.174383,105,54.239.26.255,443,3.0,0,1,1,20,1,handshake
2018-11-27 03:22:30.182785,54,52.94.235.50,443,1.0,32,1,1,,1,ack
2018-11-27 03:22:30.194662,54,52.94.235.50,443,1.0,11,1,1,,1,ack
2018-11-27 03:22:30.195485,54,52.94.235.50,443,1.0,0,1,1,,1,ack
2018-11-27 03:22:30.196951,54,52.94.235.50,443,1.0,1,1,1,,1,ack
2018-11-27 03:22:30.197179,54,52.94.235.50,443,1.0,0,1,1,,1,ack
2018-11-27 03:22:30.203925,96,52.94.235.50,443,3.0,0,1,1,23,1,expected
2018-11-27 03:22:30.223202,74,54.239.26.255,443,1.0,-1335104,0,1,,1,retransmit
2018-11-27 03:22:30.267417,778,54.239.26.255,443,3.0,0,1,1,23,1,expected
2018-11-27 03:22:30.267644,54,54.239.26.255,443,1.0,44,1,1,,1,ack
2018-11-27 03:22:30.269030,312,54.239.26.255,443,3.0,0,1,1,22,1,handshake
2018-11-27 03:22:30.308363,54,52.94.235.50,443,1.0,111,1,1,,1,ack
2018-11-27 03:22:30.344494,54,54.239.26.255,443,1.0,76,1,1,,1,ack
2018-11-27 03:22:30.344785,105,54.239.26.255,443,3.0,0,1,1,20,1,handshake
2018-11-27 03:22:30.346692,85,54.239.26.255,443,3.0,0,1,1,21,1,handshake
2018-11-27 03:22:30.346932,54,54.239.26.255,443,1.0,178,1,1,,1,ack
2018-11-27 03:22:30.387969,54,54.239.26.255,443,1.0,41,1,1,,1,ack
2018-11-27 03:22:30.419229,288,52.94.235.50,443,3.0,0,1,1,23,1,expected
2018-11-27 03:22:30.429630,190,52.94.235.50,443,3.0,0,1,1,23,1,expected
2018-11-27 03:22:30.435253,1514,52.94.235.50,443,1.0,126,1,1,,1,not_relevant
2018-11-27 03:22:30.435307,1514,52.94.235.50,443,1.0,0,1,1,,1,not_relevant
2018-11-27 03:22:30.435323,527,52.94.235.50,443,3.0,0,1,1,23,1,expected
2018-11-27 03:22:30.439553,784,54.239.26.255,443,3.0,0,1,1,23,1,expected
2018-11-27 03:22:30.498243,85,54.239.26.255,443,3.0,0,1,1,21,1,handshake
2018-11-27 03:22:30.498369,54,54.239.26.255,443,1.0,153,1,1,,1,ack
2018-11-27 03:22:30.528599,289,52.94.235.50,443,3.0,0,1,1,23,1,expected
2018-11-27 03:22:30.529135,190,52.94.235.50,443,3.0,0,1,1,23,1,expected
2018-11-27 03:22:30.530517,1514,52.94.235.50,443,1.0,95,1,1,,1,not_relevant
2018-11-27 03:22:30.530997,1514,52.94.235.50,443,1.0,0,1,1,,1,not_relevant
2018-11-27 03:22:30.531020,403,52.94.235.50,443,3.0,0,1,1,23,1,expected
2018-11-27 03:22:30.552794,54,54.239.26.255,443,1.0,54,1,1,,1,ack
2018-11-27 03:22:30.570057,74,54.239.26.255,443,1.0,-1336477,0,1,,1,retransmit
2018-11-27 03:22:30.572967,174,52.94.235.50,443,3.0,0,1,1,23,1,expected
2018-11-27 03:22:30.607496,54,52.94.235.50,443,1.0,76,1,1,,1,ack
2018-11-27 03:22:30.615761,54,54.239.26.255,443,1.0,45,1,1,,1,ack
2018-11-27 03:22:30.619584,54,52.94.235.50,443,1.0,12,1,1,,1,ack
2018-11-27 03:22:30.622004,312,54.239.26.255,443,3.0,0,1,1,22,1,handshake
2018-11-27 03:22:30.670458,54,54.239.26.255,443,1.0,54,1,1,,1,ack
2018-11-27 03:22:30.673990,105,54.239.26.255,443,3.0,0,1,1,20,1,handshake
2018-11-27 03:22:30.765707,796,54.239.26.255,443,3.0,0,1,1,23,1,expected
2018-11-27 03:22:30.813394,85,54.239.26.255,443,3.0,0,1,1,21,1,handshake
2018-11-27 03:22:30.817637,54,52.94.235.50,443,1.0,198,1,1,,1,ack
2018-11-27 03:22:30.818065,54,54.239.26.255,443,1.0,147,1,1,,1,ack
2018-11-27 03:22:30.855398,54,54.239.26.255,443,1.0,37,1,1,,1,ack
2018-11-27 03:22:34.182804,286,52.94.235.50,443,3.0,0,1,1,23,1,expected
2018-11-27 03:22:34.183014,190,52.94.235.50,443,3.0,0,1,1,23,1,expected
2018-11-27 03:22:34.184937,1514,52.94.235.50,443,1.0,3367,1,1,,1,not_relevant
2018-11-27 03:22:34.186465,1514,52.94.235.50,443,1.0,1,1,1,,1,not_relevant
2018-11-27 03:22:34.186498,407,52.94.235.50,443,3.0,0,1,1,23,1,expected
2018-11-27 03:22:34.307640,1514,52.94.235.50,443,3.0,0,1,1,23,1,expected
2018-11-27 03:22:34.314547,1514,52.94.235.50,443,1.0,128,1,1,,1,not_relevant
2018-11-27 03:22:34.314904,1514,52.94.235.50,443,1.0,0,1,1,,1,not_relevant
2018-11-27 03:22:34.315779,1016,52.94.235.50,443,3.0,0,1,1,23,1,expected
2018-11-27 03:22:34.356285,54,52.94.235.50,443,1.0,41,1,1,,1,ack
2018-11-27 03:22:34.479360,54,52.94.235.50,443,1.0,123,1,1,,1,ack
2018-11-27 03:22:34.479568,54,52.94.235.50,443,1.0,0,1,1,,1,ack
2018-11-27 03:22:34.579448,54,52.94.235.50,443,1.0,99,1,1,,1,ack
2018-11-27 03:22:34.579676,54,52.94.235.50,443,1.0,0,1,1,,1,ack
2018-11-27 03:22:34.686234,288,52.94.235.50,443,3.0,0,1,1,23,1,expected
2018-11-27 03:22:34.686413,190,52.94.235.50,443,3.0,0,1,1,23,1,expected
2018-11-27 03:22:34.686781,1514,52.94.235.50,443,1.0,107,1,1,,1,not_relevant
2018-11-27 03:22:34.686799,1514,52.94.235.50,443,1.0,0,1,1,,1,not_relevant
2018-11-27 03:22:34.686815,402,52.94.235.50,443,3.0,0,1,1,23,1,expected
2018-11-27 03:22:34.686910,136,52.94.235.50,443,3.0,0,1,1,23,1,expected
2018-11-27 03:22:34.690110,92,52.94.235.50,443,3.0,0,1,1,23,1,expected
2018-11-27 03:22:34.852289,54,52.94.235.50,443,1.0,165,1,1,,1,ack
2018-11-27 03:22:34.852454,54,52.94.235.50,443,1.0,0,1,1,,1,ack
2018-11-27 03:22:41.708106,54,52.94.235.50,443,1.0,6855,1,1,,1,ack
2018-11-27 03:22:41.709359,100,52.94.235.50,443,3.0,0,1,1,23,1,syn
2018-11-27 03:22:54.376305,66,99.84.170.19,80,1.0,29432,1,1,,1,ack
2018-11-27 03:22:59.658052,54,52.216.162.163,80,1.0,32083,1,1,,1,ack
