2018-11-26 21:27:05.524840,54,52.94.235.50,443,1.0,-22974968,1,1,,1,ack
2018-11-26 21:27:05.525026,100,52.94.235.50,443,3.0,0,1,1,23,1,syn
2018-11-26 21:27:10.020320,641,52.94.235.50,443,3.0,0,1,1,23,1,expected
2018-11-26 21:27:10.021699,190,52.94.235.50,443,3.0,0,1,1,23,1,expected
2018-11-26 21:27:10.026934,1514,52.94.235.50,443,1.0,4502,1,1,,1,not_relevant
2018-11-26 21:27:10.026983,1514,52.94.235.50,443,1.0,0,1,1,,1,not_relevant
2018-11-26 21:27:10.027049,256,52.94.235.50,443,3.0,0,1,1,23,1,expected
2018-11-26 21:27:10.027856,132,52.94.235.50,443,3.0,0,1,1,23,1,expected
2018-11-26 21:27:10.059253,74,54.239.29.0,443,1.0,-22753721,0,1,,1,retransmit
2018-11-26 21:27:10.059830,1514,52.94.235.50,443,3.0,0,1,1,23,1,expected
2018-11-26 21:27:10.064209,1514,52.94.235.50,443,3.0,0,1,1,23,1,expected
2018-11-26 21:27:10.071900,1514,52.94.235.50,443,1.0,44,1,1,,1,not_relevant
2018-11-26 21:27:10.073454,1514,52.94.235.50,443,1.0,1,1,1,,1,not_relevant
2018-11-26 21:27:10.073499,968,52.94.235.50,443,3.0,0,1,1,23,1,expected
2018-11-26 21:27:10.101160,54,54.239.29.0,443,1.0,41,1,1,,1,ack
2018-11-26 21:27:10.102467,312,54.239.29.0,443,3.0,0,1,1,22,1,handshake
2018-11-26 21:27:10.137097,1514,52.94.235.50,443,1.0,63,1,1,,1,not_relevant
2018-11-26 21:27:10.139436,1514,52.94.235.50,443,1.0,2,1,1,,1,not_relevant
2018-11-26 21:27:10.139498,1514,52.94.235.50,443,1.0,0,1,1,,1,not_relevant
2018-11-26 21:27:10.139808,252,52.94.235.50,443,3.0,0,1,1,23,1,expected
2018-11-26 21:27:10.149900,54,54.239.29.0,443,1.0,48,1,1,,1,ack
2018-11-26 21:27:10.163882,105,54.239.29.0,443,3.0,0,1,1,20,1,handshake
2018-11-26 21:27:10.164083,172,52.94.235.50,443,3.0,0,1,1,23,1,expected
2018-11-26 21:27:10.165397,172,52.94.235.50,443,3.0,0,1,1,23,1,expected
2018-11-26 21:27:10.186083,172,52.94.235.50,443,3.0,0,1,1,23,1,expected
2018-11-26 21:27:10.200913,172,52.94.235.50,443,3.0,0,1,1,23,1,expected
2018-11-26 21:27:10.235178,172,52.94.235.50,443,3.0,0,1,1,23,1,expected
2018-11-26 21:27:10.248490,765,54.239.29.0,443,3.0,0,1,1,23,1,expected
2018-11-26 21:27:10.248747,172,52.94.235.50,443,3.0,0,1,1,23,1,expected
2018-11-26 21:27:10.258867,54,52.94.235.50,443,1.0,119,1,1,,1,ack
2018-11-26 21:27:10.262887,172,52.94.235.50,443,3.0,0,1,1,23,1,expected
2018-11-26 21:27:10.277100,172,52.94.235.50,443,3.0,0,1,1,23,1,expected
2018-11-26 21:27:10.294126,85,54.239.29.0,443,3.0,0,1,1,21,1,handshake
2018-11-26 21:27:10.294305,54,54.239.29.0,443,1.0,144,1,1,,1,ack
2018-11-26 21:27:10.311718,172,52.94.235.50,443,3.0,0,1,1,23,1,expected
2018-11-26 21:27:10.325715,172,52.94.235.50,443,3.0,0,1,1,23,1,expected
2018-11-26 21:27:10.332578,54,54.239.29.0,443,1.0,38,1,1,,1,ack
2018-11-26 21:27:10.347123,172,52.94.235.50,443,3.0,0,1,1,23,1,expected
2018-11-26 21:27:10.360802,172,52.94.235.50,443,3.0,0,1,1,23,1,expected
2018-11-26 21:27:10.424875,172,52.94.235.50,443,3.0,0,1,1,23,1,expected
2018-11-26 21:27:10.425052,172,52.94.235.50,443,3.0,0,1,1,23,1,expected
2018-11-26 21:27:10.425136,172,52.94.235.50,443,3.0,0,1,1,23,1,expected
2018-11-26 21:27:10.437633,172,52.94.235.50,443,3.0,0,1,1,23,1,expected
2018-11-26 21:27:10.472900,172,52.94.235.50,443,3.0,0,1,1,23,1,expected
2018-11-26 21:27:10.487315,172,52.94.235.50,443,3.0,0,1,1,23,1,expected
2018-11-26 21:27:10.500944,172,52.94.235.50,443,3.0,0,1,1,23,1,expected
2018-11-26 21:27:10.522712,172,52.94.235.50,443,3.0,0,1,1,23,1,expected
2018-11-26 21:27:10.526906,287,52.94.235.50,443,3.0,0,1,1,23,1,expected
2018-11-26 21:27:10.527423,190,52.94.235.50,443,3.0,0,1,1,23,1,expected
2018-11-26 21:27:10.530118,1514,52.94.235.50,443,1.0,271,1,1,,1,not_relevant
2018-11-26 21:27:10.540866,1514,52.94.235.50,443,3.0,0,1,1,23,1,expected
2018-11-26 21:27:10.541072,79,52.94.235.50,443,3.0,0,1,1,23,1,expected
2018-11-26 21:27:10.570501,172,52.94.235.50,443,3.0,0,1,1,23,1,expected
2018-11-26 21:27:10.570867,172,52.94.235.50,443,3.0,0,1,1,23,1,expected
2018-11-26 21:27:10.589847,172,52.94.235.50,443,3.0,0,1,1,23,1,expected
2018-11-26 21:27:10.598968,172,52.94.235.50,443,3.0,0,1,1,23,1,expected
2018-11-26 21:27:10.634053,172,52.94.235.50,443,3.0,0,1,1,23,1,expected
2018-11-26 21:27:10.648161,172,52.94.235.50,443,3.0,0,1,1,23,1,expected
2018-11-26 21:27:10.663873,172,52.94.235.50,443,3.0,0,1,1,23,1,expected
2018-11-26 21:27:10.682886,172,52.94.235.50,443,3.0,0,1,1,23,1,expected
2018-11-26 21:27:10.686402,54,52.94.235.50,443,1.0,156,1,1,,1,ack
2018-11-26 21:27:10.711179,172,52.94.235.50,443,3.0,0,1,1,23,1,expected
2018-11-26 21:27:10.725072,172,52.94.235.50,443,3.0,0,1,1,23,1,expected
2018-11-26 21:27:10.745739,172,52.94.235.50,443,3.0,0,1,1,23,1,expected
2018-11-26 21:27:10.760126,172,52.94.235.50,443,3.0,0,1,1,23,1,expected
2018-11-26 21:27:10.794748,172,52.94.235.50,443,3.0,0,1,1,23,1,expected
2018-11-26 21:27:10.808682,172,52.94.235.50,443,3.0,0,1,1,23,1,expected
2018-11-26 21:27:10.823194,172,52.94.235.50,443,3.0,0,1,1,23,1,expected
2018-11-26 21:27:10.836896,172,52.94.235.50,443,3.0,0,1,1,23,1,expected
2018-11-26 21:27:10.871759,172,52.94.235.50,443,3.0,0,1,1,23,1,expected
2018-11-26 21:27:10.886064,172,52.94.235.50,443,3.0,0,1,1,23,1,expected
2018-11-26 21:27:10.906869,172,52.94.235.50,443,3.0,0,1,1,23,1,expected
2018-11-26 21:27:10.920858,172,52.94.235.50,443,3.0,0,1,1,23,1,expected
2018-11-26 21:27:10.949234,172,52.94.235.50,443,3.0,0,1,1,23,1,expected
2018-11-26 21:27:10.971051,172,52.94.235.50,443,3.0,0,1,1,23,1,expected
2018-11-26 21:27:10.984180,172,52.94.235.50,443,3.0,0,1,1,23,1,expected
2018-11-26 21:27:10.999461,172,52.94.235.50,443,3.0,0,1,1,23,1,expected
2018-11-26 21:27:11.032889,172,52.94.235.50,443,3.0,0,1,1,23,1,expected
2018-11-26 21:27:11.046957,172,52.94.235.50,443,3.0,0,1,1,23,1,expected
2018-11-26 21:27:11.062850,172,52.94.235.50,443,3.0,0,1,1,23,1,expected
2018-11-26 21:27:11.081943,172,52.94.235.50,443,3.0,0,1,1,23,1,expected
2018-11-26 21:27:11.124986,172,52.94.235.50,443,3.0,0,1,1,23,1,expected
2018-11-26 21:27:11.131172,172,52.94.235.50,443,3.0,0,1,1,23,1,expected
2018-11-26 21:27:11.145701,172,52.94.235.50,443,3.0,0,1,1,23,1,expected
2018-11-26 21:27:11.158886,172,52.94.235.50,443,3.0,0,1,1,23,1,expected
2018-11-26 21:27:11.194273,172,52.94.235.50,443,3.0,0,1,1,23,1,expected
2018-11-26 21:27:11.208811,172,52.94.235.50,443,3.0,0,1,1,23,1,expected
2018-11-26 21:27:11.222179,172,52.94.235.50,443,3.0,0,1,1,23,1,expected
2018-11-26 21:27:11.243279,172,52.94.235.50,443,3.0,0,1,1,23,1,expected
2018-11-26 21:27:11.270878,172,52.94.235.50,443,3.0,0,1,1,23,1,expected
2018-11-26 21:27:11.292279,172,52.94.235.50,443,3.0,0,1,1,23,1,expected
2018-11-26 21:27:11.306419,172,52.94.235.50,443,3.0,0,1,1,23,1,expected
2018-11-26 21:27:11.319964,172,52.94.235.50,443,3.0,0,1,1,23,1,expected
2018-11-26 21:27:11.354711,172,52.94.235.50,443,3.0,0,1,1,23,1,expected
2018-11-26 21:27:11.369847,172,52.94.235.50,443,3.0,0,1,1,23,1,expected
2018-11-26 21:27:11.382928,172,52.94.235.50,443,3.0,0,1,1,23,1,expected
2018-11-26 21:27:11.396809,172,52.94.235.50,443,3.0,0,1,1,23,1,expected
2018-11-26 21:27:11.437104,172,52.94.235.50,443,3.0,0,1,1,23,1,expected
2018-11-26 21:27:11.450833,172,52.94.235.50,443,3.0,0,1,1,23,1,expected
2018-11-26 21:27:11.466803,172,52.94.235.50,443,3.0,0,1,1,23,1,expected
2018-11-26 21:27:11.482881,172,52.94.235.50,443,3.0,0,1,1,23,1,expected
2018-11-26 21:27:11.508929,172,52.94.235.50,443,3.0,0,1,1,23,1,expected
2018-11-26 21:27:11.529902,172,52.94.235.50,443,3.0,0,1,1,23,1,expected
2018-11-26 21:27:11.543440,172,52.94.235.50,443,3.0,0,1,1,23,1,expected
2018-11-26 21:27:11.557338,172,52.94.235.50,443,3.0,0,1,1,23,1,expected
2018-11-26 21:27:11.591866,172,52.94.235.50,443,3.0,0,1,1,23,1,expected
2018-11-26 21:27:11.606268,172,52.94.235.50,443,3.0,0,1,1,23,1,expected
2018-11-26 21:27:11.626561,172,52.94.235.50,443,3.0,0,1,1,23,1,expected
2018-11-26 21:27:11.640499,172,52.94.235.50,443,3.0,0,1,1,23,1,expected
2018-11-26 21:27:11.679821,172,52.94.235.50,443,3.0,0,1,1,23,1,expected
2018-11-26 21:27:11.688987,172,52.94.235.50,443,3.0,0,1,1,23,1,expected
2018-11-26 21:27:11.702742,172,52.94.235.50,443,3.0,0,1,1,23,1,expected
2018-11-26 21:27:11.717003,172,52.94.235.50,443,3.0,0,1,1,23,1,expected
2018-11-26 21:27:11.751727,172,52.94.235.50,443,3.0,0,1,1,23,1,expected
2018-11-26 21:27:11.766030,172,52.94.235.50,443,3.0,0,1,1,23,1,expected
2018-11-26 21:27:11.788613,172,52.94.235.50,443,3.0,0,1,1,23,1,expected
2018-11-26 21:27:11.824804,172,52.94.235.50,443,3.0,0,1,1,23,1,expected
2018-11-26 21:27:11.828830,172,52.94.235.50,443,3.0,0,1,1,23,1,expected
2018-11-26 21:27:11.849751,172,52.94.235.50,443,3.0,0,1,1,23,1,expected
2018-11-26 21:27:11.863589,172,52.94.235.50,443,3.0,0,1,1,23,1,expected
2018-11-26 21:27:11.877647,172,52.94.235.50,443,3.0,0,1,1,23,1,expected
2018-11-26 21:27:11.912078,172,52.94.235.50,443,3.0,0,1,1,23,1,expected
2018-11-26 21:27:11.926158,172,52.94.235.50,443,3.0,0,1,1,23,1,expected
2018-11-26 21:27:11.946902,172,52.94.235.50,443,3.0,0,1,1,23,1,expected
2018-11-26 21:27:11.961112,172,52.94.235.50,443,3.0,0,1,1,23,1,expected
2018-11-26 21:27:11.995513,172,52.94.235.50,443,3.0,0,1,1,23,1,expected
2018-11-26 21:27:12.009727,172,52.94.235.50,443,3.0,0,1,1,23,1,expected
2018-11-26 21:27:12.023972,172,52.94.235.50,443,3.0,0,1,1,23,1,expected
2018-11-26 21:27:12.037792,172,52.94.235.50,443,3.0,0,1,1,23,1,expected
2018-11-26 21:27:12.072916,172,52.94.235.50,443,3.0,0,1,1,23,1,expected
2018-11-26 21:27:12.086976,172,52.94.235.50,443,3.0,0,1,1,23,1,expected
2018-11-26 21:27:12.101236,172,52.94.235.50,443,3.0,0,1,1,23,1,expected
2018-11-26 21:27:12.122062,172,52.94.235.50,443,3.0,0,1,1,23,1,expected
2018-11-26 21:27:12.150331,172,52.94.235.50,443,3.0,0,1,1,23,1,expected
2018-11-26 21:27:12.171412,172,52.94.235.50,443,3.0,0,1,1,23,1,expected
2018-11-26 21:27:12.184891,172,52.94.235.50,443,3.0,0,1,1,23,1,expected
2018-11-26 21:27:12.199733,172,52.94.235.50,443,3.0,0,1,1,23,1,expected
2018-11-26 21:27:12.234850,172,52.94.235.50,443,3.0,0,1,1,23,1,expected
2018-11-26 21:27:12.253343,172,52.94.235.50,443,3.0,0,1,1,23,1,expected
2018-11-26 21:27:12.267768,172,52.94.235.50,443,3.0,0,1,1,23,1,expected
2018-11-26 21:27:12.285218,172,52.94.235.50,443,3.0,0,1,1,23,1,expected
2018-11-26 21:27:12.310549,172,52.94.235.50,443,3.0,0,1,1,23,1,expected
2018-11-26 21:27:12.332211,172,52.94.235.50,443,3.0,0,1,1,23,1,expected
2018-11-26 21:27:12.345674,172,52.94.235.50,443,3.0,0,1,1,23,1,expected
2018-11-26 21:27:12.359733,172,52.94.235.50,443,3.0,0,1,1,23,1,expected
2018-11-26 21:27:12.468994,172,52.94.235.50,443,3.0,0,1,1,23,1,expected
2018-11-26 21:27:12.469334,172,52.94.235.50,443,3.0,0,1,1,23,1,expected
2018-11-26 21:27:12.469485,172,52.94.235.50,443,3.0,0,1,1,23,1,expected
2018-11-26 21:27:12.469703,172,52.94.235.50,443,3.0,0,1,1,23,1,expected
2018-11-26 21:27:12.471409,172,52.94.235.50,443,3.0,0,1,1,23,1,expected
2018-11-26 21:27:12.485461,172,52.94.235.50,443,3.0,0,1,1,23,1,expected
2018-11-26 21:27:12.570610,172,52.94.235.50,443,3.0,0,1,1,23,1,expected
2018-11-26 21:27:12.607069,644,52.94.235.50,443,3.0,0,1,1,23,1,expected
2018-11-26 21:27:12.610920,136,52.94.235.50,443,3.0,0,1,1,23,1,expected
2018-11-26 21:27:12.611173,92,52.94.235.50,443,3.0,0,1,1,23,1,expected
2018-11-26 21:27:12.705871,54,52.94.235.50,443,1.0,2019,1,1,,1,ack
2018-11-26 21:27:12.747033,74,54.239.26.255,443,1.0,-22755214,0,1,,1,retransmit
2018-11-26 21:27:12.790222,54,54.239.26.255,443,1.0,43,1,1,,1,ack
2018-11-26 21:27:12.791639,312,54.239.26.255,443,3.0,0,1,1,22,1,handshake
2018-11-26 21:27:12.817155,54,52.94.235.50,443,1.0,111,1,1,,1,ack
2018-11-26 21:27:12.820982,54,52.94.235.50,443,1.0,3,1,1,,1,ack
2018-11-26 21:27:12.821243,54,52.94.235.50,443,1.0,0,1,1,,1,ack
2018-11-26 21:27:12.821432,54,52.94.235.50,443,1.0,0,1,1,,1,ack
2018-11-26 21:27:12.821670,54,52.94.235.50,443,1.0,0,1,1,,1,ack
2018-11-26 21:27:12.821780,54,52.94.235.50,443,1.0,0,1,1,,1,ack
2018-11-26 21:27:12.821859,54,52.94.235.50,443,1.0,0,1,1,,1,ack
2018-11-26 21:27:12.821952,54,52.94.235.50,443,1.0,0,1,1,,1,ack
2018-11-26 21:27:12.822036,54,52.94.235.50,443,1.0,0,1,1,,1,ack
2018-11-26 21:27:12.822115,54,52.94.235.50,443,1.0,0,1,1,,1,ack
2018-11-26 21:27:12.921832,54,54.239.26.255,443,1.0,131,1,1,,1,ack
2018-11-26 21:27:12.922161,54,52.94.235.50,443,1.0,100,1,1,,1,ack
2018-11-26 21:27:12.922242,105,54.239.26.255,443,3.0,0,1,1,20,1,handshake
2018-11-26 21:27:12.922319,54,52.94.235.50,443,1.0,0,1,1,,1,ack
2018-11-26 21:27:12.922391,54,52.94.235.50,443,1.0,0,1,1,,1,ack
2018-11-26 21:27:12.922464,54,52.94.235.50,443,1.0,0,1,1,,1,ack
2018-11-26 21:27:12.922562,54,52.94.235.50,443,1.0,0,1,1,,1,ack
2018-11-26 21:27:13.054413,54,52.94.235.50,443,1.0,131,1,1,,1,ack
2018-11-26 21:27:13.054824,96,52.94.235.50,443,3.0,0,1,1,23,1,expected
2018-11-26 21:27:13.065670,74,54.239.26.255,443,1.0,-22755230,0,1,,1,retransmit
2018-11-26 21:27:13.094780,74,54.239.26.255,443,1.0,-22755473,0,1,,1,retransmit
2018-11-26 21:27:13.102566,54,54.239.26.255,443,1.0,36,1,1,,1,ack
2018-11-26 21:27:13.103872,312,54.239.26.255,443,3.0,0,1,1,22,1,handshake
2018-11-26 21:27:13.127469,54,52.94.235.50,443,1.0,73,1,1,,1,ack
2018-11-26 21:27:13.140805,54,54.239.26.255,443,1.0,46,1,1,,1,ack
2018-11-26 21:27:13.145177,312,54.239.26.255,443,3.0,0,1,1,22,1,handshake
2018-11-26 21:27:13.146793,54,54.239.26.255,443,1.0,44,1,1,,1,ack
2018-11-26 21:27:13.149835,105,54.239.26.255,443,3.0,0,1,1,20,1,handshake
2018-11-26 21:27:13.169655,54,52.94.235.50,443,1.0,42,1,1,,1,ack
2018-11-26 21:27:13.191121,54,54.239.26.255,443,1.0,50,1,1,,1,ack
2018-11-26 21:27:13.193373,105,54.239.26.255,443,3.0,0,1,1,20,1,handshake
2018-11-26 21:27:13.220691,286,52.94.235.50,443,3.0,0,1,1,23,1,expected
2018-11-26 21:27:13.220941,190,52.94.235.50,443,3.0,0,1,1,23,1,expected
2018-11-26 21:27:13.222153,1514,52.94.235.50,443,1.0,52,1,1,,1,not_relevant
2018-11-26 21:27:13.222289,1415,52.94.235.50,443,3.0,0,1,1,23,1,expected
2018-11-26 21:27:13.227303,136,52.94.235.50,443,3.0,0,1,1,23,1,expected
2018-11-26 21:27:13.229175,92,52.94.235.50,443,3.0,0,1,1,23,1,expected
2018-11-26 21:27:13.239388,785,54.239.26.255,443,3.0,0,1,1,23,1,expected
2018-11-26 21:27:13.267090,54,52.94.235.50,443,1.0,44,1,1,,1,ack
2018-11-26 21:27:13.289783,793,54.239.26.255,443,3.0,0,1,1,23,1,expected
2018-11-26 21:27:13.292617,85,54.239.26.255,443,3.0,0,1,1,21,1,handshake
2018-11-26 21:27:13.292843,54,54.239.26.255,443,1.0,146,1,1,,1,ack
2018-11-26 21:27:13.294354,287,52.94.235.50,443,3.0,0,1,1,23,1,expected
2018-11-26 21:27:13.294405,190,52.94.235.50,443,3.0,0,1,1,23,1,expected
2018-11-26 21:27:13.294834,1514,52.94.235.50,443,1.0,27,1,1,,1,not_relevant
2018-11-26 21:27:13.295084,1420,52.94.235.50,443,3.0,0,1,1,23,1,expected
2018-11-26 21:27:13.295105,136,52.94.235.50,443,3.0,0,1,1,23,1,expected
2018-11-26 21:27:13.296055,92,52.94.235.50,443,3.0,0,1,1,23,1,expected
2018-11-26 21:27:13.319690,810,54.239.26.255,443,3.0,0,1,1,23,1,expected
2018-11-26 21:27:13.339673,54,54.239.26.255,443,1.0,46,1,1,,1,ack
2018-11-26 21:27:13.345009,85,54.239.26.255,443,3.0,0,1,1,21,1,handshake
2018-11-26 21:27:13.345423,54,54.239.26.255,443,1.0,154,1,1,,1,ack
2018-11-26 21:27:13.347510,286,52.94.235.50,443,3.0,0,1,1,23,1,expected
2018-11-26 21:27:13.349125,190,52.94.235.50,443,3.0,0,1,1,23,1,expected
2018-11-26 21:27:13.353508,1514,52.94.235.50,443,1.0,58,1,1,,1,not_relevant
2018-11-26 21:27:13.353545,1282,52.94.235.50,443,3.0,0,1,1,23,1,expected
2018-11-26 21:27:13.356265,136,52.94.235.50,443,3.0,0,1,1,23,1,expected
2018-11-26 21:27:13.367567,85,54.239.26.255,443,3.0,0,1,1,21,1,handshake
2018-11-26 21:27:13.367733,54,54.239.26.255,443,1.0,445,1,1,,1,ack
2018-11-26 21:27:13.377955,92,52.94.235.50,443,3.0,0,1,1,23,1,expected
2018-11-26 21:27:13.386133,54,54.239.26.255,443,1.0,40,1,1,,1,ack
2018-11-26 21:27:13.406694,54,54.239.26.255,443,1.0,38,1,1,,1,ack
2018-11-26 21:27:13.409265,54,52.94.235.50,443,1.0,55,1,1,,1,ack
2018-11-26 21:27:13.464435,54,52.94.235.50,443,1.0,55,1,1,,1,ack
2018-11-26 21:27:13.466825,54,52.94.235.50,443,1.0,2,1,1,,1,ack
2018-11-26 21:27:13.478129,54,52.94.235.50,443,1.0,11,1,1,,1,ack
2018-11-26 21:27:14.412197,295,52.119.196.87,443,3.0,0,1,1,23,1,expected
2018-11-26 21:27:14.458119,54,52.119.196.87,443,1.0,-22754503,1,1,,1,ack
2018-11-26 21:27:17.642886,288,52.94.235.50,443,3.0,0,1,1,23,1,expected
2018-11-26 21:27:17.643226,1514,52.94.235.50,443,3.0,0,1,1,23,1,expected
2018-11-26 21:27:17.643253,1514,52.94.235.50,443,1.0,4165,1,1,,1,not_relevant
2018-11-26 21:27:17.643454,1422,52.94.235.50,443,3.0,0,1,1,23,1,expected
2018-11-26 21:27:17.643476,136,52.94.235.50,443,3.0,0,1,1,23,1,expected
2018-11-26 21:27:17.643593,92,52.94.235.50,443,3.0,0,1,1,23,1,expected
2018-11-26 21:27:17.663676,287,52.94.235.50,443,3.0,0,1,1,23,1,expected
2018-11-26 21:27:17.685939,1514,52.94.235.50,443,3.0,0,1,1,23,1,expected
2018-11-26 21:27:17.689217,1514,52.94.235.50,443,1.0,45,1,1,,1,not_relevant
2018-11-26 21:27:17.690931,1514,52.94.235.50,443,3.0,0,1,1,23,1,expected
2018-11-26 21:27:17.691121,82,52.94.235.50,443,3.0,0,1,1,23,1,expected
2018-11-26 21:27:17.802854,54,52.94.235.50,443,1.0,113,1,1,,1,ack
2018-11-26 21:27:17.803075,54,52.94.235.50,443,1.0,0,1,1,,1,ack
2018-11-26 21:27:17.863612,54,52.94.235.50,443,1.0,60,1,1,,1,ack
2018-11-26 21:27:17.863754,54,52.94.235.50,443,1.0,0,1,1,,1,ack
2018-11-26 21:27:18.134104,288,52.94.235.50,443,3.0,0,1,1,23,1,expected
2018-11-26 21:27:18.134275,190,52.94.235.50,443,3.0,0,1,1,23,1,expected
2018-11-26 21:27:18.141819,1514,52.94.235.50,443,1.0,278,1,1,,1,not_relevant
2018-11-26 21:27:18.141846,1363,52.94.235.50,443,3.0,0,1,1,23,1,expected
2018-11-26 21:27:18.141864,92,52.94.235.50,443,3.0,0,1,1,23,1,expected
2018-11-26 21:27:18.284994,54,52.94.235.50,443,1.0,143,1,1,,1,ack
2018-11-26 21:27:18.285213,54,52.94.235.50,443,1.0,0,1,1,,1,ack
2018-11-26 21:27:19.519434,100,52.94.235.50,443,3.0,0,1,1,23,1,syn
2018-11-26 21:27:19.642464,54,52.94.235.50,443,1.0,1357,1,1,,1,ack
2018-11-26 21:27:20.952027,66,99.84.170.230,80,1.0,-22834943,1,1,,1,ack
2018-11-26 21:27:21.017382,74,99.84.170.230,80,1.0,-22896167,0,1,,1,retransmit
2018-11-26 21:27:21.044946,66,99.84.170.230,80,1.0,27,1,1,,1,ack
2018-11-26 21:27:21.046269,256,99.84.170.230,80,3.0,0,1,1,,1,not_relevant
2018-11-26 21:27:21.084868,66,99.84.170.230,80,1.0,39,1,1,,1,ack
2018-11-26 21:27:21.094767,54,52.216.64.208,80,1.0,-22840246,1,1,,1,ack
2018-11-26 21:27:21.143540,74,52.216.104.91,80,1.0,-22799251,0,1,,1,retransmit
2018-11-26 21:27:21.182243,66,99.84.170.230,80,1.0,230,1,1,,1,ack
2018-11-26 21:27:21.185921,54,52.216.104.91,80,1.0,42,1,1,,1,ack
2018-11-26 21:27:21.190973,200,52.216.104.91,80,3.0,0,1,1,,1,not_relevant
2018-11-26 21:27:21.239284,54,52.216.104.91,80,1.0,53,1,1,,1,ack
2018-11-26 21:27:21.239527,54,52.216.104.91,80,1.0,0,1,1,,1,ack
2018-11-26 21:27:21.265251,66,52.216.104.91,80,1.0,25,1,1,,1,ack
2018-11-26 21:27:21.339594,54,52.216.64.208,80,1.0,244,1,1,,1,ack
2018-11-26 21:27:21.412221,66,99.84.170.230,80,1.0,229,1,1,,1,ack
2018-11-26 21:27:21.592425,54,52.216.64.208,80,1.0,252,1,1,,1,ack
2018-11-26 21:27:21.869630,66,99.84.170.230,80,1.0,457,1,1,,1,ack
2018-11-26 21:27:22.095728,54,52.216.64.208,80,1.0,503,1,1,,1,ack
2018-11-26 21:27:22.792779,66,99.84.170.230,80,1.0,923,1,1,,1,ack
2018-11-26 21:27:23.092268,54,52.216.64.208,80,1.0,996,1,1,,1,ack
2018-11-26 21:27:24.635591,66,99.84.170.230,80,1.0,1842,1,1,,1,ack
2018-11-26 21:27:25.094568,54,52.216.64.208,80,1.0,2002,1,1,,1,ack
2018-11-26 21:27:28.322417,66,99.84.170.230,80,1.0,3686,1,1,,1,ack
2018-11-26 21:27:29.102721,54,52.216.64.208,80,1.0,4008,1,1,,1,ack
2018-11-26 21:27:35.495783,54,52.94.235.50,443,1.0,15853,1,1,,1,ack
2018-11-26 21:27:35.496789,100,52.94.235.50,443,3.0,0,1,1,23,1,syn
2018-11-26 21:27:35.689665,66,99.84.170.230,80,1.0,7367,1,1,,1,ack
2018-11-26 21:27:37.132941,54,52.216.64.208,80,1.0,8030,1,1,,1,ack
2018-11-26 21:27:44.282525,54,52.216.104.91,80,1.0,23017,1,1,,1,ack
2018-11-26 21:27:50.452871,66,99.84.170.230,80,1.0,14763,1,1,,1,ack
2018-11-26 21:27:53.172756,54,52.216.64.208,80,1.0,16039,1,1,,1,ack
2018-11-26 21:27:53.996211,288,52.94.235.50,443,3.0,0,1,1,23,1,expected
2018-11-26 21:27:53.996424,190,52.94.235.50,443,3.0,0,1,1,23,1,expected
2018-11-26 21:27:53.997420,1514,52.94.235.50,443,1.0,18501,1,1,,1,not_relevant
2018-11-26 21:27:53.997441,1514,52.94.235.50,443,1.0,0,1,1,,1,not_relevant
2018-11-26 21:27:53.997456,1514,52.94.235.50,443,3.0,0,1,1,23,1,expected
2018-11-26 21:27:53.997477,416,52.94.235.50,443,3.0,0,1,1,23,1,expected
2018-11-26 21:27:54.035990,1514,52.94.235.50,443,3.0,0,1,1,23,1,expected
2018-11-26 21:27:54.041889,74,54.239.26.255,443,1.0,-22760942,0,1,,1,retransmit
2018-11-26 21:27:54.043209,1514,52.94.235.50,443,1.0,45,1,1,,1,not_relevant
2018-11-26 21:27:54.044461,1514,52.94.235.50,443,1.0,1,1,1,,1,not_relevant
2018-11-26 21:27:54.045246,571,52.94.235.50,443,3.0,0,1,1,23,1,expected
2018-11-26 21:27:54.077594,1514,52.94.235.50,443,1.0,33,1,1,,1,not_relevant
2018-11-26 21:27:54.077616,1514,52.94.235.50,443,1.0,0,1,1,,1,not_relevant
2018-11-26 21:27:54.078104,1472,52.94.235.50,443,3.0,0,1,1,23,1,expected
2018-11-26 21:27:54.086967,54,54.239.26.255,443,1.0,45,1,1,,1,ack
2018-11-26 21:27:54.088372,172,52.94.235.50,443,3.0,0,1,1,23,1,expected
2018-11-26 21:27:54.089777,312,54.239.26.255,443,3.0,0,1,1,22,1,handshake
2018-11-26 21:27:54.122967,172,52.94.235.50,443,3.0,0,1,1,23,1,expected
2018-11-26 21:27:54.132857,54,54.239.26.255,443,1.0,45,1,1,,1,ack
2018-11-26 21:27:54.135311,105,54.239.26.255,443,3.0,0,1,1,20,1,handshake
2018-11-26 21:27:54.137816,172,52.94.235.50,443,3.0,0,1,1,23,1,expected
2018-11-26 21:27:54.151638,172,52.94.235.50,443,3.0,0,1,1,23,1,expected
2018-11-26 21:27:54.154862,54,52.94.235.50,443,1.0,77,1,1,,1,ack
2018-11-26 21:27:54.165386,172,52.94.235.50,443,3.0,0,1,1,23,1,expected
2018-11-26 21:27:54.199830,172,52.94.235.50,443,3.0,0,1,1,23,1,expected
2018-11-26 21:27:54.213628,172,52.94.235.50,443,3.0,0,1,1,23,1,expected
2018-11-26 21:27:54.218589,766,54.239.26.255,443,3.0,0,1,1,23,1,expected
2018-11-26 21:27:54.234378,172,52.94.235.50,443,3.0,0,1,1,23,1,expected
2018-11-26 21:27:54.247652,172,52.94.235.50,443,3.0,0,1,1,23,1,expected
2018-11-26 21:27:54.264696,85,54.239.26.255,443,3.0,0,1,1,21,1,handshake
2018-11-26 21:27:54.264865,54,54.239.26.255,443,1.0,132,1,1,,1,ack
2018-11-26 21:27:54.282816,172,52.94.235.50,443,3.0,0,1,1,23,1,expected
2018-11-26 21:27:54.296773,172,52.94.235.50,443,3.0,0,1,1,23,1,expected
2018-11-26 21:27:54.314098,54,54.239.26.255,443,1.0,49,1,1,,1,ack
2018-11-26 21:27:54.316247,172,52.94.235.50,443,3.0,0,1,1,23,1,expected
2018-11-26 21:27:54.330105,172,52.94.235.50,443,3.0,0,1,1,23,1,expected
2018-11-26 21:27:54.359785,172,52.94.235.50,443,3.0,0,1,1,23,1,expected
2018-11-26 21:27:54.374693,172,52.94.235.50,443,3.0,0,1,1,23,1,expected
2018-11-26 21:27:54.396024,172,52.94.235.50,443,3.0,0,1,1,23,1,expected
2018-11-26 21:27:54.409571,172,52.94.235.50,443,3.0,0,1,1,23,1,expected
2018-11-26 21:27:54.437448,172,52.94.235.50,443,3.0,0,1,1,23,1,expected
2018-11-26 21:27:54.458046,172,52.94.235.50,443,3.0,0,1,1,23,1,expected
2018-11-26 21:27:54.472162,172,52.94.235.50,443,3.0,0,1,1,23,1,expected
2018-11-26 21:27:54.486118,172,52.94.235.50,443,3.0,0,1,1,23,1,expected
2018-11-26 21:27:54.526689,287,52.94.235.50,443,3.0,0,1,1,23,1,expected
2018-11-26 21:27:54.527033,1514,52.94.235.50,443,3.0,0,1,1,23,1,expected
2018-11-26 21:27:54.529172,1514,52.94.235.50,443,1.0,374,1,1,,1,not_relevant
2018-11-26 21:27:54.529230,1514,52.94.235.50,443,3.0,0,1,1,23,1,expected
2018-11-26 21:27:54.529249,199,52.94.235.50,443,3.0,0,1,1,23,1,expected
2018-11-26 21:27:54.535238,172,52.94.235.50,443,3.0,0,1,1,23,1,expected
2018-11-26 21:27:54.550411,172,52.94.235.50,443,3.0,0,1,1,23,1,expected
2018-11-26 21:27:54.571536,172,52.94.235.50,443,3.0,0,1,1,23,1,expected
2018-11-26 21:27:54.597834,172,52.94.235.50,443,3.0,0,1,1,23,1,expected
2018-11-26 21:27:54.619437,172,52.94.235.50,443,3.0,0,1,1,23,1,expected
2018-11-26 21:27:54.633746,172,52.94.235.50,443,3.0,0,1,1,23,1,expected
2018-11-26 21:27:54.647205,172,52.94.235.50,443,3.0,0,1,1,23,1,expected
2018-11-26 21:27:54.685353,54,52.94.235.50,443,1.0,156,1,1,,1,ack
2018-11-26 21:27:54.685607,172,52.94.235.50,443,3.0,0,1,1,23,1,expected
2018-11-26 21:27:54.696754,172,52.94.235.50,443,3.0,0,1,1,23,1,expected
2018-11-26 21:27:54.709874,172,52.94.235.50,443,3.0,0,1,1,23,1,expected
2018-11-26 21:27:54.731741,172,52.94.235.50,443,3.0,0,1,1,23,1,expected
2018-11-26 21:27:54.758982,172,52.94.235.50,443,3.0,0,1,1,23,1,expected
2018-11-26 21:27:54.772881,172,52.94.235.50,443,3.0,0,1,1,23,1,expected
2018-11-26 21:27:54.798733,172,52.94.235.50,443,3.0,0,1,1,23,1,expected
2018-11-26 21:27:54.813389,172,52.94.235.50,443,3.0,0,1,1,23,1,expected
2018-11-26 21:27:54.843762,172,52.94.235.50,443,3.0,0,1,1,23,1,expected
2018-11-26 21:27:54.856924,172,52.94.235.50,443,3.0,0,1,1,23,1,expected
2018-11-26 21:27:54.871533,172,52.94.235.50,443,3.0,0,1,1,23,1,expected
2018-11-26 21:27:54.885238,172,52.94.235.50,443,3.0,0,1,1,23,1,expected
2018-11-26 21:27:54.920317,172,52.94.235.50,443,3.0,0,1,1,23,1,expected
2018-11-26 21:27:54.934332,172,52.94.235.50,443,3.0,0,1,1,23,1,expected
2018-11-26 21:27:54.954678,172,52.94.235.50,443,3.0,0,1,1,23,1,expected
2018-11-26 21:27:54.968745,172,52.94.235.50,443,3.0,0,1,1,23,1,expected
2018-11-26 21:27:54.997120,172,52.94.235.50,443,3.0,0,1,1,23,1,expected
2018-11-26 21:27:55.017906,172,52.94.235.50,443,3.0,0,1,1,23,1,expected
2018-11-26 21:27:55.032117,172,52.94.235.50,443,3.0,0,1,1,23,1,expected
2018-11-26 21:27:55.046129,172,52.94.235.50,443,3.0,0,1,1,23,1,expected
2018-11-26 21:27:55.083122,172,52.94.235.50,443,3.0,0,1,1,23,1,expected
2018-11-26 21:27:55.098128,172,52.94.235.50,443,3.0,0,1,1,23,1,expected
2018-11-26 21:27:55.112786,172,52.94.235.50,443,3.0,0,1,1,23,1,expected
2018-11-26 21:27:55.130594,172,52.94.235.50,443,3.0,0,1,1,23,1,expected
2018-11-26 21:27:55.158587,172,52.94.235.50,443,3.0,0,1,1,23,1,expected
2018-11-26 21:27:55.179098,172,52.94.235.50,443,3.0,0,1,1,23,1,expected
2018-11-26 21:27:55.225056,172,52.94.235.50,443,3.0,0,1,1,23,1,expected
2018-11-26 21:27:55.225196,172,52.94.235.50,443,3.0,0,1,1,23,1,expected
2018-11-26 21:27:55.242671,172,52.94.235.50,443,3.0,0,1,1,23,1,expected
2018-11-26 21:27:55.256352,172,52.94.235.50,443,3.0,0,1,1,23,1,expected
2018-11-26 21:27:55.270604,172,52.94.235.50,443,3.0,0,1,1,23,1,expected
2018-11-26 21:27:55.292393,172,52.94.235.50,443,3.0,0,1,1,23,1,expected
2018-11-26 21:27:55.318705,172,52.94.235.50,443,3.0,0,1,1,23,1,expected
2018-11-26 21:27:55.333076,172,52.94.235.50,443,3.0,0,1,1,23,1,expected
2018-11-26 21:27:55.354636,172,52.94.235.50,443,3.0,0,1,1,23,1,expected
2018-11-26 21:27:55.367973,172,52.94.235.50,443,3.0,0,1,1,23,1,expected
2018-11-26 21:27:55.405599,172,52.94.235.50,443,3.0,0,1,1,23,1,expected
2018-11-26 21:27:55.416989,172,52.94.235.50,443,3.0,0,1,1,23,1,expected
2018-11-26 21:27:55.430998,172,52.94.235.50,443,3.0,0,1,1,23,1,expected
2018-11-26 21:27:55.444938,172,52.94.235.50,443,3.0,0,1,1,23,1,expected
2018-11-26 21:27:55.480218,172,52.94.235.50,443,3.0,0,1,1,23,1,expected
2018-11-26 21:27:55.494429,172,52.94.235.50,443,3.0,0,1,1,23,1,expected
2018-11-26 21:27:55.515920,172,52.94.235.50,443,3.0,0,1,1,23,1,expected
2018-11-26 21:27:55.529548,172,52.94.235.50,443,3.0,0,1,1,23,1,expected
2018-11-26 21:27:55.557146,172,52.94.235.50,443,3.0,0,1,1,23,1,expected
2018-11-26 21:27:55.577765,172,52.94.235.50,443,3.0,0,1,1,23,1,expected
2018-11-26 21:27:55.592674,172,52.94.235.50,443,3.0,0,1,1,23,1,expected
2018-11-26 21:27:55.606984,172,52.94.235.50,443,3.0,0,1,1,23,1,expected
2018-11-26 21:27:55.641995,172,52.94.235.50,443,3.0,0,1,1,23,1,expected
2018-11-26 21:27:55.655278,172,52.94.235.50,443,3.0,0,1,1,23,1,expected
2018-11-26 21:27:55.668999,172,52.94.235.50,443,3.0,0,1,1,23,1,expected
2018-11-26 21:27:55.690107,172,52.94.235.50,443,3.0,0,1,1,23,1,expected
2018-11-26 21:27:55.718121,172,52.94.235.50,443,3.0,0,1,1,23,1,expected
2018-11-26 21:27:55.738667,172,52.94.235.50,443,3.0,0,1,1,23,1,expected
2018-11-26 21:27:55.752761,172,52.94.235.50,443,3.0,0,1,1,23,1,expected
2018-11-26 21:27:55.767280,172,52.94.235.50,443,3.0,0,1,1,23,1,expected
2018-11-26 21:27:55.801795,172,52.94.235.50,443,3.0,0,1,1,23,1,expected
2018-11-26 21:27:55.822339,172,52.94.235.50,443,3.0,0,1,1,23,1,expected
2018-11-26 21:27:55.835563,172,52.94.235.50,443,3.0,0,1,1,23,1,expected
2018-11-26 21:27:55.854206,172,52.94.235.50,443,3.0,0,1,1,23,1,expected
2018-11-26 21:27:55.879688,172,52.94.235.50,443,3.0,0,1,1,23,1,expected
2018-11-26 21:27:55.925015,172,52.94.235.50,443,3.0,0,1,1,23,1,expected
2018-11-26 21:27:55.925143,172,52.94.235.50,443,3.0,0,1,1,23,1,expected
2018-11-26 21:27:55.928029,172,52.94.235.50,443,3.0,0,1,1,23,1,expected
2018-11-26 21:27:55.963340,172,52.94.235.50,443,3.0,0,1,1,23,1,expected
2018-11-26 21:27:55.977145,172,52.94.235.50,443,3.0,0,1,1,23,1,expected
2018-11-26 21:27:55.991181,172,52.94.235.50,443,3.0,0,1,1,23,1,expected
2018-11-26 21:27:56.005389,172,52.94.235.50,443,3.0,0,1,1,23,1,expected
2018-11-26 21:27:56.039880,172,52.94.235.50,443,3.0,0,1,1,23,1,expected
2018-11-26 21:27:56.055110,172,52.94.235.50,443,3.0,0,1,1,23,1,expected
2018-11-26 21:27:56.075518,172,52.94.235.50,443,3.0,0,1,1,23,1,expected
2018-11-26 21:27:56.088986,172,52.94.235.50,443,3.0,0,1,1,23,1,expected
2018-11-26 21:27:56.124461,172,52.94.235.50,443,3.0,0,1,1,23,1,expected
2018-11-26 21:27:56.138123,172,52.94.235.50,443,3.0,0,1,1,23,1,expected
2018-11-26 21:27:56.152000,172,52.94.235.50,443,3.0,0,1,1,23,1,expected
2018-11-26 21:27:56.165985,172,52.94.235.50,443,3.0,0,1,1,23,1,expected
2018-11-26 21:27:56.201083,172,52.94.235.50,443,3.0,0,1,1,23,1,expected
2018-11-26 21:27:56.218138,172,52.94.235.50,443,3.0,0,1,1,23,1,expected
2018-11-26 21:27:56.233053,172,52.94.235.50,443,3.0,0,1,1,23,1,expected
2018-11-26 21:27:56.248892,136,52.94.235.50,443,3.0,0,1,1,23,1,expected
2018-11-26 21:27:56.253114,92,52.94.235.50,443,3.0,0,1,1,23,1,expected
2018-11-26 21:27:56.278074,74,54.239.26.255,443,1.0,-22761204,0,1,,1,retransmit
2018-11-26 21:27:56.289172,54,52.94.235.50,443,1.0,1603,1,1,,1,ack
2018-11-26 21:27:56.318443,54,54.239.26.255,443,1.0,40,1,1,,1,ack
2018-11-26 21:27:56.319703,312,54.239.26.255,443,3.0,0,1,1,22,1,handshake
2018-11-26 21:27:56.364306,54,54.239.26.255,443,1.0,45,1,1,,1,ack
2018-11-26 21:27:56.364714,105,54.239.26.255,443,3.0,0,1,1,20,1,handshake
2018-11-26 21:27:56.467768,811,54.239.26.255,443,3.0,0,1,1,23,1,expected
2018-11-26 21:27:56.515702,85,54.239.26.255,443,3.0,0,1,1,21,1,handshake
2018-11-26 21:27:56.515882,54,54.239.26.255,443,1.0,151,1,1,,1,ack
2018-11-26 21:27:56.561657,54,54.239.26.255,443,1.0,45,1,1,,1,ack
2018-11-26 21:27:56.695512,54,52.94.235.50,443,1.0,406,1,1,,1,ack
2018-11-26 21:27:56.696803,54,52.94.235.50,443,1.0,1,1,1,,1,ack
2018-11-26 21:27:56.697141,54,52.94.235.50,443,1.0,0,1,1,,1,ack
2018-11-26 21:27:56.697752,54,52.94.235.50,443,1.0,0,1,1,,1,ack
2018-11-26 21:27:56.697938,54,52.94.235.50,443,1.0,0,1,1,,1,ack
2018-11-26 21:27:56.698870,54,52.94.235.50,443,1.0,0,1,1,,1,ack
2018-11-26 21:27:56.699061,54,52.94.235.50,443,1.0,0,1,1,,1,ack
2018-11-26 21:27:56.700026,54,52.94.235.50,443,1.0,0,1,1,,1,ack
2018-11-26 21:27:56.739750,54,52.94.235.50,443,1.0,39,1,1,,1,ack
2018-11-26 21:27:56.739957,54,52.94.235.50,443,1.0,0,1,1,,1,ack
2018-11-26 21:27:56.740056,54,52.94.235.50,443,1.0,0,1,1,,1,ack
2018-11-26 21:27:56.740980,54,52.94.235.50,443,1.0,0,1,1,,1,ack
2018-11-26 21:27:56.741159,54,52.94.235.50,443,1.0,0,1,1,,1,ack
2018-11-26 21:27:56.742000,54,52.94.235.50,443,1.0,0,1,1,,1,ack
2018-11-26 21:27:56.742201,54,52.94.235.50,443,1.0,0,1,1,,1,ack
2018-11-26 21:27:56.743062,54,52.94.235.50,443,1.0,0,1,1,,1,ack
2018-11-26 21:27:56.744433,54,52.94.235.50,443,1.0,1,1,1,,1,ack
2018-11-26 21:27:56.777462,287,52.94.235.50,443,3.0,0,1,1,23,1,expected
2018-11-26 21:27:56.778803,190,52.94.235.50,443,3.0,0,1,1,23,1,expected
2018-11-26 21:27:56.781743,1514,52.94.235.50,443,1.0,37,1,1,,1,not_relevant
2018-11-26 21:27:56.781790,1281,52.94.235.50,443,3.0,0,1,1,23,1,expected
2018-11-26 21:27:56.781807,54,52.94.235.50,443,1.0,0,1,1,,1,ack
2018-11-26 21:27:56.784911,136,52.94.235.50,443,3.0,0,1,1,23,1,expected
2018-11-26 21:27:56.785099,92,52.94.235.50,443,3.0,0,1,1,23,1,expected
2018-11-26 21:27:56.811091,74,54.239.26.255,443,1.0,-22761002,0,1,,1,retransmit
2018-11-26 21:27:56.855947,54,54.239.26.255,443,1.0,44,1,1,,1,ack
2018-11-26 21:27:56.860705,312,54.239.26.255,443,3.0,0,1,1,22,1,handshake
2018-11-26 21:27:56.913211,54,54.239.26.255,443,1.0,57,1,1,,1,ack
2018-11-26 21:27:56.934729,105,54.239.26.255,443,3.0,0,1,1,20,1,handshake
2018-11-26 21:27:56.942189,54,52.94.235.50,443,1.0,160,1,1,,1,ack
2018-11-26 21:27:56.955199,640,52.94.235.50,443,3.0,0,1,1,23,1,expected
2018-11-26 21:27:56.955662,190,52.94.235.50,443,3.0,0,1,1,23,1,expected
2018-11-26 21:27:56.957076,1514,52.94.235.50,443,1.0,14,1,1,,1,not_relevant
2018-11-26 21:27:56.957481,1286,52.94.235.50,443,3.0,0,1,1,23,1,expected
2018-11-26 21:27:56.957504,136,52.94.235.50,443,3.0,0,1,1,23,1,expected
2018-11-26 21:27:56.957859,92,52.94.235.50,443,3.0,0,1,1,23,1,expected
2018-11-26 21:27:56.997327,1514,52.94.235.50,443,3.0,0,1,1,23,1,expected
2018-11-26 21:27:56.997647,1514,52.94.235.50,443,1.0,40,1,1,,1,not_relevant
2018-11-26 21:27:57.000347,1514,52.94.235.50,443,1.0,2,1,1,,1,not_relevant
2018-11-26 21:27:57.001620,320,52.94.235.50,443,3.0,0,1,1,23,1,expected
2018-11-26 21:27:57.030652,786,54.239.26.255,443,3.0,0,1,1,23,1,expected
2018-11-26 21:27:57.083302,85,54.239.26.255,443,3.0,0,1,1,21,1,handshake
2018-11-26 21:27:57.083443,54,54.239.26.255,443,1.0,170,1,1,,1,ack
2018-11-26 21:27:57.086716,74,54.239.26.255,443,1.0,-22760952,0,1,,1,retransmit
2018-11-26 21:27:57.109225,54,52.94.235.50,443,1.0,108,1,1,,1,ack
2018-11-26 21:27:57.115682,54,52.94.235.50,443,1.0,6,1,1,,1,ack
2018-11-26 21:27:57.118662,54,52.94.235.50,443,1.0,2,1,1,,1,ack
2018-11-26 21:27:57.129162,54,52.94.235.50,443,1.0,10,1,1,,1,ack
2018-11-26 21:27:57.129578,54,54.239.26.255,443,1.0,46,1,1,,1,ack
2018-11-26 21:27:57.129749,54,54.239.26.255,443,1.0,43,1,1,,1,ack
2018-11-26 21:27:57.132391,54,52.94.235.50,443,1.0,3,1,1,,1,ack
2018-11-26 21:27:57.143005,312,54.239.26.255,443,3.0,0,1,1,22,1,handshake
2018-11-26 21:27:57.165151,54,52.94.235.50,443,1.0,32,1,1,,1,ack
2018-11-26 21:27:57.167282,54,52.94.235.50,443,1.0,2,1,1,,1,ack
2018-11-26 21:27:57.182796,54,54.239.26.255,443,1.0,53,1,1,,1,ack
2018-11-26 21:27:57.182985,105,54.239.26.255,443,3.0,0,1,1,20,1,handshake
2018-11-26 21:27:57.267147,795,54.239.26.255,443,3.0,0,1,1,23,1,expected
2018-11-26 21:27:57.326756,85,54.239.26.255,443,3.0,0,1,1,21,1,handshake
2018-11-26 21:27:57.326996,54,54.239.26.255,443,1.0,144,1,1,,1,ack
2018-11-26 21:27:57.368694,54,54.239.26.255,443,1.0,41,1,1,,1,ack
2018-11-26 21:28:01.330993,288,52.94.235.50,443,3.0,0,1,1,23,1,expected
2018-11-26 21:28:01.337078,190,52.94.235.50,443,3.0,0,1,1,23,1,expected
2018-11-26 21:28:01.343551,1514,52.94.235.50,443,1.0,4176,1,1,,1,not_relevant
2018-11-26 21:28:01.343595,1286,52.94.235.50,443,3.0,0,1,1,23,1,expected
2018-11-26 21:28:01.353021,136,52.94.235.50,443,3.0,0,1,1,23,1,expected
2018-11-26 21:28:01.355617,287,52.94.235.50,443,3.0,0,1,1,23,1,expected
2018-11-26 21:28:01.376118,1514,52.94.235.50,443,3.0,0,1,1,23,1,expected
2018-11-26 21:28:01.377667,1514,52.94.235.50,443,1.0,34,1,1,,1,not_relevant
2018-11-26 21:28:01.389815,1514,52.94.235.50,443,3.0,0,1,1,23,1,expected
2018-11-26 21:28:01.390053,120,52.94.235.50,443,3.0,0,1,1,23,1,expected
2018-11-26 21:28:01.434800,54,52.94.235.50,443,1.0,57,1,1,,1,ack
2018-11-26 21:28:01.525275,54,52.94.235.50,443,1.0,90,1,1,,1,ack
2018-11-26 21:28:01.525436,54,52.94.235.50,443,1.0,0,1,1,,1,ack
2018-11-26 21:28:01.607448,54,52.94.235.50,443,1.0,82,1,1,,1,ack
2018-11-26 21:28:01.607599,54,52.94.235.50,443,1.0,0,1,1,,1,ack
2018-11-26 21:28:01.826963,287,52.94.235.50,443,3.0,0,1,1,23,1,expected
2018-11-26 21:28:01.827120,190,52.94.235.50,443,3.0,0,1,1,23,1,expected
2018-11-26 21:28:01.828777,1514,52.94.235.50,443,1.0,221,1,1,,1,not_relevant
2018-11-26 21:28:01.828795,1281,52.94.235.50,443,3.0,0,1,1,23,1,expected
2018-11-26 21:28:01.832928,136,52.94.235.50,443,3.0,0,1,1,23,1,expected
2018-11-26 21:28:01.881621,92,52.94.235.50,443,3.0,0,1,1,23,1,expected
2018-11-26 21:28:02.058538,54,52.94.235.50,443,1.0,229,1,1,,1,ack
2018-11-26 21:28:02.058728,54,52.94.235.50,443,1.0,0,1,1,,1,ack
2018-11-26 21:28:02.093535,66,52.94.235.50,443,1.0,34,1,1,,1,ack
2018-11-26 21:28:05.497086,54,52.94.235.50,443,1.0,3403,1,1,,1,ack
2018-11-26 21:28:05.498013,100,52.94.235.50,443,3.0,0,1,1,23,1,syn
2018-11-26 21:28:19.972692,66,99.84.170.230,80,1.0,29519,1,1,,1,ack
2018-11-26 21:28:25.252647,54,52.216.64.208,80,1.0,32079,1,1,,1,ack
2018-11-26 21:28:29.523002,286,52.94.235.50,443,3.0,0,1,1,23,1,expected
2018-11-26 21:28:29.523526,1514,52.94.235.50,443,3.0,0,1,1,23,1,expected
2018-11-26 21:28:29.523556,1514,52.94.235.50,443,1.0,24026,1,1,,1,not_relevant
2018-11-26 21:28:29.523574,1514,52.94.235.50,443,1.0,0,1,1,,1,not_relevant
2018-11-26 21:28:29.523591,462,52.94.235.50,443,3.0,0,1,1,23,1,expected
2018-11-26 21:28:29.523637,176,52.94.235.50,443,3.0,0,1,1,23,1,expected
2018-11-26 21:28:29.566250,1514,52.94.235.50,443,3.0,0,1,1,23,1,expected
2018-11-26 21:28:29.566551,1514,52.94.235.50,443,1.0,42,1,1,,1,not_relevant
2018-11-26 21:28:29.567255,74,54.239.29.0,443,1.0,-22728870,0,1,,1,retransmit
2018-11-26 21:28:29.571301,1514,52.94.235.50,443,1.0,4,1,1,,1,not_relevant
2018-11-26 21:28:29.571975,568,52.94.235.50,443,3.0,0,1,1,23,1,expected
2018-11-26 21:28:29.612947,1514,52.94.235.50,443,1.0,41,1,1,,1,not_relevant
2018-11-26 21:28:29.613506,1514,52.94.235.50,443,1.0,0,1,1,,1,not_relevant
2018-11-26 21:28:29.613527,1514,52.94.235.50,443,1.0,0,1,1,,1,not_relevant
2018-11-26 21:28:29.613546,54,54.239.29.0,443,1.0,46,1,1,,1,ack
2018-11-26 21:28:29.613664,92,52.94.235.50,443,3.0,0,1,1,23,1,expected
2018-11-26 21:28:29.614134,312,54.239.29.0,443,3.0,0,1,1,22,1,handshake
2018-11-26 21:28:29.642824,172,52.94.235.50,443,3.0,0,1,1,23,1,expected
2018-11-26 21:28:29.743947,172,52.94.235.50,443,3.0,0,1,1,23,1,expected
2018-11-26 21:28:29.744131,172,52.94.235.50,443,3.0,0,1,1,23,1,expected
2018-11-26 21:28:29.744257,408,52.94.235.50,443,3.0,0,1,1,23,1,expected
2018-11-26 21:28:29.744335,54,54.239.29.0,443,1.0,130,1,1,,1,ack
2018-11-26 21:28:29.744411,105,54.239.29.0,443,3.0,0,1,1,20,1,handshake
2018-11-26 21:28:29.751407,54,52.94.235.50,443,1.0,137,1,1,,1,ack
2018-11-26 21:28:29.753014,172,52.94.235.50,443,3.0,0,1,1,23,1,expected
2018-11-26 21:28:29.765818,172,52.94.235.50,443,3.0,0,1,1,23,1,expected
2018-11-26 21:28:29.837990,172,52.94.235.50,443,3.0,0,1,1,23,1,expected
2018-11-26 21:28:29.878735,172,52.94.235.50,443,3.0,0,1,1,23,1,expected
2018-11-26 21:28:29.878900,172,52.94.235.50,443,3.0,0,1,1,23,1,expected
2018-11-26 21:28:29.878985,172,52.94.235.50,443,3.0,0,1,1,23,1,expected
2018-11-26 21:28:29.879065,172,52.94.235.50,443,3.0,0,1,1,23,1,expected
2018-11-26 21:28:29.880835,764,54.239.29.0,443,3.0,0,1,1,23,1,expected
2018-11-26 21:28:29.898701,172,52.94.235.50,443,3.0,0,1,1,23,1,expected
2018-11-26 21:28:29.913039,172,52.94.235.50,443,3.0,0,1,1,23,1,expected
2018-11-26 21:28:29.930188,172,52.94.235.50,443,3.0,0,1,1,23,1,expected
2018-11-26 21:28:29.984138,172,52.94.235.50,443,3.0,0,1,1,23,1,expected
2018-11-26 21:28:29.987018,172,52.94.235.50,443,3.0,0,1,1,23,1,expected
2018-11-26 21:28:30.004166,172,52.94.235.50,443,3.0,0,1,1,23,1,expected
2018-11-26 21:28:30.013140,172,52.94.235.50,443,3.0,0,1,1,23,1,expected
2018-11-26 21:28:30.016592,424,52.94.235.50,443,3.0,0,1,1,23,1,expected
2018-11-26 21:28:30.017032,85,54.239.29.0,443,3.0,0,1,1,21,1,handshake
2018-11-26 21:28:30.017161,54,54.239.29.0,443,1.0,272,1,1,,1,ack
2018-11-26 21:28:30.018640,1514,52.94.235.50,443,1.0,267,1,1,,1,not_relevant
2018-11-26 21:28:30.018909,1285,52.94.235.50,443,3.0,0,1,1,23,1,expected
2018-11-26 21:28:30.025969,174,52.94.235.50,443,3.0,0,1,1,23,1,expected
2018-11-26 21:28:30.037862,172,52.94.235.50,443,3.0,0,1,1,23,1,expected
2018-11-26 21:28:30.057716,172,52.94.235.50,443,3.0,0,1,1,23,1,expected
2018-11-26 21:28:30.058452,54,54.239.29.0,443,1.0,41,1,1,,1,ack
2018-11-26 21:28:30.071718,172,52.94.235.50,443,3.0,0,1,1,23,1,expected
2018-11-26 21:28:30.085979,172,52.94.235.50,443,3.0,0,1,1,23,1,expected
2018-11-26 21:28:30.126364,172,52.94.235.50,443,3.0,0,1,1,23,1,expected
2018-11-26 21:28:30.137502,172,52.94.235.50,443,3.0,0,1,1,23,1,expected
2018-11-26 21:28:30.153400,172,52.94.235.50,443,3.0,0,1,1,23,1,expected
2018-11-26 21:28:30.225581,172,52.94.235.50,443,3.0,0,1,1,23,1,expected
2018-11-26 21:28:30.225766,54,52.94.235.50,443,1.0,207,1,1,,1,ack
2018-11-26 21:28:30.225860,172,52.94.235.50,443,3.0,0,1,1,23,1,expected
2018-11-26 21:28:30.225947,172,52.94.235.50,443,3.0,0,1,1,23,1,expected
2018-11-26 21:28:30.232808,172,52.94.235.50,443,3.0,0,1,1,23,1,expected
2018-11-26 21:28:30.327026,172,52.94.235.50,443,3.0,0,1,1,23,1,expected
2018-11-26 21:28:30.330493,172,52.94.235.50,443,3.0,0,1,1,23,1,expected
2018-11-26 21:28:30.330748,172,52.94.235.50,443,3.0,0,1,1,23,1,expected
2018-11-26 21:28:30.330877,172,52.94.235.50,443,3.0,0,1,1,23,1,expected
2018-11-26 21:28:30.331331,172,52.94.235.50,443,3.0,0,1,1,23,1,expected
2018-11-26 21:28:30.359701,172,52.94.235.50,443,3.0,0,1,1,23,1,expected
2018-11-26 21:28:30.374529,172,52.94.235.50,443,3.0,0,1,1,23,1,expected
2018-11-26 21:28:30.397662,172,52.94.235.50,443,3.0,0,1,1,23,1,expected
2018-11-26 21:28:30.408004,172,52.94.235.50,443,3.0,0,1,1,23,1,expected
2018-11-26 21:28:30.443476,172,52.94.235.50,443,3.0,0,1,1,23,1,expected
2018-11-26 21:28:30.457059,172,52.94.235.50,443,3.0,0,1,1,23,1,expected
2018-11-26 21:28:30.470893,172,52.94.235.50,443,3.0,0,1,1,23,1,expected
2018-11-26 21:28:30.484676,172,52.94.235.50,443,3.0,0,1,1,23,1,expected
2018-11-26 21:28:30.519402,172,52.94.235.50,443,3.0,0,1,1,23,1,expected
2018-11-26 21:28:30.533395,172,52.94.235.50,443,3.0,0,1,1,23,1,expected
2018-11-26 21:28:30.554429,172,52.94.235.50,443,3.0,0,1,1,23,1,expected
2018-11-26 21:28:30.569283,172,52.94.235.50,443,3.0,0,1,1,23,1,expected
2018-11-26 21:28:30.602569,172,52.94.235.50,443,3.0,0,1,1,23,1,expected
2018-11-26 21:28:30.616574,172,52.94.235.50,443,3.0,0,1,1,23,1,expected
2018-11-26 21:28:30.631002,172,52.94.235.50,443,3.0,0,1,1,23,1,expected
2018-11-26 21:28:30.644965,172,52.94.235.50,443,3.0,0,1,1,23,1,expected
2018-11-26 21:28:30.680249,172,52.94.235.50,443,3.0,0,1,1,23,1,expected
2018-11-26 21:28:30.694565,172,52.94.235.50,443,3.0,0,1,1,23,1,expected
2018-11-26 21:28:30.714759,172,52.94.235.50,443,3.0,0,1,1,23,1,expected
2018-11-26 21:28:30.730050,172,52.94.235.50,443,3.0,0,1,1,23,1,expected
2018-11-26 21:28:30.757210,172,52.94.235.50,443,3.0,0,1,1,23,1,expected
2018-11-26 21:28:30.777992,172,52.94.235.50,443,3.0,0,1,1,23,1,expected
2018-11-26 21:28:30.791759,172,52.94.235.50,443,3.0,0,1,1,23,1,expected
2018-11-26 21:28:30.806363,172,52.94.235.50,443,3.0,0,1,1,23,1,expected
2018-11-26 21:28:30.840798,172,52.94.235.50,443,3.0,0,1,1,23,1,expected
2018-11-26 21:28:30.854197,172,52.94.235.50,443,3.0,0,1,1,23,1,expected
2018-11-26 21:28:30.877359,172,52.94.235.50,443,3.0,0,1,1,23,1,expected
2018-11-26 21:28:30.888763,172,52.94.235.50,443,3.0,0,1,1,23,1,expected
2018-11-26 21:28:30.925431,172,52.94.235.50,443,3.0,0,1,1,23,1,expected
2018-11-26 21:28:30.937662,172,52.94.235.50,443,3.0,0,1,1,23,1,expected
2018-11-26 21:28:30.951820,172,52.94.235.50,443,3.0,0,1,1,23,1,expected
2018-11-26 21:28:30.965843,172,52.94.235.50,443,3.0,0,1,1,23,1,expected
2018-11-26 21:28:31.000968,172,52.94.235.50,443,3.0,0,1,1,23,1,expected
2018-11-26 21:28:31.014760,172,52.94.235.50,443,3.0,0,1,1,23,1,expected
2018-11-26 21:28:31.028810,172,52.94.235.50,443,3.0,0,1,1,23,1,expected
2018-11-26 21:28:31.050385,172,52.94.235.50,443,3.0,0,1,1,23,1,expected
2018-11-26 21:28:31.077749,172,52.94.235.50,443,3.0,0,1,1,23,1,expected
2018-11-26 21:28:31.098859,172,52.94.235.50,443,3.0,0,1,1,23,1,expected
2018-11-26 21:28:31.118256,172,52.94.235.50,443,3.0,0,1,1,23,1,expected
2018-11-26 21:28:31.127179,172,52.94.235.50,443,3.0,0,1,1,23,1,expected
2018-11-26 21:28:31.162260,172,52.94.235.50,443,3.0,0,1,1,23,1,expected
2018-11-26 21:28:31.175900,172,52.94.235.50,443,3.0,0,1,1,23,1,expected
2018-11-26 21:28:31.190194,172,52.94.235.50,443,3.0,0,1,1,23,1,expected
2018-11-26 21:28:31.212178,172,52.94.235.50,443,3.0,0,1,1,23,1,expected
2018-11-26 21:28:31.242606,172,52.94.235.50,443,3.0,0,1,1,23,1,expected
2018-11-26 21:28:31.259852,172,52.94.235.50,443,3.0,0,1,1,23,1,expected
2018-11-26 21:28:31.273899,172,52.94.235.50,443,3.0,0,1,1,23,1,expected
2018-11-26 21:28:31.288399,172,52.94.235.50,443,3.0,0,1,1,23,1,expected
2018-11-26 21:28:31.322926,172,52.94.235.50,443,3.0,0,1,1,23,1,expected
2018-11-26 21:28:31.336968,172,52.94.235.50,443,3.0,0,1,1,23,1,expected
2018-11-26 21:28:31.355604,172,52.94.235.50,443,3.0,0,1,1,23,1,expected
2018-11-26 21:28:31.365496,172,52.94.235.50,443,3.0,0,1,1,23,1,expected
2018-11-26 21:28:31.400497,172,52.94.235.50,443,3.0,0,1,1,23,1,expected
2018-11-26 21:28:31.414077,172,52.94.235.50,443,3.0,0,1,1,23,1,expected
2018-11-26 21:28:31.434993,172,52.94.235.50,443,3.0,0,1,1,23,1,expected
2018-11-26 21:28:31.453778,172,52.94.235.50,443,3.0,0,1,1,23,1,expected
2018-11-26 21:28:31.480506,172,52.94.235.50,443,3.0,0,1,1,23,1,expected
2018-11-26 21:28:31.502269,172,52.94.235.50,443,3.0,0,1,1,23,1,expected
2018-11-26 21:28:31.511872,172,52.94.235.50,443,3.0,0,1,1,23,1,expected
2018-11-26 21:28:31.526052,172,52.94.235.50,443,3.0,0,1,1,23,1,expected
2018-11-26 21:28:31.554689,54,52.94.235.50,443,1.0,1328,1,1,,1,ack
2018-11-26 21:28:31.561450,172,52.94.235.50,443,3.0,0,1,1,23,1,expected
2018-11-26 21:28:31.564558,136,52.94.235.50,443,3.0,0,1,1,23,1,expected
2018-11-26 21:28:31.565478,92,52.94.235.50,443,3.0,0,1,1,23,1,expected
2018-11-26 21:28:31.589334,74,54.239.29.0,443,1.0,-22743102,0,1,,1,retransmit
2018-11-26 21:28:31.625334,54,52.94.235.50,443,1.0,70,1,1,,1,ack
2018-11-26 21:28:31.629428,54,54.239.29.0,443,1.0,40,1,1,,1,ack
2018-11-26 21:28:31.630816,312,54.239.29.0,443,3.0,0,1,1,22,1,handshake
2018-11-26 21:28:31.678664,54,54.239.29.0,443,1.0,49,1,1,,1,ack
2018-11-26 21:28:31.679077,105,54.239.29.0,443,3.0,0,1,1,20,1,handshake
2018-11-26 21:28:31.778628,812,54.239.29.0,443,3.0,0,1,1,23,1,expected
2018-11-26 21:28:31.835849,85,54.239.29.0,443,3.0,0,1,1,21,1,handshake
2018-11-26 21:28:31.835988,54,54.239.29.0,443,1.0,157,1,1,,1,ack
2018-11-26 21:28:31.880330,54,54.239.29.0,443,1.0,44,1,1,,1,ack
2018-11-26 21:28:31.925628,54,52.94.235.50,443,1.0,300,1,1,,1,ack
2018-11-26 21:28:31.932304,54,52.94.235.50,443,1.0,6,1,1,,1,ack
2018-11-26 21:28:31.932464,54,52.94.235.50,443,1.0,0,1,1,,1,ack
2018-11-26 21:28:31.932630,54,52.94.235.50,443,1.0,0,1,1,,1,ack
2018-11-26 21:28:31.932719,54,52.94.235.50,443,1.0,0,1,1,,1,ack
2018-11-26 21:28:31.932858,54,52.94.235.50,443,1.0,0,1,1,,1,ack
2018-11-26 21:28:31.932933,54,52.94.235.50,443,1.0,0,1,1,,1,ack
2018-11-26 21:28:31.933016,54,52.94.235.50,443,1.0,0,1,1,,1,ack
2018-11-26 21:28:31.933108,54,52.94.235.50,443,1.0,0,1,1,,1,ack
2018-11-26 21:28:31.936196,54,52.94.235.50,443,1.0,3,1,1,,1,ack
2018-11-26 21:28:31.965137,54,52.94.235.50,443,1.0,28,1,1,,1,ack
2018-11-26 21:28:31.971655,54,52.94.235.50,443,1.0,6,1,1,,1,ack
2018-11-26 21:28:31.972577,54,52.94.235.50,443,1.0,0,1,1,,1,ack
2018-11-26 21:28:31.972663,54,52.94.235.50,443,1.0,0,1,1,,1,ack
2018-11-26 21:28:31.973620,54,52.94.235.50,443,1.0,0,1,1,,1,ack
2018-11-26 21:28:31.976759,54,52.94.235.50,443,1.0,3,1,1,,1,ack
2018-11-26 21:28:31.977673,54,52.94.235.50,443,1.0,0,1,1,,1,ack
2018-11-26 21:28:31.978721,54,52.94.235.50,443,1.0,1,1,1,,1,ack
2018-11-26 21:28:32.007014,54,52.94.235.50,443,1.0,28,1,1,,1,ack
2018-11-26 21:28:32.008692,96,52.94.235.50,443,3.0,0,1,1,23,1,expected
2018-11-26 21:28:32.026068,74,54.239.29.0,443,1.0,-22778240,0,1,,1,retransmit
2018-11-26 21:28:32.064278,54,54.239.29.0,443,1.0,38,1,1,,1,ack
2018-11-26 21:28:32.071467,312,54.239.29.0,443,3.0,0,1,1,22,1,handshake
2018-11-26 21:28:32.108956,54,54.239.29.0,443,1.0,44,1,1,,1,ack
2018-11-26 21:28:32.109746,105,54.239.29.0,443,3.0,0,1,1,20,1,handshake
2018-11-26 21:28:32.181225,288,52.94.235.50,443,3.0,0,1,1,23,1,expected
2018-11-26 21:28:32.188650,287,52.94.235.50,443,3.0,0,1,1,23,1,expected
2018-11-26 21:28:32.189795,1514,52.94.235.50,443,3.0,0,1,1,23,1,expected
2018-11-26 21:28:32.189895,1514,52.94.235.50,443,1.0,182,1,1,,1,not_relevant
2018-11-26 21:28:32.189949,1504,52.94.235.50,443,3.0,0,1,1,23,1,expected
2018-11-26 21:28:32.189983,92,52.94.235.50,443,3.0,0,1,1,23,1,expected
2018-11-26 21:28:32.191837,190,52.94.235.50,443,3.0,0,1,1,23,1,expected
2018-11-26 21:28:32.207063,787,54.239.29.0,443,3.0,0,1,1,23,1,expected
2018-11-26 21:28:32.222972,1514,52.94.235.50,443,1.0,33,1,1,,1,not_relevant
2018-11-26 21:28:32.231649,1401,52.94.235.50,443,3.0,0,1,1,23,1,expected
2018-11-26 21:28:32.252837,85,54.239.29.0,443,3.0,0,1,1,21,1,handshake
2018-11-26 21:28:32.252987,54,54.239.29.0,443,1.0,144,1,1,,1,ack
2018-11-26 21:28:32.325343,54,54.239.29.0,443,1.0,72,1,1,,1,ack
2018-11-26 21:28:32.331958,54,52.94.235.50,443,1.0,108,1,1,,1,ack
2018-11-26 21:28:32.333340,74,54.239.29.0,443,1.0,-22780226,0,1,,1,retransmit
2018-11-26 21:28:32.349093,287,52.94.235.50,443,3.0,0,1,1,23,1,expected
2018-11-26 21:28:32.349759,190,52.94.235.50,443,3.0,0,1,1,23,1,expected
2018-11-26 21:28:32.355938,1514,52.94.235.50,443,1.0,23,1,1,,1,not_relevant
2018-11-26 21:28:32.356002,1402,52.94.235.50,443,3.0,0,1,1,23,1,expected
2018-11-26 21:28:32.364529,54,52.94.235.50,443,1.0,8,1,1,,1,ack
2018-11-26 21:28:32.375550,54,52.94.235.50,443,1.0,11,1,1,,1,ack
2018-11-26 21:28:32.376860,54,54.239.29.0,443,1.0,43,1,1,,1,ack
2018-11-26 21:28:32.378377,312,54.239.29.0,443,3.0,0,1,1,22,1,handshake
2018-11-26 21:28:32.426003,54,54.239.29.0,443,1.0,49,1,1,,1,ack
2018-11-26 21:28:32.426373,105,54.239.29.0,443,3.0,0,1,1,20,1,handshake
2018-11-26 21:28:32.484335,54,52.94.235.50,443,1.0,108,1,1,,1,ack
2018-11-26 21:28:32.519482,799,54.239.29.0,443,3.0,0,1,1,23,1,expected
2018-11-26 21:28:32.564630,85,54.239.29.0,443,3.0,0,1,1,21,1,handshake
2018-11-26 21:28:32.564776,54,54.239.29.0,443,1.0,138,1,1,,1,ack
2018-11-26 21:28:32.607577,54,54.239.29.0,443,1.0,42,1,1,,1,ack
2018-11-26 21:28:35.497415,100,52.94.235.50,443,3.0,0,1,1,23,1,syn
2018-11-26 21:28:36.618031,287,52.94.235.50,443,3.0,0,1,1,23,1,expected
2018-11-26 21:28:36.618882,1514,52.94.235.50,443,3.0,0,1,1,23,1,expected
2018-11-26 21:28:36.618964,1514,52.94.235.50,443,1.0,4134,1,1,,1,not_relevant
2018-11-26 21:28:36.619041,1514,52.94.235.50,443,3.0,0,1,1,23,1,expected
2018-11-26 21:28:36.619345,82,52.94.235.50,443,3.0,0,1,1,23,1,expected
2018-11-26 21:28:36.642514,286,52.94.235.50,443,3.0,0,1,1,23,1,expected
2018-11-26 21:28:36.643474,190,52.94.235.50,443,3.0,0,1,1,23,1,expected
2018-11-26 21:28:36.658521,1514,52.94.235.50,443,1.0,39,1,1,,1,not_relevant
2018-11-26 21:28:36.665652,1406,52.94.235.50,443,3.0,0,1,1,23,1,expected
2018-11-26 21:28:36.794180,54,52.94.235.50,443,1.0,135,1,1,,1,ack
2018-11-26 21:28:36.892818,54,52.94.235.50,443,1.0,98,1,1,,1,ack
2018-11-26 21:28:37.116380,640,52.94.235.50,443,3.0,0,1,1,23,1,expected
2018-11-26 21:28:37.116599,190,52.94.235.50,443,3.0,0,1,1,23,1,expected
2018-11-26 21:28:37.116951,1514,52.94.235.50,443,1.0,224,1,1,,1,not_relevant
2018-11-26 21:28:37.116971,1281,52.94.235.50,443,3.0,0,1,1,23,1,expected
2018-11-26 21:28:37.117013,136,52.94.235.50,443,3.0,0,1,1,23,1,expected
2018-11-26 21:28:37.117403,92,52.94.235.50,443,3.0,0,1,1,23,1,expected
2018-11-26 21:28:37.261922,54,52.94.235.50,443,1.0,144,1,1,,1,ack
2018-11-26 21:29:05.496736,100,52.94.235.50,443,3.0,0,1,1,23,1,syn
2018-11-26 21:29:21.132473,66,99.84.170.230,80,1.0,120047,1,1,,1,ack
2018-11-26 21:29:23.923714,295,52.94.235.50,443,3.0,0,1,1,23,1,expected
2018-11-26 21:29:23.924307,190,52.94.235.50,443,3.0,0,1,1,23,1,expected
2018-11-26 21:29:23.924417,1514,52.94.235.50,443,1.0,46662,1,1,,1,not_relevant
2018-11-26 21:29:23.924448,1514,52.94.235.50,443,1.0,0,1,1,,1,not_relevant
2018-11-26 21:29:23.924657,122,52.94.235.50,443,3.0,0,1,1,23,1,expected
2018-11-26 21:29:23.924791,132,52.94.235.50,443,3.0,0,1,1,23,1,expected
2018-11-26 21:29:23.927437,180,52.94.235.50,443,3.0,0,1,1,23,1,expected
2018-11-26 21:29:23.978734,1514,52.94.235.50,443,3.0,0,1,1,23,1,expected
2018-11-26 21:29:23.980639,1514,52.94.235.50,443,1.0,56,1,1,,1,not_relevant
2018-11-26 21:29:23.980729,1514,52.94.235.50,443,1.0,0,1,1,,1,not_relevant
2018-11-26 21:29:23.980894,1514,52.94.235.50,443,1.0,0,1,1,,1,not_relevant
2018-11-26 21:29:23.980936,690,52.94.235.50,443,3.0,0,1,1,23,1,expected
2018-11-26 21:29:23.991895,74,54.239.29.0,443,1.0,-22728858,0,1,,1,retransmit
2018-11-26 21:29:24.018708,1514,52.94.235.50,443,1.0,37,1,1,,1,not_relevant
2018-11-26 21:29:24.028387,1514,52.94.235.50,443,1.0,9,1,1,,1,not_relevant
2018-11-26 21:29:24.028928,1472,52.94.235.50,443,3.0,0,1,1,23,1,expected
2018-11-26 21:29:24.029025,172,52.94.235.50,443,3.0,0,1,1,23,1,expected
2018-11-26 21:29:24.034693,54,54.239.29.0,443,1.0,42,1,1,,1,ack
2018-11-26 21:29:24.039805,312,54.239.29.0,443,3.0,0,1,1,22,1,handshake
2018-11-26 21:29:24.043450,172,52.94.235.50,443,3.0,0,1,1,23,1,expected
2018-11-26 21:29:24.069128,172,52.94.235.50,443,3.0,0,1,1,23,1,expected
2018-11-26 21:29:24.085419,54,54.239.29.0,443,1.0,50,1,1,,1,ack
2018-11-26 21:29:24.085935,105,54.239.29.0,443,3.0,0,1,1,20,1,handshake
2018-11-26 21:29:24.090497,172,52.94.235.50,443,3.0,0,1,1,23,1,expected
2018-11-26 21:29:24.125771,172,52.94.235.50,443,3.0,0,1,1,23,1,expected
2018-11-26 21:29:24.126111,172,52.94.235.50,443,3.0,0,1,1,23,1,expected
2018-11-26 21:29:24.152199,172,52.94.235.50,443,3.0,0,1,1,23,1,expected
2018-11-26 21:29:24.152930,54,52.94.235.50,443,1.0,124,1,1,,1,ack
2018-11-26 21:29:24.166132,172,52.94.235.50,443,3.0,0,1,1,23,1,expected
2018-11-26 21:29:24.169876,766,54.239.29.0,443,3.0,0,1,1,23,1,expected
2018-11-26 21:29:24.187085,172,52.94.235.50,443,3.0,0,1,1,23,1,expected
2018-11-26 21:29:24.201271,172,52.94.235.50,443,3.0,0,1,1,23,1,expected
2018-11-26 21:29:24.218155,85,54.239.29.0,443,3.0,0,1,1,21,1,handshake
2018-11-26 21:29:24.218429,54,54.239.29.0,443,1.0,133,1,1,,1,ack
2018-11-26 21:29:24.228869,172,52.94.235.50,443,3.0,0,1,1,23,1,expected
2018-11-26 21:29:24.250100,172,52.94.235.50,443,3.0,0,1,1,23,1,expected
2018-11-26 21:29:24.264072,54,54.239.29.0,443,1.0,45,1,1,,1,ack
2018-11-26 21:29:24.264416,172,52.94.235.50,443,3.0,0,1,1,23,1,expected
2018-11-26 21:29:24.277970,172,52.94.235.50,443,3.0,0,1,1,23,1,expected
2018-11-26 21:29:24.313078,172,52.94.235.50,443,3.0,0,1,1,23,1,expected
2018-11-26 21:29:24.327252,172,52.94.235.50,443,3.0,0,1,1,23,1,expected
2018-11-26 21:29:24.341212,172,52.94.235.50,443,3.0,0,1,1,23,1,expected
2018-11-26 21:29:24.362138,172,52.94.235.50,443,3.0,0,1,1,23,1,expected
2018-11-26 21:29:24.390336,172,52.94.235.50,443,3.0,0,1,1,23,1,expected
2018-11-26 21:29:24.411705,172,52.94.235.50,443,3.0,0,1,1,23,1,expected
2018-11-26 21:29:24.426435,172,52.94.235.50,443,3.0,0,1,1,23,1,expected
2018-11-26 21:29:24.441191,172,52.94.235.50,443,3.0,0,1,1,23,1,expected
2018-11-26 21:29:24.451482,287,52.94.235.50,443,3.0,0,1,1,23,1,expected
2018-11-26 21:29:24.452259,190,52.94.235.50,443,3.0,0,1,1,23,1,expected
2018-11-26 21:29:24.454724,1514,52.94.235.50,443,1.0,301,1,1,,1,not_relevant
2018-11-26 21:29:24.482331,1514,52.94.235.50,443,3.0,0,1,1,23,1,expected
2018-11-26 21:29:24.482549,63,52.94.235.50,443,3.0,0,1,1,23,1,expected
2018-11-26 21:29:24.499686,172,52.94.235.50,443,3.0,0,1,1,23,1,expected
2018-11-26 21:29:24.501256,172,52.94.235.50,443,3.0,0,1,1,23,1,expected
2018-11-26 21:29:24.521986,172,52.94.235.50,443,3.0,0,1,1,23,1,expected
2018-11-26 21:29:24.549956,172,52.94.235.50,443,3.0,0,1,1,23,1,expected
2018-11-26 21:29:24.571228,172,52.94.235.50,443,3.0,0,1,1,23,1,expected
2018-11-26 21:29:24.584884,172,52.94.235.50,443,3.0,0,1,1,23,1,expected
2018-11-26 21:29:24.598922,172,52.94.235.50,443,3.0,0,1,1,23,1,expected
2018-11-26 21:29:24.618100,54,52.94.235.50,443,1.0,163,1,1,,1,ack
2018-11-26 21:29:24.636282,172,52.94.235.50,443,3.0,0,1,1,23,1,expected
2018-11-26 21:29:24.647903,172,52.94.235.50,443,3.0,0,1,1,23,1,expected
2018-11-26 21:29:24.661787,172,52.94.235.50,443,3.0,0,1,1,23,1,expected
2018-11-26 21:29:24.683149,172,52.94.235.50,443,3.0,0,1,1,23,1,expected
2018-11-26 21:29:24.711070,172,52.94.235.50,443,3.0,0,1,1,23,1,expected
2018-11-26 21:29:24.724761,172,52.94.235.50,443,3.0,0,1,1,23,1,expected
2018-11-26 21:29:24.747978,172,52.94.235.50,443,3.0,0,1,1,23,1,expected
2018-11-26 21:29:24.759845,172,52.94.235.50,443,3.0,0,1,1,23,1,expected
2018-11-26 21:29:24.825660,172,52.94.235.50,443,3.0,0,1,1,23,1,expected
2018-11-26 21:29:24.825809,172,52.94.235.50,443,3.0,0,1,1,23,1,expected
2018-11-26 21:29:24.825906,172,52.94.235.50,443,3.0,0,1,1,23,1,expected
2018-11-26 21:29:24.836777,172,52.94.235.50,443,3.0,0,1,1,23,1,expected
2018-11-26 21:29:24.875506,172,52.94.235.50,443,3.0,0,1,1,23,1,expected
2018-11-26 21:29:24.890690,172,52.94.235.50,443,3.0,0,1,1,23,1,expected
2018-11-26 21:29:24.907328,172,52.94.235.50,443,3.0,0,1,1,23,1,expected
2018-11-26 21:29:24.921740,172,52.94.235.50,443,3.0,0,1,1,23,1,expected
2018-11-26 21:29:24.948707,172,52.94.235.50,443,3.0,0,1,1,23,1,expected
2018-11-26 21:29:24.969790,172,52.94.235.50,443,3.0,0,1,1,23,1,expected
2018-11-26 21:29:24.984274,172,52.94.235.50,443,3.0,0,1,1,23,1,expected
2018-11-26 21:29:24.997802,172,52.94.235.50,443,3.0,0,1,1,23,1,expected
2018-11-26 21:29:25.032849,172,52.94.235.50,443,3.0,0,1,1,23,1,expected
2018-11-26 21:29:25.047073,172,52.94.235.50,443,3.0,0,1,1,23,1,expected
2018-11-26 21:29:25.061084,172,52.94.235.50,443,3.0,0,1,1,23,1,expected
2018-11-26 21:29:25.083832,172,52.94.235.50,443,3.0,0,1,1,23,1,expected
2018-11-26 21:29:25.115563,172,52.94.235.50,443,3.0,0,1,1,23,1,expected
2018-11-26 21:29:25.131089,172,52.94.235.50,443,3.0,0,1,1,23,1,expected
2018-11-26 21:29:25.144789,172,52.94.235.50,443,3.0,0,1,1,23,1,expected
2018-11-26 21:29:25.159069,172,52.94.235.50,443,3.0,0,1,1,23,1,expected
2018-11-26 21:29:25.194245,172,52.94.235.50,443,3.0,0,1,1,23,1,expected
2018-11-26 21:29:25.207764,172,52.94.235.50,443,3.0,0,1,1,23,1,expected
2018-11-26 21:29:25.226733,172,52.94.235.50,443,3.0,0,1,1,23,1,expected
2018-11-26 21:29:25.243323,172,52.94.235.50,443,3.0,0,1,1,23,1,expected
2018-11-26 21:29:25.271145,172,52.94.235.50,443,3.0,0,1,1,23,1,expected
2018-11-26 21:29:25.285177,172,52.94.235.50,443,3.0,0,1,1,23,1,expected
2018-11-26 21:29:25.305738,172,52.94.235.50,443,3.0,0,1,1,23,1,expected
2018-11-26 21:29:25.320291,172,52.94.235.50,443,3.0,0,1,1,23,1,expected
2018-11-26 21:29:25.355026,172,52.94.235.50,443,3.0,0,1,1,23,1,expected
2018-11-26 21:29:25.367559,172,52.94.235.50,443,3.0,0,1,1,23,1,expected
2018-11-26 21:29:25.381798,172,52.94.235.50,443,3.0,0,1,1,23,1,expected
2018-11-26 21:29:25.405121,172,52.94.235.50,443,3.0,0,1,1,23,1,expected
2018-11-26 21:29:25.431033,172,52.94.235.50,443,3.0,0,1,1,23,1,expected
2018-11-26 21:29:25.444941,172,52.94.235.50,443,3.0,0,1,1,23,1,expected
2018-11-26 21:29:25.465180,172,52.94.235.50,443,3.0,0,1,1,23,1,expected
2018-11-26 21:29:25.478672,172,52.94.235.50,443,3.0,0,1,1,23,1,expected
2018-11-26 21:29:25.520343,172,52.94.235.50,443,3.0,0,1,1,23,1,expected
2018-11-26 21:29:25.528044,172,52.94.235.50,443,3.0,0,1,1,23,1,expected
2018-11-26 21:29:25.542171,172,52.94.235.50,443,3.0,0,1,1,23,1,expected
2018-11-26 21:29:25.563059,172,52.94.235.50,443,3.0,0,1,1,23,1,expected
2018-11-26 21:29:25.591096,172,52.94.235.50,443,3.0,0,1,1,23,1,expected
2018-11-26 21:29:25.605158,172,52.94.235.50,443,3.0,0,1,1,23,1,expected
2018-11-26 21:29:25.625759,172,52.94.235.50,443,3.0,0,1,1,23,1,expected
2018-11-26 21:29:25.640123,172,52.94.235.50,443,3.0,0,1,1,23,1,expected
2018-11-26 21:29:25.674624,172,52.94.235.50,443,3.0,0,1,1,23,1,expected
2018-11-26 21:29:25.688620,172,52.94.235.50,443,3.0,0,1,1,23,1,expected
2018-11-26 21:29:25.702970,172,52.94.235.50,443,3.0,0,1,1,23,1,expected
2018-11-26 21:29:25.723259,172,52.94.235.50,443,3.0,0,1,1,23,1,expected
2018-11-26 21:29:25.751261,172,52.94.235.50,443,3.0,0,1,1,23,1,expected
2018-11-26 21:29:25.765083,172,52.94.235.50,443,3.0,0,1,1,23,1,expected
2018-11-26 21:29:25.785673,172,52.94.235.50,443,3.0,0,1,1,23,1,expected
2018-11-26 21:29:25.799749,172,52.94.235.50,443,3.0,0,1,1,23,1,expected
2018-11-26 21:29:25.835098,172,52.94.235.50,443,3.0,0,1,1,23,1,expected
2018-11-26 21:29:25.848665,172,52.94.235.50,443,3.0,0,1,1,23,1,expected
2018-11-26 21:29:25.862869,172,52.94.235.50,443,3.0,0,1,1,23,1,expected
2018-11-26 21:29:25.877140,172,52.94.235.50,443,3.0,0,1,1,23,1,expected
2018-11-26 21:29:25.911660,172,52.94.235.50,443,3.0,0,1,1,23,1,expected
2018-11-26 21:29:25.925755,172,52.94.235.50,443,3.0,0,1,1,23,1,expected
2018-11-26 21:29:25.947232,172,52.94.235.50,443,3.0,0,1,1,23,1,expected
2018-11-26 21:29:25.962181,172,52.94.235.50,443,3.0,0,1,1,23,1,expected
2018-11-26 21:29:25.995628,172,52.94.235.50,443,3.0,0,1,1,23,1,expected
2018-11-26 21:29:26.010261,172,52.94.235.50,443,3.0,0,1,1,23,1,expected
2018-11-26 21:29:26.024186,172,52.94.235.50,443,3.0,0,1,1,23,1,expected
2018-11-26 21:29:26.039261,172,52.94.235.50,443,3.0,0,1,1,23,1,expected
2018-11-26 21:29:26.075310,172,52.94.235.50,443,3.0,0,1,1,23,1,expected
2018-11-26 21:29:26.086058,136,52.94.235.50,443,3.0,0,1,1,23,1,expected
2018-11-26 21:29:26.087268,92,52.94.235.50,443,3.0,0,1,1,23,1,expected
2018-11-26 21:29:26.095192,74,54.239.29.0,443,1.0,-22727049,0,1,,1,retransmit
2018-11-26 21:29:26.120637,54,52.94.235.50,443,1.0,1502,1,1,,1,ack
2018-11-26 21:29:26.135516,54,54.239.29.0,443,1.0,40,1,1,,1,ack
2018-11-26 21:29:26.137383,312,54.239.29.0,443,3.0,0,1,1,22,1,handshake
2018-11-26 21:29:26.228403,54,54.239.29.0,443,1.0,92,1,1,,1,ack
2018-11-26 21:29:26.228559,105,54.239.29.0,443,3.0,0,1,1,20,1,handshake
2018-11-26 21:29:26.328520,811,54.239.29.0,443,3.0,0,1,1,23,1,expected
2018-11-26 21:29:26.375583,85,54.239.29.0,443,3.0,0,1,1,21,1,handshake
2018-11-26 21:29:26.375745,54,54.239.29.0,443,1.0,147,1,1,,1,ack
2018-11-26 21:29:26.415959,54,54.239.29.0,443,1.0,40,1,1,,1,ack
2018-11-26 21:29:26.666384,287,52.94.235.50,443,3.0,0,1,1,23,1,expected
2018-11-26 21:29:26.666745,1514,52.94.235.50,443,3.0,0,1,1,23,1,expected
2018-11-26 21:29:26.667449,1514,52.94.235.50,443,1.0,546,1,1,,1,not_relevant
2018-11-26 21:29:26.667472,1514,52.94.235.50,443,3.0,0,1,1,23,1,expected
2018-11-26 21:29:26.667490,77,52.94.235.50,443,3.0,0,1,1,23,1,expected
2018-11-26 21:29:26.667634,54,52.94.235.50,443,1.0,0,1,1,,1,ack
2018-11-26 21:29:26.667708,54,52.94.235.50,443,1.0,0,1,1,,1,ack
2018-11-26 21:29:26.667781,54,52.94.235.50,443,1.0,0,1,1,,1,ack
2018-11-26 21:29:26.667871,54,52.94.235.50,443,1.0,0,1,1,,1,ack
2018-11-26 21:29:26.702204,54,52.94.235.50,443,1.0,34,1,1,,1,ack
2018-11-26 21:29:26.720134,54,52.94.235.50,443,1.0,17,1,1,,1,ack
2018-11-26 21:29:26.720291,54,52.94.235.50,443,1.0,0,1,1,,1,ack
2018-11-26 21:29:26.720427,54,52.94.235.50,443,1.0,0,1,1,,1,ack
2018-11-26 21:29:26.720564,54,52.94.235.50,443,1.0,0,1,1,,1,ack
2018-11-26 21:29:26.720699,54,52.94.235.50,443,1.0,0,1,1,,1,ack
2018-11-26 21:29:26.720852,54,52.94.235.50,443,1.0,0,1,1,,1,ack
2018-11-26 21:29:26.720924,54,52.94.235.50,443,1.0,0,1,1,,1,ack
2018-11-26 21:29:26.720997,54,52.94.235.50,443,1.0,0,1,1,,1,ack
2018-11-26 21:29:26.721072,54,52.94.235.50,443,1.0,0,1,1,,1,ack
2018-11-26 21:29:26.740663,54,52.94.235.50,443,1.0,19,1,1,,1,ack
2018-11-26 21:29:26.759527,54,52.94.235.50,443,1.0,18,1,1,,1,ack
2018-11-26 21:29:26.761164,96,52.94.235.50,443,3.0,0,1,1,23,1,expected
2018-11-26 21:29:26.764585,74,54.239.29.0,443,1.0,-22726758,0,1,,1,retransmit
2018-11-26 21:29:26.815240,54,54.239.29.0,443,1.0,50,1,1,,1,ack
2018-11-26 21:29:26.817048,312,54.239.29.0,443,3.0,0,1,1,22,1,handshake
2018-11-26 21:29:26.820640,54,52.94.235.50,443,1.0,61,1,1,,1,ack
2018-11-26 21:29:26.863404,54,54.239.29.0,443,1.0,48,1,1,,1,ack
2018-11-26 21:29:26.863790,105,54.239.29.0,443,3.0,0,1,1,20,1,handshake
2018-11-26 21:29:26.956327,787,54.239.29.0,443,3.0,0,1,1,23,1,expected
2018-11-26 21:29:27.024108,287,52.94.235.50,443,3.0,0,1,1,23,1,expected
2018-11-26 21:29:27.031579,85,54.239.29.0,443,3.0,0,1,1,21,1,handshake
2018-11-26 21:29:27.031868,54,54.239.29.0,443,1.0,168,1,1,,1,ack
2018-11-26 21:29:27.033773,190,52.94.235.50,443,3.0,0,1,1,23,1,expected
2018-11-26 21:29:27.033978,1514,52.94.235.50,443,1.0,213,1,1,,1,not_relevant
2018-11-26 21:29:27.034011,1286,52.94.235.50,443,3.0,0,1,1,23,1,expected
2018-11-26 21:29:27.036516,136,52.94.235.50,443,3.0,0,1,1,23,1,expected
2018-11-26 21:29:27.077451,54,54.239.29.0,443,1.0,45,1,1,,1,ack
2018-11-26 21:29:27.077757,92,52.94.235.50,443,3.0,0,1,1,23,1,expected
2018-11-26 21:29:27.172238,288,52.94.235.50,443,3.0,0,1,1,23,1,expected
2018-11-26 21:29:27.172767,190,52.94.235.50,443,3.0,0,1,1,23,1,expected
2018-11-26 21:29:27.174536,1514,52.94.235.50,443,1.0,140,1,1,,1,not_relevant
2018-11-26 21:29:27.174576,1282,52.94.235.50,443,3.0,0,1,1,23,1,expected
2018-11-26 21:29:27.174711,136,52.94.235.50,443,3.0,0,1,1,23,1,expected
2018-11-26 21:29:27.206285,54,52.94.235.50,443,1.0,31,1,1,,1,ack
2018-11-26 21:29:27.216558,92,52.94.235.50,443,3.0,0,1,1,23,1,expected
2018-11-26 21:29:27.290830,54,52.94.235.50,443,1.0,84,1,1,,1,ack
2018-11-26 21:29:28.778434,74,54.239.29.0,443,1.0,-22772766,0,1,,1,retransmit
2018-11-26 21:29:28.812418,54,52.94.235.50,443,1.0,1521,1,1,,1,ack
2018-11-26 21:29:28.817116,54,52.94.235.50,443,1.0,4,1,1,,1,ack
2018-11-26 21:29:28.817739,54,52.94.235.50,443,1.0,0,1,1,,1,ack
2018-11-26 21:29:28.820215,54,54.239.29.0,443,1.0,41,1,1,,1,ack
2018-11-26 21:29:28.826550,312,54.239.29.0,443,3.0,0,1,1,22,1,handshake
2018-11-26 21:29:28.870806,54,54.239.29.0,443,1.0,50,1,1,,1,ack
2018-11-26 21:29:28.874491,105,54.239.29.0,443,3.0,0,1,1,20,1,handshake
2018-11-26 21:29:28.963325,798,54.239.29.0,443,3.0,0,1,1,23,1,expected
2018-11-26 21:29:29.027377,85,54.239.29.0,443,3.0,0,1,1,21,1,handshake
2018-11-26 21:29:29.027578,54,54.239.29.0,443,1.0,156,1,1,,1,ack
2018-11-26 21:29:29.074225,54,54.239.29.0,443,1.0,46,1,1,,1,ack
2018-11-26 21:29:31.365151,287,52.94.235.50,443,3.0,0,1,1,23,1,expected
2018-11-26 21:29:31.368946,190,52.94.235.50,443,3.0,0,1,1,23,1,expected
2018-11-26 21:29:31.370100,1514,52.94.235.50,443,1.0,2552,1,1,,1,not_relevant
2018-11-26 21:29:31.371416,1407,52.94.235.50,443,3.0,0,1,1,23,1,expected
2018-11-26 21:29:31.419626,54,52.94.235.50,443,1.0,49,1,1,,1,ack
2018-11-26 21:29:31.472378,285,52.94.235.50,443,3.0,0,1,1,23,1,expected
2018-11-26 21:29:31.472679,190,52.94.235.50,443,3.0,0,1,1,23,1,expected
2018-11-26 21:29:31.473116,1514,52.94.235.50,443,1.0,53,1,1,,1,not_relevant
2018-11-26 21:29:31.473146,1287,52.94.235.50,443,3.0,0,1,1,23,1,expected
2018-11-26 21:29:31.473312,136,52.94.235.50,443,3.0,0,1,1,23,1,expected
2018-11-26 21:29:31.519276,92,52.94.235.50,443,3.0,0,1,1,23,1,expected
2018-11-26 21:29:31.536594,54,52.94.235.50,443,1.0,63,1,1,,1,ack
2018-11-26 21:29:31.537483,54,52.94.235.50,443,1.0,0,1,1,,1,ack
2018-11-26 21:29:31.634792,54,52.94.235.50,443,1.0,97,1,1,,1,ack
2018-11-26 21:29:31.636782,54,52.94.235.50,443,1.0,1,1,1,,1,ack
2018-11-26 21:29:31.862539,288,52.94.235.50,443,3.0,0,1,1,23,1,expected
2018-11-26 21:29:31.862674,190,52.94.235.50,443,3.0,0,1,1,23,1,expected
2018-11-26 21:29:31.863738,1514,52.94.235.50,443,1.0,226,1,1,,1,not_relevant
2018-11-26 21:29:31.863761,1281,52.94.235.50,443,3.0,0,1,1,23,1,expected
2018-11-26 21:29:31.863780,136,52.94.235.50,443,3.0,0,1,1,23,1,expected
2018-11-26 21:29:31.906382,92,52.94.235.50,443,3.0,0,1,1,23,1,expected
2018-11-26 21:29:32.071566,54,52.94.235.50,443,1.0,207,1,1,,1,ack
2018-11-26 21:29:32.071734,54,52.94.235.50,443,1.0,0,1,1,,1,ack
2018-11-26 21:29:35.496161,54,52.94.235.50,443,1.0,3424,1,1,,1,ack
2018-11-26 21:29:35.497292,100,52.94.235.50,443,3.0,0,1,1,23,1,syn
2018-11-26 21:30:05.496807,100,52.94.235.50,443,3.0,0,1,1,23,1,syn
2018-11-26 21:30:13.120667,287,52.94.235.50,443,3.0,0,1,1,23,1,expected
2018-11-26 21:30:13.121974,190,52.94.235.50,443,3.0,0,1,1,23,1,expected
2018-11-26 21:30:13.131529,1514,52.94.235.50,443,1.0,37635,1,1,,1,not_relevant
2018-11-26 21:30:13.131578,1514,52.94.235.50,443,1.0,0,1,1,,1,not_relevant
2018-11-26 21:30:13.131701,74,54.239.29.0,443,1.0,-22731545,0,1,,1,retransmit
2018-11-26 21:30:13.131890,122,52.94.235.50,443,3.0,0,1,1,23,1,expected
2018-11-26 21:30:13.161263,1514,52.94.235.50,443,3.0,0,1,1,23,1,expected
2018-11-26 21:30:13.162907,1514,52.94.235.50,443,3.0,0,1,1,23,1,expected
2018-11-26 21:30:13.176243,1514,52.94.235.50,443,1.0,44,1,1,,1,not_relevant
2018-11-26 21:30:13.177079,1514,52.94.235.50,443,1.0,0,1,1,,1,not_relevant
2018-11-26 21:30:13.177125,885,52.94.235.50,443,3.0,0,1,1,23,1,expected
2018-11-26 21:30:13.177847,54,54.239.29.0,443,1.0,46,1,1,,1,ack
2018-11-26 21:30:13.189206,312,54.239.29.0,443,3.0,0,1,1,22,1,handshake
2018-11-26 21:30:13.227653,1514,52.94.235.50,443,1.0,50,1,1,,1,not_relevant
2018-11-26 21:30:13.227676,1514,52.94.235.50,443,1.0,0,1,1,,1,not_relevant
2018-11-26 21:30:13.227693,1472,52.94.235.50,443,3.0,0,1,1,23,1,expected
2018-11-26 21:30:13.240283,54,54.239.29.0,443,1.0,62,1,1,,1,ack
2018-11-26 21:30:13.240469,172,52.94.235.50,443,3.0,0,1,1,23,1,expected
2018-11-26 21:30:13.240620,54,54.239.29.0,443,1.0,0,1,1,,1,ack
2018-11-26 21:30:13.240701,54,54.239.29.0,443,1.0,0,1,1,,1,ack
2018-11-26 21:30:13.240798,54,54.239.29.0,443,1.0,0,1,1,,1,ack
2018-11-26 21:30:13.261526,66,54.239.29.0,443,1.0,20,1,1,,1,ack
2018-11-26 21:30:13.274117,172,52.94.235.50,443,3.0,0,1,1,23,1,expected
2018-11-26 21:30:13.288016,172,52.94.235.50,443,3.0,0,1,1,23,1,expected
2018-11-26 21:30:13.302159,172,52.94.235.50,443,3.0,0,1,1,23,1,expected
2018-11-26 21:30:13.315986,54,52.94.235.50,443,1.0,88,1,1,,1,ack
2018-11-26 21:30:13.323421,172,52.94.235.50,443,3.0,0,1,1,23,1,expected
2018-11-26 21:30:13.359113,172,52.94.235.50,443,3.0,0,1,1,23,1,expected
2018-11-26 21:30:13.365503,172,52.94.235.50,443,3.0,0,1,1,23,1,expected
2018-11-26 21:30:13.373050,180,54.239.29.0,443,3.0,0,1,1,22,1,handshake
2018-11-26 21:30:13.386305,172,52.94.235.50,443,3.0,0,1,1,23,1,expected
2018-11-26 21:30:13.400257,172,52.94.235.50,443,3.0,0,1,1,23,1,expected
2018-11-26 21:30:13.413525,54,54.239.29.0,443,1.0,151,1,1,,1,ack
2018-11-26 21:30:13.415983,766,54.239.29.0,443,3.0,0,1,1,23,1,expected
2018-11-26 21:30:13.434671,172,52.94.235.50,443,3.0,0,1,1,23,1,expected
2018-11-26 21:30:13.448804,172,52.94.235.50,443,3.0,0,1,1,23,1,expected
2018-11-26 21:30:13.463110,172,52.94.235.50,443,3.0,0,1,1,23,1,expected
2018-11-26 21:30:13.468417,85,54.239.29.0,443,3.0,0,1,1,21,1,handshake
2018-11-26 21:30:13.468594,54,54.239.29.0,443,1.0,55,1,1,,1,ack
2018-11-26 21:30:13.478853,172,52.94.235.50,443,3.0,0,1,1,23,1,expected
2018-11-26 21:30:13.509525,54,54.239.29.0,443,1.0,40,1,1,,1,ack
2018-11-26 21:30:13.511879,172,52.94.235.50,443,3.0,0,1,1,23,1,expected
2018-11-26 21:30:13.526332,172,52.94.235.50,443,3.0,0,1,1,23,1,expected
2018-11-26 21:30:13.547024,172,52.94.235.50,443,3.0,0,1,1,23,1,expected
2018-11-26 21:30:13.579893,172,52.94.235.50,443,3.0,0,1,1,23,1,expected
2018-11-26 21:30:13.595956,172,52.94.235.50,443,3.0,0,1,1,23,1,expected
2018-11-26 21:30:13.609757,172,52.94.235.50,443,3.0,0,1,1,23,1,expected
2018-11-26 21:30:13.622122,287,52.94.235.50,443,3.0,0,1,1,23,1,expected
2018-11-26 21:30:13.623847,190,52.94.235.50,443,3.0,0,1,1,23,1,expected
2018-11-26 21:30:13.634456,1514,52.94.235.50,443,1.0,318,1,1,,1,not_relevant
2018-11-26 21:30:13.634820,1514,52.94.235.50,443,3.0,0,1,1,23,1,expected
2018-11-26 21:30:13.660031,181,52.94.235.50,443,3.0,0,1,1,23,1,expected
2018-11-26 21:30:13.672951,172,52.94.235.50,443,3.0,0,1,1,23,1,expected
2018-11-26 21:30:13.686846,172,52.94.235.50,443,3.0,0,1,1,23,1,expected
2018-11-26 21:30:13.701209,172,52.94.235.50,443,3.0,0,1,1,23,1,expected
2018-11-26 21:30:13.721913,172,52.94.235.50,443,3.0,0,1,1,23,1,expected
2018-11-26 21:30:13.749971,172,52.94.235.50,443,3.0,0,1,1,23,1,expected
2018-11-26 21:30:13.761590,54,52.94.235.50,443,1.0,127,1,1,,1,ack
2018-11-26 21:30:13.771197,172,52.94.235.50,443,3.0,0,1,1,23,1,expected
2018-11-26 21:30:13.785393,172,52.94.235.50,443,3.0,0,1,1,23,1,expected
2018-11-26 21:30:13.826105,172,52.94.235.50,443,3.0,0,1,1,23,1,expected
2018-11-26 21:30:13.834324,172,52.94.235.50,443,3.0,0,1,1,23,1,expected
2018-11-26 21:30:13.849979,172,52.94.235.50,443,3.0,0,1,1,23,1,expected
2018-11-26 21:30:13.861914,172,52.94.235.50,443,3.0,0,1,1,23,1,expected
2018-11-26 21:30:13.883188,172,52.94.235.50,443,3.0,0,1,1,23,1,expected
2018-11-26 21:30:13.911080,172,52.94.235.50,443,3.0,0,1,1,23,1,expected
2018-11-26 21:30:13.925233,172,52.94.235.50,443,3.0,0,1,1,23,1,expected
2018-11-26 21:30:13.950012,172,52.94.235.50,443,3.0,0,1,1,23,1,expected
2018-11-26 21:30:13.960181,172,52.94.235.50,443,3.0,0,1,1,23,1,expected
2018-11-26 21:30:13.995054,172,52.94.235.50,443,3.0,0,1,1,23,1,expected
2018-11-26 21:30:14.008973,172,52.94.235.50,443,3.0,0,1,1,23,1,expected
2018-11-26 21:30:14.022808,172,52.94.235.50,443,3.0,0,1,1,23,1,expected
2018-11-26 21:30:14.043848,172,52.94.235.50,443,3.0,0,1,1,23,1,expected
2018-11-26 21:30:14.071802,172,52.94.235.50,443,3.0,0,1,1,23,1,expected
2018-11-26 21:30:14.085486,172,52.94.235.50,443,3.0,0,1,1,23,1,expected
2018-11-26 21:30:14.106441,172,52.94.235.50,443,3.0,0,1,1,23,1,expected
2018-11-26 21:30:14.120854,172,52.94.235.50,443,3.0,0,1,1,23,1,expected
2018-11-26 21:30:14.154707,172,52.94.235.50,443,3.0,0,1,1,23,1,expected
2018-11-26 21:30:14.168755,172,52.94.235.50,443,3.0,0,1,1,23,1,expected
2018-11-26 21:30:14.183179,172,52.94.235.50,443,3.0,0,1,1,23,1,expected
2018-11-26 21:30:14.196990,172,52.94.235.50,443,3.0,0,1,1,23,1,expected
2018-11-26 21:30:14.231668,172,52.94.235.50,443,3.0,0,1,1,23,1,expected
2018-11-26 21:30:14.245957,172,52.94.235.50,443,3.0,0,1,1,23,1,expected
2018-11-26 21:30:14.266776,172,52.94.235.50,443,3.0,0,1,1,23,1,expected
2018-11-26 21:30:14.281357,172,52.94.235.50,443,3.0,0,1,1,23,1,expected
2018-11-26 21:30:14.308997,172,52.94.235.50,443,3.0,0,1,1,23,1,expected
2018-11-26 21:30:14.329888,172,52.94.235.50,443,3.0,0,1,1,23,1,expected
2018-11-26 21:30:14.343957,172,52.94.235.50,443,3.0,0,1,1,23,1,expected
2018-11-26 21:30:14.360273,172,52.94.235.50,443,3.0,0,1,1,23,1,expected
2018-11-26 21:30:14.392929,172,52.94.235.50,443,3.0,0,1,1,23,1,expected
2018-11-26 21:30:14.407207,172,52.94.235.50,443,3.0,0,1,1,23,1,expected
2018-11-26 21:30:14.421196,172,52.94.235.50,443,3.0,0,1,1,23,1,expected
2018-11-26 21:30:14.441923,172,52.94.235.50,443,3.0,0,1,1,23,1,expected
2018-11-26 21:30:14.469945,172,52.94.235.50,443,3.0,0,1,1,23,1,expected
2018-11-26 21:30:14.491273,172,52.94.235.50,443,3.0,0,1,1,23,1,expected
2018-11-26 21:30:14.525926,172,52.94.235.50,443,3.0,0,1,1,23,1,expected
2018-11-26 21:30:14.526070,172,52.94.235.50,443,3.0,0,1,1,23,1,expected
2018-11-26 21:30:14.554300,172,52.94.235.50,443,3.0,0,1,1,23,1,expected
2018-11-26 21:30:14.567615,172,52.94.235.50,443,3.0,0,1,1,23,1,expected
2018-11-26 21:30:14.581844,172,52.94.235.50,443,3.0,0,1,1,23,1,expected
2018-11-26 21:30:14.602437,172,52.94.235.50,443,3.0,0,1,1,23,1,expected
2018-11-26 21:30:14.630218,172,52.94.235.50,443,3.0,0,1,1,23,1,expected
2018-11-26 21:30:14.654641,172,52.94.235.50,443,3.0,0,1,1,23,1,expected
2018-11-26 21:30:14.668342,172,52.94.235.50,443,3.0,0,1,1,23,1,expected
2018-11-26 21:30:14.681369,172,52.94.235.50,443,3.0,0,1,1,23,1,expected
2018-11-26 21:30:14.714187,172,52.94.235.50,443,3.0,0,1,1,23,1,expected
2018-11-26 21:30:14.728075,172,52.94.235.50,443,3.0,0,1,1,23,1,expected
2018-11-26 21:30:14.742084,172,52.94.235.50,443,3.0,0,1,1,23,1,expected
2018-11-26 21:30:14.763027,172,52.94.235.50,443,3.0,0,1,1,23,1,expected
2018-11-26 21:30:14.793477,172,52.94.235.50,443,3.0,0,1,1,23,1,expected
2018-11-26 21:30:14.806981,172,52.94.235.50,443,3.0,0,1,1,23,1,expected
2018-11-26 21:30:14.826142,172,52.94.235.50,443,3.0,0,1,1,23,1,expected
2018-11-26 21:30:14.840405,172,52.94.235.50,443,3.0,0,1,1,23,1,expected
2018-11-26 21:30:14.875040,172,52.94.235.50,443,3.0,0,1,1,23,1,expected
2018-11-26 21:30:14.888975,172,52.94.235.50,443,3.0,0,1,1,23,1,expected
2018-11-26 21:30:14.903215,172,52.94.235.50,443,3.0,0,1,1,23,1,expected
2018-11-26 21:30:14.917123,172,52.94.235.50,443,3.0,0,1,1,23,1,expected
2018-11-26 21:30:14.950962,172,52.94.235.50,443,3.0,0,1,1,23,1,expected
2018-11-26 21:30:14.965223,172,52.94.235.50,443,3.0,0,1,1,23,1,expected
2018-11-26 21:30:14.985948,172,52.94.235.50,443,3.0,0,1,1,23,1,expected
2018-11-26 21:30:15.000007,172,52.94.235.50,443,3.0,0,1,1,23,1,expected
2018-11-26 21:30:15.036929,172,52.94.235.50,443,3.0,0,1,1,23,1,expected
2018-11-26 21:30:15.048896,172,52.94.235.50,443,3.0,0,1,1,23,1,expected
2018-11-26 21:30:15.063188,172,52.94.235.50,443,3.0,0,1,1,23,1,expected
2018-11-26 21:30:15.077096,172,52.94.235.50,443,3.0,0,1,1,23,1,expected
2018-11-26 21:30:15.111789,172,52.94.235.50,443,3.0,0,1,1,23,1,expected
2018-11-26 21:30:15.129221,172,52.94.235.50,443,3.0,0,1,1,23,1,expected
2018-11-26 21:30:15.147110,172,52.94.235.50,443,3.0,0,1,1,23,1,expected
2018-11-26 21:30:15.160916,172,52.94.235.50,443,3.0,0,1,1,23,1,expected
2018-11-26 21:30:15.223558,172,52.94.235.50,443,3.0,0,1,1,23,1,expected
2018-11-26 21:30:15.223714,172,52.94.235.50,443,3.0,0,1,1,23,1,expected
2018-11-26 21:30:15.227207,172,52.94.235.50,443,3.0,0,1,1,23,1,expected
2018-11-26 21:30:15.237943,172,52.94.235.50,443,3.0,0,1,1,23,1,expected
2018-11-26 21:30:15.273321,172,52.94.235.50,443,3.0,0,1,1,23,1,expected
2018-11-26 21:30:15.287100,172,52.94.235.50,443,3.0,0,1,1,23,1,expected
2018-11-26 21:30:15.300922,172,52.94.235.50,443,3.0,0,1,1,23,1,expected
2018-11-26 21:30:15.322581,172,52.94.235.50,443,3.0,0,1,1,23,1,expected
2018-11-26 21:30:15.349911,172,52.94.235.50,443,3.0,0,1,1,23,1,expected
2018-11-26 21:30:15.370996,172,52.94.235.50,443,3.0,0,1,1,23,1,expected
2018-11-26 21:30:15.385406,172,52.94.235.50,443,3.0,0,1,1,23,1,expected
2018-11-26 21:30:15.399266,172,52.94.235.50,443,3.0,0,1,1,23,1,expected
2018-11-26 21:30:15.434125,172,52.94.235.50,443,3.0,0,1,1,23,1,expected
2018-11-26 21:30:15.448468,172,52.94.235.50,443,3.0,0,1,1,23,1,expected
2018-11-26 21:30:15.462184,172,52.94.235.50,443,3.0,0,1,1,23,1,expected
2018-11-26 21:30:15.482997,172,52.94.235.50,443,3.0,0,1,1,23,1,expected
2018-11-26 21:30:15.511696,172,52.94.235.50,443,3.0,0,1,1,23,1,expected
2018-11-26 21:30:15.517680,136,52.94.235.50,443,3.0,0,1,1,23,1,expected
2018-11-26 21:30:15.517844,92,52.94.235.50,443,3.0,0,1,1,23,1,expected
2018-11-26 21:30:15.561824,74,52.94.232.195,443,1.0,-22728743,0,1,,1,retransmit
2018-11-26 21:30:15.573016,54,52.94.235.50,443,1.0,1811,1,1,,1,ack
2018-11-26 21:30:15.601933,54,52.94.232.195,443,1.0,40,1,1,,1,ack
2018-11-26 21:30:15.607871,312,52.94.232.195,443,3.0,0,1,1,22,1,handshake
2018-11-26 21:30:15.658211,54,52.94.232.195,443,1.0,56,1,1,,1,ack
2018-11-26 21:30:15.664670,105,52.94.232.195,443,3.0,0,1,1,20,1,handshake
2018-11-26 21:30:15.747844,810,52.94.232.195,443,3.0,0,1,1,23,1,expected
2018-11-26 21:30:15.797672,85,52.94.232.195,443,3.0,0,1,1,21,1,handshake
2018-11-26 21:30:15.797944,54,52.94.232.195,443,1.0,139,1,1,,1,ack
2018-11-26 21:30:15.839740,54,52.94.232.195,443,1.0,41,1,1,,1,ack
2018-11-26 21:30:16.025888,54,52.94.235.50,443,1.0,452,1,1,,1,ack
2018-11-26 21:30:16.033231,54,52.94.235.50,443,1.0,7,1,1,,1,ack
2018-11-26 21:30:16.033411,54,52.94.235.50,443,1.0,0,1,1,,1,ack
2018-11-26 21:30:16.033568,54,52.94.235.50,443,1.0,0,1,1,,1,ack
2018-11-26 21:30:16.033767,54,52.94.235.50,443,1.0,0,1,1,,1,ack
2018-11-26 21:30:16.033854,54,52.94.235.50,443,1.0,0,1,1,,1,ack
2018-11-26 21:30:16.033932,54,52.94.235.50,443,1.0,0,1,1,,1,ack
2018-11-26 21:30:16.034019,54,52.94.235.50,443,1.0,0,1,1,,1,ack
2018-11-26 21:30:16.034101,54,52.94.235.50,443,1.0,0,1,1,,1,ack
2018-11-26 21:30:16.034184,54,52.94.235.50,443,1.0,0,1,1,,1,ack
2018-11-26 21:30:16.062111,639,52.94.235.50,443,3.0,0,1,1,23,1,expected
2018-11-26 21:30:16.062488,190,52.94.235.50,443,3.0,0,1,1,23,1,expected
2018-11-26 21:30:16.064478,1514,52.94.235.50,443,1.0,30,1,1,,1,not_relevant
2018-11-26 21:30:16.064523,1281,52.94.235.50,443,3.0,0,1,1,23,1,expected
2018-11-26 21:30:16.064542,136,52.94.235.50,443,3.0,0,1,1,23,1,expected
2018-11-26 21:30:16.070241,54,52.94.235.50,443,1.0,5,1,1,,1,ack
2018-11-26 21:30:16.077460,54,52.94.235.50,443,1.0,7,1,1,,1,ack
2018-11-26 21:30:16.078799,54,52.94.235.50,443,1.0,1,1,1,,1,ack
2018-11-26 21:30:16.079939,54,52.94.235.50,443,1.0,1,1,1,,1,ack
2018-11-26 21:30:16.080833,54,52.94.235.50,443,1.0,0,1,1,,1,ack
2018-11-26 21:30:16.095516,74,52.94.232.195,443,1.0,-22728411,0,1,,1,retransmit
2018-11-26 21:30:16.103304,92,52.94.235.50,443,3.0,0,1,1,23,1,expected
2018-11-26 21:30:16.136057,54,52.94.232.195,443,1.0,40,1,1,,1,ack
2018-11-26 21:30:16.138082,312,52.94.232.195,443,3.0,0,1,1,22,1,handshake
2018-11-26 21:30:16.183408,54,52.94.232.195,443,1.0,47,1,1,,1,ack
2018-11-26 21:30:16.184463,105,52.94.232.195,443,3.0,0,1,1,20,1,handshake
2018-11-26 21:30:16.233021,54,52.94.235.50,443,1.0,152,1,1,,1,ack
2018-11-26 21:30:16.247316,294,52.94.235.50,443,3.0,0,1,1,23,1,expected
2018-11-26 21:30:16.247833,190,52.94.235.50,443,3.0,0,1,1,23,1,expected
2018-11-26 21:30:16.249468,1514,52.94.235.50,443,1.0,16,1,1,,1,not_relevant
2018-11-26 21:30:16.249512,1286,52.94.235.50,443,3.0,0,1,1,23,1,expected
2018-11-26 21:30:16.253686,136,52.94.235.50,443,3.0,0,1,1,23,1,expected
2018-11-26 21:30:16.280227,787,52.94.232.195,443,3.0,0,1,1,23,1,expected
2018-11-26 21:30:16.284811,92,52.94.235.50,443,3.0,0,1,1,23,1,expected
2018-11-26 21:30:16.307435,287,52.94.235.50,443,3.0,0,1,1,23,1,expected
2018-11-26 21:30:16.308029,190,52.94.235.50,443,3.0,0,1,1,23,1,expected
2018-11-26 21:30:16.316508,1514,52.94.235.50,443,1.0,67,1,1,,1,not_relevant
2018-11-26 21:30:16.316534,1402,52.94.235.50,443,3.0,0,1,1,23,1,expected
2018-11-26 21:30:16.326190,85,52.94.232.195,443,3.0,0,1,1,21,1,handshake
2018-11-26 21:30:16.326359,54,52.94.232.195,443,1.0,142,1,1,,1,ack
2018-11-26 21:30:16.365761,54,52.94.232.195,443,1.0,39,1,1,,1,ack
2018-11-26 21:30:16.401482,54,52.94.235.50,443,1.0,84,1,1,,1,ack
2018-11-26 21:30:16.418147,74,52.94.232.195,443,1.0,-22728427,0,1,,1,retransmit
2018-11-26 21:30:16.445926,54,52.94.235.50,443,1.0,44,1,1,,1,ack
2018-11-26 21:30:16.451113,54,52.94.235.50,443,1.0,5,1,1,,1,ack
2018-11-26 21:30:16.455467,54,52.94.232.195,443,1.0,37,1,1,,1,ack
2018-11-26 21:30:16.456874,312,52.94.232.195,443,3.0,0,1,1,22,1,handshake
2018-11-26 21:30:16.499244,54,52.94.232.195,443,1.0,43,1,1,,1,ack
2018-11-26 21:30:16.502959,105,52.94.232.195,443,3.0,0,1,1,20,1,handshake
2018-11-26 21:30:16.586397,798,52.94.232.195,443,3.0,0,1,1,23,1,expected
2018-11-26 21:30:16.631168,85,52.94.232.195,443,3.0,0,1,1,21,1,handshake
2018-11-26 21:30:16.631362,54,52.94.232.195,443,1.0,132,1,1,,1,ack
2018-11-26 21:30:16.668427,54,52.94.232.195,443,1.0,37,1,1,,1,ack
2018-11-26 21:30:20.630900,285,52.94.235.50,443,3.0,0,1,1,23,1,expected
2018-11-26 21:30:20.631329,1514,52.94.235.50,443,3.0,0,1,1,23,1,expected
2018-11-26 21:30:20.631360,1514,52.94.235.50,443,1.0,4180,1,1,,1,not_relevant
2018-11-26 21:30:20.631377,1504,52.94.235.50,443,3.0,0,1,1,23,1,expected
2018-11-26 21:30:20.633801,92,52.94.235.50,443,3.0,0,1,1,23,1,expected
2018-11-26 21:30:20.668885,286,52.94.235.50,443,3.0,0,1,1,23,1,expected
2018-11-26 21:30:20.669793,190,52.94.235.50,443,3.0,0,1,1,23,1,expected
2018-11-26 21:30:20.683672,1514,52.94.235.50,443,1.0,52,1,1,,1,not_relevant
2018-11-26 21:30:20.683756,1406,52.94.235.50,443,3.0,0,1,1,23,1,expected
2018-11-26 21:30:20.782045,54,52.94.235.50,443,1.0,98,1,1,,1,ack
2018-11-26 21:30:20.848845,54,52.94.235.50,443,1.0,66,1,1,,1,ack
2018-11-26 21:30:21.127399,285,52.94.235.50,443,3.0,0,1,1,23,1,expected
2018-11-26 21:30:21.129346,190,52.94.235.50,443,3.0,0,1,1,23,1,expected
2018-11-26 21:30:21.130464,1514,52.94.235.50,443,1.0,281,1,1,,1,not_relevant
2018-11-26 21:30:21.130525,1281,52.94.235.50,443,3.0,0,1,1,23,1,expected
2018-11-26 21:30:21.130560,136,52.94.235.50,443,3.0,0,1,1,23,1,expected
2018-11-26 21:30:21.164767,92,52.94.235.50,443,3.0,0,1,1,23,1,expected
2018-11-26 21:30:21.272305,54,52.94.235.50,443,1.0,141,1,1,,1,ack
