2018-10-05 05:06:22.130345,286,52.94.235.50,443,3.0,0,1,1,23,1,expected
2018-10-05 05:06:22.131214,190,52.94.235.50,443,3.0,0,1,1,23,1,expected
2018-10-05 05:06:22.131353,1514,52.94.235.50,443,1.0,0,1,1,,1,not_relevant
2018-10-05 05:06:22.131428,1514,52.94.235.50,443,1.0,0,1,1,,1,not_relevant
2018-10-05 05:06:22.131487,1514,52.94.235.50,443,3.0,0,1,1,23,1,expected
2018-10-05 05:06:22.131923,1514,52.94.235.50,443,3.0,0,1,1,23,1,expected
2018-10-05 05:06:22.131967,1514,52.94.235.50,443,1.0,0,1,1,,1,not_relevant
2018-10-05 05:06:22.132024,1514,52.94.235.50,443,1.0,0,1,1,,1,not_relevant
2018-10-05 05:06:22.132344,1116,52.94.235.50,443,3.0,0,1,1,23,1,expected
2018-10-05 05:06:22.245052,1514,52.94.235.50,443,3.0,0,1,1,23,1,expected
2018-10-05 05:06:22.269829,1514,52.94.235.50,443,1.0,137,1,1,,1,not_relevant
2018-10-05 05:06:22.270694,1514,52.94.235.50,443,1.0,0,1,1,,1,not_relevant
2018-10-05 05:06:22.270754,1514,52.94.235.50,443,3.0,0,1,1,23,1,expected
2018-10-05 05:06:22.271029,324,52.94.235.50,443,3.0,0,1,1,23,1,expected
2018-10-05 05:06:22.271064,172,52.94.235.50,443,3.0,0,1,1,23,1,expected
2018-10-05 05:06:22.271680,74,54.239.26.255,443,1.0,0,0,1,,1,retransmit
2018-10-05 05:06:22.286378,172,52.94.235.50,443,3.0,0,1,1,23,1,expected
2018-10-05 05:06:22.310528,54,54.239.26.255,443,1.0,38,1,1,,1,ack
2018-10-05 05:06:22.313654,312,54.239.26.255,443,3.0,0,1,1,22,1,handshake
2018-10-05 05:06:22.313816,172,52.94.235.50,443,3.0,0,1,1,23,1,expected
2018-10-05 05:06:22.337216,172,52.94.235.50,443,3.0,0,1,1,23,1,expected
2018-10-05 05:06:22.359670,172,52.94.235.50,443,3.0,0,1,1,23,1,expected
2018-10-05 05:06:22.366559,172,52.94.235.50,443,3.0,0,1,1,23,1,expected
2018-10-05 05:06:22.399531,172,52.94.235.50,443,3.0,0,1,1,23,1,expected
2018-10-05 05:06:22.436950,172,52.94.235.50,443,3.0,0,1,1,23,1,expected
2018-10-05 05:06:22.437222,172,52.94.235.50,443,3.0,0,1,1,23,1,expected
2018-10-05 05:06:22.438020,54,54.239.26.255,443,1.0,127,1,1,,1,ack
2018-10-05 05:06:22.438381,54,54.239.26.255,443,1.0,0,1,1,,1,ack
2018-10-05 05:06:22.439266,54,54.239.26.255,443,1.0,0,1,1,,1,ack
2018-10-05 05:06:22.439470,54,54.239.26.255,443,1.0,0,1,1,,1,ack
2018-10-05 05:06:22.446482,172,52.94.235.50,443,3.0,0,1,1,23,1,expected
2018-10-05 05:06:22.472714,180,54.239.26.255,443,3.0,0,1,1,22,1,handshake
2018-10-05 05:06:22.474247,172,52.94.235.50,443,3.0,0,1,1,23,1,expected
2018-10-05 05:06:22.511500,172,52.94.235.50,443,3.0,0,1,1,23,1,expected
2018-10-05 05:06:22.578128,764,54.239.26.255,443,3.0,0,1,1,23,1,expected
2018-10-05 05:06:22.586451,172,52.94.235.50,443,3.0,0,1,1,23,1,expected
2018-10-05 05:06:22.600747,172,52.94.235.50,443,3.0,0,1,1,23,1,expected
2018-10-05 05:06:22.634657,526,52.94.235.50,443,1.0,363,1,1,,1,not_relevant
2018-10-05 05:06:22.637103,287,52.94.235.50,443,3.0,0,1,1,23,1,expected
2018-10-05 05:06:22.637575,190,52.94.235.50,443,3.0,0,1,1,23,1,expected
2018-10-05 05:06:22.637658,172,52.94.235.50,443,3.0,0,1,1,23,1,expected
2018-10-05 05:06:22.639261,85,54.239.26.255,443,3.0,0,1,1,21,1,handshake
2018-10-05 05:06:22.640365,54,54.239.26.255,443,1.0,200,1,1,,1,ack
2018-10-05 05:06:22.641095,1514,52.94.235.50,443,1.0,6,1,1,,1,not_relevant
2018-10-05 05:06:22.677263,1514,52.94.235.50,443,3.0,0,1,1,23,1,expected
2018-10-05 05:06:22.678532,291,52.94.235.50,443,3.0,0,1,1,23,1,expected
2018-10-05 05:06:22.678618,54,54.239.26.255,443,1.0,38,1,1,,1,ack
2018-10-05 05:06:22.684098,172,52.94.235.50,443,3.0,0,1,1,23,1,expected
2018-10-05 05:06:22.720074,172,52.94.235.50,443,3.0,0,1,1,23,1,expected
2018-10-05 05:06:22.733668,172,52.94.235.50,443,3.0,0,1,1,23,1,expected
2018-10-05 05:06:22.747239,172,52.94.235.50,443,3.0,0,1,1,23,1,expected
2018-10-05 05:06:22.761027,172,52.94.235.50,443,3.0,0,1,1,23,1,expected
2018-10-05 05:06:22.796348,172,52.94.235.50,443,3.0,0,1,1,23,1,expected
2018-10-05 05:06:22.810122,172,52.94.235.50,443,3.0,0,1,1,23,1,expected
2018-10-05 05:06:22.823972,172,52.94.235.50,443,3.0,0,1,1,23,1,expected
2018-10-05 05:06:22.880403,172,52.94.235.50,443,3.0,0,1,1,23,1,expected
2018-10-05 05:06:22.880550,172,52.94.235.50,443,3.0,0,1,1,23,1,expected
2018-10-05 05:06:22.903050,172,52.94.235.50,443,3.0,0,1,1,23,1,expected
2018-10-05 05:06:22.908269,172,52.94.235.50,443,3.0,0,1,1,23,1,expected
2018-10-05 05:06:22.921993,172,52.94.235.50,443,3.0,0,1,1,23,1,expected
2018-10-05 05:06:22.963604,172,52.94.235.50,443,3.0,0,1,1,23,1,expected
2018-10-05 05:06:22.971488,172,52.94.235.50,443,3.0,0,1,1,23,1,expected
2018-10-05 05:06:22.985242,172,52.94.235.50,443,3.0,0,1,1,23,1,expected
2018-10-05 05:06:23.005776,172,52.94.235.50,443,3.0,0,1,1,23,1,expected
2018-10-05 05:06:23.034474,172,52.94.235.50,443,3.0,0,1,1,23,1,expected
2018-10-05 05:06:23.048239,172,52.94.235.50,443,3.0,0,1,1,23,1,expected
2018-10-05 05:06:23.069176,172,52.94.235.50,443,3.0,0,1,1,23,1,expected
2018-10-05 05:06:23.082903,172,52.94.235.50,443,3.0,0,1,1,23,1,expected
2018-10-05 05:06:23.117779,172,52.94.235.50,443,3.0,0,1,1,23,1,expected
2018-10-05 05:06:23.131632,172,52.94.235.50,443,3.0,0,1,1,23,1,expected
2018-10-05 05:06:23.146016,172,52.94.235.50,443,3.0,0,1,1,23,1,expected
2018-10-05 05:06:23.159779,172,52.94.235.50,443,3.0,0,1,1,23,1,expected
2018-10-05 05:06:23.195407,172,52.94.235.50,443,3.0,0,1,1,23,1,expected
2018-10-05 05:06:23.209113,172,52.94.235.50,443,3.0,0,1,1,23,1,expected
2018-10-05 05:06:23.229609,172,52.94.235.50,443,3.0,0,1,1,23,1,expected
2018-10-05 05:06:23.243784,172,52.94.235.50,443,3.0,0,1,1,23,1,expected
2018-10-05 05:06:23.278931,172,52.94.235.50,443,3.0,0,1,1,23,1,expected
2018-10-05 05:06:23.292582,172,52.94.235.50,443,3.0,0,1,1,23,1,expected
2018-10-05 05:06:23.306679,172,52.94.235.50,443,3.0,0,1,1,23,1,expected
2018-10-05 05:06:23.320968,172,52.94.235.50,443,3.0,0,1,1,23,1,expected
2018-10-05 05:06:23.355498,172,52.94.235.50,443,3.0,0,1,1,23,1,expected
2018-10-05 05:06:23.370045,172,52.94.235.50,443,3.0,0,1,1,23,1,expected
2018-10-05 05:06:23.383969,172,52.94.235.50,443,3.0,0,1,1,23,1,expected
2018-10-05 05:06:23.404739,172,52.94.235.50,443,3.0,0,1,1,23,1,expected
2018-10-05 05:06:23.432624,172,52.94.235.50,443,3.0,0,1,1,23,1,expected
2018-10-05 05:06:23.454286,172,52.94.235.50,443,3.0,0,1,1,23,1,expected
2018-10-05 05:06:23.467927,172,52.94.235.50,443,3.0,0,1,1,23,1,expected
2018-10-05 05:06:23.482219,172,52.94.235.50,443,3.0,0,1,1,23,1,expected
2018-10-05 05:06:23.520797,172,52.94.235.50,443,3.0,0,1,1,23,1,expected
2018-10-05 05:06:23.536030,172,52.94.235.50,443,3.0,0,1,1,23,1,expected
2018-10-05 05:06:23.545283,172,52.94.235.50,443,3.0,0,1,1,23,1,expected
2018-10-05 05:06:23.575015,172,52.94.235.50,443,3.0,0,1,1,23,1,expected
2018-10-05 05:06:23.594222,172,52.94.235.50,443,3.0,0,1,1,23,1,expected
2018-10-05 05:06:23.608409,172,52.94.235.50,443,3.0,0,1,1,23,1,expected
2018-10-05 05:06:23.633955,172,52.94.235.50,443,3.0,0,1,1,23,1,expected
2018-10-05 05:06:23.643049,172,52.94.235.50,443,3.0,0,1,1,23,1,expected
2018-10-05 05:06:23.677350,172,52.94.235.50,443,3.0,0,1,1,23,1,expected
2018-10-05 05:06:23.691247,172,52.94.235.50,443,3.0,0,1,1,23,1,expected
2018-10-05 05:06:23.705357,172,52.94.235.50,443,3.0,0,1,1,23,1,expected
2018-10-05 05:06:23.725631,172,52.94.235.50,443,3.0,0,1,1,23,1,expected
2018-10-05 05:06:23.758886,172,52.94.235.50,443,3.0,0,1,1,23,1,expected
2018-10-05 05:06:23.773008,172,52.94.235.50,443,3.0,0,1,1,23,1,expected
2018-10-05 05:06:23.789113,172,52.94.235.50,443,3.0,0,1,1,23,1,expected
2018-10-05 05:06:23.802884,172,52.94.235.50,443,3.0,0,1,1,23,1,expected
2018-10-05 05:06:23.837704,172,52.94.235.50,443,3.0,0,1,1,23,1,expected
2018-10-05 05:06:23.851451,172,52.94.235.50,443,3.0,0,1,1,23,1,expected
2018-10-05 05:06:23.867764,172,52.94.235.50,443,3.0,0,1,1,23,1,expected
2018-10-05 05:06:23.879903,172,52.94.235.50,443,3.0,0,1,1,23,1,expected
2018-10-05 05:06:23.914839,172,52.94.235.50,443,3.0,0,1,1,23,1,expected
2018-10-05 05:06:23.928925,172,52.94.235.50,443,3.0,0,1,1,23,1,expected
2018-10-05 05:06:23.949700,172,52.94.235.50,443,3.0,0,1,1,23,1,expected
2018-10-05 05:06:23.963661,172,52.94.235.50,443,3.0,0,1,1,23,1,expected
2018-10-05 05:06:23.998897,172,52.94.235.50,443,3.0,0,1,1,23,1,expected
2018-10-05 05:06:24.012580,172,52.94.235.50,443,3.0,0,1,1,23,1,expected
2018-10-05 05:06:24.026750,172,52.94.235.50,443,3.0,0,1,1,23,1,expected
2018-10-05 05:06:24.041038,172,52.94.235.50,443,3.0,0,1,1,23,1,expected
2018-10-05 05:06:24.075554,172,52.94.235.50,443,3.0,0,1,1,23,1,expected
2018-10-05 05:06:24.089578,172,52.94.235.50,443,3.0,0,1,1,23,1,expected
2018-10-05 05:06:24.103915,172,52.94.235.50,443,3.0,0,1,1,23,1,expected
2018-10-05 05:06:24.124701,172,52.94.235.50,443,3.0,0,1,1,23,1,expected
2018-10-05 05:06:24.152518,172,52.94.235.50,443,3.0,0,1,1,23,1,expected
2018-10-05 05:06:24.174056,172,52.94.235.50,443,3.0,0,1,1,23,1,expected
2018-10-05 05:06:24.187845,172,52.94.235.50,443,3.0,0,1,1,23,1,expected
2018-10-05 05:06:24.201500,172,52.94.235.50,443,3.0,0,1,1,23,1,expected
2018-10-05 05:06:24.236897,172,52.94.235.50,443,3.0,0,1,1,23,1,expected
2018-10-05 05:06:24.275049,172,52.94.235.50,443,3.0,0,1,1,23,1,expected
2018-10-05 05:06:24.275199,172,52.94.235.50,443,3.0,0,1,1,23,1,expected
2018-10-05 05:06:24.287335,172,52.94.235.50,443,3.0,0,1,1,23,1,expected
2018-10-05 05:06:24.314612,172,52.94.235.50,443,3.0,0,1,1,23,1,expected
2018-10-05 05:06:24.327903,172,52.94.235.50,443,3.0,0,1,1,23,1,expected
2018-10-05 05:06:24.349420,172,52.94.235.50,443,3.0,0,1,1,23,1,expected
2018-10-05 05:06:24.362697,172,52.94.235.50,443,3.0,0,1,1,23,1,expected
2018-10-05 05:06:24.397936,172,52.94.235.50,443,3.0,0,1,1,23,1,expected
2018-10-05 05:06:24.412090,172,52.94.235.50,443,3.0,0,1,1,23,1,expected
2018-10-05 05:06:24.426025,172,52.94.235.50,443,3.0,0,1,1,23,1,expected
2018-10-05 05:06:24.439785,172,52.94.235.50,443,3.0,0,1,1,23,1,expected
2018-10-05 05:06:24.476081,172,52.94.235.50,443,3.0,0,1,1,23,1,expected
2018-10-05 05:06:24.490794,172,52.94.235.50,443,3.0,0,1,1,23,1,expected
2018-10-05 05:06:24.510866,172,52.94.235.50,443,3.0,0,1,1,23,1,expected
2018-10-05 05:06:24.525501,172,52.94.235.50,443,3.0,0,1,1,23,1,expected
2018-10-05 05:06:24.551854,172,52.94.235.50,443,3.0,0,1,1,23,1,expected
2018-10-05 05:06:24.573190,172,52.94.235.50,443,3.0,0,1,1,23,1,expected
2018-10-05 05:06:24.587780,172,52.94.235.50,443,3.0,0,1,1,23,1,expected
2018-10-05 05:06:24.601557,172,52.94.235.50,443,3.0,0,1,1,23,1,expected
2018-10-05 05:06:24.636362,172,52.94.235.50,443,3.0,0,1,1,23,1,expected
2018-10-05 05:06:24.650586,172,52.94.235.50,443,3.0,0,1,1,23,1,expected
2018-10-05 05:06:24.664546,172,52.94.235.50,443,3.0,0,1,1,23,1,expected
2018-10-05 05:06:24.685878,172,52.94.235.50,443,3.0,0,1,1,23,1,expected
2018-10-05 05:06:24.713556,172,52.94.235.50,443,3.0,0,1,1,23,1,expected
2018-10-05 05:06:24.733922,172,52.94.235.50,443,3.0,0,1,1,23,1,expected
2018-10-05 05:06:24.747617,136,52.94.235.50,443,3.0,0,1,1,23,1,expected
2018-10-05 05:06:24.748074,92,52.94.235.50,443,3.0,0,1,1,23,1,expected
2018-10-05 05:06:24.769090,74,54.239.26.255,443,1.0,0,0,1,,1,retransmit
2018-10-05 05:06:24.796434,54,52.94.235.50,443,1.0,2155,1,1,,1,ack
2018-10-05 05:06:24.808464,54,54.239.26.255,443,1.0,39,1,1,,1,ack
2018-10-05 05:06:24.810055,312,54.239.26.255,443,3.0,0,1,1,22,1,handshake
2018-10-05 05:06:24.853045,54,54.239.26.255,443,1.0,44,1,1,,1,ack
2018-10-05 05:06:24.853462,105,54.239.26.255,443,3.0,0,1,1,20,1,handshake
2018-10-05 05:06:24.928924,811,54.239.26.255,443,3.0,0,1,1,23,1,expected
2018-10-05 05:06:24.932653,54,52.94.235.50,443,1.0,136,1,1,,1,ack
2018-10-05 05:06:24.941916,74,54.239.26.255,443,1.0,0,0,1,,1,retransmit
2018-10-05 05:06:24.983318,54,54.239.26.255,443,1.0,41,1,1,,1,ack
2018-10-05 05:06:24.985502,85,54.239.26.255,443,3.0,0,1,1,21,1,handshake
2018-10-05 05:06:24.985666,54,54.239.26.255,443,1.0,132,1,1,,1,ack
2018-10-05 05:06:24.987021,312,54.239.26.255,443,3.0,0,1,1,22,1,handshake
2018-10-05 05:06:25.010319,54,52.94.235.50,443,1.0,77,1,1,,1,ack
2018-10-05 05:06:25.010555,54,52.94.235.50,443,1.0,0,1,1,,1,ack
2018-10-05 05:06:25.010864,54,52.94.235.50,443,1.0,0,1,1,,1,ack
2018-10-05 05:06:25.010939,54,52.94.235.50,443,1.0,0,1,1,,1,ack
2018-10-05 05:06:25.011012,54,52.94.235.50,443,1.0,0,1,1,,1,ack
2018-10-05 05:06:25.011085,54,52.94.235.50,443,1.0,0,1,1,,1,ack
2018-10-05 05:06:25.011193,54,52.94.235.50,443,1.0,0,1,1,,1,ack
2018-10-05 05:06:25.011285,54,52.94.235.50,443,1.0,0,1,1,,1,ack
2018-10-05 05:06:25.026585,54,54.239.26.255,443,1.0,40,1,1,,1,ack
2018-10-05 05:06:25.032365,54,54.239.26.255,443,1.0,49,1,1,,1,ack
2018-10-05 05:06:25.033181,105,54.239.26.255,443,3.0,0,1,1,20,1,handshake
2018-10-05 05:06:25.049042,54,52.94.235.50,443,1.0,37,1,1,,1,ack
2018-10-05 05:06:25.055357,74,54.239.26.255,443,1.0,0,0,1,,1,retransmit
2018-10-05 05:06:25.106009,54,54.239.26.255,443,1.0,50,1,1,,1,ack
2018-10-05 05:06:25.107043,780,54.239.26.255,443,3.0,0,1,1,23,1,expected
2018-10-05 05:06:25.108403,312,54.239.26.255,443,3.0,0,1,1,22,1,handshake
2018-10-05 05:06:25.155834,54,54.239.26.255,443,1.0,49,1,1,,1,ack
2018-10-05 05:06:25.159318,105,54.239.26.255,443,3.0,0,1,1,20,1,handshake
2018-10-05 05:06:25.160002,85,54.239.26.255,443,3.0,0,1,1,21,1,handshake
2018-10-05 05:06:25.160303,54,54.239.26.255,443,1.0,127,1,1,,1,ack
2018-10-05 05:06:25.181314,54,52.94.235.50,443,1.0,132,1,1,,1,ack
2018-10-05 05:06:25.185816,74,54.239.26.255,443,1.0,0,0,1,,1,retransmit
2018-10-05 05:06:25.200702,54,54.239.26.255,443,1.0,40,1,1,,1,ack
2018-10-05 05:06:25.207778,54,52.94.235.50,443,1.0,26,1,1,,1,ack
2018-10-05 05:06:25.207945,54,52.94.235.50,443,1.0,0,1,1,,1,ack
2018-10-05 05:06:25.232738,54,54.239.26.255,443,1.0,46,1,1,,1,ack
2018-10-05 05:06:25.233188,289,52.94.235.50,443,3.0,0,1,1,23,1,expected
2018-10-05 05:06:25.233217,1514,52.94.235.50,443,3.0,0,1,1,23,1,expected
2018-10-05 05:06:25.234435,1514,52.94.235.50,443,1.0,26,1,1,,1,not_relevant
2018-10-05 05:06:25.234488,1514,52.94.235.50,443,1.0,0,1,1,,1,not_relevant
2018-10-05 05:06:25.234508,190,52.94.235.50,443,3.0,0,1,1,23,1,expected
2018-10-05 05:06:25.234521,312,54.239.26.255,443,3.0,0,1,1,22,1,handshake
2018-10-05 05:06:25.242415,785,54.239.26.255,443,3.0,0,1,1,23,1,expected
2018-10-05 05:06:25.280402,54,54.239.26.255,443,1.0,47,1,1,,1,ack
2018-10-05 05:06:25.280574,105,54.239.26.255,443,3.0,0,1,1,20,1,handshake
2018-10-05 05:06:25.284799,284,52.94.235.50,443,3.0,0,1,1,23,1,expected
2018-10-05 05:06:25.285449,190,52.94.235.50,443,3.0,0,1,1,23,1,expected
2018-10-05 05:06:25.287686,1514,52.94.235.50,443,1.0,53,1,1,,1,not_relevant
2018-10-05 05:06:25.287726,1326,52.94.235.50,443,3.0,0,1,1,23,1,expected
2018-10-05 05:06:25.287744,136,52.94.235.50,443,3.0,0,1,1,23,1,expected
2018-10-05 05:06:25.288015,92,52.94.235.50,443,3.0,0,1,1,23,1,expected
2018-10-05 05:06:25.296698,85,54.239.26.255,443,3.0,0,1,1,21,1,handshake
2018-10-05 05:06:25.300650,54,54.239.26.255,443,1.0,144,1,1,,1,ack
2018-10-05 05:06:25.322276,643,52.94.235.50,443,3.0,0,1,1,23,1,expected
2018-10-05 05:06:25.322630,190,52.94.235.50,443,3.0,0,1,1,23,1,expected
2018-10-05 05:06:25.331968,1514,52.94.235.50,443,1.0,44,1,1,,1,not_relevant
2018-10-05 05:06:25.335734,1440,52.94.235.50,443,3.0,0,1,1,23,1,expected
2018-10-05 05:06:25.342431,54,54.239.26.255,443,1.0,41,1,1,,1,ack
2018-10-05 05:06:25.357952,798,54.239.26.255,443,3.0,0,1,1,23,1,expected
2018-10-05 05:06:25.380029,54,52.94.235.50,443,1.0,48,1,1,,1,ack
2018-10-05 05:06:25.398700,54,52.94.235.50,443,1.0,18,1,1,,1,ack
2018-10-05 05:06:25.405736,85,54.239.26.255,443,3.0,0,1,1,21,1,handshake
2018-10-05 05:06:25.405942,54,54.239.26.255,443,1.0,125,1,1,,1,ack
2018-10-05 05:06:25.450203,54,54.239.26.255,443,1.0,44,1,1,,1,ack
2018-10-05 05:06:25.480940,54,52.94.235.50,443,1.0,82,1,1,,1,ack
2018-10-05 05:06:26.791345,297,52.94.235.50,443,3.0,0,1,1,23,1,expected
2018-10-05 05:06:26.791616,190,52.94.235.50,443,3.0,0,1,1,23,1,expected
2018-10-05 05:06:26.794483,1514,52.94.235.50,443,1.0,1313,1,1,,1,not_relevant
2018-10-05 05:06:26.794522,1330,52.94.235.50,443,3.0,0,1,1,23,1,expected
2018-10-05 05:06:26.802488,136,52.94.235.50,443,3.0,0,1,1,23,1,expected
2018-10-05 05:06:26.803596,92,52.94.235.50,443,3.0,0,1,1,23,1,expected
2018-10-05 05:06:26.820595,287,52.94.235.50,443,3.0,0,1,1,23,1,expected
2018-10-05 05:06:26.822076,1514,52.94.235.50,443,3.0,0,1,1,23,1,expected
2018-10-05 05:06:26.847530,1514,52.94.235.50,443,1.0,53,1,1,,1,not_relevant
2018-10-05 05:06:26.848001,1514,52.94.235.50,443,3.0,0,1,1,23,1,expected
2018-10-05 05:06:26.848405,126,52.94.235.50,443,3.0,0,1,1,23,1,expected
2018-10-05 05:06:26.957328,54,52.94.235.50,443,1.0,109,1,1,,1,ack
2018-10-05 05:06:27.007322,54,52.94.235.50,443,1.0,49,1,1,,1,ack
2018-10-05 05:06:27.297363,288,52.94.235.50,443,3.0,0,1,1,23,1,expected
2018-10-05 05:06:27.297625,190,52.94.235.50,443,3.0,0,1,1,23,1,expected
2018-10-05 05:06:27.298444,1514,52.94.235.50,443,1.0,291,1,1,,1,not_relevant
2018-10-05 05:06:27.298520,1325,52.94.235.50,443,3.0,0,1,1,23,1,expected
2018-10-05 05:06:27.298792,136,52.94.235.50,443,3.0,0,1,1,23,1,expected
2018-10-05 05:06:27.299521,92,52.94.235.50,443,3.0,0,1,1,23,1,expected
2018-10-05 05:06:27.383234,54,52.94.235.50,443,1.0,84,1,1,,1,ack
2018-10-05 05:06:27.480340,54,52.94.235.50,443,1.0,97,1,1,,1,ack
2018-10-05 05:06:27.480518,54,52.94.235.50,443,1.0,0,1,1,,1,ack
2018-10-05 05:06:33.388346,54,52.94.235.50,443,1.0,5907,1,1,,1,ack
2018-10-05 05:06:33.390805,100,52.94.235.50,443,3.0,0,1,1,23,1,syn
2018-10-05 05:06:40.714984,287,52.94.235.50,443,3.0,0,1,1,23,1,expected
2018-10-05 05:06:40.715560,1514,52.94.235.50,443,3.0,0,1,1,23,1,expected
2018-10-05 05:06:40.715609,1514,52.94.235.50,443,1.0,7327,1,1,,1,not_relevant
2018-10-05 05:06:40.715639,1514,52.94.235.50,443,1.0,0,1,1,,1,not_relevant
2018-10-05 05:06:40.717527,380,52.94.235.50,443,3.0,0,1,1,23,1,expected
2018-10-05 05:06:40.721728,180,52.94.235.50,443,3.0,0,1,1,23,1,expected
2018-10-05 05:06:40.722336,120,52.94.235.50,443,3.0,0,1,1,23,1,expected
2018-10-05 05:06:40.725555,286,52.94.235.50,443,3.0,0,1,1,23,1,expected
2018-10-05 05:06:40.734820,74,54.239.26.255,443,1.0,0,0,1,,1,retransmit
2018-10-05 05:06:40.759795,1514,52.94.235.50,443,3.0,0,1,1,23,1,expected
2018-10-05 05:06:40.760287,1514,52.94.235.50,443,1.0,44,1,1,,1,not_relevant
2018-10-05 05:06:40.761321,1514,52.94.235.50,443,1.0,1,1,1,,1,not_relevant
2018-10-05 05:06:40.762773,382,52.94.235.50,443,3.0,0,1,1,23,1,expected
2018-10-05 05:06:40.779575,54,54.239.26.255,443,1.0,44,1,1,,1,ack
2018-10-05 05:06:40.781419,312,54.239.26.255,443,3.0,0,1,1,22,1,handshake
2018-10-05 05:06:40.799611,1514,52.94.235.50,443,1.0,38,1,1,,1,not_relevant
2018-10-05 05:06:40.799677,1514,52.94.235.50,443,1.0,0,1,1,,1,not_relevant
2018-10-05 05:06:40.799711,1072,52.94.235.50,443,3.0,0,1,1,23,1,expected
2018-10-05 05:06:40.809506,172,52.94.235.50,443,3.0,0,1,1,23,1,expected
2018-10-05 05:06:40.826982,54,54.239.26.255,443,1.0,47,1,1,,1,ack
2018-10-05 05:06:40.829363,105,54.239.26.255,443,3.0,0,1,1,20,1,handshake
2018-10-05 05:06:40.845362,172,52.94.235.50,443,3.0,0,1,1,23,1,expected
2018-10-05 05:06:40.858469,172,52.94.235.50,443,3.0,0,1,1,23,1,expected
2018-10-05 05:06:40.879417,172,52.94.235.50,443,3.0,0,1,1,23,1,expected
2018-10-05 05:06:40.881331,54,52.94.235.50,443,1.0,81,1,1,,1,ack
2018-10-05 05:06:40.893398,172,52.94.235.50,443,3.0,0,1,1,23,1,expected
2018-10-05 05:06:40.913620,765,54.239.26.255,443,3.0,0,1,1,23,1,expected
2018-10-05 05:06:40.921198,172,52.94.235.50,443,3.0,0,1,1,23,1,expected
2018-10-05 05:06:40.941552,172,52.94.235.50,443,3.0,0,1,1,23,1,expected
2018-10-05 05:06:40.955678,172,52.94.235.50,443,3.0,0,1,1,23,1,expected
2018-10-05 05:06:40.966953,85,54.239.26.255,443,3.0,0,1,1,21,1,handshake
2018-10-05 05:06:40.967192,54,54.239.26.255,443,1.0,140,1,1,,1,ack
2018-10-05 05:06:40.970147,172,52.94.235.50,443,3.0,0,1,1,23,1,expected
2018-10-05 05:06:41.005720,172,52.94.235.50,443,3.0,0,1,1,23,1,expected
2018-10-05 05:06:41.009350,54,54.239.26.255,443,1.0,42,1,1,,1,ack
2018-10-05 05:06:41.018418,172,52.94.235.50,443,3.0,0,1,1,23,1,expected
2018-10-05 05:06:41.032831,172,52.94.235.50,443,3.0,0,1,1,23,1,expected
2018-10-05 05:06:41.080427,172,52.94.235.50,443,3.0,0,1,1,23,1,expected
2018-10-05 05:06:41.081755,172,52.94.235.50,443,3.0,0,1,1,23,1,expected
2018-10-05 05:06:41.095848,172,52.94.235.50,443,3.0,0,1,1,23,1,expected
2018-10-05 05:06:41.116704,172,52.94.235.50,443,3.0,0,1,1,23,1,expected
2018-10-05 05:06:41.130707,172,52.94.235.50,443,3.0,0,1,1,23,1,expected
2018-10-05 05:06:41.165644,172,52.94.235.50,443,3.0,0,1,1,23,1,expected
2018-10-05 05:06:41.179558,172,52.94.235.50,443,3.0,0,1,1,23,1,expected
2018-10-05 05:06:41.193791,172,52.94.235.50,443,3.0,0,1,1,23,1,expected
2018-10-05 05:06:41.208699,172,52.94.235.50,443,3.0,0,1,1,23,1,expected
2018-10-05 05:06:41.217430,287,52.94.235.50,443,3.0,0,1,1,23,1,expected
2018-10-05 05:06:41.217917,190,52.94.235.50,443,3.0,0,1,1,23,1,expected
2018-10-05 05:06:41.219886,1514,52.94.235.50,443,1.0,338,1,1,,1,not_relevant
2018-10-05 05:06:41.219921,1329,52.94.235.50,443,3.0,0,1,1,23,1,expected
2018-10-05 05:06:41.219938,136,52.94.235.50,443,3.0,0,1,1,23,1,expected
2018-10-05 05:06:41.220138,92,52.94.235.50,443,3.0,0,1,1,23,1,expected
2018-10-05 05:06:41.242579,172,52.94.235.50,443,3.0,0,1,1,23,1,expected
2018-10-05 05:06:41.256745,172,52.94.235.50,443,3.0,0,1,1,23,1,expected
2018-10-05 05:06:41.278060,172,52.94.235.50,443,3.0,0,1,1,23,1,expected
2018-10-05 05:06:41.291437,172,52.94.235.50,443,3.0,0,1,1,23,1,expected
2018-10-05 05:06:41.319872,172,52.94.235.50,443,3.0,0,1,1,23,1,expected
2018-10-05 05:06:41.340612,172,52.94.235.50,443,3.0,0,1,1,23,1,expected
2018-10-05 05:06:41.354631,172,52.94.235.50,443,3.0,0,1,1,23,1,expected
2018-10-05 05:06:41.357919,54,52.94.235.50,443,1.0,138,1,1,,1,ack
2018-10-05 05:06:41.368690,172,52.94.235.50,443,3.0,0,1,1,23,1,expected
2018-10-05 05:06:41.403642,172,52.94.235.50,443,3.0,0,1,1,23,1,expected
2018-10-05 05:06:41.417605,172,52.94.235.50,443,3.0,0,1,1,23,1,expected
2018-10-05 05:06:41.438465,172,52.94.235.50,443,3.0,0,1,1,23,1,expected
2018-10-05 05:06:41.452777,172,52.94.235.50,443,3.0,0,1,1,23,1,expected
2018-10-05 05:06:41.480535,172,52.94.235.50,443,3.0,0,1,1,23,1,expected
2018-10-05 05:06:41.501467,172,52.94.235.50,443,3.0,0,1,1,23,1,expected
2018-10-05 05:06:41.520714,172,52.94.235.50,443,3.0,0,1,1,23,1,expected
2018-10-05 05:06:41.530178,172,52.94.235.50,443,3.0,0,1,1,23,1,expected
2018-10-05 05:06:41.565056,172,52.94.235.50,443,3.0,0,1,1,23,1,expected
2018-10-05 05:06:41.578483,172,52.94.235.50,443,3.0,0,1,1,23,1,expected
2018-10-05 05:06:41.592497,172,52.94.235.50,443,3.0,0,1,1,23,1,expected
2018-10-05 05:06:41.613634,172,52.94.235.50,443,3.0,0,1,1,23,1,expected
2018-10-05 05:06:41.641982,172,52.94.235.50,443,3.0,0,1,1,23,1,expected
2018-10-05 05:06:41.662529,172,52.94.235.50,443,3.0,0,1,1,23,1,expected
2018-10-05 05:06:41.683236,172,52.94.235.50,443,3.0,0,1,1,23,1,expected
2018-10-05 05:06:41.695878,172,52.94.235.50,443,3.0,0,1,1,23,1,expected
2018-10-05 05:06:41.725795,172,52.94.235.50,443,3.0,0,1,1,23,1,expected
2018-10-05 05:06:41.740065,172,52.94.235.50,443,3.0,0,1,1,23,1,expected
2018-10-05 05:06:41.775348,172,52.94.235.50,443,3.0,0,1,1,23,1,expected
2018-10-05 05:06:41.775620,172,52.94.235.50,443,3.0,0,1,1,23,1,expected
2018-10-05 05:06:41.802873,172,52.94.235.50,443,3.0,0,1,1,23,1,expected
2018-10-05 05:06:41.816800,172,52.94.235.50,443,3.0,0,1,1,23,1,expected
2018-10-05 05:06:41.837245,172,52.94.235.50,443,3.0,0,1,1,23,1,expected
2018-10-05 05:06:41.851256,172,52.94.235.50,443,3.0,0,1,1,23,1,expected
2018-10-05 05:06:41.885337,172,52.94.235.50,443,3.0,0,1,1,23,1,expected
2018-10-05 05:06:41.899322,172,52.94.235.50,443,3.0,0,1,1,23,1,expected
2018-10-05 05:06:41.914119,172,52.94.235.50,443,3.0,0,1,1,23,1,expected
2018-10-05 05:06:41.934848,172,52.94.235.50,443,3.0,0,1,1,23,1,expected
2018-10-05 05:06:41.962374,172,52.94.235.50,443,3.0,0,1,1,23,1,expected
2018-10-05 05:06:41.976503,172,52.94.235.50,443,3.0,0,1,1,23,1,expected
2018-10-05 05:06:41.997991,172,52.94.235.50,443,3.0,0,1,1,23,1,expected
2018-10-05 05:06:42.011405,172,52.94.235.50,443,3.0,0,1,1,23,1,expected
2018-10-05 05:06:42.039901,172,52.94.235.50,443,3.0,0,1,1,23,1,expected
2018-10-05 05:06:42.060693,172,52.94.235.50,443,3.0,0,1,1,23,1,expected
2018-10-05 05:06:42.074751,172,52.94.235.50,443,3.0,0,1,1,23,1,expected
2018-10-05 05:06:42.088757,172,52.94.235.50,443,3.0,0,1,1,23,1,expected
2018-10-05 05:06:42.123626,172,52.94.235.50,443,3.0,0,1,1,23,1,expected
2018-10-05 05:06:42.137707,172,52.94.235.50,443,3.0,0,1,1,23,1,expected
2018-10-05 05:06:42.158926,172,52.94.235.50,443,3.0,0,1,1,23,1,expected
2018-10-05 05:06:42.172930,172,52.94.235.50,443,3.0,0,1,1,23,1,expected
2018-10-05 05:06:42.200694,172,52.94.235.50,443,3.0,0,1,1,23,1,expected
2018-10-05 05:06:42.221545,172,52.94.235.50,443,3.0,0,1,1,23,1,expected
2018-10-05 05:06:42.236000,172,52.94.235.50,443,3.0,0,1,1,23,1,expected
2018-10-05 05:06:42.249631,172,52.94.235.50,443,3.0,0,1,1,23,1,expected
2018-10-05 05:06:42.285184,172,52.94.235.50,443,3.0,0,1,1,23,1,expected
2018-10-05 05:06:42.298798,172,52.94.235.50,443,3.0,0,1,1,23,1,expected
2018-10-05 05:06:42.312529,172,52.94.235.50,443,3.0,0,1,1,23,1,expected
2018-10-05 05:06:42.333623,172,52.94.235.50,443,3.0,0,1,1,23,1,expected
2018-10-05 05:06:42.361560,172,52.94.235.50,443,3.0,0,1,1,23,1,expected
2018-10-05 05:06:42.382547,172,52.94.235.50,443,3.0,0,1,1,23,1,expected
2018-10-05 05:06:42.396764,172,52.94.235.50,443,3.0,0,1,1,23,1,expected
2018-10-05 05:06:42.410877,172,52.94.235.50,443,3.0,0,1,1,23,1,expected
2018-10-05 05:06:42.445647,172,52.94.235.50,443,3.0,0,1,1,23,1,expected
2018-10-05 05:06:42.480453,172,52.94.235.50,443,3.0,0,1,1,23,1,expected
2018-10-05 05:06:42.480616,172,52.94.235.50,443,3.0,0,1,1,23,1,expected
2018-10-05 05:06:42.489081,172,52.94.235.50,443,3.0,0,1,1,23,1,expected
2018-10-05 05:06:42.522925,172,52.94.235.50,443,3.0,0,1,1,23,1,expected
2018-10-05 05:06:42.536917,172,52.94.235.50,443,3.0,0,1,1,23,1,expected
2018-10-05 05:06:42.557759,172,52.94.235.50,443,3.0,0,1,1,23,1,expected
2018-10-05 05:06:42.571732,172,52.94.235.50,443,3.0,0,1,1,23,1,expected
2018-10-05 05:06:42.600839,172,52.94.235.50,443,3.0,0,1,1,23,1,expected
2018-10-05 05:06:42.621666,172,52.94.235.50,443,3.0,0,1,1,23,1,expected
2018-10-05 05:06:42.636522,172,52.94.235.50,443,3.0,0,1,1,23,1,expected
2018-10-05 05:06:42.649987,172,52.94.235.50,443,3.0,0,1,1,23,1,expected
2018-10-05 05:06:42.682946,172,52.94.235.50,443,3.0,0,1,1,23,1,expected
2018-10-05 05:06:42.697213,172,52.94.235.50,443,3.0,0,1,1,23,1,expected
2018-10-05 05:06:42.718261,172,52.94.235.50,443,3.0,0,1,1,23,1,expected
2018-10-05 05:06:42.731620,172,52.94.235.50,443,3.0,0,1,1,23,1,expected
2018-10-05 05:06:42.763087,172,52.94.235.50,443,3.0,0,1,1,23,1,expected
2018-10-05 05:06:42.780951,172,52.94.235.50,443,3.0,0,1,1,23,1,expected
2018-10-05 05:06:42.794701,172,52.94.235.50,443,3.0,0,1,1,23,1,expected
2018-10-05 05:06:42.809582,172,52.94.235.50,443,3.0,0,1,1,23,1,expected
2018-10-05 05:06:42.843585,172,52.94.235.50,443,3.0,0,1,1,23,1,expected
2018-10-05 05:06:42.857669,172,52.94.235.50,443,3.0,0,1,1,23,1,expected
2018-10-05 05:06:42.879931,172,52.94.235.50,443,3.0,0,1,1,23,1,expected
2018-10-05 05:06:42.893209,172,52.94.235.50,443,3.0,0,1,1,23,1,expected
2018-10-05 05:06:42.920671,172,52.94.235.50,443,3.0,0,1,1,23,1,expected
2018-10-05 05:06:42.941429,172,52.94.235.50,443,3.0,0,1,1,23,1,expected
2018-10-05 05:06:42.956241,172,52.94.235.50,443,3.0,0,1,1,23,1,expected
2018-10-05 05:06:42.969922,172,52.94.235.50,443,3.0,0,1,1,23,1,expected
2018-10-05 05:06:43.005080,172,52.94.235.50,443,3.0,0,1,1,23,1,expected
2018-10-05 05:06:43.018687,172,52.94.235.50,443,3.0,0,1,1,23,1,expected
2018-10-05 05:06:43.032511,172,52.94.235.50,443,3.0,0,1,1,23,1,expected
2018-10-05 05:06:43.054049,172,52.94.235.50,443,3.0,0,1,1,23,1,expected
2018-10-05 05:06:43.082051,172,52.94.235.50,443,3.0,0,1,1,23,1,expected
2018-10-05 05:06:43.095818,172,52.94.235.50,443,3.0,0,1,1,23,1,expected
2018-10-05 05:06:43.116764,172,52.94.235.50,443,3.0,0,1,1,23,1,expected
2018-10-05 05:06:43.131255,172,52.94.235.50,443,3.0,0,1,1,23,1,expected
2018-10-05 05:06:43.184302,172,52.94.235.50,443,3.0,0,1,1,23,1,expected
2018-10-05 05:06:43.184434,172,52.94.235.50,443,3.0,0,1,1,23,1,expected
2018-10-05 05:06:43.193283,172,52.94.235.50,443,3.0,0,1,1,23,1,expected
2018-10-05 05:06:43.213755,172,52.94.235.50,443,3.0,0,1,1,23,1,expected
2018-10-05 05:06:43.241838,172,52.94.235.50,443,3.0,0,1,1,23,1,expected
2018-10-05 05:06:43.256123,172,52.94.235.50,443,3.0,0,1,1,23,1,expected
2018-10-05 05:06:43.361282,172,52.94.235.50,443,3.0,0,1,1,23,1,expected
2018-10-05 05:06:43.361632,172,52.94.235.50,443,3.0,0,1,1,23,1,expected
2018-10-05 05:06:43.361776,172,52.94.235.50,443,3.0,0,1,1,23,1,expected
2018-10-05 05:06:43.361920,172,52.94.235.50,443,3.0,0,1,1,23,1,expected
2018-10-05 05:06:43.361999,172,52.94.235.50,443,3.0,0,1,1,23,1,expected
2018-10-05 05:06:43.374320,172,52.94.235.50,443,3.0,0,1,1,23,1,expected
2018-10-05 05:06:43.401334,172,52.94.235.50,443,3.0,0,1,1,23,1,expected
2018-10-05 05:06:43.499076,172,52.94.235.50,443,3.0,0,1,1,23,1,expected
2018-10-05 05:06:43.499432,172,52.94.235.50,443,3.0,0,1,1,23,1,expected
2018-10-05 05:06:43.499714,172,52.94.235.50,443,3.0,0,1,1,23,1,expected
2018-10-05 05:06:43.499868,172,52.94.235.50,443,3.0,0,1,1,23,1,expected
2018-10-05 05:06:43.500013,172,52.94.235.50,443,3.0,0,1,1,23,1,expected
2018-10-05 05:06:43.515110,172,52.94.235.50,443,3.0,0,1,1,23,1,expected
2018-10-05 05:06:43.528361,172,52.94.235.50,443,3.0,0,1,1,23,1,expected
2018-10-05 05:06:43.534809,136,52.94.235.50,443,3.0,0,1,1,23,1,expected
2018-10-05 05:06:43.537224,92,52.94.235.50,443,3.0,0,1,1,23,1,expected
2018-10-05 05:06:43.564006,74,54.239.26.255,443,1.0,0,0,1,,1,retransmit
2018-10-05 05:06:43.593225,54,52.94.235.50,443,1.0,2235,1,1,,1,ack
2018-10-05 05:06:43.633245,54,54.239.26.255,443,1.0,69,1,1,,1,ack
2018-10-05 05:06:43.639667,312,54.239.26.255,443,3.0,0,1,1,22,1,handshake
2018-10-05 05:06:43.680902,54,54.239.26.255,443,1.0,47,1,1,,1,ack
2018-10-05 05:06:43.687715,105,54.239.26.255,443,3.0,0,1,1,20,1,handshake
2018-10-05 05:06:43.720152,54,52.94.235.50,443,1.0,126,1,1,,1,ack
2018-10-05 05:06:43.729563,74,54.239.26.255,443,1.0,0,0,1,,1,retransmit
2018-10-05 05:06:43.807142,814,54.239.26.255,443,3.0,0,1,1,23,1,expected
2018-10-05 05:06:43.807635,54,54.239.26.255,443,1.0,78,1,1,,1,ack
2018-10-05 05:06:43.809740,54,52.94.235.50,443,1.0,89,1,1,,1,ack
2018-10-05 05:06:43.809936,54,52.94.235.50,443,1.0,0,1,1,,1,ack
2018-10-05 05:06:43.810035,54,52.94.235.50,443,1.0,0,1,1,,1,ack
2018-10-05 05:06:43.810682,312,54.239.26.255,443,3.0,0,1,1,22,1,handshake
2018-10-05 05:06:43.810857,54,52.94.235.50,443,1.0,0,1,1,,1,ack
2018-10-05 05:06:43.811025,54,52.94.235.50,443,1.0,0,1,1,,1,ack
2018-10-05 05:06:43.811114,54,52.94.235.50,443,1.0,0,1,1,,1,ack
2018-10-05 05:06:43.811202,54,52.94.235.50,443,1.0,0,1,1,,1,ack
2018-10-05 05:06:43.811759,54,52.94.235.50,443,1.0,0,1,1,,1,ack
2018-10-05 05:06:44.071524,287,52.94.235.50,443,3.0,0,1,1,23,1,expected
2018-10-05 05:06:44.072108,1514,52.94.235.50,443,3.0,0,1,1,23,1,expected
2018-10-05 05:06:44.072142,1514,52.94.235.50,443,1.0,260,1,1,,1,not_relevant
2018-10-05 05:06:44.072161,1461,52.94.235.50,443,3.0,0,1,1,23,1,expected
2018-10-05 05:06:44.072177,136,52.94.235.50,443,3.0,0,1,1,23,1,expected
2018-10-05 05:06:44.072255,92,52.94.235.50,443,3.0,0,1,1,23,1,expected
2018-10-05 05:06:44.072348,85,54.239.26.255,443,3.0,0,1,1,21,1,handshake
2018-10-05 05:06:44.072426,54,54.239.26.255,443,1.0,391,1,1,,1,ack
2018-10-05 05:06:44.074606,54,52.94.235.50,443,1.0,2,1,1,,1,ack
2018-10-05 05:06:44.079101,54,54.239.26.255,443,1.0,271,1,1,,1,ack
2018-10-05 05:06:44.079277,105,54.239.26.255,443,3.0,0,1,1,20,1,handshake
2018-10-05 05:06:44.079355,96,52.94.235.50,443,3.0,0,1,1,23,1,expected
2018-10-05 05:06:44.086841,74,54.239.26.255,443,1.0,0,0,1,,1,retransmit
2018-10-05 05:06:44.088159,54,52.94.235.50,443,1.0,13,1,1,,1,ack
2018-10-05 05:06:44.099441,74,54.239.26.255,443,1.0,0,0,1,,1,retransmit
2018-10-05 05:06:44.121966,54,54.239.26.255,443,1.0,49,1,1,,1,ack
2018-10-05 05:06:44.125304,54,54.239.26.255,443,1.0,38,1,1,,1,ack
2018-10-05 05:06:44.126769,312,54.239.26.255,443,3.0,0,1,1,22,1,handshake
2018-10-05 05:06:44.143169,54,54.239.26.255,443,1.0,43,1,1,,1,ack
2018-10-05 05:06:44.144812,312,54.239.26.255,443,3.0,0,1,1,22,1,handshake
2018-10-05 05:06:44.159142,783,54.239.26.255,443,3.0,0,1,1,23,1,expected
2018-10-05 05:06:44.163128,54,52.94.235.50,443,1.0,74,1,1,,1,ack
2018-10-05 05:06:44.168533,54,54.239.26.255,443,1.0,43,1,1,,1,ack
2018-10-05 05:06:44.170667,105,54.239.26.255,443,3.0,0,1,1,20,1,handshake
2018-10-05 05:06:44.189404,54,54.239.26.255,443,1.0,46,1,1,,1,ack
2018-10-05 05:06:44.189817,105,54.239.26.255,443,3.0,0,1,1,20,1,handshake
2018-10-05 05:06:44.212935,85,54.239.26.255,443,3.0,0,1,1,21,1,handshake
2018-10-05 05:06:44.213240,54,54.239.26.255,443,1.0,134,1,1,,1,ack
2018-10-05 05:06:44.217374,54,52.94.235.50,443,1.0,54,1,1,,1,ack
2018-10-05 05:06:44.219213,54,52.94.235.50,443,1.0,1,1,1,,1,ack
2018-10-05 05:06:44.241911,788,54.239.26.255,443,3.0,0,1,1,23,1,expected
2018-10-05 05:06:44.253003,54,54.239.26.255,443,1.0,39,1,1,,1,ack
2018-10-05 05:06:44.282696,796,54.239.26.255,443,3.0,0,1,1,23,1,expected
2018-10-05 05:06:44.303716,85,54.239.26.255,443,3.0,0,1,1,21,1,handshake
2018-10-05 05:06:44.303909,54,54.239.26.255,443,1.0,135,1,1,,1,ack
2018-10-05 05:06:44.331566,85,54.239.26.255,443,3.0,0,1,1,21,1,handshake
2018-10-05 05:06:44.331732,54,54.239.26.255,443,1.0,142,1,1,,1,ack
2018-10-05 05:06:44.343484,54,54.239.26.255,443,1.0,39,1,1,,1,ack
2018-10-05 05:06:44.374982,54,54.239.26.255,443,1.0,43,1,1,,1,ack
2018-10-05 05:06:44.393134,286,52.94.235.50,443,3.0,0,1,1,23,1,expected
2018-10-05 05:06:44.395473,190,52.94.235.50,443,3.0,0,1,1,23,1,expected
2018-10-05 05:06:44.397117,1514,52.94.235.50,443,1.0,177,1,1,,1,not_relevant
2018-10-05 05:06:44.398464,1330,52.94.235.50,443,3.0,0,1,1,23,1,expected
2018-10-05 05:06:44.399612,136,52.94.235.50,443,3.0,0,1,1,23,1,expected
2018-10-05 05:06:44.399802,92,52.94.235.50,443,3.0,0,1,1,23,1,expected
2018-10-05 05:06:44.533614,286,52.94.235.50,443,3.0,0,1,1,23,1,expected
2018-10-05 05:06:44.533914,190,52.94.235.50,443,3.0,0,1,1,23,1,expected
2018-10-05 05:06:44.541122,1514,52.94.235.50,443,1.0,144,1,1,,1,not_relevant
2018-10-05 05:06:44.541201,54,52.94.235.50,443,1.0,0,1,1,,1,ack
2018-10-05 05:06:44.541357,54,52.94.235.50,443,1.0,0,1,1,,1,ack
2018-10-05 05:06:44.541964,1446,52.94.235.50,443,3.0,0,1,1,23,1,expected
2018-10-05 05:06:44.654308,54,52.94.235.50,443,1.0,112,1,1,,1,ack
2018-10-05 05:06:46.258841,288,52.94.235.50,443,3.0,0,1,1,23,1,expected
2018-10-05 05:06:46.259245,190,52.94.235.50,443,3.0,0,1,1,23,1,expected
2018-10-05 05:06:46.259815,1514,52.94.235.50,443,1.0,1605,1,1,,1,not_relevant
2018-10-05 05:06:46.259858,1329,52.94.235.50,443,3.0,0,1,1,23,1,expected
2018-10-05 05:06:46.259888,136,52.94.235.50,443,3.0,0,1,1,23,1,expected
2018-10-05 05:06:46.260076,92,52.94.235.50,443,3.0,0,1,1,23,1,expected
2018-10-05 05:06:46.291008,286,52.94.235.50,443,3.0,0,1,1,23,1,expected
2018-10-05 05:06:46.291296,190,52.94.235.50,443,3.0,0,1,1,23,1,expected
2018-10-05 05:06:46.299540,1514,52.94.235.50,443,1.0,39,1,1,,1,not_relevant
2018-10-05 05:06:46.304700,1450,52.94.235.50,443,3.0,0,1,1,23,1,expected
2018-10-05 05:06:46.403586,54,52.94.235.50,443,1.0,104,1,1,,1,ack
2018-10-05 05:06:46.465589,54,52.94.235.50,443,1.0,62,1,1,,1,ack
2018-10-05 05:06:46.758314,286,52.94.235.50,443,3.0,0,1,1,23,1,expected
2018-10-05 05:06:46.758675,190,52.94.235.50,443,3.0,0,1,1,23,1,expected
2018-10-05 05:06:46.759178,1514,52.94.235.50,443,1.0,293,1,1,,1,not_relevant
2018-10-05 05:06:46.759219,1325,52.94.235.50,443,3.0,0,1,1,23,1,expected
2018-10-05 05:06:46.759388,136,52.94.235.50,443,3.0,0,1,1,23,1,expected
2018-10-05 05:06:46.759537,92,52.94.235.50,443,3.0,0,1,1,23,1,expected
2018-10-05 05:06:46.895999,54,52.94.235.50,443,1.0,136,1,1,,1,ack
2018-10-05 05:06:53.678369,643,52.94.235.50,443,3.0,0,1,1,23,1,expected
2018-10-05 05:06:53.678773,1514,52.94.235.50,443,3.0,0,1,1,23,1,expected
2018-10-05 05:06:53.678808,1514,52.94.235.50,443,1.0,6782,1,1,,1,not_relevant
2018-10-05 05:06:53.678828,1514,52.94.235.50,443,1.0,0,1,1,,1,not_relevant
2018-10-05 05:06:53.680257,1514,52.94.235.50,443,3.0,0,1,1,23,1,expected
2018-10-05 05:06:53.680306,563,52.94.235.50,443,3.0,0,1,1,23,1,expected
2018-10-05 05:06:53.686887,296,52.94.235.50,443,3.0,0,1,1,23,1,expected
2018-10-05 05:06:53.687121,1514,52.94.235.50,443,3.0,0,1,1,23,1,expected
2018-10-05 05:06:53.689132,1514,52.94.235.50,443,1.0,10,1,1,,1,not_relevant
2018-10-05 05:06:53.690442,1514,52.94.235.50,443,1.0,1,1,1,,1,not_relevant
2018-10-05 05:06:53.694097,74,54.239.26.255,443,1.0,0,0,1,,1,retransmit
2018-10-05 05:06:53.719125,380,52.94.235.50,443,3.0,0,1,1,23,1,expected
2018-10-05 05:06:53.735708,54,54.239.26.255,443,1.0,41,1,1,,1,ack
2018-10-05 05:06:53.737355,312,54.239.26.255,443,3.0,0,1,1,22,1,handshake
2018-10-05 05:06:53.760597,1514,52.94.235.50,443,1.0,70,1,1,,1,not_relevant
2018-10-05 05:06:53.760678,1514,52.94.235.50,443,1.0,0,1,1,,1,not_relevant
2018-10-05 05:06:53.760754,1514,52.94.235.50,443,1.0,0,1,1,,1,not_relevant
2018-10-05 05:06:53.760817,92,52.94.235.50,443,3.0,0,1,1,23,1,expected
2018-10-05 05:06:53.772329,172,52.94.235.50,443,3.0,0,1,1,23,1,expected
2018-10-05 05:06:53.778183,54,54.239.26.255,443,1.0,42,1,1,,1,ack
2018-10-05 05:06:53.778560,105,54.239.26.255,443,3.0,0,1,1,20,1,handshake
2018-10-05 05:06:53.802219,172,52.94.235.50,443,3.0,0,1,1,23,1,expected
2018-10-05 05:06:53.820695,54,52.94.235.50,443,1.0,59,1,1,,1,ack
2018-10-05 05:06:53.823401,172,52.94.235.50,443,3.0,0,1,1,23,1,expected
2018-10-05 05:06:53.835401,172,52.94.235.50,443,3.0,0,1,1,23,1,expected
2018-10-05 05:06:53.849422,172,52.94.235.50,443,3.0,0,1,1,23,1,expected
2018-10-05 05:06:53.857006,763,54.239.26.255,443,3.0,0,1,1,23,1,expected
2018-10-05 05:06:53.883859,172,52.94.235.50,443,3.0,0,1,1,23,1,expected
2018-10-05 05:06:53.897382,172,52.94.235.50,443,3.0,0,1,1,23,1,expected
2018-10-05 05:06:53.905317,85,54.239.26.255,443,3.0,0,1,1,21,1,handshake
2018-10-05 05:06:53.905488,54,54.239.26.255,443,1.0,127,1,1,,1,ack
2018-10-05 05:06:53.918451,172,52.94.235.50,443,3.0,0,1,1,23,1,expected
2018-10-05 05:06:53.931868,172,52.94.235.50,443,3.0,0,1,1,23,1,expected
2018-10-05 05:06:53.946659,54,54.239.26.255,443,1.0,41,1,1,,1,ack
2018-10-05 05:06:53.960340,172,52.94.235.50,443,3.0,0,1,1,23,1,expected
2018-10-05 05:06:53.980640,172,52.94.235.50,443,3.0,0,1,1,23,1,expected
2018-10-05 05:06:53.994217,172,52.94.235.50,443,3.0,0,1,1,23,1,expected
2018-10-05 05:06:54.008333,172,52.94.235.50,443,3.0,0,1,1,23,1,expected
2018-10-05 05:06:54.043193,172,52.94.235.50,443,3.0,0,1,1,23,1,expected
2018-10-05 05:06:54.057360,172,52.94.235.50,443,3.0,0,1,1,23,1,expected
2018-10-05 05:06:54.077924,172,52.94.235.50,443,3.0,0,1,1,23,1,expected
2018-10-05 05:06:54.091461,172,52.94.235.50,443,3.0,0,1,1,23,1,expected
2018-10-05 05:06:54.119772,172,52.94.235.50,443,3.0,0,1,1,23,1,expected
2018-10-05 05:06:54.140630,172,52.94.235.50,443,3.0,0,1,1,23,1,expected
2018-10-05 05:06:54.155301,172,52.94.235.50,443,3.0,0,1,1,23,1,expected
2018-10-05 05:06:54.169374,172,52.94.235.50,443,3.0,0,1,1,23,1,expected
2018-10-05 05:06:54.183014,287,52.94.235.50,443,3.0,0,1,1,23,1,expected
2018-10-05 05:06:54.189364,190,52.94.235.50,443,3.0,0,1,1,23,1,expected
2018-10-05 05:06:54.191291,1514,52.94.235.50,443,1.0,370,1,1,,1,not_relevant
2018-10-05 05:06:54.191313,1448,52.94.235.50,443,3.0,0,1,1,23,1,expected
2018-10-05 05:06:54.203488,172,52.94.235.50,443,3.0,0,1,1,23,1,expected
2018-10-05 05:06:54.217715,172,52.94.235.50,443,3.0,0,1,1,23,1,expected
2018-10-05 05:06:54.238939,172,52.94.235.50,443,3.0,0,1,1,23,1,expected
2018-10-05 05:06:54.252496,172,52.94.235.50,443,3.0,0,1,1,23,1,expected
2018-10-05 05:06:54.293101,172,52.94.235.50,443,3.0,0,1,1,23,1,expected
2018-10-05 05:06:54.301740,172,52.94.235.50,443,3.0,0,1,1,23,1,expected
2018-10-05 05:06:54.315518,172,52.94.235.50,443,3.0,0,1,1,23,1,expected
2018-10-05 05:06:54.329734,172,52.94.235.50,443,3.0,0,1,1,23,1,expected
2018-10-05 05:06:54.380519,172,52.94.235.50,443,3.0,0,1,1,23,1,expected
2018-10-05 05:06:54.380762,172,52.94.235.50,443,3.0,0,1,1,23,1,expected
2018-10-05 05:06:54.392377,54,52.94.235.50,443,1.0,201,1,1,,1,ack
2018-10-05 05:06:54.395738,172,52.94.235.50,443,3.0,0,1,1,23,1,expected
2018-10-05 05:06:54.414128,172,52.94.235.50,443,3.0,0,1,1,23,1,expected
2018-10-05 05:06:54.441524,172,52.94.235.50,443,3.0,0,1,1,23,1,expected
2018-10-05 05:06:54.461635,172,52.94.235.50,443,3.0,0,1,1,23,1,expected
2018-10-05 05:06:54.476231,172,52.94.235.50,443,3.0,0,1,1,23,1,expected
2018-10-05 05:06:54.490375,172,52.94.235.50,443,3.0,0,1,1,23,1,expected
2018-10-05 05:06:54.524590,172,52.94.235.50,443,3.0,0,1,1,23,1,expected
2018-10-05 05:06:54.538926,172,52.94.235.50,443,3.0,0,1,1,23,1,expected
2018-10-05 05:06:54.552427,172,52.94.235.50,443,3.0,0,1,1,23,1,expected
2018-10-05 05:06:54.573544,172,52.94.235.50,443,3.0,0,1,1,23,1,expected
2018-10-05 05:06:54.601562,172,52.94.235.50,443,3.0,0,1,1,23,1,expected
2018-10-05 05:06:54.621398,172,52.94.235.50,443,3.0,0,1,1,23,1,expected
2018-10-05 05:06:54.636130,172,52.94.235.50,443,3.0,0,1,1,23,1,expected
2018-10-05 05:06:54.650600,172,52.94.235.50,443,3.0,0,1,1,23,1,expected
2018-10-05 05:06:54.685101,172,52.94.235.50,443,3.0,0,1,1,23,1,expected
2018-10-05 05:06:54.699028,172,52.94.235.50,443,3.0,0,1,1,23,1,expected
2018-10-05 05:06:54.714139,172,52.94.235.50,443,3.0,0,1,1,23,1,expected
2018-10-05 05:06:54.733637,172,52.94.235.50,443,3.0,0,1,1,23,1,expected
2018-10-05 05:06:54.762039,172,52.94.235.50,443,3.0,0,1,1,23,1,expected
2018-10-05 05:06:54.775937,172,52.94.235.50,443,3.0,0,1,1,23,1,expected
2018-10-05 05:06:54.796989,172,52.94.235.50,443,3.0,0,1,1,23,1,expected
2018-10-05 05:06:54.810494,172,52.94.235.50,443,3.0,0,1,1,23,1,expected
2018-10-05 05:06:54.845551,172,52.94.235.50,443,3.0,0,1,1,23,1,expected
2018-10-05 05:06:54.859626,172,52.94.235.50,443,3.0,0,1,1,23,1,expected
2018-10-05 05:06:54.873750,172,52.94.235.50,443,3.0,0,1,1,23,1,expected
2018-10-05 05:06:54.894270,172,52.94.235.50,443,3.0,0,1,1,23,1,expected
2018-10-05 05:06:54.921434,172,52.94.235.50,443,3.0,0,1,1,23,1,expected
2018-10-05 05:06:54.942095,172,52.94.235.50,443,3.0,0,1,1,23,1,expected
2018-10-05 05:06:54.955917,172,52.94.235.50,443,3.0,0,1,1,23,1,expected
2018-10-05 05:06:54.969860,172,52.94.235.50,443,3.0,0,1,1,23,1,expected
2018-10-05 05:06:55.005148,172,52.94.235.50,443,3.0,0,1,1,23,1,expected
2018-10-05 05:06:55.018707,172,52.94.235.50,443,3.0,0,1,1,23,1,expected
2018-10-05 05:06:55.032653,172,52.94.235.50,443,3.0,0,1,1,23,1,expected
2018-10-05 05:06:55.080522,172,52.94.235.50,443,3.0,0,1,1,23,1,expected
2018-10-05 05:06:55.081209,172,52.94.235.50,443,3.0,0,1,1,23,1,expected
2018-10-05 05:06:55.101388,172,52.94.235.50,443,3.0,0,1,1,23,1,expected
2018-10-05 05:06:55.115587,172,52.94.235.50,443,3.0,0,1,1,23,1,expected
2018-10-05 05:06:55.129818,172,52.94.235.50,443,3.0,0,1,1,23,1,expected
2018-10-05 05:06:55.164668,172,52.94.235.50,443,3.0,0,1,1,23,1,expected
2018-10-05 05:06:55.178527,172,52.94.235.50,443,3.0,0,1,1,23,1,expected
2018-10-05 05:06:55.193414,172,52.94.235.50,443,3.0,0,1,1,23,1,expected
2018-10-05 05:06:55.213658,172,52.94.235.50,443,3.0,0,1,1,23,1,expected
2018-10-05 05:06:55.242228,172,52.94.235.50,443,3.0,0,1,1,23,1,expected
2018-10-05 05:06:55.257309,172,52.94.235.50,443,3.0,0,1,1,23,1,expected
2018-10-05 05:06:55.276733,172,52.94.235.50,443,3.0,0,1,1,23,1,expected
2018-10-05 05:06:55.290763,172,52.94.235.50,443,3.0,0,1,1,23,1,expected
2018-10-05 05:06:55.325779,172,52.94.235.50,443,3.0,0,1,1,23,1,expected
2018-10-05 05:06:55.339802,172,52.94.235.50,443,3.0,0,1,1,23,1,expected
2018-10-05 05:06:55.353776,172,52.94.235.50,443,3.0,0,1,1,23,1,expected
2018-10-05 05:06:55.372891,172,52.94.235.50,443,3.0,0,1,1,23,1,expected
2018-10-05 05:06:55.402612,172,52.94.235.50,443,3.0,0,1,1,23,1,expected
2018-10-05 05:06:55.417404,172,52.94.235.50,443,3.0,0,1,1,23,1,expected
2018-10-05 05:06:55.438221,172,52.94.235.50,443,3.0,0,1,1,23,1,expected
2018-10-05 05:06:55.451015,172,52.94.235.50,443,3.0,0,1,1,23,1,expected
2018-10-05 05:06:55.486123,172,52.94.235.50,443,3.0,0,1,1,23,1,expected
2018-10-05 05:06:55.499805,172,52.94.235.50,443,3.0,0,1,1,23,1,expected
2018-10-05 05:06:55.513736,172,52.94.235.50,443,3.0,0,1,1,23,1,expected
2018-10-05 05:06:55.527914,172,52.94.235.50,443,3.0,0,1,1,23,1,expected
2018-10-05 05:06:55.562889,172,52.94.235.50,443,3.0,0,1,1,23,1,expected
2018-10-05 05:06:55.577391,172,52.94.235.50,443,3.0,0,1,1,23,1,expected
2018-10-05 05:06:55.598135,172,52.94.235.50,443,3.0,0,1,1,23,1,expected
2018-10-05 05:06:55.612023,172,52.94.235.50,443,3.0,0,1,1,23,1,expected
2018-10-05 05:06:55.639691,172,52.94.235.50,443,3.0,0,1,1,23,1,expected
2018-10-05 05:06:55.665443,172,52.94.235.50,443,3.0,0,1,1,23,1,expected
2018-10-05 05:06:55.679514,172,52.94.235.50,443,3.0,0,1,1,23,1,expected
2018-10-05 05:06:55.694787,172,52.94.235.50,443,3.0,0,1,1,23,1,expected
2018-10-05 05:06:55.723480,172,52.94.235.50,443,3.0,0,1,1,23,1,expected
2018-10-05 05:06:55.738094,172,52.94.235.50,443,3.0,0,1,1,23,1,expected
2018-10-05 05:06:55.778184,172,52.94.235.50,443,3.0,0,1,1,23,1,expected
2018-10-05 05:06:55.778279,172,52.94.235.50,443,3.0,0,1,1,23,1,expected
2018-10-05 05:06:55.802352,172,52.94.235.50,443,3.0,0,1,1,23,1,expected
2018-10-05 05:06:55.822722,172,52.94.235.50,443,3.0,0,1,1,23,1,expected
2018-10-05 05:06:55.838478,172,52.94.235.50,443,3.0,0,1,1,23,1,expected
2018-10-05 05:06:55.849449,172,52.94.235.50,443,3.0,0,1,1,23,1,expected
2018-10-05 05:06:55.885606,172,52.94.235.50,443,3.0,0,1,1,23,1,expected
2018-10-05 05:06:55.897907,172,52.94.235.50,443,3.0,0,1,1,23,1,expected
2018-10-05 05:06:55.919287,172,52.94.235.50,443,3.0,0,1,1,23,1,expected
2018-10-05 05:06:55.931559,172,52.94.235.50,443,3.0,0,1,1,23,1,expected
2018-10-05 05:06:55.961485,172,52.94.235.50,443,3.0,0,1,1,23,1,expected
2018-10-05 05:06:55.981645,172,52.94.235.50,443,3.0,0,1,1,23,1,expected
2018-10-05 05:06:55.994933,172,52.94.235.50,443,3.0,0,1,1,23,1,expected
2018-10-05 05:06:56.010100,172,52.94.235.50,443,3.0,0,1,1,23,1,expected
2018-10-05 05:06:56.046144,172,52.94.235.50,443,3.0,0,1,1,23,1,expected
2018-10-05 05:06:56.059381,172,52.94.235.50,443,3.0,0,1,1,23,1,expected
2018-10-05 05:06:56.077690,172,52.94.235.50,443,3.0,0,1,1,23,1,expected
2018-10-05 05:06:56.094186,172,52.94.235.50,443,3.0,0,1,1,23,1,expected
2018-10-05 05:06:56.125703,172,52.94.235.50,443,3.0,0,1,1,23,1,expected
2018-10-05 05:06:56.144087,136,52.94.235.50,443,3.0,0,1,1,23,1,expected
2018-10-05 05:06:56.145597,92,52.94.235.50,443,3.0,0,1,1,23,1,expected
2018-10-05 05:06:56.164837,74,54.239.26.255,443,1.0,0,0,1,,1,retransmit
2018-10-05 05:06:56.202112,54,54.239.26.255,443,1.0,37,1,1,,1,ack
2018-10-05 05:06:56.203746,312,54.239.26.255,443,3.0,0,1,1,22,1,handshake
2018-10-05 05:06:56.247629,54,54.239.26.255,443,1.0,45,1,1,,1,ack
2018-10-05 05:06:56.247903,105,54.239.26.255,443,3.0,0,1,1,20,1,handshake
2018-10-05 05:06:56.274263,74,54.239.26.255,443,1.0,0,0,1,,1,retransmit
2018-10-05 05:06:56.303388,54,52.94.235.50,443,1.0,1911,1,1,,1,ack
2018-10-05 05:06:56.315105,54,54.239.26.255,443,1.0,40,1,1,,1,ack
2018-10-05 05:06:56.316621,312,54.239.26.255,443,3.0,0,1,1,22,1,handshake
2018-10-05 05:06:56.317475,810,54.239.26.255,443,3.0,0,1,1,23,1,expected
2018-10-05 05:06:56.329020,54,52.94.235.50,443,1.0,25,1,1,,1,ack
2018-10-05 05:06:56.329326,54,52.94.235.50,443,1.0,0,1,1,,1,ack
2018-10-05 05:06:56.329467,54,52.94.235.50,443,1.0,0,1,1,,1,ack
2018-10-05 05:06:56.329606,54,52.94.235.50,443,1.0,0,1,1,,1,ack
2018-10-05 05:06:56.329732,54,52.94.235.50,443,1.0,0,1,1,,1,ack
2018-10-05 05:06:56.330839,54,52.94.235.50,443,1.0,1,1,1,,1,ack
2018-10-05 05:06:56.347462,54,52.94.235.50,443,1.0,16,1,1,,1,ack
2018-10-05 05:06:56.347729,54,52.94.235.50,443,1.0,0,1,1,,1,ack
2018-10-05 05:06:56.347862,54,52.94.235.50,443,1.0,0,1,1,,1,ack
2018-10-05 05:06:56.361431,54,54.239.26.255,443,1.0,46,1,1,,1,ack
2018-10-05 05:06:56.362743,105,54.239.26.255,443,3.0,0,1,1,20,1,handshake
2018-10-05 05:06:56.366767,85,54.239.26.255,443,3.0,0,1,1,21,1,handshake
2018-10-05 05:06:56.367046,54,54.239.26.255,443,1.0,119,1,1,,1,ack
2018-10-05 05:06:56.379870,54,52.94.235.50,443,1.0,32,1,1,,1,ack
2018-10-05 05:06:56.382239,74,54.239.26.255,443,1.0,0,0,1,,1,retransmit
2018-10-05 05:06:56.410351,54,54.239.26.255,443,1.0,43,1,1,,1,ack
2018-10-05 05:06:56.425689,54,54.239.26.255,443,1.0,43,1,1,,1,ack
2018-10-05 05:06:56.429066,312,54.239.26.255,443,3.0,0,1,1,22,1,handshake
2018-10-05 05:06:56.441153,777,54.239.26.255,443,3.0,0,1,1,23,1,expected
2018-10-05 05:06:56.480721,287,52.94.235.50,443,3.0,0,1,1,23,1,expected
2018-10-05 05:06:56.481318,1514,52.94.235.50,443,3.0,0,1,1,23,1,expected
2018-10-05 05:06:56.481368,1514,52.94.235.50,443,1.0,101,1,1,,1,not_relevant
2018-10-05 05:06:56.481399,1466,52.94.235.50,443,3.0,0,1,1,23,1,expected
2018-10-05 05:06:56.481431,136,52.94.235.50,443,3.0,0,1,1,23,1,expected
2018-10-05 05:06:56.481616,92,52.94.235.50,443,3.0,0,1,1,23,1,expected
2018-10-05 05:06:56.482286,54,54.239.26.255,443,1.0,56,1,1,,1,ack
2018-10-05 05:06:56.484586,105,54.239.26.255,443,3.0,0,1,1,20,1,handshake
2018-10-05 05:06:56.492472,85,54.239.26.255,443,3.0,0,1,1,21,1,handshake
2018-10-05 05:06:56.492725,54,54.239.26.255,443,1.0,131,1,1,,1,ack
2018-10-05 05:06:56.514775,286,52.94.235.50,443,3.0,0,1,1,23,1,expected
2018-10-05 05:06:56.515386,190,52.94.235.50,443,3.0,0,1,1,23,1,expected
2018-10-05 05:06:56.518337,1514,52.94.235.50,443,1.0,36,1,1,,1,not_relevant
2018-10-05 05:06:56.524603,1446,52.94.235.50,443,3.0,0,1,1,23,1,expected
2018-10-05 05:06:56.524997,74,54.239.26.255,443,1.0,0,0,1,,1,retransmit
2018-10-05 05:06:56.537181,54,54.239.26.255,443,1.0,44,1,1,,1,ack
2018-10-05 05:06:56.546110,54,52.94.235.50,443,1.0,27,1,1,,1,ack
2018-10-05 05:06:56.559755,784,54.239.26.255,443,3.0,0,1,1,23,1,expected
2018-10-05 05:06:56.574725,54,54.239.26.255,443,1.0,49,1,1,,1,ack
2018-10-05 05:06:56.575414,312,54.239.26.255,443,3.0,0,1,1,22,1,handshake
2018-10-05 05:06:56.611405,85,54.239.26.255,443,3.0,0,1,1,21,1,handshake
2018-10-05 05:06:56.611568,54,54.239.26.255,443,1.0,129,1,1,,1,ack
2018-10-05 05:06:56.638011,54,54.239.26.255,443,1.0,63,1,1,,1,ack
2018-10-05 05:06:56.638715,54,52.94.235.50,443,1.0,92,1,1,,1,ack
2018-10-05 05:06:56.639515,105,54.239.26.255,443,3.0,0,1,1,20,1,handshake
2018-10-05 05:06:56.651595,54,54.239.26.255,443,1.0,40,1,1,,1,ack
2018-10-05 05:06:56.720014,795,54.239.26.255,443,3.0,0,1,1,23,1,expected
2018-10-05 05:06:56.740823,286,52.94.235.50,443,3.0,0,1,1,23,1,expected
2018-10-05 05:06:56.741326,190,52.94.235.50,443,3.0,0,1,1,23,1,expected
2018-10-05 05:06:56.742467,1514,52.94.235.50,443,1.0,103,1,1,,1,not_relevant
2018-10-05 05:06:56.742955,1320,52.94.235.50,443,3.0,0,1,1,23,1,expected
2018-10-05 05:06:56.742977,136,52.94.235.50,443,3.0,0,1,1,23,1,expected
2018-10-05 05:06:56.743908,92,52.94.235.50,443,3.0,0,1,1,23,1,expected
2018-10-05 05:06:56.779655,85,54.239.26.255,443,3.0,0,1,1,21,1,handshake
2018-10-05 05:06:56.779896,54,54.239.26.255,443,1.0,141,1,1,,1,ack
2018-10-05 05:06:56.819074,54,54.239.26.255,443,1.0,39,1,1,,1,ack
2018-10-05 05:06:56.884870,54,52.94.235.50,443,1.0,142,1,1,,1,ack
2018-10-05 05:06:58.391620,287,52.94.235.50,443,3.0,0,1,1,23,1,expected
2018-10-05 05:06:58.391884,190,52.94.235.50,443,3.0,0,1,1,23,1,expected
2018-10-05 05:06:58.392396,1514,52.94.235.50,443,1.0,1507,1,1,,1,not_relevant
2018-10-05 05:06:58.392430,1329,52.94.235.50,443,3.0,0,1,1,23,1,expected
2018-10-05 05:06:58.392496,136,52.94.235.50,443,3.0,0,1,1,23,1,expected
2018-10-05 05:06:58.392682,92,52.94.235.50,443,3.0,0,1,1,23,1,expected
2018-10-05 05:06:58.401520,286,52.94.235.50,443,3.0,0,1,1,23,1,expected
2018-10-05 05:06:58.402901,190,52.94.235.50,443,3.0,0,1,1,23,1,expected
2018-10-05 05:06:58.440123,1514,52.94.235.50,443,1.0,47,1,1,,1,not_relevant
2018-10-05 05:06:58.441680,1450,52.94.235.50,443,3.0,0,1,1,23,1,expected
2018-10-05 05:06:58.526330,54,52.94.235.50,443,1.0,86,1,1,,1,ack
2018-10-05 05:06:58.583749,54,52.94.235.50,443,1.0,57,1,1,,1,ack
2018-10-05 05:06:58.584071,54,52.94.235.50,443,1.0,0,1,1,,1,ack
2018-10-05 05:06:58.595227,54,52.94.235.50,443,1.0,11,1,1,,1,ack
2018-10-05 05:06:58.595384,54,52.94.235.50,443,1.0,0,1,1,,1,ack
2018-10-05 05:06:58.897245,287,52.94.235.50,443,3.0,0,1,1,23,1,expected
2018-10-05 05:06:58.898511,190,52.94.235.50,443,3.0,0,1,1,23,1,expected
2018-10-05 05:06:58.900813,1514,52.94.235.50,443,1.0,305,1,1,,1,not_relevant
2018-10-05 05:06:58.900894,1445,52.94.235.50,443,3.0,0,1,1,23,1,expected
2018-10-05 05:06:59.071716,54,52.94.235.50,443,1.0,170,1,1,,1,ack
2018-10-05 05:06:59.072010,54,52.94.235.50,443,1.0,0,1,1,,1,ack
2018-10-05 05:07:03.391910,54,52.94.235.50,443,1.0,4319,1,1,,1,ack
2018-10-05 05:07:03.392045,100,52.94.235.50,443,3.0,0,1,1,23,1,syn
2018-10-05 05:07:09.284802,287,52.94.235.50,443,3.0,0,1,1,23,1,expected
2018-10-05 05:07:09.292314,190,52.94.235.50,443,3.0,0,1,1,23,1,expected
2018-10-05 05:07:09.293724,1514,52.94.235.50,443,1.0,5901,1,1,,1,not_relevant
2018-10-05 05:07:09.293766,1514,52.94.235.50,443,1.0,0,1,1,,1,not_relevant
2018-10-05 05:07:09.293829,1514,52.94.235.50,443,3.0,0,1,1,23,1,expected
2018-10-05 05:07:09.293937,460,52.94.235.50,443,3.0,0,1,1,23,1,expected
2018-10-05 05:07:09.299250,286,52.94.235.50,443,3.0,0,1,1,23,1,expected
2018-10-05 05:07:09.300659,190,52.94.235.50,443,3.0,0,1,1,23,1,expected
2018-10-05 05:07:09.315911,74,54.239.29.0,443,1.0,0,0,1,,1,retransmit
2018-10-05 05:07:09.325489,1514,52.94.235.50,443,1.0,31,1,1,,1,not_relevant
2018-10-05 05:07:09.338345,1514,52.94.235.50,443,1.0,12,1,1,,1,not_relevant
2018-10-05 05:07:09.339053,245,52.94.235.50,443,3.0,0,1,1,23,1,expected
2018-10-05 05:07:09.357806,54,54.239.29.0,443,1.0,41,1,1,,1,ack
2018-10-05 05:07:09.359308,312,54.239.29.0,443,3.0,0,1,1,22,1,handshake
2018-10-05 05:07:09.374673,1514,52.94.235.50,443,1.0,36,1,1,,1,not_relevant
2018-10-05 05:07:09.374721,1514,52.94.235.50,443,1.0,0,1,1,,1,not_relevant
2018-10-05 05:07:09.376074,1232,52.94.235.50,443,3.0,0,1,1,23,1,expected
2018-10-05 05:07:09.387382,172,52.94.235.50,443,3.0,0,1,1,23,1,expected
2018-10-05 05:07:09.400248,172,52.94.235.50,443,3.0,0,1,1,23,1,expected
2018-10-05 05:07:09.403004,54,54.239.29.0,443,1.0,45,1,1,,1,ack
2018-10-05 05:07:09.403366,105,54.239.29.0,443,3.0,0,1,1,20,1,handshake
2018-10-05 05:07:09.434391,172,52.94.235.50,443,3.0,0,1,1,23,1,expected
2018-10-05 05:07:09.447655,54,52.94.235.50,443,1.0,72,1,1,,1,ack
2018-10-05 05:07:09.452704,172,52.94.235.50,443,3.0,0,1,1,23,1,expected
2018-10-05 05:07:09.469126,172,52.94.235.50,443,3.0,0,1,1,23,1,expected
2018-10-05 05:07:09.482762,172,52.94.235.50,443,3.0,0,1,1,23,1,expected
2018-10-05 05:07:09.493989,766,54.239.29.0,443,3.0,0,1,1,23,1,expected
2018-10-05 05:07:09.518241,172,52.94.235.50,443,3.0,0,1,1,23,1,expected
2018-10-05 05:07:09.532153,172,52.94.235.50,443,3.0,0,1,1,23,1,expected
2018-10-05 05:07:09.546369,85,54.239.29.0,443,3.0,0,1,1,21,1,handshake
2018-10-05 05:07:09.546575,54,54.239.29.0,443,1.0,143,1,1,,1,ack
2018-10-05 05:07:09.546731,172,52.94.235.50,443,3.0,0,1,1,23,1,expected
2018-10-05 05:07:09.559641,172,52.94.235.50,443,3.0,0,1,1,23,1,expected
2018-10-05 05:07:09.592295,54,54.239.29.0,443,1.0,45,1,1,,1,ack
2018-10-05 05:07:09.595149,172,52.94.235.50,443,3.0,0,1,1,23,1,expected
2018-10-05 05:07:09.609057,172,52.94.235.50,443,3.0,0,1,1,23,1,expected
2018-10-05 05:07:09.629617,172,52.94.235.50,443,3.0,0,1,1,23,1,expected
2018-10-05 05:07:09.644312,172,52.94.235.50,443,3.0,0,1,1,23,1,expected
2018-10-05 05:07:09.678546,172,52.94.235.50,443,3.0,0,1,1,23,1,expected
2018-10-05 05:07:09.692608,172,52.94.235.50,443,3.0,0,1,1,23,1,expected
2018-10-05 05:07:09.707367,172,52.94.235.50,443,3.0,0,1,1,23,1,expected
2018-10-05 05:07:09.721086,172,52.94.235.50,443,3.0,0,1,1,23,1,expected
2018-10-05 05:07:09.780626,172,52.94.235.50,443,3.0,0,1,1,23,1,expected
2018-10-05 05:07:09.780785,172,52.94.235.50,443,3.0,0,1,1,23,1,expected
2018-10-05 05:07:09.786222,172,52.94.235.50,443,3.0,0,1,1,23,1,expected
2018-10-05 05:07:09.787999,287,52.94.235.50,443,3.0,0,1,1,23,1,expected
2018-10-05 05:07:09.788430,190,52.94.235.50,443,3.0,0,1,1,23,1,expected
2018-10-05 05:07:09.791729,1514,52.94.235.50,443,1.0,344,1,1,,1,not_relevant
2018-10-05 05:07:09.791765,1329,52.94.235.50,443,3.0,0,1,1,23,1,expected
2018-10-05 05:07:09.791784,136,52.94.235.50,443,3.0,0,1,1,23,1,expected
2018-10-05 05:07:09.791873,92,52.94.235.50,443,3.0,0,1,1,23,1,expected
2018-10-05 05:07:09.824727,172,52.94.235.50,443,3.0,0,1,1,23,1,expected
2018-10-05 05:07:09.833140,172,52.94.235.50,443,3.0,0,1,1,23,1,expected
2018-10-05 05:07:09.853723,172,52.94.235.50,443,3.0,0,1,1,23,1,expected
2018-10-05 05:07:09.869321,172,52.94.235.50,443,3.0,0,1,1,23,1,expected
2018-10-05 05:07:09.882766,172,52.94.235.50,443,3.0,0,1,1,23,1,expected
2018-10-05 05:07:09.916714,172,52.94.235.50,443,3.0,0,1,1,23,1,expected
2018-10-05 05:07:09.931787,172,52.94.235.50,443,3.0,0,1,1,23,1,expected
2018-10-05 05:07:09.931960,54,52.94.235.50,443,1.0,140,1,1,,1,ack
2018-10-05 05:07:09.945572,172,52.94.235.50,443,3.0,0,1,1,23,1,expected
2018-10-05 05:07:09.965762,172,52.94.235.50,443,3.0,0,1,1,23,1,expected
2018-10-05 05:07:09.994704,172,52.94.235.50,443,3.0,0,1,1,23,1,expected
2018-10-05 05:07:10.008397,172,52.94.235.50,443,3.0,0,1,1,23,1,expected
2018-10-05 05:07:10.028758,172,52.94.235.50,443,3.0,0,1,1,23,1,expected
2018-10-05 05:07:10.042504,172,52.94.235.50,443,3.0,0,1,1,23,1,expected
2018-10-05 05:07:10.078123,172,52.94.235.50,443,3.0,0,1,1,23,1,expected
2018-10-05 05:07:10.091728,172,52.94.235.50,443,3.0,0,1,1,23,1,expected
2018-10-05 05:07:10.106013,172,52.94.235.50,443,3.0,0,1,1,23,1,expected
2018-10-05 05:07:10.120093,172,52.94.235.50,443,3.0,0,1,1,23,1,expected
2018-10-05 05:07:10.154994,172,52.94.235.50,443,3.0,0,1,1,23,1,expected
2018-10-05 05:07:10.169046,172,52.94.235.50,443,3.0,0,1,1,23,1,expected
2018-10-05 05:07:10.190792,172,52.94.235.50,443,3.0,0,1,1,23,1,expected
2018-10-05 05:07:10.204128,172,52.94.235.50,443,3.0,0,1,1,23,1,expected
2018-10-05 05:07:10.238496,172,52.94.235.50,443,3.0,0,1,1,23,1,expected
2018-10-05 05:07:10.253082,172,52.94.235.50,443,3.0,0,1,1,23,1,expected
2018-10-05 05:07:10.266999,172,52.94.235.50,443,3.0,0,1,1,23,1,expected
2018-10-05 05:07:10.280520,172,52.94.235.50,443,3.0,0,1,1,23,1,expected
2018-10-05 05:07:10.321077,172,52.94.235.50,443,3.0,0,1,1,23,1,expected
2018-10-05 05:07:10.330353,172,52.94.235.50,443,3.0,0,1,1,23,1,expected
2018-10-05 05:07:10.344176,172,52.94.235.50,443,3.0,0,1,1,23,1,expected
2018-10-05 05:07:10.365567,172,52.94.235.50,443,3.0,0,1,1,23,1,expected
2018-10-05 05:07:10.392500,172,52.94.235.50,443,3.0,0,1,1,23,1,expected
2018-10-05 05:07:10.414732,172,52.94.235.50,443,3.0,0,1,1,23,1,expected
2018-10-05 05:07:10.428419,172,52.94.235.50,443,3.0,0,1,1,23,1,expected
2018-10-05 05:07:10.442334,172,52.94.235.50,443,3.0,0,1,1,23,1,expected
2018-10-05 05:07:10.480706,172,52.94.235.50,443,3.0,0,1,1,23,1,expected
2018-10-05 05:07:10.491225,172,52.94.235.50,443,3.0,0,1,1,23,1,expected
2018-10-05 05:07:10.505157,172,52.94.235.50,443,3.0,0,1,1,23,1,expected
2018-10-05 05:07:10.525849,172,52.94.235.50,443,3.0,0,1,1,23,1,expected
2018-10-05 05:07:10.560186,172,52.94.235.50,443,3.0,0,1,1,23,1,expected
2018-10-05 05:07:10.569789,172,52.94.235.50,443,3.0,0,1,1,23,1,expected
2018-10-05 05:07:10.589713,172,52.94.235.50,443,3.0,0,1,1,23,1,expected
2018-10-05 05:07:10.603282,172,52.94.235.50,443,3.0,0,1,1,23,1,expected
2018-10-05 05:07:10.638010,172,52.94.235.50,443,3.0,0,1,1,23,1,expected
2018-10-05 05:07:10.652607,172,52.94.235.50,443,3.0,0,1,1,23,1,expected
2018-10-05 05:07:10.666330,172,52.94.235.50,443,3.0,0,1,1,23,1,expected
2018-10-05 05:07:10.680029,172,52.94.235.50,443,3.0,0,1,1,23,1,expected
2018-10-05 05:07:10.714745,172,52.94.235.50,443,3.0,0,1,1,23,1,expected
2018-10-05 05:07:10.729327,172,52.94.235.50,443,3.0,0,1,1,23,1,expected
2018-10-05 05:07:10.749745,172,52.94.235.50,443,3.0,0,1,1,23,1,expected
2018-10-05 05:07:10.763885,172,52.94.235.50,443,3.0,0,1,1,23,1,expected
2018-10-05 05:07:10.801969,172,52.94.235.50,443,3.0,0,1,1,23,1,expected
2018-10-05 05:07:10.812452,172,52.94.235.50,443,3.0,0,1,1,23,1,expected
2018-10-05 05:07:10.826794,172,52.94.235.50,443,3.0,0,1,1,23,1,expected
2018-10-05 05:07:10.841387,172,52.94.235.50,443,3.0,0,1,1,23,1,expected
2018-10-05 05:07:10.876019,172,52.94.235.50,443,3.0,0,1,1,23,1,expected
2018-10-05 05:07:10.889952,172,52.94.235.50,443,3.0,0,1,1,23,1,expected
2018-10-05 05:07:10.904915,172,52.94.235.50,443,3.0,0,1,1,23,1,expected
2018-10-05 05:07:10.925965,172,52.94.235.50,443,3.0,0,1,1,23,1,expected
2018-10-05 05:07:10.952915,172,52.94.235.50,443,3.0,0,1,1,23,1,expected
2018-10-05 05:07:10.974535,172,52.94.235.50,443,3.0,0,1,1,23,1,expected
2018-10-05 05:07:10.987739,172,52.94.235.50,443,3.0,0,1,1,23,1,expected
2018-10-05 05:07:11.001665,172,52.94.235.50,443,3.0,0,1,1,23,1,expected
2018-10-05 05:07:11.037587,172,52.94.235.50,443,3.0,0,1,1,23,1,expected
2018-10-05 05:07:11.050946,172,52.94.235.50,443,3.0,0,1,1,23,1,expected
2018-10-05 05:07:11.065034,172,52.94.235.50,443,3.0,0,1,1,23,1,expected
2018-10-05 05:07:11.087857,172,52.94.235.50,443,3.0,0,1,1,23,1,expected
2018-10-05 05:07:11.114210,172,52.94.235.50,443,3.0,0,1,1,23,1,expected
2018-10-05 05:07:11.128204,172,52.94.235.50,443,3.0,0,1,1,23,1,expected
2018-10-05 05:07:11.181156,172,52.94.235.50,443,3.0,0,1,1,23,1,expected
2018-10-05 05:07:11.181299,172,52.94.235.50,443,3.0,0,1,1,23,1,expected
2018-10-05 05:07:11.198076,172,52.94.235.50,443,3.0,0,1,1,23,1,expected
2018-10-05 05:07:11.306135,172,52.94.235.50,443,3.0,0,1,1,23,1,expected
2018-10-05 05:07:11.306505,172,52.94.235.50,443,3.0,0,1,1,23,1,expected
2018-10-05 05:07:11.306659,172,52.94.235.50,443,3.0,0,1,1,23,1,expected
2018-10-05 05:07:11.306808,172,52.94.235.50,443,3.0,0,1,1,23,1,expected
2018-10-05 05:07:11.306912,172,52.94.235.50,443,3.0,0,1,1,23,1,expected
2018-10-05 05:07:11.308540,172,52.94.235.50,443,3.0,0,1,1,23,1,expected
2018-10-05 05:07:11.323207,172,52.94.235.50,443,3.0,0,1,1,23,1,expected
2018-10-05 05:07:11.441663,172,52.94.235.50,443,3.0,0,1,1,23,1,expected
2018-10-05 05:07:11.442040,172,52.94.235.50,443,3.0,0,1,1,23,1,expected
2018-10-05 05:07:11.442229,172,52.94.235.50,443,3.0,0,1,1,23,1,expected
2018-10-05 05:07:11.442320,172,52.94.235.50,443,3.0,0,1,1,23,1,expected
2018-10-05 05:07:11.442412,172,52.94.235.50,443,3.0,0,1,1,23,1,expected
2018-10-05 05:07:11.449432,172,52.94.235.50,443,3.0,0,1,1,23,1,expected
2018-10-05 05:07:11.469698,172,52.94.235.50,443,3.0,0,1,1,23,1,expected
2018-10-05 05:07:11.485192,172,52.94.235.50,443,3.0,0,1,1,23,1,expected
2018-10-05 05:07:11.523417,172,52.94.235.50,443,3.0,0,1,1,23,1,expected
2018-10-05 05:07:11.544010,172,52.94.235.50,443,3.0,0,1,1,23,1,expected
2018-10-05 05:07:11.549284,172,52.94.235.50,443,3.0,0,1,1,23,1,expected
2018-10-05 05:07:11.576184,172,52.94.235.50,443,3.0,0,1,1,23,1,expected
2018-10-05 05:07:11.595536,172,52.94.235.50,443,3.0,0,1,1,23,1,expected
2018-10-05 05:07:11.610183,172,52.94.235.50,443,3.0,0,1,1,23,1,expected
2018-10-05 05:07:11.625406,172,52.94.235.50,443,3.0,0,1,1,23,1,expected
2018-10-05 05:07:11.647506,172,52.94.235.50,443,3.0,0,1,1,23,1,expected
2018-10-05 05:07:11.675921,172,52.94.235.50,443,3.0,0,1,1,23,1,expected
2018-10-05 05:07:11.696638,172,52.94.235.50,443,3.0,0,1,1,23,1,expected
2018-10-05 05:07:11.710702,172,52.94.235.50,443,3.0,0,1,1,23,1,expected
2018-10-05 05:07:11.756626,172,52.94.235.50,443,3.0,0,1,1,23,1,expected
2018-10-05 05:07:11.757153,172,52.94.235.50,443,3.0,0,1,1,23,1,expected
2018-10-05 05:07:11.760375,54,52.94.235.50,443,1.0,1828,1,1,,1,ack
2018-10-05 05:07:11.771407,136,52.94.235.50,443,3.0,0,1,1,23,1,expected
2018-10-05 05:07:11.771549,92,52.94.235.50,443,3.0,0,1,1,23,1,expected
2018-10-05 05:07:11.772213,74,54.239.29.0,443,1.0,0,0,1,,1,retransmit
2018-10-05 05:07:11.891521,54,54.239.29.0,443,1.0,119,1,1,,1,ack
2018-10-05 05:07:11.895676,312,54.239.29.0,443,3.0,0,1,1,22,1,handshake
2018-10-05 05:07:11.937462,54,54.239.29.0,443,1.0,45,1,1,,1,ack
2018-10-05 05:07:11.937714,105,54.239.29.0,443,3.0,0,1,1,20,1,handshake
2018-10-05 05:07:12.020741,812,54.239.29.0,443,3.0,0,1,1,23,1,expected
2018-10-05 05:07:12.034137,74,54.239.29.0,443,1.0,0,0,1,,1,retransmit
2018-10-05 05:07:12.063170,54,52.94.235.50,443,1.0,302,1,1,,1,ack
2018-10-05 05:07:12.067580,85,54.239.29.0,443,3.0,0,1,1,21,1,handshake
2018-10-05 05:07:12.067772,54,54.239.29.0,443,1.0,130,1,1,,1,ack
2018-10-05 05:07:12.077111,54,54.239.29.0,443,1.0,42,1,1,,1,ack
2018-10-05 05:07:12.079204,312,54.239.29.0,443,3.0,0,1,1,22,1,handshake
2018-10-05 05:07:12.100032,54,52.94.235.50,443,1.0,36,1,1,,1,ack
2018-10-05 05:07:12.101080,54,52.94.235.50,443,1.0,1,1,1,,1,ack
2018-10-05 05:07:12.101373,54,52.94.235.50,443,1.0,0,1,1,,1,ack
2018-10-05 05:07:12.102150,54,52.94.235.50,443,1.0,0,1,1,,1,ack
2018-10-05 05:07:12.102282,54,52.94.235.50,443,1.0,0,1,1,,1,ack
2018-10-05 05:07:12.104430,54,52.94.235.50,443,1.0,2,1,1,,1,ack
2018-10-05 05:07:12.104619,54,52.94.235.50,443,1.0,0,1,1,,1,ack
2018-10-05 05:07:12.104781,54,52.94.235.50,443,1.0,0,1,1,,1,ack
2018-10-05 05:07:12.104881,54,52.94.235.50,443,1.0,0,1,1,,1,ack
2018-10-05 05:07:12.106693,54,54.239.29.0,443,1.0,38,1,1,,1,ack
2018-10-05 05:07:12.110750,74,54.239.29.0,443,1.0,0,0,1,,1,retransmit
2018-10-05 05:07:12.125806,54,54.239.29.0,443,1.0,48,1,1,,1,ack
2018-10-05 05:07:12.127905,105,54.239.29.0,443,3.0,0,1,1,20,1,handshake
2018-10-05 05:07:12.155588,54,54.239.29.0,443,1.0,44,1,1,,1,ack
2018-10-05 05:07:12.157151,312,54.239.29.0,443,3.0,0,1,1,22,1,handshake
2018-10-05 05:07:12.201037,54,54.239.29.0,443,1.0,45,1,1,,1,ack
2018-10-05 05:07:12.202824,105,54.239.29.0,443,3.0,0,1,1,20,1,handshake
2018-10-05 05:07:12.224313,778,54.239.29.0,443,3.0,0,1,1,23,1,expected
2018-10-05 05:07:12.236874,287,52.94.235.50,443,3.0,0,1,1,23,1,expected
2018-10-05 05:07:12.237212,1514,52.94.235.50,443,3.0,0,1,1,23,1,expected
2018-10-05 05:07:12.237907,1514,52.94.235.50,443,1.0,133,1,1,,1,not_relevant
2018-10-05 05:07:12.237930,1514,52.94.235.50,443,3.0,0,1,1,23,1,expected
2018-10-05 05:07:12.237946,126,52.94.235.50,443,3.0,0,1,1,23,1,expected
2018-10-05 05:07:12.270846,54,52.94.235.50,443,1.0,32,1,1,,1,ack
2018-10-05 05:07:12.279313,85,54.239.29.0,443,3.0,0,1,1,21,1,handshake
2018-10-05 05:07:12.279471,54,54.239.29.0,443,1.0,153,1,1,,1,ack
2018-10-05 05:07:12.281166,74,54.239.29.0,443,1.0,0,0,1,,1,retransmit
2018-10-05 05:07:12.286488,642,52.94.235.50,443,3.0,0,1,1,23,1,expected
2018-10-05 05:07:12.286866,1514,52.94.235.50,443,3.0,0,1,1,23,1,expected
2018-10-05 05:07:12.287461,1514,52.94.235.50,443,1.0,16,1,1,,1,not_relevant
2018-10-05 05:07:12.287483,1514,52.94.235.50,443,3.0,0,1,1,23,1,expected
2018-10-05 05:07:12.287500,122,52.94.235.50,443,3.0,0,1,1,23,1,expected
2018-10-05 05:07:12.300781,54,52.94.235.50,443,1.0,13,1,1,,1,ack
2018-10-05 05:07:12.303607,784,54.239.29.0,443,3.0,0,1,1,23,1,expected
2018-10-05 05:07:12.322689,54,54.239.29.0,443,1.0,41,1,1,,1,ack
2018-10-05 05:07:12.326413,312,54.239.29.0,443,3.0,0,1,1,22,1,handshake
2018-10-05 05:07:12.326577,54,54.239.29.0,443,1.0,47,1,1,,1,ack
2018-10-05 05:07:12.336874,296,52.94.235.50,443,3.0,0,1,1,23,1,expected
2018-10-05 05:07:12.337219,1514,52.94.235.50,443,3.0,0,1,1,23,1,expected
2018-10-05 05:07:12.337907,1514,52.94.235.50,443,1.0,37,1,1,,1,not_relevant
2018-10-05 05:07:12.337930,1456,52.94.235.50,443,3.0,0,1,1,23,1,expected
2018-10-05 05:07:12.337945,136,52.94.235.50,443,3.0,0,1,1,23,1,expected
2018-10-05 05:07:12.338100,92,52.94.235.50,443,3.0,0,1,1,23,1,expected
2018-10-05 05:07:12.350357,85,54.239.29.0,443,3.0,0,1,1,21,1,handshake
2018-10-05 05:07:12.350526,54,54.239.29.0,443,1.0,149,1,1,,1,ack
2018-10-05 05:07:12.365551,54,54.239.29.0,443,1.0,42,1,1,,1,ack
2018-10-05 05:07:12.366323,105,54.239.29.0,443,3.0,0,1,1,20,1,handshake
2018-10-05 05:07:12.389654,54,54.239.29.0,443,1.0,39,1,1,,1,ack
2018-10-05 05:07:12.397662,54,52.94.235.50,443,1.0,59,1,1,,1,ack
2018-10-05 05:07:12.429939,54,52.94.235.50,443,1.0,32,1,1,,1,ack
2018-10-05 05:07:12.459671,794,54.239.29.0,443,3.0,0,1,1,23,1,expected
2018-10-05 05:07:12.476443,54,52.94.235.50,443,1.0,46,1,1,,1,ack
2018-10-05 05:07:12.505675,85,54.239.29.0,443,3.0,0,1,1,21,1,handshake
2018-10-05 05:07:12.505922,54,54.239.29.0,443,1.0,140,1,1,,1,ack
2018-10-05 05:07:12.546061,54,54.239.29.0,443,1.0,40,1,1,,1,ack
2018-10-05 05:07:13.719040,287,52.94.235.50,443,3.0,0,1,1,23,1,expected
2018-10-05 05:07:13.719438,190,52.94.235.50,443,3.0,0,1,1,23,1,expected
2018-10-05 05:07:13.719886,1514,52.94.235.50,443,1.0,1243,1,1,,1,not_relevant
2018-10-05 05:07:13.719929,1330,52.94.235.50,443,3.0,0,1,1,23,1,expected
2018-10-05 05:07:13.720012,136,52.94.235.50,443,3.0,0,1,1,23,1,expected
2018-10-05 05:07:13.720180,92,52.94.235.50,443,3.0,0,1,1,23,1,expected
2018-10-05 05:07:13.757780,287,52.94.235.50,443,3.0,0,1,1,23,1,expected
2018-10-05 05:07:13.759593,1514,52.94.235.50,443,3.0,0,1,1,23,1,expected
2018-10-05 05:07:13.759697,1514,52.94.235.50,443,1.0,39,1,1,,1,not_relevant
2018-10-05 05:07:13.767430,1514,52.94.235.50,443,3.0,0,1,1,23,1,expected
2018-10-05 05:07:13.767603,126,52.94.235.50,443,3.0,0,1,1,23,1,expected
2018-10-05 05:07:13.768111,1514,52.94.235.50,443,1.0,8,1,1,,1,not_relevant
2018-10-05 05:07:13.879130,54,52.94.235.50,443,1.0,111,1,1,,1,ack
2018-10-05 05:07:13.914164,54,52.94.235.50,443,1.0,35,1,1,,1,ack
2018-10-05 05:07:14.221154,288,52.94.235.50,443,3.0,0,1,1,23,1,expected
2018-10-05 05:07:14.221400,190,52.94.235.50,443,3.0,0,1,1,23,1,expected
2018-10-05 05:07:14.221895,1514,52.94.235.50,443,1.0,307,1,1,,1,not_relevant
2018-10-05 05:07:14.222015,1325,52.94.235.50,443,3.0,0,1,1,23,1,expected
2018-10-05 05:07:14.222051,136,52.94.235.50,443,3.0,0,1,1,23,1,expected
2018-10-05 05:07:14.222203,92,52.94.235.50,443,3.0,0,1,1,23,1,expected
2018-10-05 05:07:14.380047,54,52.94.235.50,443,1.0,158,1,1,,1,ack
2018-10-05 05:07:20.446895,100,52.94.235.50,443,3.0,0,1,1,23,1,syn
2018-10-05 05:07:20.526113,54,52.94.235.50,443,1.0,6146,1,1,,1,ack
2018-10-05 05:07:21.814555,74,54.239.29.0,443,1.0,0,0,1,,1,retransmit
2018-10-05 05:07:21.822577,287,52.94.235.50,443,3.0,0,1,1,23,1,expected
2018-10-05 05:07:21.822953,1514,52.94.235.50,443,3.0,0,1,1,23,1,expected
2018-10-05 05:07:21.823581,1514,52.94.235.50,443,1.0,1297,1,1,,1,not_relevant
2018-10-05 05:07:21.823603,1514,52.94.235.50,443,1.0,0,1,1,,1,not_relevant
2018-10-05 05:07:21.823618,505,52.94.235.50,443,3.0,0,1,1,23,1,expected
2018-10-05 05:07:21.824694,128,52.94.235.50,443,3.0,0,1,1,23,1,expected
2018-10-05 05:07:21.831906,287,52.94.235.50,443,3.0,0,1,1,23,1,expected
2018-10-05 05:07:21.854292,54,54.239.29.0,443,1.0,39,1,1,,1,ack
2018-10-05 05:07:21.855678,312,54.239.29.0,443,3.0,0,1,1,22,1,handshake
2018-10-05 05:07:21.855878,66,13.33.164.32,80,1.0,0,1,1,,1,ack
2018-10-05 05:07:21.868984,1514,52.94.235.50,443,3.0,0,1,1,23,1,expected
2018-10-05 05:07:21.869932,1514,52.94.235.50,443,1.0,46,1,1,,1,not_relevant
2018-10-05 05:07:21.869961,1514,52.94.235.50,443,1.0,0,1,1,,1,not_relevant
2018-10-05 05:07:21.870456,380,52.94.235.50,443,3.0,0,1,1,23,1,expected
2018-10-05 05:07:21.870828,1514,52.94.235.50,443,1.0,0,1,1,,1,not_relevant
2018-10-05 05:07:21.871439,54,52.94.235.50,443,1.0,0,1,1,,1,ack
2018-10-05 05:07:21.993384,54,54.239.29.0,443,1.0,139,1,1,,1,ack
2018-10-05 05:07:21.993779,105,54.239.29.0,443,3.0,0,1,1,20,1,handshake
2018-10-05 05:07:21.993862,74,13.33.164.197,80,1.0,0,0,1,,1,retransmit
2018-10-05 05:07:21.995185,1514,52.94.235.50,443,1.0,123,1,1,,1,not_relevant
2018-10-05 05:07:21.996363,1514,52.94.235.50,443,1.0,1,1,1,,1,not_relevant
2018-10-05 05:07:21.996885,1514,52.94.235.50,443,1.0,0,1,1,,1,not_relevant
2018-10-05 05:07:21.996914,412,52.94.235.50,443,3.0,0,1,1,23,1,expected
2018-10-05 05:07:21.996930,54,52.94.235.50,443,1.0,0,1,1,,1,ack
2018-10-05 05:07:21.997003,54,52.94.235.50,443,1.0,0,1,1,,1,ack
2018-10-05 05:07:22.023410,66,13.33.164.197,80,1.0,29,1,1,,1,ack
2018-10-05 05:07:22.026064,256,13.33.164.197,80,3.0,0,1,1,,1,not_relevant
2018-10-05 05:07:22.124828,66,13.33.164.32,80,1.0,268,1,1,,1,ack
2018-10-05 05:07:22.131939,880,52.94.235.50,443,3.0,0,1,1,23,1,expected
2018-10-05 05:07:22.134502,766,54.239.29.0,443,3.0,0,1,1,23,1,expected
2018-10-05 05:07:22.134637,66,13.33.164.197,80,1.0,111,1,1,,1,ack
2018-10-05 05:07:22.138247,54,54.231.40.123,80,1.0,0,1,1,,1,ack
2018-10-05 05:07:22.138683,172,52.94.235.50,443,3.0,0,1,1,23,1,expected
2018-10-05 05:07:22.159287,172,52.94.235.50,443,3.0,0,1,1,23,1,expected
2018-10-05 05:07:22.167878,74,52.216.64.208,80,1.0,0,0,1,,1,retransmit
2018-10-05 05:07:22.172685,172,52.94.235.50,443,3.0,0,1,1,23,1,expected
2018-10-05 05:07:22.205612,172,52.94.235.50,443,3.0,0,1,1,23,1,expected
2018-10-05 05:07:22.236348,172,52.94.235.50,443,3.0,0,1,1,23,1,expected
2018-10-05 05:07:22.266418,290,52.94.235.50,443,3.0,0,1,1,23,1,expected
2018-10-05 05:07:22.266583,85,54.239.29.0,443,3.0,0,1,1,21,1,handshake
2018-10-05 05:07:22.266661,54,52.216.64.208,80,1.0,98,1,1,,1,ack
2018-10-05 05:07:22.266734,54,54.239.29.0,443,1.0,273,1,1,,1,ack
2018-10-05 05:07:22.268130,200,52.216.64.208,80,3.0,0,1,1,,1,not_relevant
2018-10-05 05:07:22.284751,172,52.94.235.50,443,3.0,0,1,1,23,1,expected
2018-10-05 05:07:22.298836,172,52.94.235.50,443,3.0,0,1,1,23,1,expected
2018-10-05 05:07:22.304660,54,54.239.29.0,443,1.0,37,1,1,,1,ack
2018-10-05 05:07:22.314715,172,52.94.235.50,443,3.0,0,1,1,23,1,expected
2018-10-05 05:07:22.314842,66,13.33.164.32,80,1.0,190,1,1,,1,ack
2018-10-05 05:07:22.326927,54,52.216.64.208,80,1.0,60,1,1,,1,ack
2018-10-05 05:07:22.327117,54,52.216.64.208,80,1.0,0,1,1,,1,ack
2018-10-05 05:07:22.327422,284,52.94.235.50,443,3.0,0,1,1,23,1,expected
2018-10-05 05:07:22.327444,1514,52.94.235.50,443,3.0,0,1,1,23,1,expected
2018-10-05 05:07:22.329414,1514,52.94.235.50,443,1.0,332,1,1,,1,not_relevant
2018-10-05 05:07:22.329500,1514,52.94.235.50,443,3.0,0,1,1,23,1,expected
2018-10-05 05:07:22.337968,66,52.216.64.208,80,1.0,10,1,1,,1,ack
2018-10-05 05:07:22.390517,54,54.231.40.123,80,1.0,252,1,1,,1,ack
2018-10-05 05:07:22.440467,714,52.94.235.50,443,3.0,0,1,1,23,1,expected
2018-10-05 05:07:22.445689,172,52.94.235.50,443,3.0,0,1,1,23,1,expected
2018-10-05 05:07:22.459558,172,52.94.235.50,443,3.0,0,1,1,23,1,expected
2018-10-05 05:07:22.473722,172,52.94.235.50,443,3.0,0,1,1,23,1,expected
2018-10-05 05:07:22.600714,172,52.94.235.50,443,3.0,0,1,1,23,1,expected
2018-10-05 05:07:22.633164,54,54.231.40.123,80,1.0,242,1,1,,1,ack
2018-10-05 05:07:22.640884,644,52.94.235.50,443,1.0,311,1,1,,1,not_relevant
2018-10-05 05:07:22.640989,290,52.94.235.50,443,3.0,0,1,1,23,1,expected
2018-10-05 05:07:22.649415,172,52.94.235.50,443,3.0,0,1,1,23,1,expected
2018-10-05 05:07:22.683651,172,52.94.235.50,443,3.0,0,1,1,23,1,expected
2018-10-05 05:07:22.698057,172,52.94.235.50,443,3.0,0,1,1,23,1,expected
2018-10-05 05:07:22.719379,172,52.94.235.50,443,3.0,0,1,1,23,1,expected
2018-10-05 05:07:22.733194,172,52.94.235.50,443,3.0,0,1,1,23,1,expected
2018-10-05 05:07:22.760694,172,52.94.235.50,443,3.0,0,1,1,23,1,expected
2018-10-05 05:07:22.773161,66,13.33.164.32,80,1.0,458,1,1,,1,ack
2018-10-05 05:07:22.781620,172,52.94.235.50,443,3.0,0,1,1,23,1,expected
2018-10-05 05:07:22.798277,172,52.94.235.50,443,3.0,0,1,1,23,1,expected
2018-10-05 05:07:22.810120,172,52.94.235.50,443,3.0,0,1,1,23,1,expected
2018-10-05 05:07:22.845137,172,52.94.235.50,443,3.0,0,1,1,23,1,expected
2018-10-05 05:07:22.859298,172,52.94.235.50,443,3.0,0,1,1,23,1,expected
2018-10-05 05:07:22.874021,172,52.94.235.50,443,3.0,0,1,1,23,1,expected
2018-10-05 05:07:22.893996,172,52.94.235.50,443,3.0,0,1,1,23,1,expected
2018-10-05 05:07:22.921857,172,52.94.235.50,443,3.0,0,1,1,23,1,expected
2018-10-05 05:07:22.942538,172,52.94.235.50,443,3.0,0,1,1,23,1,expected
2018-10-05 05:07:22.956757,172,52.94.235.50,443,3.0,0,1,1,23,1,expected
2018-10-05 05:07:22.971201,172,52.94.235.50,443,3.0,0,1,1,23,1,expected
2018-10-05 05:07:23.005557,172,52.94.235.50,443,3.0,0,1,1,23,1,expected
2018-10-05 05:07:23.019543,172,52.94.235.50,443,3.0,0,1,1,23,1,expected
2018-10-05 05:07:23.034106,172,52.94.235.50,443,3.0,0,1,1,23,1,expected
2018-10-05 05:07:23.084128,172,52.94.235.50,443,3.0,0,1,1,23,1,expected
2018-10-05 05:07:23.084284,172,52.94.235.50,443,3.0,0,1,1,23,1,expected
2018-10-05 05:07:23.097430,172,52.94.235.50,443,3.0,0,1,1,23,1,expected
2018-10-05 05:07:23.118053,172,52.94.235.50,443,3.0,0,1,1,23,1,expected
2018-10-05 05:07:23.131512,172,52.94.235.50,443,3.0,0,1,1,23,1,expected
2018-10-05 05:07:23.132992,54,54.231.40.123,80,1.0,499,1,1,,1,ack
2018-10-05 05:07:23.159958,172,52.94.235.50,443,3.0,0,1,1,23,1,expected
2018-10-05 05:07:23.180853,172,52.94.235.50,443,3.0,0,1,1,23,1,expected
2018-10-05 05:07:23.194802,172,52.94.235.50,443,3.0,0,1,1,23,1,expected
2018-10-05 05:07:23.209067,172,52.94.235.50,443,3.0,0,1,1,23,1,expected
2018-10-05 05:07:23.243647,172,52.94.235.50,443,3.0,0,1,1,23,1,expected
2018-10-05 05:07:23.257731,172,52.94.235.50,443,3.0,0,1,1,23,1,expected
2018-10-05 05:07:23.278952,172,52.94.235.50,443,3.0,0,1,1,23,1,expected
2018-10-05 05:07:23.292564,172,52.94.235.50,443,3.0,0,1,1,23,1,expected
2018-10-05 05:07:23.321072,172,52.94.235.50,443,3.0,0,1,1,23,1,expected
2018-10-05 05:07:23.341559,172,52.94.235.50,443,3.0,0,1,1,23,1,expected
2018-10-05 05:07:23.355664,172,52.94.235.50,443,3.0,0,1,1,23,1,expected
2018-10-05 05:07:23.369694,172,52.94.235.50,443,3.0,0,1,1,23,1,expected
2018-10-05 05:07:23.404835,172,52.94.235.50,443,3.0,0,1,1,23,1,expected
2018-10-05 05:07:23.417935,172,52.94.235.50,443,3.0,0,1,1,23,1,expected
2018-10-05 05:07:23.438547,172,52.94.235.50,443,3.0,0,1,1,23,1,expected
2018-10-05 05:07:23.452881,172,52.94.235.50,443,3.0,0,1,1,23,1,expected
2018-10-05 05:07:23.480619,172,52.94.235.50,443,3.0,0,1,1,23,1,expected
2018-10-05 05:07:23.502005,172,52.94.235.50,443,3.0,0,1,1,23,1,expected
2018-10-05 05:07:23.515918,172,52.94.235.50,443,3.0,0,1,1,23,1,expected
2018-10-05 05:07:23.529724,172,52.94.235.50,443,3.0,0,1,1,23,1,expected
2018-10-05 05:07:23.564962,172,52.94.235.50,443,3.0,0,1,1,23,1,expected
2018-10-05 05:07:23.578531,172,52.94.235.50,443,3.0,0,1,1,23,1,expected
2018-10-05 05:07:23.592621,172,52.94.235.50,443,3.0,0,1,1,23,1,expected
2018-10-05 05:07:23.613582,172,52.94.235.50,443,3.0,0,1,1,23,1,expected
2018-10-05 05:07:23.641632,172,52.94.235.50,443,3.0,0,1,1,23,1,expected
2018-10-05 05:07:23.662424,172,52.94.235.50,443,3.0,0,1,1,23,1,expected
2018-10-05 05:07:23.676594,172,52.94.235.50,443,3.0,0,1,1,23,1,expected
2018-10-05 05:07:23.690975,172,52.94.235.50,443,3.0,0,1,1,23,1,expected
2018-10-05 05:07:23.693032,66,13.33.164.32,80,1.0,919,1,1,,1,ack
2018-10-05 05:07:23.725475,172,52.94.235.50,443,3.0,0,1,1,23,1,expected
2018-10-05 05:07:23.739553,172,52.94.235.50,443,3.0,0,1,1,23,1,expected
2018-10-05 05:07:23.783779,172,52.94.235.50,443,3.0,0,1,1,23,1,expected
2018-10-05 05:07:23.783923,172,52.94.235.50,443,3.0,0,1,1,23,1,expected
2018-10-05 05:07:23.803999,136,52.94.235.50,443,3.0,0,1,1,23,1,expected
2018-10-05 05:07:23.804571,92,52.94.235.50,443,3.0,0,1,1,23,1,expected
2018-10-05 05:07:23.820086,74,54.239.29.0,443,1.0,0,0,1,,1,retransmit
2018-10-05 05:07:23.860108,54,54.239.29.0,443,1.0,40,1,1,,1,ack
2018-10-05 05:07:23.863978,54,52.94.235.50,443,1.0,1223,1,1,,1,ack
2018-10-05 05:07:23.866148,312,54.239.29.0,443,3.0,0,1,1,22,1,handshake
2018-10-05 05:07:23.911624,54,54.239.29.0,443,1.0,51,1,1,,1,ack
2018-10-05 05:07:23.923233,105,54.239.29.0,443,3.0,0,1,1,20,1,handshake
2018-10-05 05:07:23.991336,54,52.94.235.50,443,1.0,127,1,1,,1,ack
2018-10-05 05:07:23.996481,74,54.239.29.0,443,1.0,0,0,1,,1,retransmit
2018-10-05 05:07:24.015115,809,54.239.29.0,443,3.0,0,1,1,23,1,expected
2018-10-05 05:07:24.033490,54,54.239.29.0,443,1.0,37,1,1,,1,ack
2018-10-05 05:07:24.034734,312,54.239.29.0,443,3.0,0,1,1,22,1,handshake
2018-10-05 05:07:24.044906,54,52.94.235.50,443,1.0,53,1,1,,1,ack
2018-10-05 05:07:24.045079,54,52.94.235.50,443,1.0,0,1,1,,1,ack
2018-10-05 05:07:24.045214,54,52.94.235.50,443,1.0,0,1,1,,1,ack
2018-10-05 05:07:24.046098,54,52.94.235.50,443,1.0,0,1,1,,1,ack
2018-10-05 05:07:24.046180,54,52.94.235.50,443,1.0,0,1,1,,1,ack
2018-10-05 05:07:24.047198,54,52.94.235.50,443,1.0,1,1,1,,1,ack
2018-10-05 05:07:24.047276,54,52.94.235.50,443,1.0,0,1,1,,1,ack
2018-10-05 05:07:24.048283,54,52.94.235.50,443,1.0,1,1,1,,1,ack
2018-10-05 05:07:24.048462,54,52.94.235.50,443,1.0,0,1,1,,1,ack
2018-10-05 05:07:24.054113,96,52.94.235.50,443,3.0,0,1,1,23,1,expected
2018-10-05 05:07:24.054540,74,54.239.29.0,443,1.0,0,0,1,,1,retransmit
2018-10-05 05:07:24.062456,85,54.239.29.0,443,3.0,0,1,1,21,1,handshake
2018-10-05 05:07:24.062606,54,54.239.29.0,443,1.0,150,1,1,,1,ack
2018-10-05 05:07:24.077635,54,54.239.29.0,443,1.0,44,1,1,,1,ack
2018-10-05 05:07:24.077738,105,54.239.29.0,443,3.0,0,1,1,20,1,handshake
2018-10-05 05:07:24.097493,54,54.239.29.0,443,1.0,42,1,1,,1,ack
2018-10-05 05:07:24.099257,312,54.239.29.0,443,3.0,0,1,1,22,1,handshake
2018-10-05 05:07:24.104717,54,54.239.29.0,443,1.0,42,1,1,,1,ack
2018-10-05 05:07:24.133024,54,54.231.40.123,80,1.0,1000,1,1,,1,ack
2018-10-05 05:07:24.143671,54,54.239.29.0,443,1.0,46,1,1,,1,ack
2018-10-05 05:07:24.144670,105,54.239.29.0,443,3.0,0,1,1,20,1,handshake
2018-10-05 05:07:24.158828,778,54.239.29.0,443,3.0,0,1,1,23,1,expected
2018-10-05 05:07:24.202644,85,54.239.29.0,443,3.0,0,1,1,21,1,handshake
2018-10-05 05:07:24.202802,54,54.239.29.0,443,1.0,125,1,1,,1,ack
2018-10-05 05:07:24.229220,787,54.239.29.0,443,3.0,0,1,1,23,1,expected
2018-10-05 05:07:24.242657,54,54.239.29.0,443,1.0,39,1,1,,1,ack
2018-10-05 05:07:24.281660,85,54.239.29.0,443,3.0,0,1,1,21,1,handshake
2018-10-05 05:07:24.281924,54,54.239.29.0,443,1.0,138,1,1,,1,ack
2018-10-05 05:07:24.284836,74,54.239.29.0,443,1.0,0,0,1,,1,retransmit
2018-10-05 05:07:24.311653,54,52.94.235.50,443,1.0,263,1,1,,1,ack
2018-10-05 05:07:24.328543,54,54.239.29.0,443,1.0,46,1,1,,1,ack
2018-10-05 05:07:24.330327,54,54.239.29.0,443,1.0,45,1,1,,1,ack
2018-10-05 05:07:24.332172,312,54.239.29.0,443,3.0,0,1,1,22,1,handshake
2018-10-05 05:07:24.341315,289,52.94.235.50,443,3.0,0,1,1,23,1,expected
2018-10-05 05:07:24.342651,190,52.94.235.50,443,3.0,0,1,1,23,1,expected
2018-10-05 05:07:24.345374,1514,52.94.235.50,443,1.0,33,1,1,,1,not_relevant
2018-10-05 05:07:24.345435,1412,52.94.235.50,443,3.0,0,1,1,23,1,expected
2018-10-05 05:07:24.375331,54,54.239.29.0,443,1.0,45,1,1,,1,ack
2018-10-05 05:07:24.375917,105,54.239.29.0,443,3.0,0,1,1,20,1,handshake
2018-10-05 05:07:24.381206,92,52.94.235.50,443,3.0,0,1,1,23,1,expected
2018-10-05 05:07:24.389287,286,52.94.235.50,443,3.0,0,1,1,23,1,expected
2018-10-05 05:07:24.390692,190,52.94.235.50,443,3.0,0,1,1,23,1,expected
2018-10-05 05:07:24.392617,1514,52.94.235.50,443,1.0,47,1,1,,1,not_relevant
2018-10-05 05:07:24.425874,1441,52.94.235.50,443,3.0,0,1,1,23,1,expected
2018-10-05 05:07:24.445685,1514,52.94.235.50,443,3.0,0,1,1,23,1,expected
2018-10-05 05:07:24.447150,1514,52.94.235.50,443,1.0,54,1,1,,1,not_relevant
2018-10-05 05:07:24.447223,1514,52.94.235.50,443,1.0,0,1,1,,1,not_relevant
2018-10-05 05:07:24.447243,355,52.94.235.50,443,3.0,0,1,1,23,1,expected
2018-10-05 05:07:24.481077,795,54.239.29.0,443,3.0,0,1,1,23,1,expected
2018-10-05 05:07:24.487859,54,52.94.235.50,443,1.0,40,1,1,,1,ack
2018-10-05 05:07:24.528423,85,54.239.29.0,443,3.0,0,1,1,21,1,handshake
2018-10-05 05:07:24.528634,54,54.239.29.0,443,1.0,153,1,1,,1,ack
2018-10-05 05:07:24.533268,54,52.94.235.50,443,1.0,45,1,1,,1,ack
2018-10-05 05:07:24.550671,54,52.94.235.50,443,1.0,17,1,1,,1,ack
2018-10-05 05:07:24.553618,54,52.94.235.50,443,1.0,2,1,1,,1,ack
2018-10-05 05:07:24.570042,54,54.239.29.0,443,1.0,41,1,1,,1,ack
2018-10-05 05:07:25.536601,66,13.33.164.32,80,1.0,1843,1,1,,1,ack
2018-10-05 05:07:25.904762,288,52.94.235.50,443,3.0,0,1,1,23,1,expected
2018-10-05 05:07:25.905235,190,52.94.235.50,443,3.0,0,1,1,23,1,expected
2018-10-05 05:07:25.905687,1514,52.94.235.50,443,1.0,1352,1,1,,1,not_relevant
2018-10-05 05:07:25.905818,1329,52.94.235.50,443,3.0,0,1,1,23,1,expected
2018-10-05 05:07:25.955259,1514,52.94.235.50,443,3.0,0,1,1,23,1,expected
2018-10-05 05:07:25.957007,1514,52.94.235.50,443,1.0,51,1,1,,1,not_relevant
2018-10-05 05:07:25.957085,1514,52.94.235.50,443,1.0,0,1,1,,1,not_relevant
2018-10-05 05:07:25.957162,478,52.94.235.50,443,3.0,0,1,1,23,1,expected
2018-10-05 05:07:26.097694,54,52.94.235.50,443,1.0,140,1,1,,1,ack
2018-10-05 05:07:26.097957,54,52.94.235.50,443,1.0,0,1,1,,1,ack
2018-10-05 05:07:26.111050,54,52.94.235.50,443,1.0,13,1,1,,1,ack
2018-10-05 05:07:26.111243,54,52.94.235.50,443,1.0,0,1,1,,1,ack
2018-10-05 05:07:26.132996,54,54.231.40.123,80,1.0,1999,1,1,,1,ack
2018-10-05 05:07:26.408322,642,52.94.235.50,443,3.0,0,1,1,23,1,expected
2018-10-05 05:07:26.408595,190,52.94.235.50,443,3.0,0,1,1,23,1,expected
2018-10-05 05:07:26.408899,1514,52.94.235.50,443,1.0,297,1,1,,1,not_relevant
2018-10-05 05:07:26.409065,1325,52.94.235.50,443,3.0,0,1,1,23,1,expected
2018-10-05 05:07:26.452622,174,52.94.235.50,443,3.0,0,1,1,23,1,expected
2018-10-05 05:07:26.589612,54,52.94.235.50,443,1.0,180,1,1,,1,ack
2018-10-05 05:07:26.589800,54,52.94.235.50,443,1.0,0,1,1,,1,ack
2018-10-05 05:07:29.226685,66,13.33.164.32,80,1.0,3690,1,1,,1,ack
2018-10-05 05:07:30.147369,54,54.231.40.123,80,1.0,4014,1,1,,1,ack
2018-10-05 05:07:32.364465,74,176.32.98.203,80,1.0,0,0,1,,1,retransmit
2018-10-05 05:07:32.407144,54,176.32.98.203,80,1.0,42,1,1,,1,ack
2018-10-05 05:07:32.408412,211,176.32.98.203,80,3.0,0,1,1,,1,not_relevant
2018-10-05 05:07:32.456935,54,176.32.98.203,80,1.0,49,1,1,,1,ack
2018-10-05 05:07:33.581033,54,52.94.235.50,443,1.0,6991,1,1,,1,ack
2018-10-05 05:07:33.581282,100,52.94.235.50,443,3.0,0,1,1,23,1,syn
2018-10-05 05:07:36.596406,66,13.33.164.32,80,1.0,7369,1,1,,1,ack
2018-10-05 05:07:38.176608,54,54.231.40.123,80,1.0,8029,1,1,,1,ack
2018-10-05 05:07:45.383092,54,52.216.64.208,80,1.0,23045,1,1,,1,ack
