2018-11-25 19:25:17.901247,100,52.94.229.122,443,3.0,0,1,1,23,1,syn
2018-11-25 19:25:47.901245,100,52.94.229.122,443,3.0,0,1,1,23,1,syn
2018-11-25 19:25:48.074720,288,52.94.229.122,443,3.0,0,1,1,23,1,expected
2018-11-25 19:25:48.112095,190,52.94.229.122,443,3.0,0,1,1,23,1,expected
2018-11-25 19:25:48.150851,1514,52.94.229.122,443,1.0,-112823592,1,1,,1,not_relevant
2018-11-25 19:25:48.150896,1297,52.94.229.122,443,3.0,0,1,1,23,1,expected
2018-11-25 19:25:48.151043,136,52.94.229.122,443,3.0,0,1,1,23,1,expected
2018-11-25 19:25:48.151167,92,52.94.229.122,443,3.0,0,1,1,23,1,expected
2018-11-25 19:25:48.458114,54,52.94.229.122,443,1.0,307,1,1,,1,ack
2018-11-25 19:26:03.065479,287,52.94.229.122,443,3.0,0,1,1,23,1,expected
2018-11-25 19:26:03.065771,190,52.94.229.122,443,3.0,0,1,1,23,1,expected
2018-11-25 19:26:03.076900,1514,52.94.229.122,443,1.0,14618,1,1,,1,not_relevant
2018-11-25 19:26:03.076944,1514,52.94.229.122,443,3.0,0,1,1,23,1,expected
2018-11-25 19:26:03.076977,1469,52.94.229.122,443,3.0,0,1,1,23,1,expected
2018-11-25 19:26:03.086943,287,52.94.229.122,443,3.0,0,1,1,23,1,expected
2018-11-25 19:26:03.087587,190,52.94.229.122,443,3.0,0,1,1,23,1,expected
2018-11-25 19:26:03.089486,1514,52.94.229.122,443,1.0,12,1,1,,1,not_relevant
2018-11-25 19:26:03.106614,1228,52.94.229.122,443,3.0,0,1,1,23,1,expected
2018-11-25 19:26:03.152778,74,54.239.29.0,443,1.0,-112489576,0,1,,1,retransmit
2018-11-25 19:26:03.182910,1514,52.94.229.122,443,1.0,93,1,1,,1,not_relevant
2018-11-25 19:26:03.182974,1514,52.94.229.122,443,1.0,0,1,1,,1,not_relevant
2018-11-25 19:26:03.183006,1514,52.94.229.122,443,1.0,0,1,1,,1,not_relevant
2018-11-25 19:26:03.183037,172,52.94.229.122,443,3.0,0,1,1,23,1,expected
2018-11-25 19:26:03.191943,54,54.239.29.0,443,1.0,39,1,1,,1,ack
2018-11-25 19:26:03.195601,172,52.94.229.122,443,3.0,0,1,1,23,1,expected
2018-11-25 19:26:03.196963,312,54.239.29.0,443,3.0,0,1,1,22,1,handshake
2018-11-25 19:26:03.216608,172,52.94.229.122,443,3.0,0,1,1,23,1,expected
2018-11-25 19:26:03.224127,54,52.94.229.122,443,1.0,41,1,1,,1,ack
2018-11-25 19:26:03.233009,172,52.94.229.122,443,3.0,0,1,1,23,1,expected
2018-11-25 19:26:03.237057,54,54.239.29.0,443,1.0,45,1,1,,1,ack
2018-11-25 19:26:03.237782,105,54.239.29.0,443,3.0,0,1,1,20,1,handshake
2018-11-25 19:26:03.258526,172,52.94.229.122,443,3.0,0,1,1,23,1,expected
2018-11-25 19:26:03.279907,172,52.94.229.122,443,3.0,0,1,1,23,1,expected
2018-11-25 19:26:03.293615,172,52.94.229.122,443,3.0,0,1,1,23,1,expected
2018-11-25 19:26:03.309114,172,52.94.229.122,443,3.0,0,1,1,23,1,expected
2018-11-25 19:26:03.328200,767,54.239.29.0,443,3.0,0,1,1,23,1,expected
2018-11-25 19:26:03.342167,172,52.94.229.122,443,3.0,0,1,1,23,1,expected
2018-11-25 19:26:03.357293,172,52.94.229.122,443,3.0,0,1,1,23,1,expected
2018-11-25 19:26:03.370640,172,52.94.229.122,443,3.0,0,1,1,23,1,expected
2018-11-25 19:26:03.375237,85,54.239.29.0,443,3.0,0,1,1,21,1,handshake
2018-11-25 19:26:03.375471,54,54.239.29.0,443,1.0,138,1,1,,1,ack
2018-11-25 19:26:03.391492,172,52.94.229.122,443,3.0,0,1,1,23,1,expected
2018-11-25 19:26:03.413589,54,54.239.29.0,443,1.0,38,1,1,,1,ack
2018-11-25 19:26:03.419469,172,52.94.229.122,443,3.0,0,1,1,23,1,expected
2018-11-25 19:26:03.440163,172,52.94.229.122,443,3.0,0,1,1,23,1,expected
2018-11-25 19:26:03.454110,172,52.94.229.122,443,3.0,0,1,1,23,1,expected
2018-11-25 19:26:03.468283,172,52.94.229.122,443,3.0,0,1,1,23,1,expected
2018-11-25 19:26:03.502951,172,52.94.229.122,443,3.0,0,1,1,23,1,expected
2018-11-25 19:26:03.517012,172,52.94.229.122,443,3.0,0,1,1,23,1,expected
2018-11-25 19:26:03.531045,172,52.94.229.122,443,3.0,0,1,1,23,1,expected
2018-11-25 19:26:03.551733,172,52.94.229.122,443,3.0,0,1,1,23,1,expected
2018-11-25 19:26:03.565680,287,52.94.229.122,443,3.0,0,1,1,23,1,expected
2018-11-25 19:26:03.566384,190,52.94.229.122,443,3.0,0,1,1,23,1,expected
2018-11-25 19:26:03.568444,1514,52.94.229.122,443,1.0,344,1,1,,1,not_relevant
2018-11-25 19:26:03.568494,854,52.94.229.122,443,3.0,0,1,1,23,1,expected
2018-11-25 19:26:03.568523,136,52.94.229.122,443,3.0,0,1,1,23,1,expected
2018-11-25 19:26:03.568820,92,52.94.229.122,443,3.0,0,1,1,23,1,expected
2018-11-25 19:26:03.579971,172,52.94.229.122,443,3.0,0,1,1,23,1,expected
2018-11-25 19:26:03.594045,172,52.94.229.122,443,3.0,0,1,1,23,1,expected
2018-11-25 19:26:03.615800,172,52.94.229.122,443,3.0,0,1,1,23,1,expected
2018-11-25 19:26:03.629059,172,52.94.229.122,443,3.0,0,1,1,23,1,expected
2018-11-25 19:26:03.665436,172,52.94.229.122,443,3.0,0,1,1,23,1,expected
2018-11-25 19:26:03.678284,172,52.94.229.122,443,3.0,0,1,1,23,1,expected
2018-11-25 19:26:03.692222,172,52.94.229.122,443,3.0,0,1,1,23,1,expected
2018-11-25 19:26:03.701054,54,52.94.229.122,443,1.0,132,1,1,,1,ack
2018-11-25 19:26:03.714726,172,52.94.229.122,443,3.0,0,1,1,23,1,expected
2018-11-25 19:26:03.740203,172,52.94.229.122,443,3.0,0,1,1,23,1,expected
2018-11-25 19:26:03.755897,172,52.94.229.122,443,3.0,0,1,1,23,1,expected
2018-11-25 19:26:03.775151,172,52.94.229.122,443,3.0,0,1,1,23,1,expected
2018-11-25 19:26:03.789143,172,52.94.229.122,443,3.0,0,1,1,23,1,expected
2018-11-25 19:26:03.848935,172,52.94.229.122,443,3.0,0,1,1,23,1,expected
2018-11-25 19:26:03.849102,172,52.94.229.122,443,3.0,0,1,1,23,1,expected
2018-11-25 19:26:03.852141,172,52.94.229.122,443,3.0,0,1,1,23,1,expected
2018-11-25 19:26:03.865935,172,52.94.229.122,443,3.0,0,1,1,23,1,expected
2018-11-25 19:26:03.901378,172,52.94.229.122,443,3.0,0,1,1,23,1,expected
2018-11-25 19:26:03.914962,172,52.94.229.122,443,3.0,0,1,1,23,1,expected
2018-11-25 19:26:03.935841,172,52.94.229.122,443,3.0,0,1,1,23,1,expected
2018-11-25 19:26:03.950352,172,52.94.229.122,443,3.0,0,1,1,23,1,expected
2018-11-25 19:26:03.977930,172,52.94.229.122,443,3.0,0,1,1,23,1,expected
2018-11-25 19:26:03.998944,172,52.94.229.122,443,3.0,0,1,1,23,1,expected
2018-11-25 19:26:04.013165,172,52.94.229.122,443,3.0,0,1,1,23,1,expected
2018-11-25 19:26:04.026811,172,52.94.229.122,443,3.0,0,1,1,23,1,expected
2018-11-25 19:26:04.061681,172,52.94.229.122,443,3.0,0,1,1,23,1,expected
2018-11-25 19:26:04.075090,172,52.94.229.122,443,3.0,0,1,1,23,1,expected
2018-11-25 19:26:04.095732,172,52.94.229.122,443,3.0,0,1,1,23,1,expected
2018-11-25 19:26:04.110002,172,52.94.229.122,443,3.0,0,1,1,23,1,expected
2018-11-25 19:26:04.138335,172,52.94.229.122,443,3.0,0,1,1,23,1,expected
2018-11-25 19:26:04.159398,172,52.94.229.122,443,3.0,0,1,1,23,1,expected
2018-11-25 19:26:04.172959,172,52.94.229.122,443,3.0,0,1,1,23,1,expected
2018-11-25 19:26:04.187406,172,52.94.229.122,443,3.0,0,1,1,23,1,expected
2018-11-25 19:26:04.222070,172,52.94.229.122,443,3.0,0,1,1,23,1,expected
2018-11-25 19:26:04.237699,172,52.94.229.122,443,3.0,0,1,1,23,1,expected
2018-11-25 19:26:04.250591,172,52.94.229.122,443,3.0,0,1,1,23,1,expected
2018-11-25 19:26:04.271439,172,52.94.229.122,443,3.0,0,1,1,23,1,expected
2018-11-25 19:26:04.298865,172,52.94.229.122,443,3.0,0,1,1,23,1,expected
2018-11-25 19:26:04.320297,172,52.94.229.122,443,3.0,0,1,1,23,1,expected
2018-11-25 19:26:04.333992,172,52.94.229.122,443,3.0,0,1,1,23,1,expected
2018-11-25 19:26:04.348009,172,52.94.229.122,443,3.0,0,1,1,23,1,expected
2018-11-25 19:26:04.383163,172,52.94.229.122,443,3.0,0,1,1,23,1,expected
2018-11-25 19:26:04.396940,172,52.94.229.122,443,3.0,0,1,1,23,1,expected
2018-11-25 19:26:04.411027,172,52.94.229.122,443,3.0,0,1,1,23,1,expected
2018-11-25 19:26:04.437249,172,52.94.229.122,443,3.0,0,1,1,23,1,expected
2018-11-25 19:26:04.459905,172,52.94.229.122,443,3.0,0,1,1,23,1,expected
2018-11-25 19:26:04.480183,172,52.94.229.122,443,3.0,0,1,1,23,1,expected
2018-11-25 19:26:04.499481,172,52.94.229.122,443,3.0,0,1,1,23,1,expected
2018-11-25 19:26:04.508284,172,52.94.229.122,443,3.0,0,1,1,23,1,expected
2018-11-25 19:26:04.550515,172,52.94.229.122,443,3.0,0,1,1,23,1,expected
2018-11-25 19:26:04.557629,172,52.94.229.122,443,3.0,0,1,1,23,1,expected
2018-11-25 19:26:04.571640,172,52.94.229.122,443,3.0,0,1,1,23,1,expected
2018-11-25 19:26:04.591912,172,52.94.229.122,443,3.0,0,1,1,23,1,expected
2018-11-25 19:26:04.620468,172,52.94.229.122,443,3.0,0,1,1,23,1,expected
2018-11-25 19:26:04.634186,172,52.94.229.122,443,3.0,0,1,1,23,1,expected
2018-11-25 19:26:04.655085,172,52.94.229.122,443,3.0,0,1,1,23,1,expected
2018-11-25 19:26:04.670507,172,52.94.229.122,443,3.0,0,1,1,23,1,expected
2018-11-25 19:26:04.704009,172,52.94.229.122,443,3.0,0,1,1,23,1,expected
2018-11-25 19:26:04.718170,172,52.94.229.122,443,3.0,0,1,1,23,1,expected
2018-11-25 19:26:04.732401,172,52.94.229.122,443,3.0,0,1,1,23,1,expected
2018-11-25 19:26:04.745978,172,52.94.229.122,443,3.0,0,1,1,23,1,expected
2018-11-25 19:26:04.782492,172,52.94.229.122,443,3.0,0,1,1,23,1,expected
2018-11-25 19:26:04.795263,172,52.94.229.122,443,3.0,0,1,1,23,1,expected
2018-11-25 19:26:04.815715,172,52.94.229.122,443,3.0,0,1,1,23,1,expected
2018-11-25 19:26:04.829753,172,52.94.229.122,443,3.0,0,1,1,23,1,expected
2018-11-25 19:26:04.858100,172,52.94.229.122,443,3.0,0,1,1,23,1,expected
2018-11-25 19:26:04.879041,172,52.94.229.122,443,3.0,0,1,1,23,1,expected
2018-11-25 19:26:04.893187,172,52.94.229.122,443,3.0,0,1,1,23,1,expected
2018-11-25 19:26:04.907186,172,52.94.229.122,443,3.0,0,1,1,23,1,expected
2018-11-25 19:26:04.941808,172,52.94.229.122,443,3.0,0,1,1,23,1,expected
2018-11-25 19:26:04.955853,172,52.94.229.122,443,3.0,0,1,1,23,1,expected
2018-11-25 19:26:04.970477,172,52.94.229.122,443,3.0,0,1,1,23,1,expected
2018-11-25 19:26:04.991095,172,52.94.229.122,443,3.0,0,1,1,23,1,expected
2018-11-25 19:26:05.018939,172,52.94.229.122,443,3.0,0,1,1,23,1,expected
2018-11-25 19:26:05.040291,172,52.94.229.122,443,3.0,0,1,1,23,1,expected
2018-11-25 19:26:05.055067,172,52.94.229.122,443,3.0,0,1,1,23,1,expected
2018-11-25 19:26:05.068014,172,52.94.229.122,443,3.0,0,1,1,23,1,expected
2018-11-25 19:26:05.103142,172,52.94.229.122,443,3.0,0,1,1,23,1,expected
2018-11-25 19:26:05.116888,172,52.94.229.122,443,3.0,0,1,1,23,1,expected
2018-11-25 19:26:05.131791,172,52.94.229.122,443,3.0,0,1,1,23,1,expected
2018-11-25 19:26:05.152256,172,52.94.229.122,443,3.0,0,1,1,23,1,expected
2018-11-25 19:26:05.178946,172,52.94.229.122,443,3.0,0,1,1,23,1,expected
2018-11-25 19:26:05.201010,172,52.94.229.122,443,3.0,0,1,1,23,1,expected
2018-11-25 19:26:05.214684,172,52.94.229.122,443,3.0,0,1,1,23,1,expected
2018-11-25 19:26:05.243751,172,52.94.229.122,443,3.0,0,1,1,23,1,expected
2018-11-25 19:26:05.263305,172,52.94.229.122,443,3.0,0,1,1,23,1,expected
2018-11-25 19:26:05.277959,172,52.94.229.122,443,3.0,0,1,1,23,1,expected
2018-11-25 19:26:05.291822,172,52.94.229.122,443,3.0,0,1,1,23,1,expected
2018-11-25 19:26:05.311999,172,52.94.229.122,443,3.0,0,1,1,23,1,expected
2018-11-25 19:26:05.340256,172,52.94.229.122,443,3.0,0,1,1,23,1,expected
2018-11-25 19:26:05.354147,172,52.94.229.122,443,3.0,0,1,1,23,1,expected
2018-11-25 19:26:05.375176,172,52.94.229.122,443,3.0,0,1,1,23,1,expected
2018-11-25 19:26:05.389492,172,52.94.229.122,443,3.0,0,1,1,23,1,expected
2018-11-25 19:26:05.423847,172,52.94.229.122,443,3.0,0,1,1,23,1,expected
2018-11-25 19:26:05.438027,172,52.94.229.122,443,3.0,0,1,1,23,1,expected
2018-11-25 19:26:05.452691,172,52.94.229.122,443,3.0,0,1,1,23,1,expected
2018-11-25 19:26:05.467260,172,52.94.229.122,443,3.0,0,1,1,23,1,expected
2018-11-25 19:26:05.501366,172,52.94.229.122,443,3.0,0,1,1,23,1,expected
2018-11-25 19:26:05.515584,172,52.94.229.122,443,3.0,0,1,1,23,1,expected
2018-11-25 19:26:05.536179,172,52.94.229.122,443,3.0,0,1,1,23,1,expected
2018-11-25 19:26:05.550160,172,52.94.229.122,443,3.0,0,1,1,23,1,expected
2018-11-25 19:26:05.581758,172,52.94.229.122,443,3.0,0,1,1,23,1,expected
2018-11-25 19:26:05.599573,172,52.94.229.122,443,3.0,0,1,1,23,1,expected
2018-11-25 19:26:05.613149,172,52.94.229.122,443,3.0,0,1,1,23,1,expected
2018-11-25 19:26:05.626534,66,99.84.170.230,80,1.0,-112489639,1,1,,1,ack
2018-11-25 19:26:05.627731,172,52.94.229.122,443,3.0,0,1,1,23,1,expected
2018-11-25 19:26:05.662132,172,52.94.229.122,443,3.0,0,1,1,23,1,expected
2018-11-25 19:26:05.676057,172,52.94.229.122,443,3.0,0,1,1,23,1,expected
2018-11-25 19:26:05.691662,172,52.94.229.122,443,3.0,0,1,1,23,1,expected
2018-11-25 19:26:05.712822,172,52.94.229.122,443,3.0,0,1,1,23,1,expected
2018-11-25 19:26:05.740398,172,52.94.229.122,443,3.0,0,1,1,23,1,expected
2018-11-25 19:26:05.761776,172,52.94.229.122,443,3.0,0,1,1,23,1,expected
2018-11-25 19:26:05.775503,172,52.94.229.122,443,3.0,0,1,1,23,1,expected
2018-11-25 19:26:05.788056,172,52.94.229.122,443,3.0,0,1,1,23,1,expected
2018-11-25 19:26:05.823725,172,52.94.229.122,443,3.0,0,1,1,23,1,expected
2018-11-25 19:26:05.837036,172,52.94.229.122,443,3.0,0,1,1,23,1,expected
2018-11-25 19:26:05.851179,172,52.94.229.122,443,3.0,0,1,1,23,1,expected
2018-11-25 19:26:05.872585,172,52.94.229.122,443,3.0,0,1,1,23,1,expected
2018-11-25 19:26:05.900063,172,52.94.229.122,443,3.0,0,1,1,23,1,expected
2018-11-25 19:26:05.914020,172,52.94.229.122,443,3.0,0,1,1,23,1,expected
2018-11-25 19:26:05.943387,172,52.94.229.122,443,3.0,0,1,1,23,1,expected
2018-11-25 19:26:05.950193,172,52.94.229.122,443,3.0,0,1,1,23,1,expected
2018-11-25 19:26:05.988191,172,52.94.229.122,443,3.0,0,1,1,23,1,expected
2018-11-25 19:26:06.000137,172,52.94.229.122,443,3.0,0,1,1,23,1,expected
2018-11-25 19:26:06.013563,172,52.94.229.122,443,3.0,0,1,1,23,1,expected
2018-11-25 19:26:06.026158,172,52.94.229.122,443,3.0,0,1,1,23,1,expected
2018-11-25 19:26:06.061330,172,52.94.229.122,443,3.0,0,1,1,23,1,expected
2018-11-25 19:26:06.075159,172,52.94.229.122,443,3.0,0,1,1,23,1,expected
2018-11-25 19:26:06.095811,172,52.94.229.122,443,3.0,0,1,1,23,1,expected
2018-11-25 19:26:06.110425,172,52.94.229.122,443,3.0,0,1,1,23,1,expected
2018-11-25 19:26:06.137947,172,52.94.229.122,443,3.0,0,1,1,23,1,expected
2018-11-25 19:26:06.158938,172,52.94.229.122,443,3.0,0,1,1,23,1,expected
2018-11-25 19:26:06.173456,172,52.94.229.122,443,3.0,0,1,1,23,1,expected
2018-11-25 19:26:06.187618,172,52.94.229.122,443,3.0,0,1,1,23,1,expected
2018-11-25 19:26:06.224470,172,52.94.229.122,443,3.0,0,1,1,23,1,expected
2018-11-25 19:26:06.236666,172,52.94.229.122,443,3.0,0,1,1,23,1,expected
2018-11-25 19:26:06.250818,172,52.94.229.122,443,3.0,0,1,1,23,1,expected
2018-11-25 19:26:06.271240,172,52.94.229.122,443,3.0,0,1,1,23,1,expected
2018-11-25 19:26:06.299943,172,52.94.229.122,443,3.0,0,1,1,23,1,expected
2018-11-25 19:26:06.320172,172,52.94.229.122,443,3.0,0,1,1,23,1,expected
2018-11-25 19:26:06.334042,172,52.94.229.122,443,3.0,0,1,1,23,1,expected
2018-11-25 19:26:06.347708,136,52.94.229.122,443,3.0,0,1,1,23,1,expected
2018-11-25 19:26:06.349770,92,52.94.229.122,443,3.0,0,1,1,23,1,expected
2018-11-25 19:26:06.362845,74,54.239.29.0,443,1.0,-112489233,0,1,,1,retransmit
2018-11-25 19:26:06.388054,54,52.94.229.122,443,1.0,2687,1,1,,1,ack
2018-11-25 19:26:06.404891,54,54.239.29.0,443,1.0,42,1,1,,1,ack
2018-11-25 19:26:06.406283,312,54.239.29.0,443,3.0,0,1,1,22,1,handshake
2018-11-25 19:26:06.451500,54,54.239.29.0,443,1.0,46,1,1,,1,ack
2018-11-25 19:26:06.451854,105,54.239.29.0,443,3.0,0,1,1,20,1,handshake
2018-11-25 19:26:06.546861,813,54.239.29.0,443,3.0,0,1,1,23,1,expected
2018-11-25 19:26:06.595200,85,54.239.29.0,443,3.0,0,1,1,21,1,handshake
2018-11-25 19:26:06.595438,54,54.239.29.0,443,1.0,143,1,1,,1,ack
2018-11-25 19:26:06.650526,54,54.239.29.0,443,1.0,55,1,1,,1,ack
2018-11-25 19:26:06.699497,54,52.94.229.122,443,1.0,311,1,1,,1,ack
2018-11-25 19:26:06.706626,54,52.94.229.122,443,1.0,7,1,1,,1,ack
2018-11-25 19:26:06.706903,54,52.94.229.122,443,1.0,0,1,1,,1,ack
2018-11-25 19:26:06.707145,54,52.94.229.122,443,1.0,0,1,1,,1,ack
2018-11-25 19:26:06.707303,54,52.94.229.122,443,1.0,0,1,1,,1,ack
2018-11-25 19:26:06.707486,54,52.94.229.122,443,1.0,0,1,1,,1,ack
2018-11-25 19:26:06.707611,54,52.94.229.122,443,1.0,0,1,1,,1,ack
2018-11-25 19:26:06.707741,54,52.94.229.122,443,1.0,0,1,1,,1,ack
2018-11-25 19:26:06.707868,54,52.94.229.122,443,1.0,0,1,1,,1,ack
2018-11-25 19:26:06.707995,54,52.94.229.122,443,1.0,0,1,1,,1,ack
2018-11-25 19:26:06.743817,54,52.94.229.122,443,1.0,35,1,1,,1,ack
2018-11-25 19:26:06.744151,54,52.94.229.122,443,1.0,0,1,1,,1,ack
2018-11-25 19:26:06.747920,54,52.94.229.122,443,1.0,3,1,1,,1,ack
2018-11-25 19:26:06.748234,54,52.94.229.122,443,1.0,0,1,1,,1,ack
2018-11-25 19:26:06.748497,54,52.94.229.122,443,1.0,0,1,1,,1,ack
2018-11-25 19:26:06.749089,54,52.94.229.122,443,1.0,0,1,1,,1,ack
2018-11-25 19:26:06.753515,54,52.94.229.122,443,1.0,4,1,1,,1,ack
2018-11-25 19:26:06.755904,54,52.94.229.122,443,1.0,2,1,1,,1,ack
2018-11-25 19:26:06.756156,54,52.94.229.122,443,1.0,0,1,1,,1,ack
2018-11-25 19:26:06.756450,54,52.94.229.122,443,1.0,0,1,1,,1,ack
2018-11-25 19:26:06.763220,74,54.239.29.0,443,1.0,-112489609,0,1,,1,retransmit
2018-11-25 19:26:06.763560,54,52.94.229.122,443,1.0,7,1,1,,1,ack
2018-11-25 19:26:06.786195,54,52.94.229.122,443,1.0,22,1,1,,1,ack
2018-11-25 19:26:06.800090,54,52.94.229.122,443,1.0,13,1,1,,1,ack
2018-11-25 19:26:06.800448,54,52.94.229.122,443,1.0,0,1,1,,1,ack
2018-11-25 19:26:06.800637,54,52.94.229.122,443,1.0,0,1,1,,1,ack
2018-11-25 19:26:06.800903,96,52.94.229.122,443,3.0,0,1,1,23,1,expected
2018-11-25 19:26:06.801059,54,54.239.29.0,443,1.0,37,1,1,,1,ack
2018-11-25 19:26:06.802273,312,54.239.29.0,443,3.0,0,1,1,22,1,handshake
2018-11-25 19:26:06.846178,54,54.239.29.0,443,1.0,45,1,1,,1,ack
2018-11-25 19:26:06.846531,105,54.239.29.0,443,3.0,0,1,1,20,1,handshake
2018-11-25 19:26:06.930844,287,52.94.229.122,443,3.0,0,1,1,23,1,expected
2018-11-25 19:26:06.931090,1514,52.94.229.122,443,3.0,0,1,1,23,1,expected
2018-11-25 19:26:06.931321,1514,52.94.229.122,443,1.0,130,1,1,,1,not_relevant
2018-11-25 19:26:06.931347,982,52.94.229.122,443,3.0,0,1,1,23,1,expected
2018-11-25 19:26:06.935513,288,52.94.229.122,443,3.0,0,1,1,23,1,expected
2018-11-25 19:26:06.935720,787,54.239.29.0,443,3.0,0,1,1,23,1,expected
2018-11-25 19:26:06.946083,190,52.94.229.122,443,3.0,0,1,1,23,1,expected
2018-11-25 19:26:06.961227,1514,52.94.229.122,443,1.0,29,1,1,,1,not_relevant
2018-11-25 19:26:06.962671,1095,52.94.229.122,443,3.0,0,1,1,23,1,expected
2018-11-25 19:26:06.981759,85,54.239.29.0,443,3.0,0,1,1,21,1,handshake
2018-11-25 19:26:06.981906,54,54.239.29.0,443,1.0,135,1,1,,1,ack
2018-11-25 19:26:07.019168,54,54.239.29.0,443,1.0,37,1,1,,1,ack
2018-11-25 19:26:07.046427,54,52.94.229.122,443,1.0,85,1,1,,1,ack
2018-11-25 19:26:07.058080,54,52.94.229.122,443,1.0,11,1,1,,1,ack
2018-11-25 19:26:07.061457,74,54.239.29.0,443,1.0,-112490737,0,1,,1,retransmit
2018-11-25 19:26:07.090478,54,52.94.229.122,443,1.0,32,1,1,,1,ack
2018-11-25 19:26:07.094264,54,52.94.229.122,443,1.0,3,1,1,,1,ack
2018-11-25 19:26:07.105491,54,54.239.29.0,443,1.0,44,1,1,,1,ack
2018-11-25 19:26:07.109349,312,54.239.29.0,443,3.0,0,1,1,22,1,handshake
2018-11-25 19:26:07.110102,287,52.94.229.122,443,3.0,0,1,1,23,1,expected
2018-11-25 19:26:07.111137,190,52.94.229.122,443,3.0,0,1,1,23,1,expected
2018-11-25 19:26:07.112411,1514,52.94.229.122,443,1.0,18,1,1,,1,not_relevant
2018-11-25 19:26:07.112632,851,52.94.229.122,443,3.0,0,1,1,23,1,expected
2018-11-25 19:26:07.112778,136,52.94.229.122,443,3.0,0,1,1,23,1,expected
2018-11-25 19:26:07.113580,92,52.94.229.122,443,3.0,0,1,1,23,1,expected
2018-11-25 19:26:07.154101,54,54.239.29.0,443,1.0,48,1,1,,1,ack
2018-11-25 19:26:07.154586,105,54.239.29.0,443,3.0,0,1,1,20,1,handshake
2018-11-25 19:26:07.238603,54,52.94.229.122,443,1.0,126,1,1,,1,ack
2018-11-25 19:26:07.239004,796,54.239.29.0,443,3.0,0,1,1,23,1,expected
2018-11-25 19:26:07.289626,85,54.239.29.0,443,3.0,0,1,1,21,1,handshake
2018-11-25 19:26:07.289934,54,54.239.29.0,443,1.0,135,1,1,,1,ack
2018-11-25 19:26:07.348937,54,54.239.29.0,443,1.0,59,1,1,,1,ack
2018-11-25 19:26:14.144563,287,52.94.229.122,443,3.0,0,1,1,23,1,expected
2018-11-25 19:26:14.144897,190,52.94.229.122,443,3.0,0,1,1,23,1,expected
2018-11-25 19:26:14.145384,1514,52.94.229.122,443,1.0,6906,1,1,,1,not_relevant
2018-11-25 19:26:14.145626,856,52.94.229.122,443,3.0,0,1,1,23,1,expected
2018-11-25 19:26:14.145668,136,52.94.229.122,443,3.0,0,1,1,23,1,expected
2018-11-25 19:26:14.149422,92,52.94.229.122,443,3.0,0,1,1,23,1,expected
2018-11-25 19:26:14.177093,287,52.94.229.122,443,3.0,0,1,1,23,1,expected
2018-11-25 19:26:14.179753,190,52.94.229.122,443,3.0,0,1,1,23,1,expected
2018-11-25 19:26:14.191484,1514,52.94.229.122,443,1.0,46,1,1,,1,not_relevant
2018-11-25 19:26:14.191767,975,52.94.229.122,443,3.0,0,1,1,23,1,expected
2018-11-25 19:26:14.279330,54,52.94.229.122,443,1.0,87,1,1,,1,ack
2018-11-25 19:26:14.389432,54,52.94.229.122,443,1.0,110,1,1,,1,ack
2018-11-25 19:26:14.643019,637,52.94.229.122,443,3.0,0,1,1,23,1,expected
2018-11-25 19:26:14.643316,190,52.94.229.122,443,3.0,0,1,1,23,1,expected
2018-11-25 19:26:14.645004,1514,52.94.229.122,443,1.0,255,1,1,,1,not_relevant
2018-11-25 19:26:14.645039,850,52.94.229.122,443,3.0,0,1,1,23,1,expected
2018-11-25 19:26:14.645265,136,52.94.229.122,443,3.0,0,1,1,23,1,expected
2018-11-25 19:26:14.646099,92,52.94.229.122,443,3.0,0,1,1,23,1,expected
2018-11-25 19:26:14.787385,54,52.94.229.122,443,1.0,142,1,1,,1,ack
2018-11-25 19:26:17.901592,100,52.94.229.122,443,3.0,0,1,1,23,1,syn
2018-11-25 19:26:33.761443,285,52.94.229.122,443,3.0,0,1,1,23,1,expected
2018-11-25 19:26:33.761661,190,52.94.229.122,443,3.0,0,1,1,23,1,expected
2018-11-25 19:26:33.762730,1514,52.94.229.122,443,1.0,18975,1,1,,1,not_relevant
2018-11-25 19:26:33.762771,1151,52.94.229.122,443,3.0,0,1,1,23,1,expected
2018-11-25 19:26:33.762801,132,52.94.229.122,443,3.0,0,1,1,23,1,expected
2018-11-25 19:26:33.763944,180,52.94.229.122,443,3.0,0,1,1,23,1,expected
2018-11-25 19:26:33.768321,184,52.94.229.122,443,3.0,0,1,1,23,1,expected
2018-11-25 19:26:33.770015,74,54.239.29.0,443,1.0,-112683868,0,1,,1,retransmit
2018-11-25 19:26:33.776426,295,52.94.229.122,443,3.0,0,1,1,23,1,expected
2018-11-25 19:26:33.805447,1514,52.94.229.122,443,3.0,0,1,1,23,1,expected
2018-11-25 19:26:33.806580,1514,52.94.229.122,443,1.0,43,1,1,,1,not_relevant
2018-11-25 19:26:33.808097,1366,52.94.229.122,443,3.0,0,1,1,23,1,expected
2018-11-25 19:26:33.812237,54,54.239.29.0,443,1.0,42,1,1,,1,ack
2018-11-25 19:26:33.819379,312,54.239.29.0,443,3.0,0,1,1,22,1,handshake
2018-11-25 19:26:33.854742,1514,52.94.229.122,443,1.0,48,1,1,,1,not_relevant
2018-11-25 19:26:33.854791,1514,52.94.229.122,443,1.0,0,1,1,,1,not_relevant
2018-11-25 19:26:33.854821,1472,52.94.229.122,443,3.0,0,1,1,23,1,expected
2018-11-25 19:26:33.866013,54,54.239.29.0,443,1.0,53,1,1,,1,ack
2018-11-25 19:26:33.869374,105,54.239.29.0,443,3.0,0,1,1,20,1,handshake
2018-11-25 19:26:33.869660,172,52.94.229.122,443,3.0,0,1,1,23,1,expected
2018-11-25 19:26:33.902539,172,52.94.229.122,443,3.0,0,1,1,23,1,expected
2018-11-25 19:26:33.949003,172,52.94.229.122,443,3.0,0,1,1,23,1,expected
2018-11-25 19:26:33.949257,172,52.94.229.122,443,3.0,0,1,1,23,1,expected
2018-11-25 19:26:33.953670,172,52.94.229.122,443,3.0,0,1,1,23,1,expected
2018-11-25 19:26:33.964455,765,54.239.29.0,443,3.0,0,1,1,23,1,expected
2018-11-25 19:26:33.978903,172,52.94.229.122,443,3.0,0,1,1,23,1,expected
2018-11-25 19:26:34.000057,172,52.94.229.122,443,3.0,0,1,1,23,1,expected
2018-11-25 19:26:34.014262,172,52.94.229.122,443,3.0,0,1,1,23,1,expected
2018-11-25 19:26:34.015553,85,54.239.29.0,443,3.0,0,1,1,21,1,handshake
2018-11-25 19:26:34.015698,54,54.239.29.0,443,1.0,149,1,1,,1,ack
2018-11-25 19:26:34.028340,172,52.94.229.122,443,3.0,0,1,1,23,1,expected
2018-11-25 19:26:34.055966,54,54.239.29.0,443,1.0,40,1,1,,1,ack
2018-11-25 19:26:34.063086,172,52.94.229.122,443,3.0,0,1,1,23,1,expected
2018-11-25 19:26:34.077598,172,52.94.229.122,443,3.0,0,1,1,23,1,expected
2018-11-25 19:26:34.091532,172,52.94.229.122,443,3.0,0,1,1,23,1,expected
2018-11-25 19:26:34.115436,172,52.94.229.122,443,3.0,0,1,1,23,1,expected
2018-11-25 19:26:34.140896,172,52.94.229.122,443,3.0,0,1,1,23,1,expected
2018-11-25 19:26:34.155170,172,52.94.229.122,443,3.0,0,1,1,23,1,expected
2018-11-25 19:26:34.174896,172,52.94.229.122,443,3.0,0,1,1,23,1,expected
2018-11-25 19:26:34.189283,172,52.94.229.122,443,3.0,0,1,1,23,1,expected
2018-11-25 19:26:34.223817,172,52.94.229.122,443,3.0,0,1,1,23,1,expected
2018-11-25 19:26:34.238172,172,52.94.229.122,443,3.0,0,1,1,23,1,expected
2018-11-25 19:26:34.252169,172,52.94.229.122,443,3.0,0,1,1,23,1,expected
2018-11-25 19:26:34.265975,172,52.94.229.122,443,3.0,0,1,1,23,1,expected
2018-11-25 19:26:34.272371,287,52.94.229.122,443,3.0,0,1,1,23,1,expected
2018-11-25 19:26:34.272855,190,52.94.229.122,443,3.0,0,1,1,23,1,expected
2018-11-25 19:26:34.273978,1514,52.94.229.122,443,1.0,419,1,1,,1,not_relevant
2018-11-25 19:26:34.274350,854,52.94.229.122,443,3.0,0,1,1,23,1,expected
2018-11-25 19:26:34.274374,136,52.94.229.122,443,3.0,0,1,1,23,1,expected
2018-11-25 19:26:34.274681,92,52.94.229.122,443,3.0,0,1,1,23,1,expected
2018-11-25 19:26:34.301107,172,52.94.229.122,443,3.0,0,1,1,23,1,expected
2018-11-25 19:26:34.315073,172,52.94.229.122,443,3.0,0,1,1,23,1,expected
2018-11-25 19:26:34.335806,172,52.94.229.122,443,3.0,0,1,1,23,1,expected
2018-11-25 19:26:34.349823,172,52.94.229.122,443,3.0,0,1,1,23,1,expected
2018-11-25 19:26:34.378220,172,52.94.229.122,443,3.0,0,1,1,23,1,expected
2018-11-25 19:26:34.398798,172,52.94.229.122,443,3.0,0,1,1,23,1,expected
2018-11-25 19:26:34.412777,172,52.94.229.122,443,3.0,0,1,1,23,1,expected
2018-11-25 19:26:34.427397,172,52.94.229.122,443,3.0,0,1,1,23,1,expected
2018-11-25 19:26:34.430350,54,52.94.229.122,443,1.0,156,1,1,,1,ack
2018-11-25 19:26:34.462107,172,52.94.229.122,443,3.0,0,1,1,23,1,expected
2018-11-25 19:26:34.476900,172,52.94.229.122,443,3.0,0,1,1,23,1,expected
2018-11-25 19:26:34.490218,172,52.94.229.122,443,3.0,0,1,1,23,1,expected
2018-11-25 19:26:34.510333,172,52.94.229.122,443,3.0,0,1,1,23,1,expected
2018-11-25 19:26:34.538489,172,52.94.229.122,443,3.0,0,1,1,23,1,expected
2018-11-25 19:26:34.559506,172,52.94.229.122,443,3.0,0,1,1,23,1,expected
2018-11-25 19:26:34.573252,172,52.94.229.122,443,3.0,0,1,1,23,1,expected
2018-11-25 19:26:34.589297,172,52.94.229.122,443,3.0,0,1,1,23,1,expected
2018-11-25 19:26:34.643513,172,52.94.229.122,443,3.0,0,1,1,23,1,expected
2018-11-25 19:26:34.643709,172,52.94.229.122,443,3.0,0,1,1,23,1,expected
2018-11-25 19:26:34.650454,172,52.94.229.122,443,3.0,0,1,1,23,1,expected
2018-11-25 19:26:34.671388,172,52.94.229.122,443,3.0,0,1,1,23,1,expected
2018-11-25 19:26:34.698745,172,52.94.229.122,443,3.0,0,1,1,23,1,expected
2018-11-25 19:26:34.719856,172,52.94.229.122,443,3.0,0,1,1,23,1,expected
2018-11-25 19:26:34.734235,172,52.94.229.122,443,3.0,0,1,1,23,1,expected
2018-11-25 19:26:34.748080,172,52.94.229.122,443,3.0,0,1,1,23,1,expected
2018-11-25 19:26:34.782864,172,52.94.229.122,443,3.0,0,1,1,23,1,expected
2018-11-25 19:26:34.797915,172,52.94.229.122,443,3.0,0,1,1,23,1,expected
2018-11-25 19:26:34.811232,172,52.94.229.122,443,3.0,0,1,1,23,1,expected
2018-11-25 19:26:34.831982,172,52.94.229.122,443,3.0,0,1,1,23,1,expected
2018-11-25 19:26:34.860106,172,52.94.229.122,443,3.0,0,1,1,23,1,expected
2018-11-25 19:26:34.873917,172,52.94.229.122,443,3.0,0,1,1,23,1,expected
2018-11-25 19:26:34.896499,172,52.94.229.122,443,3.0,0,1,1,23,1,expected
2018-11-25 19:26:34.909268,172,52.94.229.122,443,3.0,0,1,1,23,1,expected
2018-11-25 19:26:34.944910,172,52.94.229.122,443,3.0,0,1,1,23,1,expected
2018-11-25 19:26:34.958997,172,52.94.229.122,443,3.0,0,1,1,23,1,expected
2018-11-25 19:26:34.973281,172,52.94.229.122,443,3.0,0,1,1,23,1,expected
2018-11-25 19:26:34.987365,172,52.94.229.122,443,3.0,0,1,1,23,1,expected
2018-11-25 19:26:35.021091,172,52.94.229.122,443,3.0,0,1,1,23,1,expected
2018-11-25 19:26:35.035223,172,52.94.229.122,443,3.0,0,1,1,23,1,expected
2018-11-25 19:26:35.056006,172,52.94.229.122,443,3.0,0,1,1,23,1,expected
2018-11-25 19:26:35.070096,172,52.94.229.122,443,3.0,0,1,1,23,1,expected
2018-11-25 19:26:35.098596,172,52.94.229.122,443,3.0,0,1,1,23,1,expected
2018-11-25 19:26:35.119116,172,52.94.229.122,443,3.0,0,1,1,23,1,expected
2018-11-25 19:26:35.132985,172,52.94.229.122,443,3.0,0,1,1,23,1,expected
2018-11-25 19:26:35.147485,172,52.94.229.122,443,3.0,0,1,1,23,1,expected
2018-11-25 19:26:35.182199,172,52.94.229.122,443,3.0,0,1,1,23,1,expected
2018-11-25 19:26:35.195824,172,52.94.229.122,443,3.0,0,1,1,23,1,expected
2018-11-25 19:26:35.210230,172,52.94.229.122,443,3.0,0,1,1,23,1,expected
2018-11-25 19:26:35.230819,172,52.94.229.122,443,3.0,0,1,1,23,1,expected
2018-11-25 19:26:35.258907,172,52.94.229.122,443,3.0,0,1,1,23,1,expected
2018-11-25 19:26:35.280253,172,52.94.229.122,443,3.0,0,1,1,23,1,expected
2018-11-25 19:26:35.294001,172,52.94.229.122,443,3.0,0,1,1,23,1,expected
2018-11-25 19:26:35.307923,172,52.94.229.122,443,3.0,0,1,1,23,1,expected
2018-11-25 19:26:35.348799,172,52.94.229.122,443,3.0,0,1,1,23,1,expected
2018-11-25 19:26:35.356782,172,52.94.229.122,443,3.0,0,1,1,23,1,expected
2018-11-25 19:26:35.371050,172,52.94.229.122,443,3.0,0,1,1,23,1,expected
2018-11-25 19:26:35.392165,172,52.94.229.122,443,3.0,0,1,1,23,1,expected
2018-11-25 19:26:35.419896,172,52.94.229.122,443,3.0,0,1,1,23,1,expected
2018-11-25 19:26:35.433968,172,52.94.229.122,443,3.0,0,1,1,23,1,expected
2018-11-25 19:26:35.455093,172,52.94.229.122,443,3.0,0,1,1,23,1,expected
2018-11-25 19:26:35.469480,172,52.94.229.122,443,3.0,0,1,1,23,1,expected
2018-11-25 19:26:35.504054,172,52.94.229.122,443,3.0,0,1,1,23,1,expected
2018-11-25 19:26:35.518166,172,52.94.229.122,443,3.0,0,1,1,23,1,expected
2018-11-25 19:26:35.532046,172,52.94.229.122,443,3.0,0,1,1,23,1,expected
2018-11-25 19:26:35.545723,172,52.94.229.122,443,3.0,0,1,1,23,1,expected
2018-11-25 19:26:35.581208,172,52.94.229.122,443,3.0,0,1,1,23,1,expected
2018-11-25 19:26:35.594890,172,52.94.229.122,443,3.0,0,1,1,23,1,expected
2018-11-25 19:26:35.615793,172,52.94.229.122,443,3.0,0,1,1,23,1,expected
2018-11-25 19:26:35.630202,172,52.94.229.122,443,3.0,0,1,1,23,1,expected
2018-11-25 19:26:35.657891,172,52.94.229.122,443,3.0,0,1,1,23,1,expected
2018-11-25 19:26:35.678808,172,52.94.229.122,443,3.0,0,1,1,23,1,expected
2018-11-25 19:26:35.693062,172,52.94.229.122,443,3.0,0,1,1,23,1,expected
2018-11-25 19:26:35.707153,172,52.94.229.122,443,3.0,0,1,1,23,1,expected
2018-11-25 19:26:35.746356,172,52.94.229.122,443,3.0,0,1,1,23,1,expected
2018-11-25 19:26:35.760541,172,52.94.229.122,443,3.0,0,1,1,23,1,expected
2018-11-25 19:26:35.771816,172,52.94.229.122,443,3.0,0,1,1,23,1,expected
2018-11-25 19:26:35.791121,172,52.94.229.122,443,3.0,0,1,1,23,1,expected
2018-11-25 19:26:35.819365,172,52.94.229.122,443,3.0,0,1,1,23,1,expected
2018-11-25 19:26:35.840151,172,52.94.229.122,443,3.0,0,1,1,23,1,expected
2018-11-25 19:26:35.854155,172,52.94.229.122,443,3.0,0,1,1,23,1,expected
2018-11-25 19:26:35.868443,172,52.94.229.122,443,3.0,0,1,1,23,1,expected
2018-11-25 19:26:35.902618,172,52.94.229.122,443,3.0,0,1,1,23,1,expected
2018-11-25 19:26:35.916882,172,52.94.229.122,443,3.0,0,1,1,23,1,expected
2018-11-25 19:26:35.931298,172,52.94.229.122,443,3.0,0,1,1,23,1,expected
2018-11-25 19:26:35.953450,172,52.94.229.122,443,3.0,0,1,1,23,1,expected
2018-11-25 19:26:35.981820,172,52.94.229.122,443,3.0,0,1,1,23,1,expected
2018-11-25 19:26:35.994557,172,52.94.229.122,443,3.0,0,1,1,23,1,expected
2018-11-25 19:26:36.043515,172,52.94.229.122,443,3.0,0,1,1,23,1,expected
2018-11-25 19:26:36.043703,172,52.94.229.122,443,3.0,0,1,1,23,1,expected
2018-11-25 19:26:36.064541,172,52.94.229.122,443,3.0,0,1,1,23,1,expected
2018-11-25 19:26:36.078141,172,52.94.229.122,443,3.0,0,1,1,23,1,expected
2018-11-25 19:26:36.091964,172,52.94.229.122,443,3.0,0,1,1,23,1,expected
2018-11-25 19:26:36.112533,172,52.94.229.122,443,3.0,0,1,1,23,1,expected
2018-11-25 19:26:36.139964,172,52.94.229.122,443,3.0,0,1,1,23,1,expected
2018-11-25 19:26:36.153956,172,52.94.229.122,443,3.0,0,1,1,23,1,expected
2018-11-25 19:26:36.179593,172,52.94.229.122,443,3.0,0,1,1,23,1,expected
2018-11-25 19:26:36.189478,172,52.94.229.122,443,3.0,0,1,1,23,1,expected
2018-11-25 19:26:36.224173,172,52.94.229.122,443,3.0,0,1,1,23,1,expected
2018-11-25 19:26:36.241225,136,52.94.229.122,443,3.0,0,1,1,23,1,expected
2018-11-25 19:26:36.241494,92,52.94.229.122,443,3.0,0,1,1,23,1,expected
2018-11-25 19:26:36.256532,74,54.239.29.0,443,1.0,-112500597,0,1,,1,retransmit
2018-11-25 19:26:36.277140,54,52.94.229.122,443,1.0,1846,1,1,,1,ack
2018-11-25 19:26:36.300757,54,54.239.29.0,443,1.0,44,1,1,,1,ack
2018-11-25 19:26:36.302081,312,54.239.29.0,443,3.0,0,1,1,22,1,handshake
2018-11-25 19:26:36.348738,54,54.239.29.0,443,1.0,47,1,1,,1,ack
2018-11-25 19:26:36.349282,105,54.239.29.0,443,3.0,0,1,1,20,1,handshake
2018-11-25 19:26:36.442278,810,54.239.29.0,443,3.0,0,1,1,23,1,expected
2018-11-25 19:26:36.489018,85,54.239.29.0,443,3.0,0,1,1,21,1,handshake
2018-11-25 19:26:36.489238,54,54.239.29.0,443,1.0,140,1,1,,1,ack
2018-11-25 19:26:36.528403,54,54.239.29.0,443,1.0,39,1,1,,1,ack
2018-11-25 19:26:36.766547,287,52.94.229.122,443,3.0,0,1,1,23,1,expected
2018-11-25 19:26:36.767343,190,52.94.229.122,443,3.0,0,1,1,23,1,expected
2018-11-25 19:26:36.769819,1514,52.94.229.122,443,1.0,492,1,1,,1,not_relevant
2018-11-25 19:26:36.770053,850,52.94.229.122,443,3.0,0,1,1,23,1,expected
2018-11-25 19:26:36.770704,136,52.94.229.122,443,3.0,0,1,1,23,1,expected
2018-11-25 19:26:36.772291,92,52.94.229.122,443,3.0,0,1,1,23,1,expected
2018-11-25 19:26:36.772378,54,52.94.229.122,443,1.0,2,1,1,,1,ack
2018-11-25 19:26:36.773255,54,52.94.229.122,443,1.0,0,1,1,,1,ack
2018-11-25 19:26:36.773412,54,52.94.229.122,443,1.0,0,1,1,,1,ack
2018-11-25 19:26:36.775376,54,52.94.229.122,443,1.0,1,1,1,,1,ack
2018-11-25 19:26:36.775657,54,52.94.229.122,443,1.0,0,1,1,,1,ack
2018-11-25 19:26:36.775753,54,52.94.229.122,443,1.0,0,1,1,,1,ack
2018-11-25 19:26:36.775847,54,52.94.229.122,443,1.0,0,1,1,,1,ack
2018-11-25 19:26:36.783100,54,52.94.229.122,443,1.0,7,1,1,,1,ack
2018-11-25 19:26:36.783269,54,52.94.229.122,443,1.0,0,1,1,,1,ack
2018-11-25 19:26:36.783340,54,52.94.229.122,443,1.0,0,1,1,,1,ack
2018-11-25 19:26:36.836306,54,52.94.229.122,443,1.0,52,1,1,,1,ack
2018-11-25 19:26:36.836479,54,52.94.229.122,443,1.0,0,1,1,,1,ack
2018-11-25 19:26:36.836618,54,52.94.229.122,443,1.0,0,1,1,,1,ack
2018-11-25 19:26:36.836754,54,52.94.229.122,443,1.0,0,1,1,,1,ack
2018-11-25 19:26:36.836888,54,52.94.229.122,443,1.0,0,1,1,,1,ack
2018-11-25 19:26:36.837050,54,52.94.229.122,443,1.0,0,1,1,,1,ack
2018-11-25 19:26:36.837211,54,52.94.229.122,443,1.0,0,1,1,,1,ack
2018-11-25 19:26:36.837297,54,52.94.229.122,443,1.0,0,1,1,,1,ack
2018-11-25 19:26:36.837373,54,52.94.229.122,443,1.0,0,1,1,,1,ack
2018-11-25 19:26:36.837449,74,54.239.29.0,443,1.0,-112502410,0,1,,1,retransmit
2018-11-25 19:26:36.837533,54,52.94.229.122,443,1.0,0,1,1,,1,ack
2018-11-25 19:26:36.837606,54,52.94.229.122,443,1.0,0,1,1,,1,ack
2018-11-25 19:26:36.883834,54,54.239.29.0,443,1.0,46,1,1,,1,ack
2018-11-25 19:26:36.936918,54,52.94.229.122,443,1.0,99,1,1,,1,ack
2018-11-25 19:26:36.937444,312,54.239.29.0,443,3.0,0,1,1,22,1,handshake
2018-11-25 19:26:36.937520,54,52.94.229.122,443,1.0,0,1,1,,1,ack
2018-11-25 19:26:36.937626,54,52.94.229.122,443,1.0,0,1,1,,1,ack
2018-11-25 19:26:36.937774,54,52.94.229.122,443,1.0,0,1,1,,1,ack
2018-11-25 19:26:36.937863,96,52.94.229.122,443,3.0,0,1,1,23,1,expected
2018-11-25 19:26:36.937941,54,52.94.229.122,443,1.0,0,1,1,,1,ack
2018-11-25 19:26:36.938062,54,52.94.229.122,443,1.0,0,1,1,,1,ack
2018-11-25 19:26:36.938189,54,52.94.229.122,443,1.0,0,1,1,,1,ack
2018-11-25 19:26:36.938303,54,52.94.229.122,443,1.0,0,1,1,,1,ack
2018-11-25 19:26:36.938416,54,52.94.229.122,443,1.0,0,1,1,,1,ack
2018-11-25 19:26:36.963957,286,52.94.229.122,443,3.0,0,1,1,23,1,expected
2018-11-25 19:26:36.964301,1514,52.94.229.122,443,3.0,0,1,1,23,1,expected
2018-11-25 19:26:36.966038,1514,52.94.229.122,443,1.0,27,1,1,,1,not_relevant
2018-11-25 19:26:36.966161,991,52.94.229.122,443,3.0,0,1,1,23,1,expected
2018-11-25 19:26:36.972378,136,52.94.229.122,443,3.0,0,1,1,23,1,expected
2018-11-25 19:26:36.973660,92,52.94.229.122,443,3.0,0,1,1,23,1,expected
2018-11-25 19:26:36.979292,54,52.94.229.122,443,1.0,13,1,1,,1,ack
2018-11-25 19:26:36.998473,54,54.239.29.0,443,1.0,114,1,1,,1,ack
2018-11-25 19:26:36.998649,54,52.94.229.122,443,1.0,19,1,1,,1,ack
2018-11-25 19:26:36.998811,105,54.239.29.0,443,3.0,0,1,1,20,1,handshake
2018-11-25 19:26:36.998948,54,52.94.229.122,443,1.0,0,1,1,,1,ack
2018-11-25 19:26:36.999108,54,52.94.229.122,443,1.0,0,1,1,,1,ack
2018-11-25 19:26:36.999217,54,52.94.229.122,443,1.0,0,1,1,,1,ack
2018-11-25 19:26:36.999312,54,52.94.229.122,443,1.0,0,1,1,,1,ack
2018-11-25 19:26:36.999405,54,52.94.229.122,443,1.0,0,1,1,,1,ack
2018-11-25 19:26:37.008826,54,52.94.229.122,443,1.0,9,1,1,,1,ack
2018-11-25 19:26:37.009494,54,52.94.229.122,443,1.0,0,1,1,,1,ack
2018-11-25 19:26:37.009700,96,52.94.229.122,443,3.0,0,1,1,23,1,expected
2018-11-25 19:26:37.025485,54,52.94.229.122,443,1.0,15,1,1,,1,ack
2018-11-25 19:26:37.046820,54,52.94.229.122,443,1.0,21,1,1,,1,ack
2018-11-25 19:26:37.048615,54,52.94.229.122,443,1.0,1,1,1,,1,ack
2018-11-25 19:26:37.049572,54,52.94.229.122,443,1.0,0,1,1,,1,ack
2018-11-25 19:26:37.060564,54,52.94.229.122,443,1.0,10,1,1,,1,ack
2018-11-25 19:26:37.060817,54,52.94.229.122,443,1.0,0,1,1,,1,ack
2018-11-25 19:26:37.061168,54,52.94.229.122,443,1.0,0,1,1,,1,ack
2018-11-25 19:26:37.061321,54,52.94.229.122,443,1.0,0,1,1,,1,ack
2018-11-25 19:26:37.061455,54,52.94.229.122,443,1.0,0,1,1,,1,ack
2018-11-25 19:26:37.061582,54,52.94.229.122,443,1.0,0,1,1,,1,ack
2018-11-25 19:26:37.071793,96,52.94.229.122,443,3.0,0,1,1,23,1,expected
2018-11-25 19:26:37.077471,288,52.94.229.122,443,3.0,0,1,1,23,1,expected
2018-11-25 19:26:37.079240,1514,52.94.229.122,443,3.0,0,1,1,23,1,expected
2018-11-25 19:26:37.079368,1514,52.94.229.122,443,1.0,17,1,1,,1,not_relevant
2018-11-25 19:26:37.079406,1107,52.94.229.122,443,3.0,0,1,1,23,1,expected
2018-11-25 19:26:37.180440,787,54.239.29.0,443,3.0,0,1,1,23,1,expected
2018-11-25 19:26:37.194510,66,52.94.229.122,443,1.0,115,1,1,,1,ack
2018-11-25 19:26:37.194664,66,52.94.229.122,443,1.0,0,1,1,,1,ack
2018-11-25 19:26:37.194740,66,52.94.229.122,443,1.0,0,1,1,,1,ack
2018-11-25 19:26:37.206914,66,52.94.229.122,443,1.0,12,1,1,,1,ack
2018-11-25 19:26:37.207158,66,52.94.229.122,443,1.0,0,1,1,,1,ack
2018-11-25 19:26:37.318425,54,52.94.229.122,443,1.0,111,1,1,,1,ack
2018-11-25 19:26:37.320963,85,54.239.29.0,443,3.0,0,1,1,21,1,handshake
2018-11-25 19:26:37.321058,54,54.239.29.0,443,1.0,322,1,1,,1,ack
2018-11-25 19:26:37.322762,74,54.239.29.0,443,1.0,-112502220,0,1,,1,retransmit
2018-11-25 19:26:37.449776,54,54.239.29.0,443,1.0,127,1,1,,1,ack
2018-11-25 19:26:37.449940,54,54.239.29.0,443,1.0,128,1,1,,1,ack
2018-11-25 19:26:37.451148,312,54.239.29.0,443,3.0,0,1,1,22,1,handshake
2018-11-25 19:26:37.492232,54,54.239.29.0,443,1.0,42,1,1,,1,ack
2018-11-25 19:26:37.492520,105,54.239.29.0,443,3.0,0,1,1,20,1,handshake
2018-11-25 19:26:37.626669,800,54.239.29.0,443,3.0,0,1,1,23,1,expected
2018-11-25 19:26:37.763698,85,54.239.29.0,443,3.0,0,1,1,21,1,handshake
2018-11-25 19:26:37.763862,54,54.239.29.0,443,1.0,271,1,1,,1,ack
2018-11-25 19:26:37.804312,54,54.239.29.0,443,1.0,40,1,1,,1,ack
2018-11-25 19:26:47.902235,54,52.94.229.122,443,1.0,10583,1,1,,1,ack
2018-11-25 19:26:47.903185,100,52.94.229.122,443,3.0,0,1,1,23,1,syn
2018-11-25 19:26:55.719356,286,52.94.229.122,443,3.0,0,1,1,23,1,expected
2018-11-25 19:26:55.719747,190,52.94.229.122,443,3.0,0,1,1,23,1,expected
2018-11-25 19:26:55.723301,1514,52.94.229.122,443,1.0,7821,1,1,,1,not_relevant
2018-11-25 19:26:55.723343,936,52.94.229.122,443,3.0,0,1,1,23,1,expected
2018-11-25 19:26:55.723505,92,52.94.229.122,443,3.0,0,1,1,23,1,expected
2018-11-25 19:26:55.752463,288,52.94.229.122,443,3.0,0,1,1,23,1,expected
2018-11-25 19:26:55.761532,190,52.94.229.122,443,3.0,0,1,1,23,1,expected
2018-11-25 19:26:55.764151,1514,52.94.229.122,443,1.0,40,1,1,,1,not_relevant
2018-11-25 19:26:55.765352,937,52.94.229.122,443,3.0,0,1,1,23,1,expected
2018-11-25 19:26:55.770609,92,52.94.229.122,443,3.0,0,1,1,23,1,expected
2018-11-25 19:26:55.847543,54,52.94.229.122,443,1.0,83,1,1,,1,ack
2018-11-25 19:26:56.006449,54,52.94.229.122,443,1.0,158,1,1,,1,ack
2018-11-25 19:26:56.229589,286,52.94.229.122,443,3.0,0,1,1,23,1,expected
2018-11-25 19:26:56.230040,1514,52.94.229.122,443,3.0,0,1,1,23,1,expected
2018-11-25 19:26:56.230097,1514,52.94.229.122,443,1.0,223,1,1,,1,not_relevant
2018-11-25 19:26:56.230317,1106,52.94.229.122,443,3.0,0,1,1,23,1,expected
2018-11-25 19:26:56.346655,54,52.94.229.122,443,1.0,116,1,1,,1,ack
2018-11-25 19:26:56.391048,54,52.94.229.122,443,1.0,44,1,1,,1,ack
2018-11-25 19:26:56.391223,54,52.94.229.122,443,1.0,0,1,1,,1,ack
2018-11-25 19:27:17.900213,54,52.94.229.122,443,1.0,21508,1,1,,1,ack
2018-11-25 19:27:17.901106,100,52.94.229.122,443,3.0,0,1,1,23,1,syn
2018-11-25 19:27:23.907789,287,52.94.229.122,443,3.0,0,1,1,23,1,expected
2018-11-25 19:27:23.908048,190,52.94.229.122,443,3.0,0,1,1,23,1,expected
2018-11-25 19:27:23.908745,1514,52.94.229.122,443,1.0,6008,1,1,,1,not_relevant
2018-11-25 19:27:23.908792,1151,52.94.229.122,443,3.0,0,1,1,23,1,expected
2018-11-25 19:27:23.909763,132,52.94.229.122,443,3.0,0,1,1,23,1,expected
2018-11-25 19:27:23.916411,180,52.94.229.122,443,3.0,0,1,1,23,1,expected
2018-11-25 19:27:23.918561,152,52.94.229.122,443,3.0,0,1,1,23,1,expected
2018-11-25 19:27:23.953104,287,52.94.229.122,443,3.0,0,1,1,23,1,expected
2018-11-25 19:27:23.955497,190,52.94.229.122,443,3.0,0,1,1,23,1,expected
2018-11-25 19:27:23.958813,1514,52.94.229.122,443,1.0,50,1,1,,1,not_relevant
2018-11-25 19:27:23.959337,1195,52.94.229.122,443,3.0,0,1,1,23,1,expected
2018-11-25 19:27:23.967439,92,52.94.229.122,443,3.0,0,1,1,23,1,expected
2018-11-25 19:27:23.992085,74,54.239.26.255,443,1.0,-112456098,0,1,,1,retransmit
2018-11-25 19:27:24.019336,1514,52.94.229.122,443,1.0,60,1,1,,1,not_relevant
2018-11-25 19:27:24.019413,1514,52.94.229.122,443,1.0,0,1,1,,1,not_relevant
2018-11-25 19:27:24.019450,1514,52.94.229.122,443,1.0,0,1,1,,1,not_relevant
2018-11-25 19:27:24.019481,332,52.94.229.122,443,3.0,0,1,1,23,1,expected
2018-11-25 19:27:24.028697,172,52.94.229.122,443,3.0,0,1,1,23,1,expected
2018-11-25 19:27:24.032295,54,54.239.26.255,443,1.0,40,1,1,,1,ack
2018-11-25 19:27:24.034311,312,54.239.26.255,443,3.0,0,1,1,22,1,handshake
2018-11-25 19:27:24.042954,172,52.94.229.122,443,3.0,0,1,1,23,1,expected
2018-11-25 19:27:24.063263,172,52.94.229.122,443,3.0,0,1,1,23,1,expected
2018-11-25 19:27:24.077174,172,52.94.229.122,443,3.0,0,1,1,23,1,expected
2018-11-25 19:27:24.080738,54,54.239.26.255,443,1.0,48,1,1,,1,ack
2018-11-25 19:27:24.080920,54,54.239.26.255,443,1.0,0,1,1,,1,ack
2018-11-25 19:27:24.081053,54,54.239.26.255,443,1.0,0,1,1,,1,ack
2018-11-25 19:27:24.082010,54,54.239.26.255,443,1.0,0,1,1,,1,ack
2018-11-25 19:27:24.090423,54,52.94.229.122,443,1.0,70,1,1,,1,ack
2018-11-25 19:27:24.101132,66,54.239.26.255,443,1.0,19,1,1,,1,ack
2018-11-25 19:27:24.112219,172,52.94.229.122,443,3.0,0,1,1,23,1,expected
2018-11-25 19:27:24.115139,180,54.239.26.255,443,3.0,0,1,1,22,1,handshake
2018-11-25 19:27:24.126177,172,52.94.229.122,443,3.0,0,1,1,23,1,expected
2018-11-25 19:27:24.140145,172,52.94.229.122,443,3.0,0,1,1,23,1,expected
2018-11-25 19:27:24.158348,172,52.94.229.122,443,3.0,0,1,1,23,1,expected
2018-11-25 19:27:24.160804,768,54.239.26.255,443,3.0,0,1,1,23,1,expected
2018-11-25 19:27:24.189297,172,52.94.229.122,443,3.0,0,1,1,23,1,expected
2018-11-25 19:27:24.202794,172,52.94.229.122,443,3.0,0,1,1,23,1,expected
2018-11-25 19:27:24.209732,85,54.239.26.255,443,3.0,0,1,1,21,1,handshake
2018-11-25 19:27:24.209922,54,54.239.26.255,443,1.0,108,1,1,,1,ack
2018-11-25 19:27:24.223732,172,52.94.229.122,443,3.0,0,1,1,23,1,expected
2018-11-25 19:27:24.238115,172,52.94.229.122,443,3.0,0,1,1,23,1,expected
2018-11-25 19:27:24.250536,54,54.239.26.255,443,1.0,40,1,1,,1,ack
2018-11-25 19:27:24.265826,172,52.94.229.122,443,3.0,0,1,1,23,1,expected
2018-11-25 19:27:24.286946,172,52.94.229.122,443,3.0,0,1,1,23,1,expected
2018-11-25 19:27:24.306254,172,52.94.229.122,443,3.0,0,1,1,23,1,expected
2018-11-25 19:27:24.315401,172,52.94.229.122,443,3.0,0,1,1,23,1,expected
2018-11-25 19:27:24.350313,172,52.94.229.122,443,3.0,0,1,1,23,1,expected
2018-11-25 19:27:24.364058,172,52.94.229.122,443,3.0,0,1,1,23,1,expected
2018-11-25 19:27:24.378059,172,52.94.229.122,443,3.0,0,1,1,23,1,expected
2018-11-25 19:27:24.398959,172,52.94.229.122,443,3.0,0,1,1,23,1,expected
2018-11-25 19:27:24.427184,172,52.94.229.122,443,3.0,0,1,1,23,1,expected
2018-11-25 19:27:24.448051,172,52.94.229.122,443,3.0,0,1,1,23,1,expected
2018-11-25 19:27:24.459065,286,52.94.229.122,443,3.0,0,1,1,23,1,expected
2018-11-25 19:27:24.459482,190,52.94.229.122,443,3.0,0,1,1,23,1,expected
2018-11-25 19:27:24.462075,1514,52.94.229.122,443,1.0,371,1,1,,1,not_relevant
2018-11-25 19:27:24.462128,936,52.94.229.122,443,3.0,0,1,1,23,1,expected
2018-11-25 19:27:24.462144,92,52.94.229.122,443,3.0,0,1,1,23,1,expected
2018-11-25 19:27:24.462344,172,52.94.229.122,443,3.0,0,1,1,23,1,expected
2018-11-25 19:27:24.476130,172,52.94.229.122,443,3.0,0,1,1,23,1,expected
2018-11-25 19:27:24.510930,172,52.94.229.122,443,3.0,0,1,1,23,1,expected
2018-11-25 19:27:24.524691,172,52.94.229.122,443,3.0,0,1,1,23,1,expected
2018-11-25 19:27:24.539063,172,52.94.229.122,443,3.0,0,1,1,23,1,expected
2018-11-25 19:27:24.560416,172,52.94.229.122,443,3.0,0,1,1,23,1,expected
2018-11-25 19:27:24.587903,172,52.94.229.122,443,3.0,0,1,1,23,1,expected
2018-11-25 19:27:24.592044,54,52.94.229.122,443,1.0,129,1,1,,1,ack
2018-11-25 19:27:24.602260,172,52.94.229.122,443,3.0,0,1,1,23,1,expected
2018-11-25 19:27:24.622790,172,52.94.229.122,443,3.0,0,1,1,23,1,expected
2018-11-25 19:27:24.637059,172,52.94.229.122,443,3.0,0,1,1,23,1,expected
2018-11-25 19:27:24.672274,172,52.94.229.122,443,3.0,0,1,1,23,1,expected
2018-11-25 19:27:24.685356,172,52.94.229.122,443,3.0,0,1,1,23,1,expected
2018-11-25 19:27:24.699496,172,52.94.229.122,443,3.0,0,1,1,23,1,expected
2018-11-25 19:27:24.722222,172,52.94.229.122,443,3.0,0,1,1,23,1,expected
2018-11-25 19:27:24.747944,172,52.94.229.122,443,3.0,0,1,1,23,1,expected
2018-11-25 19:27:24.762065,172,52.94.229.122,443,3.0,0,1,1,23,1,expected
2018-11-25 19:27:24.783422,172,52.94.229.122,443,3.0,0,1,1,23,1,expected
2018-11-25 19:27:24.797169,172,52.94.229.122,443,3.0,0,1,1,23,1,expected
2018-11-25 19:27:24.834006,172,52.94.229.122,443,3.0,0,1,1,23,1,expected
2018-11-25 19:27:24.845747,172,52.94.229.122,443,3.0,0,1,1,23,1,expected
2018-11-25 19:27:24.859557,172,52.94.229.122,443,3.0,0,1,1,23,1,expected
2018-11-25 19:27:24.873528,172,52.94.229.122,443,3.0,0,1,1,23,1,expected
2018-11-25 19:27:24.908628,172,52.94.229.122,443,3.0,0,1,1,23,1,expected
2018-11-25 19:27:24.922628,172,52.94.229.122,443,3.0,0,1,1,23,1,expected
2018-11-25 19:27:24.949021,172,52.94.229.122,443,3.0,0,1,1,23,1,expected
2018-11-25 19:27:24.963106,172,52.94.229.122,443,3.0,0,1,1,23,1,expected
2018-11-25 19:27:24.988825,172,52.94.229.122,443,3.0,0,1,1,23,1,expected
2018-11-25 19:27:25.006955,172,52.94.229.122,443,3.0,0,1,1,23,1,expected
2018-11-25 19:27:25.048946,172,52.94.229.122,443,3.0,0,1,1,23,1,expected
2018-11-25 19:27:25.049088,172,52.94.229.122,443,3.0,0,1,1,23,1,expected
2018-11-25 19:27:25.069863,172,52.94.229.122,443,3.0,0,1,1,23,1,expected
2018-11-25 19:27:25.083975,172,52.94.229.122,443,3.0,0,1,1,23,1,expected
2018-11-25 19:27:25.097782,172,52.94.229.122,443,3.0,0,1,1,23,1,expected
2018-11-25 19:27:25.118793,172,52.94.229.122,443,3.0,0,1,1,23,1,expected
2018-11-25 19:27:25.148077,172,52.94.229.122,443,3.0,0,1,1,23,1,expected
2018-11-25 19:27:25.167979,172,52.94.229.122,443,3.0,0,1,1,23,1,expected
2018-11-25 19:27:25.181786,172,52.94.229.122,443,3.0,0,1,1,23,1,expected
2018-11-25 19:27:25.196677,172,52.94.229.122,443,3.0,0,1,1,23,1,expected
2018-11-25 19:27:25.230762,172,52.94.229.122,443,3.0,0,1,1,23,1,expected
2018-11-25 19:27:25.244699,172,52.94.229.122,443,3.0,0,1,1,23,1,expected
2018-11-25 19:27:25.260149,172,52.94.229.122,443,3.0,0,1,1,23,1,expected
2018-11-25 19:27:25.279677,172,52.94.229.122,443,3.0,0,1,1,23,1,expected
2018-11-25 19:27:25.307288,172,52.94.229.122,443,3.0,0,1,1,23,1,expected
2018-11-25 19:27:25.328206,172,52.94.229.122,443,3.0,0,1,1,23,1,expected
2018-11-25 19:27:25.342326,172,52.94.229.122,443,3.0,0,1,1,23,1,expected
2018-11-25 19:27:25.356176,172,52.94.229.122,443,3.0,0,1,1,23,1,expected
2018-11-25 19:27:25.391215,172,52.94.229.122,443,3.0,0,1,1,23,1,expected
2018-11-25 19:27:25.404757,172,52.94.229.122,443,3.0,0,1,1,23,1,expected
2018-11-25 19:27:25.418934,172,52.94.229.122,443,3.0,0,1,1,23,1,expected
2018-11-25 19:27:25.441245,172,52.94.229.122,443,3.0,0,1,1,23,1,expected
2018-11-25 19:27:25.468050,172,52.94.229.122,443,3.0,0,1,1,23,1,expected
2018-11-25 19:27:25.482199,172,52.94.229.122,443,3.0,0,1,1,23,1,expected
2018-11-25 19:27:25.503056,172,52.94.229.122,443,3.0,0,1,1,23,1,expected
2018-11-25 19:27:25.516938,172,52.94.229.122,443,3.0,0,1,1,23,1,expected
2018-11-25 19:27:25.552163,172,52.94.229.122,443,3.0,0,1,1,23,1,expected
2018-11-25 19:27:25.565918,172,52.94.229.122,443,3.0,0,1,1,23,1,expected
2018-11-25 19:27:25.579943,172,52.94.229.122,443,3.0,0,1,1,23,1,expected
2018-11-25 19:27:25.593940,172,52.94.229.122,443,3.0,0,1,1,23,1,expected
2018-11-25 19:27:25.628682,172,52.94.229.122,443,3.0,0,1,1,23,1,expected
2018-11-25 19:27:25.643818,172,52.94.229.122,443,3.0,0,1,1,23,1,expected
2018-11-25 19:27:25.663677,172,52.94.229.122,443,3.0,0,1,1,23,1,expected
2018-11-25 19:27:25.678175,172,52.94.229.122,443,3.0,0,1,1,23,1,expected
2018-11-25 19:27:25.705920,172,52.94.229.122,443,3.0,0,1,1,23,1,expected
2018-11-25 19:27:25.749069,172,52.94.229.122,443,3.0,0,1,1,23,1,expected
2018-11-25 19:27:25.749227,172,52.94.229.122,443,3.0,0,1,1,23,1,expected
2018-11-25 19:27:25.754877,172,52.94.229.122,443,3.0,0,1,1,23,1,expected
2018-11-25 19:27:25.789188,172,52.94.229.122,443,3.0,0,1,1,23,1,expected
2018-11-25 19:27:25.802668,172,52.94.229.122,443,3.0,0,1,1,23,1,expected
2018-11-25 19:27:25.823542,172,52.94.229.122,443,3.0,0,1,1,23,1,expected
2018-11-25 19:27:25.837723,172,52.94.229.122,443,3.0,0,1,1,23,1,expected
2018-11-25 19:27:25.865898,172,52.94.229.122,443,3.0,0,1,1,23,1,expected
2018-11-25 19:27:25.887064,172,52.94.229.122,443,3.0,0,1,1,23,1,expected
2018-11-25 19:27:25.905900,172,52.94.229.122,443,3.0,0,1,1,23,1,expected
2018-11-25 19:27:25.919890,172,52.94.229.122,443,3.0,0,1,1,23,1,expected
2018-11-25 19:27:25.951011,172,52.94.229.122,443,3.0,0,1,1,23,1,expected
2018-11-25 19:27:25.963791,172,52.94.229.122,443,3.0,0,1,1,23,1,expected
2018-11-25 19:27:25.978283,172,52.94.229.122,443,3.0,0,1,1,23,1,expected
2018-11-25 19:27:25.999082,172,52.94.229.122,443,3.0,0,1,1,23,1,expected
2018-11-25 19:27:26.027408,172,52.94.229.122,443,3.0,0,1,1,23,1,expected
2018-11-25 19:27:26.049778,172,52.94.229.122,443,3.0,0,1,1,23,1,expected
2018-11-25 19:27:26.063153,172,52.94.229.122,443,3.0,0,1,1,23,1,expected
2018-11-25 19:27:26.076210,172,52.94.229.122,443,3.0,0,1,1,23,1,expected
2018-11-25 19:27:26.110973,172,52.94.229.122,443,3.0,0,1,1,23,1,expected
2018-11-25 19:27:26.124556,172,52.94.229.122,443,3.0,0,1,1,23,1,expected
2018-11-25 19:27:26.138786,172,52.94.229.122,443,3.0,0,1,1,23,1,expected
2018-11-25 19:27:26.160423,172,52.94.229.122,443,3.0,0,1,1,23,1,expected
2018-11-25 19:27:26.187881,172,52.94.229.122,443,3.0,0,1,1,23,1,expected
2018-11-25 19:27:26.201934,172,52.94.229.122,443,3.0,0,1,1,23,1,expected
2018-11-25 19:27:26.223215,172,52.94.229.122,443,3.0,0,1,1,23,1,expected
2018-11-25 19:27:26.236978,172,52.94.229.122,443,3.0,0,1,1,23,1,expected
2018-11-25 19:27:26.272349,172,52.94.229.122,443,3.0,0,1,1,23,1,expected
2018-11-25 19:27:26.285898,172,52.94.229.122,443,3.0,0,1,1,23,1,expected
2018-11-25 19:27:26.301311,172,52.94.229.122,443,3.0,0,1,1,23,1,expected
2018-11-25 19:27:26.314322,136,52.94.229.122,443,3.0,0,1,1,23,1,expected
2018-11-25 19:27:26.320750,92,52.94.229.122,443,3.0,0,1,1,23,1,expected
2018-11-25 19:27:26.335355,74,54.239.26.255,443,1.0,-112454011,0,1,,1,retransmit
2018-11-25 19:27:26.361080,54,52.94.229.122,443,1.0,1769,1,1,,1,ack
2018-11-25 19:27:26.378400,54,54.239.26.255,443,1.0,43,1,1,,1,ack
2018-11-25 19:27:26.382791,312,54.239.26.255,443,3.0,0,1,1,22,1,handshake
2018-11-25 19:27:26.452039,54,54.239.26.255,443,1.0,73,1,1,,1,ack
2018-11-25 19:27:26.458457,105,54.239.26.255,443,3.0,0,1,1,20,1,handshake
2018-11-25 19:27:26.547655,812,54.239.26.255,443,3.0,0,1,1,23,1,expected
2018-11-25 19:27:26.596037,85,54.239.26.255,443,3.0,0,1,1,21,1,handshake
2018-11-25 19:27:26.596273,54,54.239.26.255,443,1.0,144,1,1,,1,ack
2018-11-25 19:27:26.639766,54,54.239.26.255,443,1.0,43,1,1,,1,ack
2018-11-25 19:27:26.659656,54,52.94.229.122,443,1.0,298,1,1,,1,ack
2018-11-25 19:27:26.659884,54,52.94.229.122,443,1.0,0,1,1,,1,ack
2018-11-25 19:27:26.660066,54,52.94.229.122,443,1.0,0,1,1,,1,ack
2018-11-25 19:27:26.660233,54,52.94.229.122,443,1.0,0,1,1,,1,ack
2018-11-25 19:27:26.660394,54,52.94.229.122,443,1.0,0,1,1,,1,ack
2018-11-25 19:27:26.660470,54,52.94.229.122,443,1.0,0,1,1,,1,ack
2018-11-25 19:27:26.660547,54,52.94.229.122,443,1.0,0,1,1,,1,ack
2018-11-25 19:27:26.660652,54,52.94.229.122,443,1.0,0,1,1,,1,ack
2018-11-25 19:27:26.660754,54,52.94.229.122,443,1.0,0,1,1,,1,ack
2018-11-25 19:27:26.660836,54,52.94.229.122,443,1.0,0,1,1,,1,ack
2018-11-25 19:27:26.705459,54,52.94.229.122,443,1.0,44,1,1,,1,ack
2018-11-25 19:27:26.705589,54,52.94.229.122,443,1.0,0,1,1,,1,ack
2018-11-25 19:27:26.707649,54,52.94.229.122,443,1.0,2,1,1,,1,ack
2018-11-25 19:27:26.708242,54,52.94.229.122,443,1.0,0,1,1,,1,ack
2018-11-25 19:27:26.708323,54,52.94.229.122,443,1.0,0,1,1,,1,ack
2018-11-25 19:27:26.710716,54,52.94.229.122,443,1.0,2,1,1,,1,ack
2018-11-25 19:27:26.711633,54,52.94.229.122,443,1.0,0,1,1,,1,ack
2018-11-25 19:27:26.717144,54,52.94.229.122,443,1.0,5,1,1,,1,ack
2018-11-25 19:27:26.717358,54,52.94.229.122,443,1.0,0,1,1,,1,ack
2018-11-25 19:27:26.717441,54,52.94.229.122,443,1.0,0,1,1,,1,ack
2018-11-25 19:27:26.721397,96,52.94.229.122,443,3.0,0,1,1,23,1,expected
2018-11-25 19:27:26.723341,74,54.239.26.255,443,1.0,-112525494,0,1,,1,retransmit
2018-11-25 19:27:26.755078,54,52.94.229.122,443,1.0,37,1,1,,1,ack
2018-11-25 19:27:26.768217,54,54.239.26.255,443,1.0,44,1,1,,1,ack
2018-11-25 19:27:26.769619,312,54.239.26.255,443,3.0,0,1,1,22,1,handshake
2018-11-25 19:27:26.786399,54,52.94.229.122,443,1.0,31,1,1,,1,ack
2018-11-25 19:27:26.815509,54,54.239.26.255,443,1.0,47,1,1,,1,ack
2018-11-25 19:27:26.816536,105,54.239.26.255,443,3.0,0,1,1,20,1,handshake
2018-11-25 19:27:26.822717,637,52.94.229.122,443,3.0,0,1,1,23,1,expected
2018-11-25 19:27:26.823113,190,52.94.229.122,443,3.0,0,1,1,23,1,expected
2018-11-25 19:27:26.829196,1514,52.94.229.122,443,1.0,42,1,1,,1,not_relevant
2018-11-25 19:27:26.829427,975,52.94.229.122,443,3.0,0,1,1,23,1,expected
2018-11-25 19:27:26.879251,54,52.94.229.122,443,1.0,50,1,1,,1,ack
2018-11-25 19:27:26.910476,787,54.239.26.255,443,3.0,0,1,1,23,1,expected
2018-11-25 19:27:26.931886,287,52.94.229.122,443,3.0,0,1,1,23,1,expected
2018-11-25 19:27:26.932320,190,52.94.229.122,443,3.0,0,1,1,23,1,expected
2018-11-25 19:27:26.933556,1514,52.94.229.122,443,1.0,54,1,1,,1,not_relevant
2018-11-25 19:27:26.933986,846,52.94.229.122,443,3.0,0,1,1,23,1,expected
2018-11-25 19:27:26.934008,136,52.94.229.122,443,3.0,0,1,1,23,1,expected
2018-11-25 19:27:26.934089,92,52.94.229.122,443,3.0,0,1,1,23,1,expected
2018-11-25 19:27:26.962490,85,54.239.26.255,443,3.0,0,1,1,21,1,handshake
2018-11-25 19:27:26.962677,54,54.239.26.255,443,1.0,147,1,1,,1,ack
2018-11-25 19:27:26.976389,54,52.94.229.122,443,1.0,42,1,1,,1,ack
2018-11-25 19:27:26.978658,74,54.239.26.255,443,1.0,-112586445,0,1,,1,retransmit
2018-11-25 19:27:27.003772,54,54.239.26.255,443,1.0,41,1,1,,1,ack
2018-11-25 19:27:27.015261,54,52.94.229.122,443,1.0,38,1,1,,1,ack
2018-11-25 19:27:27.022934,54,54.239.26.255,443,1.0,44,1,1,,1,ack
2018-11-25 19:27:27.024444,54,52.94.229.122,443,1.0,9,1,1,,1,ack
2018-11-25 19:27:27.025919,312,54.239.26.255,443,3.0,0,1,1,22,1,handshake
2018-11-25 19:27:27.070951,54,54.239.26.255,443,1.0,48,1,1,,1,ack
2018-11-25 19:27:27.071765,105,54.239.26.255,443,3.0,0,1,1,20,1,handshake
2018-11-25 19:27:27.078878,54,52.94.229.122,443,1.0,54,1,1,,1,ack
2018-11-25 19:27:27.079027,54,52.94.229.122,443,1.0,0,1,1,,1,ack
2018-11-25 19:27:27.101647,296,52.94.229.122,443,3.0,0,1,1,23,1,expected
2018-11-25 19:27:27.106077,190,52.94.229.122,443,3.0,0,1,1,23,1,expected
2018-11-25 19:27:27.106931,1514,52.94.229.122,443,1.0,27,1,1,,1,not_relevant
2018-11-25 19:27:27.106949,933,52.94.229.122,443,3.0,0,1,1,23,1,expected
2018-11-25 19:27:27.106964,92,52.94.229.122,443,3.0,0,1,1,23,1,expected
2018-11-25 19:27:27.168984,798,54.239.26.255,443,3.0,0,1,1,23,1,expected
2018-11-25 19:27:27.231726,85,54.239.26.255,443,3.0,0,1,1,21,1,handshake
2018-11-25 19:27:27.231946,54,54.239.26.255,443,1.0,160,1,1,,1,ack
2018-11-25 19:27:27.232583,54,52.94.229.122,443,1.0,125,1,1,,1,ack
2018-11-25 19:27:27.277363,54,54.239.26.255,443,1.0,45,1,1,,1,ack
2018-11-25 19:27:27.443379,295,52.94.232.230,443,3.0,0,1,1,23,1,expected
2018-11-25 19:27:27.484460,54,52.94.232.230,443,1.0,-112540348,1,1,,1,ack
2018-11-25 19:27:32.873637,286,52.94.229.122,443,3.0,0,1,1,23,1,expected
2018-11-25 19:27:32.874088,1514,52.94.229.122,443,3.0,0,1,1,23,1,expected
2018-11-25 19:27:32.874145,1514,52.94.229.122,443,1.0,5641,1,1,,1,not_relevant
2018-11-25 19:27:32.874346,1111,52.94.229.122,443,3.0,0,1,1,23,1,expected
2018-11-25 19:27:32.887271,286,52.94.229.122,443,3.0,0,1,1,23,1,expected
2018-11-25 19:27:32.887734,1514,52.94.229.122,443,3.0,0,1,1,23,1,expected
2018-11-25 19:27:32.889400,1514,52.94.229.122,443,1.0,15,1,1,,1,not_relevant
2018-11-25 19:27:32.889450,1111,52.94.229.122,443,3.0,0,1,1,23,1,expected
2018-11-25 19:27:33.007107,54,52.94.229.122,443,1.0,117,1,1,,1,ack
2018-11-25 19:27:33.081984,54,52.94.229.122,443,1.0,74,1,1,,1,ack
2018-11-25 19:27:33.366485,288,52.94.229.122,443,3.0,0,1,1,23,1,expected
2018-11-25 19:27:33.366884,190,52.94.229.122,443,3.0,0,1,1,23,1,expected
2018-11-25 19:27:33.367264,1514,52.94.229.122,443,1.0,285,1,1,,1,not_relevant
2018-11-25 19:27:33.367306,850,52.94.229.122,443,3.0,0,1,1,23,1,expected
2018-11-25 19:27:33.367336,136,52.94.229.122,443,3.0,0,1,1,23,1,expected
2018-11-25 19:27:33.367486,92,52.94.229.122,443,3.0,0,1,1,23,1,expected
2018-11-25 19:27:33.511984,54,52.94.229.122,443,1.0,144,1,1,,1,ack
2018-11-25 19:27:47.901602,100,52.94.229.122,443,3.0,0,1,1,23,1,syn
2018-11-25 19:28:08.535059,286,52.94.229.122,443,3.0,0,1,1,23,1,expected
2018-11-25 19:28:08.535603,190,52.94.229.122,443,3.0,0,1,1,23,1,expected
2018-11-25 19:28:08.536066,1514,52.94.229.122,443,1.0,35024,1,1,,1,not_relevant
2018-11-25 19:28:08.536135,1151,52.94.229.122,443,3.0,0,1,1,23,1,expected
2018-11-25 19:28:08.536196,132,52.94.229.122,443,3.0,0,1,1,23,1,expected
2018-11-25 19:28:08.536466,180,52.94.229.122,443,3.0,0,1,1,23,1,expected
2018-11-25 19:28:08.538208,184,52.94.229.122,443,3.0,0,1,1,23,1,expected
2018-11-25 19:28:08.562495,286,52.94.229.122,443,3.0,0,1,1,23,1,expected
2018-11-25 19:28:08.584549,1514,52.94.229.122,443,3.0,0,1,1,23,1,expected
2018-11-25 19:28:08.585997,1514,52.94.229.122,443,1.0,49,1,1,,1,not_relevant
2018-11-25 19:28:08.586077,1369,52.94.229.122,443,3.0,0,1,1,23,1,expected
2018-11-25 19:28:08.592510,74,54.239.26.255,443,1.0,-112448003,0,1,,1,retransmit
2018-11-25 19:28:08.635545,54,54.239.26.255,443,1.0,43,1,1,,1,ack
2018-11-25 19:28:08.636754,312,54.239.26.255,443,3.0,0,1,1,22,1,handshake
2018-11-25 19:28:08.644671,1514,52.94.229.122,443,1.0,58,1,1,,1,not_relevant
2018-11-25 19:28:08.644718,1514,52.94.229.122,443,1.0,0,1,1,,1,not_relevant
2018-11-25 19:28:08.644782,1514,52.94.229.122,443,1.0,0,1,1,,1,not_relevant
2018-11-25 19:28:08.646008,332,52.94.229.122,443,3.0,0,1,1,23,1,expected
2018-11-25 19:28:08.668875,172,52.94.229.122,443,3.0,0,1,1,23,1,expected
2018-11-25 19:28:08.682733,172,52.94.229.122,443,3.0,0,1,1,23,1,expected
2018-11-25 19:28:08.686048,54,54.239.26.255,443,1.0,50,1,1,,1,ack
2018-11-25 19:28:08.686296,105,54.239.26.255,443,3.0,0,1,1,20,1,handshake
2018-11-25 19:28:08.704143,172,52.94.229.122,443,3.0,0,1,1,23,1,expected
2018-11-25 19:28:08.707714,54,52.94.229.122,443,1.0,62,1,1,,1,ack
2018-11-25 19:28:08.718050,172,52.94.229.122,443,3.0,0,1,1,23,1,expected
2018-11-25 19:28:08.745874,172,52.94.229.122,443,3.0,0,1,1,23,1,expected
2018-11-25 19:28:08.766714,172,52.94.229.122,443,3.0,0,1,1,23,1,expected
2018-11-25 19:28:08.780653,172,52.94.229.122,443,3.0,0,1,1,23,1,expected
2018-11-25 19:28:08.782696,766,54.239.26.255,443,3.0,0,1,1,23,1,expected
2018-11-25 19:28:08.794620,172,52.94.229.122,443,3.0,0,1,1,23,1,expected
2018-11-25 19:28:08.829712,172,52.94.229.122,443,3.0,0,1,1,23,1,expected
2018-11-25 19:28:08.835902,85,54.239.26.255,443,3.0,0,1,1,21,1,handshake
2018-11-25 19:28:08.836290,54,54.239.26.255,443,1.0,150,1,1,,1,ack
2018-11-25 19:28:08.843734,172,52.94.229.122,443,3.0,0,1,1,23,1,expected
2018-11-25 19:28:08.858935,172,52.94.229.122,443,3.0,0,1,1,23,1,expected
2018-11-25 19:28:08.879079,172,52.94.229.122,443,3.0,0,1,1,23,1,expected
2018-11-25 19:28:08.881770,54,54.239.26.255,443,1.0,45,1,1,,1,ack
2018-11-25 19:28:08.906738,172,52.94.229.122,443,3.0,0,1,1,23,1,expected
2018-11-25 19:28:08.928837,172,52.94.229.122,443,3.0,0,1,1,23,1,expected
2018-11-25 19:28:08.947206,172,52.94.229.122,443,3.0,0,1,1,23,1,expected
2018-11-25 19:28:08.956145,172,52.94.229.122,443,3.0,0,1,1,23,1,expected
2018-11-25 19:28:08.991200,172,52.94.229.122,443,3.0,0,1,1,23,1,expected
2018-11-25 19:28:09.004982,172,52.94.229.122,443,3.0,0,1,1,23,1,expected
2018-11-25 19:28:09.018896,172,52.94.229.122,443,3.0,0,1,1,23,1,expected
2018-11-25 19:28:09.040056,172,52.94.229.122,443,3.0,0,1,1,23,1,expected
2018-11-25 19:28:09.059232,286,52.94.229.122,443,3.0,0,1,1,23,1,expected
2018-11-25 19:28:09.061461,190,52.94.229.122,443,3.0,0,1,1,23,1,expected
2018-11-25 19:28:09.062295,1514,52.94.229.122,443,1.0,354,1,1,,1,not_relevant
2018-11-25 19:28:09.062312,854,52.94.229.122,443,3.0,0,1,1,23,1,expected
2018-11-25 19:28:09.062360,136,52.94.229.122,443,3.0,0,1,1,23,1,expected
2018-11-25 19:28:09.066637,92,52.94.229.122,443,3.0,0,1,1,23,1,expected
2018-11-25 19:28:09.068337,172,52.94.229.122,443,3.0,0,1,1,23,1,expected
2018-11-25 19:28:09.081633,172,52.94.229.122,443,3.0,0,1,1,23,1,expected
2018-11-25 19:28:09.104491,172,52.94.229.122,443,3.0,0,1,1,23,1,expected
2018-11-25 19:28:09.240814,172,52.94.229.122,443,3.0,0,1,1,23,1,expected
2018-11-25 19:28:09.241030,172,52.94.229.122,443,3.0,0,1,1,23,1,expected
2018-11-25 19:28:09.241112,172,52.94.229.122,443,3.0,0,1,1,23,1,expected
2018-11-25 19:28:09.241191,172,52.94.229.122,443,3.0,0,1,1,23,1,expected
2018-11-25 19:28:09.241305,172,52.94.229.122,443,3.0,0,1,1,23,1,expected
2018-11-25 19:28:09.241412,172,52.94.229.122,443,3.0,0,1,1,23,1,expected
2018-11-25 19:28:09.241485,54,52.94.229.122,443,1.0,179,1,1,,1,ack
2018-11-25 19:28:09.243057,172,52.94.229.122,443,3.0,0,1,1,23,1,expected
2018-11-25 19:28:09.263788,172,52.94.229.122,443,3.0,0,1,1,23,1,expected
2018-11-25 19:28:09.371563,172,52.94.229.122,443,3.0,0,1,1,23,1,expected
2018-11-25 19:28:09.371801,172,52.94.229.122,443,3.0,0,1,1,23,1,expected
2018-11-25 19:28:09.371904,172,52.94.229.122,443,3.0,0,1,1,23,1,expected
2018-11-25 19:28:09.371995,172,52.94.229.122,443,3.0,0,1,1,23,1,expected
2018-11-25 19:28:09.372078,172,52.94.229.122,443,3.0,0,1,1,23,1,expected
2018-11-25 19:28:09.389040,172,52.94.229.122,443,3.0,0,1,1,23,1,expected
2018-11-25 19:28:09.402447,172,52.94.229.122,443,3.0,0,1,1,23,1,expected
2018-11-25 19:28:09.426809,172,52.94.229.122,443,3.0,0,1,1,23,1,expected
2018-11-25 19:28:09.473949,172,52.94.229.122,443,3.0,0,1,1,23,1,expected
2018-11-25 19:28:09.477002,172,52.94.229.122,443,3.0,0,1,1,23,1,expected
2018-11-25 19:28:09.490920,172,52.94.229.122,443,3.0,0,1,1,23,1,expected
2018-11-25 19:28:09.503624,172,52.94.229.122,443,3.0,0,1,1,23,1,expected
2018-11-25 19:28:09.514621,172,52.94.229.122,443,3.0,0,1,1,23,1,expected
2018-11-25 19:28:09.551446,172,52.94.229.122,443,3.0,0,1,1,23,1,expected
2018-11-25 19:28:09.563712,172,52.94.229.122,443,3.0,0,1,1,23,1,expected
2018-11-25 19:28:09.577718,172,52.94.229.122,443,3.0,0,1,1,23,1,expected
2018-11-25 19:28:09.604324,172,52.94.229.122,443,3.0,0,1,1,23,1,expected
2018-11-25 19:28:09.629169,172,52.94.229.122,443,3.0,0,1,1,23,1,expected
2018-11-25 19:28:09.651262,172,52.94.229.122,443,3.0,0,1,1,23,1,expected
2018-11-25 19:28:09.680561,172,52.94.229.122,443,3.0,0,1,1,23,1,expected
2018-11-25 19:28:09.680717,172,52.94.229.122,443,3.0,0,1,1,23,1,expected
2018-11-25 19:28:09.711432,172,52.94.229.122,443,3.0,0,1,1,23,1,expected
2018-11-25 19:28:09.817489,172,52.94.229.122,443,3.0,0,1,1,23,1,expected
2018-11-25 19:28:09.818197,172,52.94.229.122,443,3.0,0,1,1,23,1,expected
2018-11-25 19:28:09.818502,172,52.94.229.122,443,3.0,0,1,1,23,1,expected
2018-11-25 19:28:09.818655,172,52.94.229.122,443,3.0,0,1,1,23,1,expected
2018-11-25 19:28:09.843834,172,52.94.229.122,443,3.0,0,1,1,23,1,expected
2018-11-25 19:28:09.844090,172,52.94.229.122,443,3.0,0,1,1,23,1,expected
2018-11-25 19:28:09.867062,172,52.94.229.122,443,3.0,0,1,1,23,1,expected
2018-11-25 19:28:09.871684,172,52.94.229.122,443,3.0,0,1,1,23,1,expected
2018-11-25 19:28:09.885731,172,52.94.229.122,443,3.0,0,1,1,23,1,expected
2018-11-25 19:28:09.899955,172,52.94.229.122,443,3.0,0,1,1,23,1,expected
2018-11-25 19:28:09.913756,172,52.94.229.122,443,3.0,0,1,1,23,1,expected
2018-11-25 19:28:09.949061,172,52.94.229.122,443,3.0,0,1,1,23,1,expected
2018-11-25 19:28:09.962675,172,52.94.229.122,443,3.0,0,1,1,23,1,expected
2018-11-25 19:28:09.985180,172,52.94.229.122,443,3.0,0,1,1,23,1,expected
2018-11-25 19:28:09.997561,172,52.94.229.122,443,3.0,0,1,1,23,1,expected
2018-11-25 19:28:10.031710,172,52.94.229.122,443,3.0,0,1,1,23,1,expected
2018-11-25 19:28:10.045550,172,52.94.229.122,443,3.0,0,1,1,23,1,expected
2018-11-25 19:28:10.059624,172,52.94.229.122,443,3.0,0,1,1,23,1,expected
2018-11-25 19:28:10.073828,172,52.94.229.122,443,3.0,0,1,1,23,1,expected
2018-11-25 19:28:10.108585,172,52.94.229.122,443,3.0,0,1,1,23,1,expected
2018-11-25 19:28:10.122522,172,52.94.229.122,443,3.0,0,1,1,23,1,expected
2018-11-25 19:28:10.144051,172,52.94.229.122,443,3.0,0,1,1,23,1,expected
2018-11-25 19:28:10.157775,172,52.94.229.122,443,3.0,0,1,1,23,1,expected
2018-11-25 19:28:10.188775,172,52.94.229.122,443,3.0,0,1,1,23,1,expected
2018-11-25 19:28:10.206777,172,52.94.229.122,443,3.0,0,1,1,23,1,expected
2018-11-25 19:28:10.220680,172,52.94.229.122,443,3.0,0,1,1,23,1,expected
2018-11-25 19:28:10.234452,172,52.94.229.122,443,3.0,0,1,1,23,1,expected
2018-11-25 19:28:10.269686,172,52.94.229.122,443,3.0,0,1,1,23,1,expected
2018-11-25 19:28:10.283531,172,52.94.229.122,443,3.0,0,1,1,23,1,expected
2018-11-25 19:28:10.297817,172,52.94.229.122,443,3.0,0,1,1,23,1,expected
2018-11-25 19:28:10.318942,172,52.94.229.122,443,3.0,0,1,1,23,1,expected
2018-11-25 19:28:10.346581,172,52.94.229.122,443,3.0,0,1,1,23,1,expected
2018-11-25 19:28:10.367818,172,52.94.229.122,443,3.0,0,1,1,23,1,expected
2018-11-25 19:28:10.382188,172,52.94.229.122,443,3.0,0,1,1,23,1,expected
2018-11-25 19:28:10.395619,172,52.94.229.122,443,3.0,0,1,1,23,1,expected
2018-11-25 19:28:10.430910,172,52.94.229.122,443,3.0,0,1,1,23,1,expected
2018-11-25 19:28:10.444460,172,52.94.229.122,443,3.0,0,1,1,23,1,expected
2018-11-25 19:28:10.458578,172,52.94.229.122,443,3.0,0,1,1,23,1,expected
2018-11-25 19:28:10.482553,172,52.94.229.122,443,3.0,0,1,1,23,1,expected
2018-11-25 19:28:10.511248,172,52.94.229.122,443,3.0,0,1,1,23,1,expected
2018-11-25 19:28:10.549108,172,52.94.229.122,443,3.0,0,1,1,23,1,expected
2018-11-25 19:28:10.549305,172,52.94.229.122,443,3.0,0,1,1,23,1,expected
2018-11-25 19:28:10.557019,172,52.94.229.122,443,3.0,0,1,1,23,1,expected
2018-11-25 19:28:10.591571,172,52.94.229.122,443,3.0,0,1,1,23,1,expected
2018-11-25 19:28:10.605778,172,52.94.229.122,443,3.0,0,1,1,23,1,expected
2018-11-25 19:28:10.622110,172,52.94.229.122,443,3.0,0,1,1,23,1,expected
2018-11-25 19:28:10.634088,172,52.94.229.122,443,3.0,0,1,1,23,1,expected
2018-11-25 19:28:10.669037,172,52.94.229.122,443,3.0,0,1,1,23,1,expected
2018-11-25 19:28:10.683117,172,52.94.229.122,443,3.0,0,1,1,23,1,expected
2018-11-25 19:28:10.703949,172,52.94.229.122,443,3.0,0,1,1,23,1,expected
2018-11-25 19:28:10.717835,172,52.94.229.122,443,3.0,0,1,1,23,1,expected
2018-11-25 19:28:10.745705,172,52.94.229.122,443,3.0,0,1,1,23,1,expected
2018-11-25 19:28:10.766580,172,52.94.229.122,443,3.0,0,1,1,23,1,expected
2018-11-25 19:28:10.780597,172,52.94.229.122,443,3.0,0,1,1,23,1,expected
2018-11-25 19:28:10.794983,172,52.94.229.122,443,3.0,0,1,1,23,1,expected
2018-11-25 19:28:10.829722,172,52.94.229.122,443,3.0,0,1,1,23,1,expected
2018-11-25 19:28:10.845275,172,52.94.229.122,443,3.0,0,1,1,23,1,expected
2018-11-25 19:28:10.858138,172,52.94.229.122,443,3.0,0,1,1,23,1,expected
2018-11-25 19:28:10.878738,172,52.94.229.122,443,3.0,0,1,1,23,1,expected
2018-11-25 19:28:10.910786,136,52.94.229.122,443,3.0,0,1,1,23,1,expected
2018-11-25 19:28:10.910995,92,52.94.229.122,443,3.0,0,1,1,23,1,expected
2018-11-25 19:28:10.942293,74,54.239.26.255,443,1.0,-112469882,0,1,,1,retransmit
2018-11-25 19:28:10.956046,54,52.94.229.122,443,1.0,1714,1,1,,1,ack
2018-11-25 19:28:11.003595,54,54.239.26.255,443,1.0,61,1,1,,1,ack
2018-11-25 19:28:11.005276,312,54.239.26.255,443,3.0,0,1,1,22,1,handshake
2018-11-25 19:28:11.050931,54,54.239.26.255,443,1.0,47,1,1,,1,ack
2018-11-25 19:28:11.052364,105,54.239.26.255,443,3.0,0,1,1,20,1,handshake
2018-11-25 19:28:11.146361,811,54.239.26.255,443,3.0,0,1,1,23,1,expected
2018-11-25 19:28:11.199412,85,54.239.26.255,443,3.0,0,1,1,21,1,handshake
2018-11-25 19:28:11.199609,54,54.239.26.255,443,1.0,148,1,1,,1,ack
2018-11-25 19:28:11.244704,54,54.239.26.255,443,1.0,45,1,1,,1,ack
2018-11-25 19:28:11.325235,54,52.94.229.122,443,1.0,369,1,1,,1,ack
2018-11-25 19:28:11.325495,54,52.94.229.122,443,1.0,0,1,1,,1,ack
2018-11-25 19:28:11.325588,54,52.94.229.122,443,1.0,0,1,1,,1,ack
2018-11-25 19:28:11.336520,54,52.94.229.122,443,1.0,10,1,1,,1,ack
2018-11-25 19:28:11.336751,54,52.94.229.122,443,1.0,0,1,1,,1,ack
2018-11-25 19:28:11.336924,54,52.94.229.122,443,1.0,0,1,1,,1,ack
2018-11-25 19:28:11.337087,54,52.94.229.122,443,1.0,0,1,1,,1,ack
2018-11-25 19:28:11.337161,54,52.94.229.122,443,1.0,0,1,1,,1,ack
2018-11-25 19:28:11.337286,54,52.94.229.122,443,1.0,0,1,1,,1,ack
2018-11-25 19:28:11.337408,54,52.94.229.122,443,1.0,0,1,1,,1,ack
2018-11-25 19:28:11.371315,54,52.94.229.122,443,1.0,33,1,1,,1,ack
2018-11-25 19:28:11.377667,54,52.94.229.122,443,1.0,6,1,1,,1,ack
2018-11-25 19:28:11.377840,54,52.94.229.122,443,1.0,0,1,1,,1,ack
2018-11-25 19:28:11.377991,54,52.94.229.122,443,1.0,0,1,1,,1,ack
2018-11-25 19:28:11.378064,54,52.94.229.122,443,1.0,0,1,1,,1,ack
2018-11-25 19:28:11.378135,54,52.94.229.122,443,1.0,0,1,1,,1,ack
2018-11-25 19:28:11.380244,54,52.94.229.122,443,1.0,2,1,1,,1,ack
2018-11-25 19:28:11.398355,54,52.94.229.122,443,1.0,18,1,1,,1,ack
2018-11-25 19:28:11.398572,54,52.94.229.122,443,1.0,0,1,1,,1,ack
2018-11-25 19:28:11.398651,96,52.94.229.122,443,3.0,0,1,1,23,1,expected
2018-11-25 19:28:11.398725,54,52.94.229.122,443,1.0,0,1,1,,1,ack
2018-11-25 19:28:11.402920,74,54.239.26.255,443,1.0,-112471742,0,1,,1,retransmit
2018-11-25 19:28:11.423085,54,52.94.229.122,443,1.0,24,1,1,,1,ack
2018-11-25 19:28:11.427572,54,52.94.229.122,443,1.0,4,1,1,,1,ack
2018-11-25 19:28:11.427724,54,52.94.229.122,443,1.0,0,1,1,,1,ack
2018-11-25 19:28:11.438086,54,52.94.229.122,443,1.0,10,1,1,,1,ack
2018-11-25 19:28:11.444763,54,54.239.26.255,443,1.0,41,1,1,,1,ack
2018-11-25 19:28:11.452923,312,54.239.26.255,443,3.0,0,1,1,22,1,handshake
2018-11-25 19:28:11.465572,286,52.94.229.122,443,3.0,0,1,1,23,1,expected
2018-11-25 19:28:11.466662,1514,52.94.229.122,443,3.0,0,1,1,23,1,expected
2018-11-25 19:28:11.466728,1514,52.94.229.122,443,1.0,28,1,1,,1,not_relevant
2018-11-25 19:28:11.466760,1106,52.94.229.122,443,3.0,0,1,1,23,1,expected
2018-11-25 19:28:11.493139,288,52.94.229.122,443,3.0,0,1,1,23,1,expected
2018-11-25 19:28:11.494174,1514,52.94.229.122,443,3.0,0,1,1,23,1,expected
2018-11-25 19:28:11.494235,1514,52.94.229.122,443,1.0,27,1,1,,1,not_relevant
2018-11-25 19:28:11.494266,1073,52.94.229.122,443,3.0,0,1,1,23,1,expected
2018-11-25 19:28:11.494295,92,52.94.229.122,443,3.0,0,1,1,23,1,expected
2018-11-25 19:28:11.494654,54,54.239.26.255,443,1.0,49,1,1,,1,ack
2018-11-25 19:28:11.507647,105,54.239.26.255,443,3.0,0,1,1,20,1,handshake
2018-11-25 19:28:11.542601,287,52.94.229.122,443,3.0,0,1,1,23,1,expected
2018-11-25 19:28:11.543722,190,52.94.229.122,443,3.0,0,1,1,23,1,expected
2018-11-25 19:28:11.547922,1514,52.94.229.122,443,1.0,53,1,1,,1,not_relevant
2018-11-25 19:28:11.548042,851,52.94.229.122,443,3.0,0,1,1,23,1,expected
2018-11-25 19:28:11.548498,136,52.94.229.122,443,3.0,0,1,1,23,1,expected
2018-11-25 19:28:11.549984,92,52.94.229.122,443,3.0,0,1,1,23,1,expected
2018-11-25 19:28:11.597420,789,54.239.26.255,443,3.0,0,1,1,23,1,expected
2018-11-25 19:28:11.599306,54,52.94.229.122,443,1.0,51,1,1,,1,ack
2018-11-25 19:28:11.647481,85,54.239.26.255,443,3.0,0,1,1,21,1,handshake
2018-11-25 19:28:11.647630,54,54.239.26.255,443,1.0,152,1,1,,1,ack
2018-11-25 19:28:11.673671,54,52.94.229.122,443,1.0,74,1,1,,1,ack
2018-11-25 19:28:11.681834,74,54.239.26.255,443,1.0,-112471801,0,1,,1,retransmit
2018-11-25 19:28:11.688893,54,54.239.26.255,443,1.0,41,1,1,,1,ack
2018-11-25 19:28:11.706080,54,52.94.229.122,443,1.0,32,1,1,,1,ack
2018-11-25 19:28:11.717287,54,52.94.229.122,443,1.0,11,1,1,,1,ack
2018-11-25 19:28:11.725666,54,54.239.26.255,443,1.0,43,1,1,,1,ack
2018-11-25 19:28:11.727013,312,54.239.26.255,443,3.0,0,1,1,22,1,handshake
2018-11-25 19:28:11.728359,54,52.94.229.122,443,1.0,11,1,1,,1,ack
2018-11-25 19:28:11.772141,54,54.239.26.255,443,1.0,46,1,1,,1,ack
2018-11-25 19:28:11.775220,105,54.239.26.255,443,3.0,0,1,1,20,1,handshake
2018-11-25 19:28:11.860909,797,54.239.26.255,443,3.0,0,1,1,23,1,expected
2018-11-25 19:28:11.910292,85,54.239.26.255,443,3.0,0,1,1,21,1,handshake
2018-11-25 19:28:11.910510,54,54.239.26.255,443,1.0,138,1,1,,1,ack
2018-11-25 19:28:11.953351,54,54.239.26.255,443,1.0,42,1,1,,1,ack
2018-11-25 19:28:17.902628,54,52.94.229.122,443,1.0,6174,1,1,,1,ack
2018-11-25 19:28:17.903697,100,52.94.229.122,443,3.0,0,1,1,23,1,syn
2018-11-25 19:28:18.673989,288,52.94.229.122,443,3.0,0,1,1,23,1,expected
2018-11-25 19:28:18.674347,190,52.94.229.122,443,3.0,0,1,1,23,1,expected
2018-11-25 19:28:18.674601,1514,52.94.229.122,443,1.0,771,1,1,,1,not_relevant
2018-11-25 19:28:18.674623,855,52.94.229.122,443,3.0,0,1,1,23,1,expected
2018-11-25 19:28:18.674641,136,52.94.229.122,443,3.0,0,1,1,23,1,expected
2018-11-25 19:28:18.696928,92,52.94.229.122,443,3.0,0,1,1,23,1,expected
2018-11-25 19:28:18.720800,639,52.94.229.122,443,3.0,0,1,1,23,1,expected
2018-11-25 19:28:18.721906,190,52.94.229.122,443,3.0,0,1,1,23,1,expected
2018-11-25 19:28:18.724093,1514,52.94.229.122,443,1.0,49,1,1,,1,not_relevant
2018-11-25 19:28:18.724317,855,52.94.229.122,443,3.0,0,1,1,23,1,expected
2018-11-25 19:28:18.724897,136,52.94.229.122,443,3.0,0,1,1,23,1,expected
2018-11-25 19:28:18.726412,92,52.94.229.122,443,3.0,0,1,1,23,1,expected
2018-11-25 19:28:18.808322,54,52.94.229.122,443,1.0,84,1,1,,1,ack
2018-11-25 19:28:18.953362,54,52.94.229.122,443,1.0,145,1,1,,1,ack
2018-11-25 19:28:19.174769,288,52.94.229.122,443,3.0,0,1,1,23,1,expected
2018-11-25 19:28:19.175476,190,52.94.229.122,443,3.0,0,1,1,23,1,expected
2018-11-25 19:28:19.175857,1514,52.94.229.122,443,1.0,222,1,1,,1,not_relevant
2018-11-25 19:28:19.175919,850,52.94.229.122,443,3.0,0,1,1,23,1,expected
2018-11-25 19:28:19.179697,136,52.94.229.122,443,3.0,0,1,1,23,1,expected
2018-11-25 19:28:19.180022,92,52.94.229.122,443,3.0,0,1,1,23,1,expected
2018-11-25 19:28:19.259244,54,52.94.229.122,443,1.0,83,1,1,,1,ack
2018-11-25 19:28:19.310380,54,52.94.229.122,443,1.0,51,1,1,,1,ack
2018-11-25 19:28:19.310601,54,52.94.229.122,443,1.0,0,1,1,,1,ack
2018-11-25 19:28:47.900318,54,52.94.229.122,443,1.0,28589,1,1,,1,ack
2018-11-25 19:28:47.903190,100,52.94.229.122,443,3.0,0,1,1,23,1,syn
2018-11-25 19:28:52.841902,296,52.94.229.122,443,3.0,0,1,1,23,1,expected
2018-11-25 19:28:52.844058,190,52.94.229.122,443,3.0,0,1,1,23,1,expected
2018-11-25 19:28:52.846600,1514,52.94.229.122,443,1.0,4946,1,1,,1,not_relevant
2018-11-25 19:28:52.846650,1514,52.94.229.122,443,3.0,0,1,1,23,1,expected
2018-11-25 19:28:52.846668,1453,52.94.229.122,443,3.0,0,1,1,23,1,expected
2018-11-25 19:28:52.901567,287,52.94.229.122,443,3.0,0,1,1,23,1,expected
2018-11-25 19:28:52.907124,190,52.94.229.122,443,3.0,0,1,1,23,1,expected
2018-11-25 19:28:52.908545,1514,52.94.229.122,443,1.0,61,1,1,,1,not_relevant
2018-11-25 19:28:52.908569,1193,52.94.229.122,443,3.0,0,1,1,23,1,expected
2018-11-25 19:28:52.908585,92,52.94.229.122,443,3.0,0,1,1,23,1,expected
2018-11-25 19:28:52.944082,74,54.239.26.255,443,1.0,-112430961,0,1,,1,retransmit
2018-11-25 19:28:52.987317,54,54.239.26.255,443,1.0,43,1,1,,1,ack
2018-11-25 19:28:52.989213,312,54.239.26.255,443,3.0,0,1,1,22,1,handshake
2018-11-25 19:28:52.996318,1514,52.94.229.122,443,1.0,87,1,1,,1,not_relevant
2018-11-25 19:28:52.996367,1514,52.94.229.122,443,1.0,0,1,1,,1,not_relevant
2018-11-25 19:28:52.996385,1514,52.94.229.122,443,1.0,0,1,1,,1,not_relevant
2018-11-25 19:28:52.996401,332,52.94.229.122,443,3.0,0,1,1,23,1,expected
2018-11-25 19:28:53.005962,172,52.94.229.122,443,3.0,0,1,1,23,1,expected
2018-11-25 19:28:53.020007,172,52.94.229.122,443,3.0,0,1,1,23,1,expected
2018-11-25 19:28:53.034523,172,52.94.229.122,443,3.0,0,1,1,23,1,expected
2018-11-25 19:28:53.035352,54,54.239.26.255,443,1.0,48,1,1,,1,ack
2018-11-25 19:28:53.038736,105,54.239.26.255,443,3.0,0,1,1,20,1,handshake
2018-11-25 19:28:53.061990,54,52.94.229.122,443,1.0,65,1,1,,1,ack
2018-11-25 19:28:53.068761,172,52.94.229.122,443,3.0,0,1,1,23,1,expected
2018-11-25 19:28:53.082472,172,52.94.229.122,443,3.0,0,1,1,23,1,expected
2018-11-25 19:28:53.103991,172,52.94.229.122,443,3.0,0,1,1,23,1,expected
2018-11-25 19:28:53.117717,172,52.94.229.122,443,3.0,0,1,1,23,1,expected
2018-11-25 19:28:53.121329,766,54.239.26.255,443,3.0,0,1,1,23,1,expected
2018-11-25 19:28:53.146125,172,52.94.229.122,443,3.0,0,1,1,23,1,expected
2018-11-25 19:28:53.166525,172,52.94.229.122,443,3.0,0,1,1,23,1,expected
2018-11-25 19:28:53.172241,85,54.239.26.255,443,3.0,0,1,1,21,1,handshake
2018-11-25 19:28:53.172435,54,54.239.26.255,443,1.0,137,1,1,,1,ack
2018-11-25 19:28:53.180663,172,52.94.229.122,443,3.0,0,1,1,23,1,expected
2018-11-25 19:28:53.194580,172,52.94.229.122,443,3.0,0,1,1,23,1,expected
2018-11-25 19:28:53.216514,54,54.239.26.255,443,1.0,44,1,1,,1,ack
2018-11-25 19:28:53.244070,172,52.94.229.122,443,3.0,0,1,1,23,1,expected
2018-11-25 19:28:53.244356,172,52.94.229.122,443,3.0,0,1,1,23,1,expected
2018-11-25 19:28:53.263962,172,52.94.229.122,443,3.0,0,1,1,23,1,expected
2018-11-25 19:28:53.278174,172,52.94.229.122,443,3.0,0,1,1,23,1,expected
2018-11-25 19:28:53.305520,172,52.94.229.122,443,3.0,0,1,1,23,1,expected
2018-11-25 19:28:53.326599,172,52.94.229.122,443,3.0,0,1,1,23,1,expected
2018-11-25 19:28:53.341306,172,52.94.229.122,443,3.0,0,1,1,23,1,expected
2018-11-25 19:28:53.354515,172,52.94.229.122,443,3.0,0,1,1,23,1,expected
2018-11-25 19:28:53.389842,172,52.94.229.122,443,3.0,0,1,1,23,1,expected
2018-11-25 19:28:53.404553,172,52.94.229.122,443,3.0,0,1,1,23,1,expected
2018-11-25 19:28:53.405649,287,52.94.229.122,443,3.0,0,1,1,23,1,expected
2018-11-25 19:28:53.406183,190,52.94.229.122,443,3.0,0,1,1,23,1,expected
2018-11-25 19:28:53.409323,1514,52.94.229.122,443,1.0,347,1,1,,1,not_relevant
2018-11-25 19:28:53.409345,854,52.94.229.122,443,3.0,0,1,1,23,1,expected
2018-11-25 19:28:53.409361,136,52.94.229.122,443,3.0,0,1,1,23,1,expected
2018-11-25 19:28:53.409472,92,52.94.229.122,443,3.0,0,1,1,23,1,expected
2018-11-25 19:28:53.417625,172,52.94.229.122,443,3.0,0,1,1,23,1,expected
2018-11-25 19:28:53.438632,172,52.94.229.122,443,3.0,0,1,1,23,1,expected
2018-11-25 19:28:53.466562,172,52.94.229.122,443,3.0,0,1,1,23,1,expected
2018-11-25 19:28:53.487422,172,52.94.229.122,443,3.0,0,1,1,23,1,expected
2018-11-25 19:28:53.501414,172,52.94.229.122,443,3.0,0,1,1,23,1,expected
2018-11-25 19:28:53.515781,172,52.94.229.122,443,3.0,0,1,1,23,1,expected
2018-11-25 19:28:53.542124,54,52.94.229.122,443,1.0,132,1,1,,1,ack
2018-11-25 19:28:53.550977,172,52.94.229.122,443,3.0,0,1,1,23,1,expected
2018-11-25 19:28:53.564468,172,52.94.229.122,443,3.0,0,1,1,23,1,expected
2018-11-25 19:28:53.578799,172,52.94.229.122,443,3.0,0,1,1,23,1,expected
2018-11-25 19:28:53.599593,172,52.94.229.122,443,3.0,0,1,1,23,1,expected
2018-11-25 19:28:53.627873,172,52.94.229.122,443,3.0,0,1,1,23,1,expected
2018-11-25 19:28:53.641719,172,52.94.229.122,443,3.0,0,1,1,23,1,expected
2018-11-25 19:28:53.662459,172,52.94.229.122,443,3.0,0,1,1,23,1,expected
2018-11-25 19:28:53.676730,172,52.94.229.122,443,3.0,0,1,1,23,1,expected
2018-11-25 19:28:53.711541,172,52.94.229.122,443,3.0,0,1,1,23,1,expected
2018-11-25 19:28:53.725451,172,52.94.229.122,443,3.0,0,1,1,23,1,expected
2018-11-25 19:28:53.739613,172,52.94.229.122,443,3.0,0,1,1,23,1,expected
2018-11-25 19:28:53.754108,172,52.94.229.122,443,3.0,0,1,1,23,1,expected
2018-11-25 19:28:53.788446,172,52.94.229.122,443,3.0,0,1,1,23,1,expected
2018-11-25 19:28:53.802536,172,52.94.229.122,443,3.0,0,1,1,23,1,expected
2018-11-25 19:28:53.823782,172,52.94.229.122,443,3.0,0,1,1,23,1,expected
2018-11-25 19:28:53.837455,172,52.94.229.122,443,3.0,0,1,1,23,1,expected
2018-11-25 19:28:53.865601,172,52.94.229.122,443,3.0,0,1,1,23,1,expected
2018-11-25 19:28:53.886655,172,52.94.229.122,443,3.0,0,1,1,23,1,expected
2018-11-25 19:28:53.900571,172,52.94.229.122,443,3.0,0,1,1,23,1,expected
2018-11-25 19:28:53.914656,172,52.94.229.122,443,3.0,0,1,1,23,1,expected
2018-11-25 19:28:53.949564,172,52.94.229.122,443,3.0,0,1,1,23,1,expected
2018-11-25 19:28:53.963451,172,52.94.229.122,443,3.0,0,1,1,23,1,expected
2018-11-25 19:28:53.977780,172,52.94.229.122,443,3.0,0,1,1,23,1,expected
2018-11-25 19:28:53.999019,172,52.94.229.122,443,3.0,0,1,1,23,1,expected
2018-11-25 19:28:54.026757,172,52.94.229.122,443,3.0,0,1,1,23,1,expected
2018-11-25 19:28:54.048785,172,52.94.229.122,443,3.0,0,1,1,23,1,expected
2018-11-25 19:28:54.066737,172,52.94.229.122,443,3.0,0,1,1,23,1,expected
2018-11-25 19:28:54.079048,172,52.94.229.122,443,3.0,0,1,1,23,1,expected
2018-11-25 19:28:54.111172,172,52.94.229.122,443,3.0,0,1,1,23,1,expected
2018-11-25 19:28:54.124365,172,52.94.229.122,443,3.0,0,1,1,23,1,expected
2018-11-25 19:28:54.138521,172,52.94.229.122,443,3.0,0,1,1,23,1,expected
2018-11-25 19:28:54.160429,172,52.94.229.122,443,3.0,0,1,1,23,1,expected
2018-11-25 19:28:54.187581,172,52.94.229.122,443,3.0,0,1,1,23,1,expected
2018-11-25 19:28:54.201609,172,52.94.229.122,443,3.0,0,1,1,23,1,expected
2018-11-25 19:28:54.222551,172,52.94.229.122,443,3.0,0,1,1,23,1,expected
2018-11-25 19:28:54.236959,172,52.94.229.122,443,3.0,0,1,1,23,1,expected
2018-11-25 19:28:54.271634,172,52.94.229.122,443,3.0,0,1,1,23,1,expected
2018-11-25 19:28:54.285579,172,52.94.229.122,443,3.0,0,1,1,23,1,expected
2018-11-25 19:28:54.300045,172,52.94.229.122,443,3.0,0,1,1,23,1,expected
2018-11-25 19:28:54.313922,172,52.94.229.122,443,3.0,0,1,1,23,1,expected
2018-11-25 19:28:54.348513,172,52.94.229.122,443,3.0,0,1,1,23,1,expected
2018-11-25 19:28:54.361654,172,52.94.229.122,443,3.0,0,1,1,23,1,expected
2018-11-25 19:28:54.382490,172,52.94.229.122,443,3.0,0,1,1,23,1,expected
2018-11-25 19:28:54.396571,172,52.94.229.122,443,3.0,0,1,1,23,1,expected
2018-11-25 19:28:54.431484,172,52.94.229.122,443,3.0,0,1,1,23,1,expected
2018-11-25 19:28:54.445313,172,52.94.229.122,443,3.0,0,1,1,23,1,expected
2018-11-25 19:28:54.459433,172,52.94.229.122,443,3.0,0,1,1,23,1,expected
2018-11-25 19:28:54.473605,172,52.94.229.122,443,3.0,0,1,1,23,1,expected
2018-11-25 19:28:54.508040,172,52.94.229.122,443,3.0,0,1,1,23,1,expected
2018-11-25 19:28:54.524801,172,52.94.229.122,443,3.0,0,1,1,23,1,expected
2018-11-25 19:28:54.546085,172,52.94.229.122,443,3.0,0,1,1,23,1,expected
2018-11-25 19:28:54.556920,172,52.94.229.122,443,3.0,0,1,1,23,1,expected
2018-11-25 19:28:54.591706,172,52.94.229.122,443,3.0,0,1,1,23,1,expected
2018-11-25 19:28:54.605440,172,52.94.229.122,443,3.0,0,1,1,23,1,expected
2018-11-25 19:28:54.643769,172,52.94.229.122,443,3.0,0,1,1,23,1,expected
2018-11-25 19:28:54.643951,172,52.94.229.122,443,3.0,0,1,1,23,1,expected
2018-11-25 19:28:54.668444,172,52.94.229.122,443,3.0,0,1,1,23,1,expected
2018-11-25 19:28:54.682362,172,52.94.229.122,443,3.0,0,1,1,23,1,expected
2018-11-25 19:28:54.703495,172,52.94.229.122,443,3.0,0,1,1,23,1,expected
2018-11-25 19:28:54.717862,172,52.94.229.122,443,3.0,0,1,1,23,1,expected
2018-11-25 19:28:54.745423,172,52.94.229.122,443,3.0,0,1,1,23,1,expected
2018-11-25 19:28:54.768401,172,52.94.229.122,443,3.0,0,1,1,23,1,expected
2018-11-25 19:28:54.780813,172,52.94.229.122,443,3.0,0,1,1,23,1,expected
2018-11-25 19:28:54.795242,172,52.94.229.122,443,3.0,0,1,1,23,1,expected
2018-11-25 19:28:54.830200,172,52.94.229.122,443,3.0,0,1,1,23,1,expected
2018-11-25 19:28:54.844046,172,52.94.229.122,443,3.0,0,1,1,23,1,expected
2018-11-25 19:28:54.857832,172,52.94.229.122,443,3.0,0,1,1,23,1,expected
2018-11-25 19:28:54.878724,172,52.94.229.122,443,3.0,0,1,1,23,1,expected
2018-11-25 19:28:54.910537,172,52.94.229.122,443,3.0,0,1,1,23,1,expected
2018-11-25 19:28:54.927611,172,52.94.229.122,443,3.0,0,1,1,23,1,expected
2018-11-25 19:28:54.941455,172,52.94.229.122,443,3.0,0,1,1,23,1,expected
2018-11-25 19:28:54.956109,172,52.94.229.122,443,3.0,0,1,1,23,1,expected
2018-11-25 19:28:54.995338,172,52.94.229.122,443,3.0,0,1,1,23,1,expected
2018-11-25 19:28:55.004435,172,52.94.229.122,443,3.0,0,1,1,23,1,expected
2018-11-25 19:28:55.019161,172,52.94.229.122,443,3.0,0,1,1,23,1,expected
2018-11-25 19:28:55.039694,172,52.94.229.122,443,3.0,0,1,1,23,1,expected
2018-11-25 19:28:55.068323,172,52.94.229.122,443,3.0,0,1,1,23,1,expected
2018-11-25 19:28:55.082128,172,52.94.229.122,443,3.0,0,1,1,23,1,expected
2018-11-25 19:28:55.102366,172,52.94.229.122,443,3.0,0,1,1,23,1,expected
2018-11-25 19:28:55.116439,172,52.94.229.122,443,3.0,0,1,1,23,1,expected
2018-11-25 19:28:55.151568,172,52.94.229.122,443,3.0,0,1,1,23,1,expected
2018-11-25 19:28:55.165627,172,52.94.229.122,443,3.0,0,1,1,23,1,expected
2018-11-25 19:28:55.179680,172,52.94.229.122,443,3.0,0,1,1,23,1,expected
2018-11-25 19:28:55.194126,172,52.94.229.122,443,3.0,0,1,1,23,1,expected
2018-11-25 19:28:55.228485,172,52.94.229.122,443,3.0,0,1,1,23,1,expected
2018-11-25 19:28:55.244041,172,52.94.229.122,443,3.0,0,1,1,23,1,expected
2018-11-25 19:28:55.262185,136,52.94.229.122,443,3.0,0,1,1,23,1,expected
2018-11-25 19:28:55.264728,92,52.94.229.122,443,3.0,0,1,1,23,1,expected
2018-11-25 19:28:55.286918,74,54.239.26.255,443,1.0,-112429070,0,1,,1,retransmit
2018-11-25 19:28:55.306069,54,52.94.229.122,443,1.0,1763,1,1,,1,ack
2018-11-25 19:28:55.349336,54,54.239.26.255,443,1.0,62,1,1,,1,ack
2018-11-25 19:28:55.350780,312,54.239.26.255,443,3.0,0,1,1,22,1,handshake
2018-11-25 19:28:55.393166,54,54.239.26.255,443,1.0,43,1,1,,1,ack
2018-11-25 19:28:55.393571,105,54.239.26.255,443,3.0,0,1,1,20,1,handshake
2018-11-25 19:28:55.478560,813,54.239.26.255,443,3.0,0,1,1,23,1,expected
2018-11-25 19:28:55.525792,85,54.239.26.255,443,3.0,0,1,1,21,1,handshake
2018-11-25 19:28:55.526062,54,54.239.26.255,443,1.0,132,1,1,,1,ack
2018-11-25 19:28:55.564500,54,54.239.26.255,443,1.0,38,1,1,,1,ack
2018-11-25 19:28:55.577327,54,52.94.229.122,443,1.0,271,1,1,,1,ack
2018-11-25 19:28:55.578143,54,52.94.229.122,443,1.0,0,1,1,,1,ack
2018-11-25 19:28:55.578232,54,52.94.229.122,443,1.0,0,1,1,,1,ack
2018-11-25 19:28:55.579138,54,52.94.229.122,443,1.0,0,1,1,,1,ack
2018-11-25 19:28:55.579237,54,52.94.229.122,443,1.0,0,1,1,,1,ack
2018-11-25 19:28:55.580365,54,52.94.229.122,443,1.0,1,1,1,,1,ack
2018-11-25 19:28:55.580475,54,52.94.229.122,443,1.0,0,1,1,,1,ack
2018-11-25 19:28:55.581554,54,52.94.229.122,443,1.0,1,1,1,,1,ack
2018-11-25 19:28:55.581641,54,52.94.229.122,443,1.0,0,1,1,,1,ack
2018-11-25 19:28:55.584205,54,52.94.229.122,443,1.0,2,1,1,,1,ack
2018-11-25 19:28:55.627197,54,52.94.229.122,443,1.0,42,1,1,,1,ack
2018-11-25 19:28:55.627385,54,52.94.229.122,443,1.0,0,1,1,,1,ack
2018-11-25 19:28:55.627538,54,52.94.229.122,443,1.0,0,1,1,,1,ack
2018-11-25 19:28:55.627691,54,52.94.229.122,443,1.0,0,1,1,,1,ack
2018-11-25 19:28:55.627871,54,52.94.229.122,443,1.0,0,1,1,,1,ack
2018-11-25 19:28:55.628138,54,52.94.229.122,443,1.0,0,1,1,,1,ack
2018-11-25 19:28:55.629207,54,52.94.229.122,443,1.0,1,1,1,,1,ack
2018-11-25 19:28:55.630712,54,52.94.229.122,443,1.0,1,1,1,,1,ack
2018-11-25 19:28:55.631177,54,52.94.229.122,443,1.0,0,1,1,,1,ack
2018-11-25 19:28:55.632179,54,52.94.229.122,443,1.0,1,1,1,,1,ack
2018-11-25 19:28:55.638679,96,52.94.229.122,443,3.0,0,1,1,23,1,expected
2018-11-25 19:28:55.639052,74,54.239.26.255,443,1.0,-112442393,0,1,,1,retransmit
2018-11-25 19:28:55.672768,54,52.94.229.122,443,1.0,40,1,1,,1,ack
2018-11-25 19:28:55.680414,54,54.239.26.255,443,1.0,41,1,1,,1,ack
2018-11-25 19:28:55.680680,312,54.239.26.255,443,3.0,0,1,1,22,1,handshake
2018-11-25 19:28:55.726335,54,54.239.26.255,443,1.0,45,1,1,,1,ack
2018-11-25 19:28:55.726626,105,54.239.26.255,443,3.0,0,1,1,20,1,handshake
2018-11-25 19:28:55.813941,787,54.239.26.255,443,3.0,0,1,1,23,1,expected
2018-11-25 19:28:55.825160,286,52.94.229.122,443,3.0,0,1,1,23,1,expected
2018-11-25 19:28:55.827187,1514,52.94.229.122,443,3.0,0,1,1,23,1,expected
2018-11-25 19:28:55.827286,1514,52.94.229.122,443,1.0,154,1,1,,1,not_relevant
2018-11-25 19:28:55.827313,1102,52.94.229.122,443,3.0,0,1,1,23,1,expected
2018-11-25 19:28:55.836134,285,52.94.229.122,443,3.0,0,1,1,23,1,expected
2018-11-25 19:28:55.838296,1514,52.94.229.122,443,3.0,0,1,1,23,1,expected
2018-11-25 19:28:55.838381,1514,52.94.229.122,443,1.0,11,1,1,,1,not_relevant
2018-11-25 19:28:55.838405,991,52.94.229.122,443,3.0,0,1,1,23,1,expected
2018-11-25 19:28:55.840059,136,52.94.229.122,443,3.0,0,1,1,23,1,expected
2018-11-25 19:28:55.840212,92,52.94.229.122,443,3.0,0,1,1,23,1,expected
2018-11-25 19:28:55.861664,85,54.239.26.255,443,3.0,0,1,1,21,1,handshake
2018-11-25 19:28:55.861885,54,54.239.26.255,443,1.0,135,1,1,,1,ack
2018-11-25 19:28:55.900809,54,54.239.26.255,443,1.0,38,1,1,,1,ack
2018-11-25 19:28:55.906367,285,52.94.229.122,443,3.0,0,1,1,23,1,expected
2018-11-25 19:28:55.909157,190,52.94.229.122,443,3.0,0,1,1,23,1,expected
2018-11-25 19:28:55.911154,1514,52.94.229.122,443,1.0,72,1,1,,1,not_relevant
2018-11-25 19:28:55.911176,971,52.94.229.122,443,3.0,0,1,1,23,1,expected
2018-11-25 19:28:55.938730,74,54.239.26.255,443,1.0,-112520640,0,1,,1,retransmit
2018-11-25 19:28:55.956204,54,52.94.229.122,443,1.0,45,1,1,,1,ack
2018-11-25 19:28:55.970165,54,52.94.229.122,443,1.0,13,1,1,,1,ack
2018-11-25 19:28:55.979945,54,52.94.229.122,443,1.0,9,1,1,,1,ack
2018-11-25 19:28:55.982958,54,54.239.26.255,443,1.0,44,1,1,,1,ack
2018-11-25 19:28:55.984293,312,54.239.26.255,443,3.0,0,1,1,22,1,handshake
2018-11-25 19:28:56.049364,54,52.94.229.122,443,1.0,69,1,1,,1,ack
2018-11-25 19:28:56.050666,54,54.239.26.255,443,1.0,67,1,1,,1,ack
2018-11-25 19:28:56.052998,105,54.239.26.255,443,3.0,0,1,1,20,1,handshake
2018-11-25 19:28:56.053153,54,54.239.26.255,443,1.0,2,1,1,,1,ack
2018-11-25 19:28:56.146219,799,54.239.26.255,443,3.0,0,1,1,23,1,expected
2018-11-25 19:28:56.196605,85,54.239.26.255,443,3.0,0,1,1,21,1,handshake
2018-11-25 19:28:56.196771,54,54.239.26.255,443,1.0,143,1,1,,1,ack
2018-11-25 19:28:56.242619,54,54.239.26.255,443,1.0,45,1,1,,1,ack
2018-11-25 19:29:01.766772,286,52.94.229.122,443,3.0,0,1,1,23,1,expected
2018-11-25 19:29:01.767406,1514,52.94.229.122,443,3.0,0,1,1,23,1,expected
2018-11-25 19:29:01.767469,1514,52.94.229.122,443,1.0,5718,1,1,,1,not_relevant
2018-11-25 19:29:01.767501,1073,52.94.229.122,443,3.0,0,1,1,23,1,expected
2018-11-25 19:29:01.767531,92,52.94.229.122,443,3.0,0,1,1,23,1,expected
2018-11-25 19:29:01.814338,287,52.94.229.122,443,3.0,0,1,1,23,1,expected
2018-11-25 19:29:01.814689,1514,52.94.229.122,443,3.0,0,1,1,23,1,expected
2018-11-25 19:29:01.814729,1514,52.94.229.122,443,1.0,47,1,1,,1,not_relevant
2018-11-25 19:29:01.815013,1073,52.94.229.122,443,3.0,0,1,1,23,1,expected
2018-11-25 19:29:01.815052,92,52.94.229.122,443,3.0,0,1,1,23,1,expected
2018-11-25 19:29:01.905111,54,52.94.229.122,443,1.0,90,1,1,,1,ack
2018-11-25 19:29:01.985667,54,52.94.229.122,443,1.0,80,1,1,,1,ack
2018-11-25 19:29:02.256554,287,52.94.229.122,443,3.0,0,1,1,23,1,expected
2018-11-25 19:29:02.256848,190,52.94.229.122,443,3.0,0,1,1,23,1,expected
2018-11-25 19:29:02.257092,1514,52.94.229.122,443,1.0,271,1,1,,1,not_relevant
2018-11-25 19:29:02.257112,850,52.94.229.122,443,3.0,0,1,1,23,1,expected
2018-11-25 19:29:02.257127,136,52.94.229.122,443,3.0,0,1,1,23,1,expected
2018-11-25 19:29:02.257216,92,52.94.229.122,443,3.0,0,1,1,23,1,expected
2018-11-25 19:29:02.394170,54,52.94.229.122,443,1.0,137,1,1,,1,ack
2018-11-25 19:29:05.727568,66,99.84.170.230,80,1.0,180101,1,1,,1,ack
2018-11-25 19:29:05.791331,74,99.84.170.80,80,1.0,-112513351,0,1,,1,retransmit
2018-11-25 19:29:05.849381,66,99.84.170.80,80,1.0,58,1,1,,1,ack
2018-11-25 19:29:05.849712,256,99.84.170.80,80,3.0,0,1,1,,1,not_relevant
2018-11-25 19:29:05.885362,66,99.84.170.80,80,1.0,35,1,1,,1,ack
2018-11-25 19:29:05.900773,54,54.231.82.2,80,1.0,-112513620,1,1,,1,ack
2018-11-25 19:29:05.936504,74,52.216.169.51,80,1.0,-112514157,0,1,,1,retransmit
2018-11-25 19:29:05.975345,54,52.216.169.51,80,1.0,38,1,1,,1,ack
2018-11-25 19:29:05.976099,200,52.216.169.51,80,3.0,0,1,1,,1,not_relevant
2018-11-25 19:29:05.976158,66,99.84.170.230,80,1.0,248,1,1,,1,ack
2018-11-25 19:29:06.022362,54,52.216.169.51,80,1.0,47,1,1,,1,ack
2018-11-25 19:29:06.023494,54,52.216.169.51,80,1.0,1,1,1,,1,ack
2018-11-25 19:29:06.056242,66,52.216.169.51,80,1.0,32,1,1,,1,ack
2018-11-25 19:29:06.150706,54,54.231.82.2,80,1.0,249,1,1,,1,ack
2018-11-25 19:29:06.229251,66,99.84.170.230,80,1.0,253,1,1,,1,ack
2018-11-25 19:29:06.399196,54,54.231.82.2,80,1.0,248,1,1,,1,ack
2018-11-25 19:29:06.731278,66,99.84.170.230,80,1.0,502,1,1,,1,ack
2018-11-25 19:29:06.899600,54,54.231.82.2,80,1.0,500,1,1,,1,ack
2018-11-25 19:29:07.726402,66,99.84.170.230,80,1.0,995,1,1,,1,ack
2018-11-25 19:29:07.899064,54,54.231.82.2,80,1.0,999,1,1,,1,ack
2018-11-25 19:29:09.815524,66,99.84.170.230,80,1.0,2089,1,1,,1,ack
2018-11-25 19:29:09.898099,54,54.231.82.2,80,1.0,1999,1,1,,1,ack
2018-11-25 19:29:13.737210,66,99.84.170.230,80,1.0,3921,1,1,,1,ack
2018-11-25 19:29:13.909299,54,54.231.82.2,80,1.0,4011,1,1,,1,ack
