2018-10-22 08:24:13.700413,54,52.216.18.48,80,1.0,-294142696,1,1,,1,ack
2018-10-22 08:24:20.220703,287,52.46.136.77,443,3.0,0,1,1,23,1,expected
2018-10-22 08:24:20.250635,363,52.46.136.77,443,3.0,0,1,1,23,1,expected
2018-10-22 08:24:20.266700,1514,52.46.136.77,443,1.0,-294114380,1,1,,1,not_relevant
2018-10-22 08:24:20.266730,771,52.46.136.77,443,3.0,0,1,1,23,1,expected
2018-10-22 08:24:20.288254,54,52.46.136.77,443,1.0,21,1,1,,1,ack
2018-10-22 08:24:20.291605,491,52.46.136.77,443,3.0,0,1,1,23,1,expected
2018-10-22 08:24:20.292338,491,52.46.136.77,443,3.0,0,1,1,23,1,expected
2018-10-22 08:24:20.305212,491,52.46.136.77,443,3.0,0,1,1,23,1,expected
2018-10-22 08:24:20.306599,491,52.46.136.77,443,3.0,0,1,1,23,1,expected
2018-10-22 08:24:20.331331,491,52.46.136.77,443,3.0,0,1,1,23,1,expected
2018-10-22 08:24:20.332263,631,52.46.136.77,443,3.0,0,1,1,23,1,expected
2018-10-22 08:24:20.332816,1514,52.46.136.77,443,3.0,0,1,1,23,1,expected
2018-10-22 08:24:20.334350,1468,52.46.136.77,443,3.0,0,1,1,23,1,expected
2018-10-22 08:24:20.369595,491,52.46.136.77,443,3.0,0,1,1,23,1,expected
2018-10-22 08:24:20.374882,1514,52.46.136.77,443,3.0,0,1,1,23,1,expected
2018-10-22 08:24:20.374911,408,52.46.136.77,443,3.0,0,1,1,23,1,expected
2018-10-22 08:24:20.432673,491,52.46.136.77,443,3.0,0,1,1,23,1,expected
2018-10-22 08:24:20.458140,491,52.46.136.77,443,3.0,0,1,1,23,1,expected
2018-10-22 08:24:20.530509,491,52.46.136.77,443,3.0,0,1,1,23,1,expected
2018-10-22 08:24:20.566478,491,52.46.136.77,443,3.0,0,1,1,23,1,expected
2018-10-22 08:24:20.626421,491,52.46.136.77,443,3.0,0,1,1,23,1,expected
2018-10-22 08:24:20.651458,491,52.46.136.77,443,3.0,0,1,1,23,1,expected
2018-10-22 08:24:20.727282,491,52.46.136.77,443,3.0,0,1,1,23,1,expected
2018-10-22 08:24:20.776197,491,52.46.136.77,443,3.0,0,1,1,23,1,expected
2018-10-22 08:24:20.814218,491,52.46.136.77,443,3.0,0,1,1,23,1,expected
2018-10-22 08:24:20.886587,491,52.46.136.77,443,3.0,0,1,1,23,1,expected
2018-10-22 08:24:20.928915,491,52.46.136.77,443,3.0,0,1,1,23,1,expected
2018-10-22 08:24:20.963063,491,52.46.136.77,443,3.0,0,1,1,23,1,expected
2018-10-22 08:24:21.059793,491,52.46.136.77,443,3.0,0,1,1,23,1,expected
2018-10-22 08:24:21.060347,491,52.46.136.77,443,3.0,0,1,1,23,1,expected
2018-10-22 08:24:21.129537,491,52.46.136.77,443,3.0,0,1,1,23,1,expected
2018-10-22 08:24:21.170393,491,52.46.136.77,443,3.0,0,1,1,23,1,expected
2018-10-22 08:24:21.218305,491,52.46.136.77,443,3.0,0,1,1,23,1,expected
2018-10-22 08:24:21.266161,491,52.46.136.77,443,3.0,0,1,1,23,1,expected
2018-10-22 08:24:21.382851,491,52.46.136.77,443,3.0,0,1,1,23,1,expected
2018-10-22 08:24:21.384147,491,52.46.136.77,443,3.0,0,1,1,23,1,expected
2018-10-22 08:24:21.422282,491,52.46.136.77,443,3.0,0,1,1,23,1,expected
2018-10-22 08:24:21.450243,491,52.46.136.77,443,3.0,0,1,1,23,1,expected
2018-10-22 08:24:21.520912,491,52.46.136.77,443,3.0,0,1,1,23,1,expected
2018-10-22 08:24:21.566103,491,52.46.136.77,443,3.0,0,1,1,23,1,expected
2018-10-22 08:24:21.610998,491,52.46.136.77,443,3.0,0,1,1,23,1,expected
2018-10-22 08:24:21.663362,491,52.46.136.77,443,3.0,0,1,1,23,1,expected
2018-10-22 08:24:21.726265,491,52.46.136.77,443,3.0,0,1,1,23,1,expected
2018-10-22 08:24:21.761052,491,52.46.136.77,443,3.0,0,1,1,23,1,expected
2018-10-22 08:24:21.831813,491,52.46.136.77,443,3.0,0,1,1,23,1,expected
2018-10-22 08:24:21.849240,491,52.46.136.77,443,3.0,0,1,1,23,1,expected
2018-10-22 08:24:21.925654,491,52.46.136.77,443,3.0,0,1,1,23,1,expected
2018-10-22 08:24:21.962439,491,52.46.136.77,443,3.0,0,1,1,23,1,expected
2018-10-22 08:24:22.011187,491,52.46.136.77,443,3.0,0,1,1,23,1,expected
2018-10-22 08:24:22.057328,491,52.46.136.77,443,3.0,0,1,1,23,1,expected
2018-10-22 08:24:22.131794,491,52.46.136.77,443,3.0,0,1,1,23,1,expected
2018-10-22 08:24:22.166128,491,52.46.136.77,443,3.0,0,1,1,23,1,expected
2018-10-22 08:24:22.218125,491,52.46.136.77,443,3.0,0,1,1,23,1,expected
2018-10-22 08:24:22.253591,491,52.46.136.77,443,3.0,0,1,1,23,1,expected
2018-10-22 08:24:22.324521,491,52.46.136.77,443,3.0,0,1,1,23,1,expected
2018-10-22 08:24:22.368172,491,52.46.136.77,443,3.0,0,1,1,23,1,expected
2018-10-22 08:24:22.414393,491,52.46.136.77,443,3.0,0,1,1,23,1,expected
2018-10-22 08:24:22.463253,491,52.46.136.77,443,3.0,0,1,1,23,1,expected
2018-10-22 08:24:22.533430,491,52.46.136.77,443,3.0,0,1,1,23,1,expected
2018-10-22 08:24:22.567224,491,52.46.136.77,443,3.0,0,1,1,23,1,expected
2018-10-22 08:24:22.623468,491,52.46.136.77,443,3.0,0,1,1,23,1,expected
2018-10-22 08:24:22.654215,491,52.46.136.77,443,3.0,0,1,1,23,1,expected
2018-10-22 08:24:22.720938,491,52.46.136.77,443,3.0,0,1,1,23,1,expected
2018-10-22 08:24:22.726785,54,52.216.85.115,80,1.0,-293886986,1,1,,1,ack
2018-10-22 08:24:22.768128,491,52.46.136.77,443,3.0,0,1,1,23,1,expected
2018-10-22 08:24:22.817673,491,52.46.136.77,443,3.0,0,1,1,23,1,expected
2018-10-22 08:24:22.863060,491,52.46.136.77,443,3.0,0,1,1,23,1,expected
2018-10-22 08:24:22.926524,491,52.46.136.77,443,3.0,0,1,1,23,1,expected
2018-10-22 08:24:22.962678,491,52.46.136.77,443,3.0,0,1,1,23,1,expected
2018-10-22 08:24:23.017772,491,52.46.136.77,443,3.0,0,1,1,23,1,expected
2018-10-22 08:24:23.051552,491,52.46.136.77,443,3.0,0,1,1,23,1,expected
2018-10-22 08:24:23.123933,54,52.46.136.77,443,1.0,2835,1,1,,1,ack
2018-10-22 08:24:23.124061,491,52.46.136.77,443,3.0,0,1,1,23,1,expected
2018-10-22 08:24:23.165720,491,52.46.136.77,443,3.0,0,1,1,23,1,expected
2018-10-22 08:24:23.184028,54,52.46.136.77,443,1.0,60,1,1,,1,ack
2018-10-22 08:24:23.232674,491,52.46.136.77,443,3.0,0,1,1,23,1,expected
2018-10-22 08:24:23.260970,491,52.46.136.77,443,3.0,0,1,1,23,1,expected
2018-10-22 08:24:23.335143,491,52.46.136.77,443,3.0,0,1,1,23,1,expected
2018-10-22 08:24:23.362164,491,52.46.136.77,443,3.0,0,1,1,23,1,expected
2018-10-22 08:24:23.429300,491,52.46.136.77,443,3.0,0,1,1,23,1,expected
2018-10-22 08:24:23.460178,491,52.46.136.77,443,3.0,0,1,1,23,1,expected
2018-10-22 08:24:23.524260,491,52.46.136.77,443,3.0,0,1,1,23,1,expected
2018-10-22 08:24:23.566674,491,52.46.136.77,443,3.0,0,1,1,23,1,expected
2018-10-22 08:24:23.610281,54,52.46.136.77,443,1.0,426,1,1,,1,ack
2018-10-22 08:24:23.613281,54,52.46.136.77,443,1.0,3,1,1,,1,ack
2018-10-22 08:24:23.613432,54,52.46.136.77,443,1.0,0,1,1,,1,ack
2018-10-22 08:24:23.615001,54,52.46.136.77,443,1.0,1,1,1,,1,ack
2018-10-22 08:24:23.622108,491,52.46.136.77,443,3.0,0,1,1,23,1,expected
2018-10-22 08:24:23.650296,54,52.46.136.77,443,1.0,35,1,1,,1,ack
2018-10-22 08:24:23.664133,54,52.46.136.77,443,1.0,13,1,1,,1,ack
2018-10-22 08:24:23.664325,54,52.46.136.77,443,1.0,0,1,1,,1,ack
2018-10-22 08:24:23.664490,54,52.46.136.77,443,1.0,0,1,1,,1,ack
2018-10-22 08:24:23.664562,54,52.46.136.77,443,1.0,0,1,1,,1,ack
2018-10-22 08:24:23.666884,491,52.46.136.77,443,3.0,0,1,1,23,1,expected
2018-10-22 08:24:23.667091,99,52.46.136.77,443,3.0,0,1,1,23,1,expected
2018-10-22 08:24:23.691485,54,52.46.136.77,443,1.0,26,1,1,,1,ack
2018-10-22 08:24:23.691654,54,52.46.136.77,443,1.0,0,1,1,,1,ack
2018-10-22 08:24:23.691818,54,52.46.136.77,443,1.0,0,1,1,,1,ack
2018-10-22 08:24:23.691893,54,52.46.136.77,443,1.0,0,1,1,,1,ack
2018-10-22 08:24:23.691967,54,52.46.136.77,443,1.0,0,1,1,,1,ack
2018-10-22 08:24:23.710090,54,52.46.136.77,443,1.0,18,1,1,,1,ack
2018-10-22 08:24:23.711074,54,52.46.136.77,443,1.0,0,1,1,,1,ack
2018-10-22 08:24:23.741926,491,52.46.136.77,443,3.0,0,1,1,23,1,expected
2018-10-22 08:24:23.760832,91,52.46.136.77,443,3.0,0,1,1,23,1,expected
2018-10-22 08:24:23.760969,91,52.46.136.77,443,3.0,0,1,1,23,1,expected
2018-10-22 08:24:23.814740,431,52.46.136.77,443,3.0,0,1,1,23,1,expected
2018-10-22 08:24:24.167966,54,52.46.136.77,443,1.0,456,1,1,,1,ack
2018-10-22 08:24:27.821539,54,52.216.18.48,80,1.0,14121,1,1,,1,ack
2018-10-22 08:24:30.525678,176,52.46.136.77,443,3.0,0,1,1,23,1,expected
2018-10-22 08:24:39.568335,77,104.154.126.114,4070,2.0,0,1,1,,1,syn
2018-10-22 08:24:39.608381,66,104.154.126.114,4070,1.0,-293928568,1,1,,1,ack
2018-10-22 08:24:49.508627,286,52.46.136.77,443,3.0,0,1,1,23,1,expected
2018-10-22 08:24:49.566170,361,52.46.136.77,443,3.0,0,1,1,23,1,expected
2018-10-22 08:24:49.576171,491,52.46.136.77,443,3.0,0,1,1,23,1,expected
2018-10-22 08:24:49.578649,1431,52.46.136.77,443,3.0,0,1,1,23,1,expected
2018-10-22 08:24:49.615924,891,52.46.136.77,443,3.0,0,1,1,23,1,expected
2018-10-22 08:24:49.628591,1031,52.46.136.77,443,3.0,0,1,1,23,1,expected
2018-10-22 08:24:49.628622,891,52.46.136.77,443,3.0,0,1,1,23,1,expected
2018-10-22 08:24:49.643664,491,52.46.136.77,443,3.0,0,1,1,23,1,expected
2018-10-22 08:24:49.650782,491,52.46.136.77,443,3.0,0,1,1,23,1,expected
2018-10-22 08:24:49.652178,491,52.46.136.77,443,3.0,0,1,1,23,1,expected
2018-10-22 08:24:49.657489,491,52.46.136.77,443,3.0,0,1,1,23,1,expected
2018-10-22 08:24:49.660581,891,52.46.136.77,443,3.0,0,1,1,23,1,expected
2018-10-22 08:24:49.662083,491,52.46.136.77,443,3.0,0,1,1,23,1,expected
2018-10-22 08:24:49.675117,1514,52.46.136.77,443,3.0,0,1,1,23,1,expected
2018-10-22 08:24:49.733193,1514,52.46.136.77,443,3.0,0,1,1,23,1,expected
2018-10-22 08:24:49.735061,1514,52.46.136.77,443,3.0,0,1,1,23,1,expected
2018-10-22 08:24:49.736345,918,52.46.136.77,443,3.0,0,1,1,23,1,expected
2018-10-22 08:24:49.742364,491,52.46.136.77,443,3.0,0,1,1,23,1,expected
2018-10-22 08:24:49.781934,491,52.46.136.77,443,3.0,0,1,1,23,1,expected
2018-10-22 08:24:49.842260,491,52.46.136.77,443,3.0,0,1,1,23,1,expected
2018-10-22 08:24:49.889304,491,52.46.136.77,443,3.0,0,1,1,23,1,expected
2018-10-22 08:24:49.931881,491,52.46.136.77,443,3.0,0,1,1,23,1,expected
2018-10-22 08:24:49.984015,491,52.46.136.77,443,3.0,0,1,1,23,1,expected
2018-10-22 08:24:50.047082,491,52.46.136.77,443,3.0,0,1,1,23,1,expected
2018-10-22 08:24:50.083041,491,52.46.136.77,443,3.0,0,1,1,23,1,expected
2018-10-22 08:24:50.138211,491,52.46.136.77,443,3.0,0,1,1,23,1,expected
2018-10-22 08:24:50.176140,491,52.46.136.77,443,3.0,0,1,1,23,1,expected
2018-10-22 08:24:50.244568,491,52.46.136.77,443,3.0,0,1,1,23,1,expected
2018-10-22 08:24:50.281490,491,52.46.136.77,443,3.0,0,1,1,23,1,expected
2018-10-22 08:24:50.330585,491,52.46.136.77,443,3.0,0,1,1,23,1,expected
2018-10-22 08:24:50.382634,491,52.46.136.77,443,3.0,0,1,1,23,1,expected
2018-10-22 08:24:50.445932,491,52.46.136.77,443,3.0,0,1,1,23,1,expected
2018-10-22 08:24:50.481902,491,52.46.136.77,443,3.0,0,1,1,23,1,expected
2018-10-22 08:24:50.543690,491,52.46.136.77,443,3.0,0,1,1,23,1,expected
2018-10-22 08:24:50.575496,491,52.46.136.77,443,3.0,0,1,1,23,1,expected
2018-10-22 08:24:50.644902,491,52.46.136.77,443,3.0,0,1,1,23,1,expected
2018-10-22 08:24:50.683908,491,52.46.136.77,443,3.0,0,1,1,23,1,expected
2018-10-22 08:24:50.731324,491,52.46.136.77,443,3.0,0,1,1,23,1,expected
2018-10-22 08:24:50.777977,491,52.46.136.77,443,3.0,0,1,1,23,1,expected
2018-10-22 08:24:50.849207,491,52.46.136.77,443,3.0,0,1,1,23,1,expected
2018-10-22 08:24:50.881952,491,52.46.136.77,443,3.0,0,1,1,23,1,expected
2018-10-22 08:24:50.943254,491,52.46.136.77,443,3.0,0,1,1,23,1,expected
2018-10-22 08:24:50.973920,491,52.46.136.77,443,3.0,0,1,1,23,1,expected
2018-10-22 08:24:51.045897,491,52.46.136.77,443,3.0,0,1,1,23,1,expected
2018-10-22 08:24:51.084555,491,52.46.136.77,443,3.0,0,1,1,23,1,expected
2018-10-22 08:24:51.130539,491,52.46.136.77,443,3.0,0,1,1,23,1,expected
2018-10-22 08:24:51.182037,491,52.46.136.77,443,3.0,0,1,1,23,1,expected
2018-10-22 08:24:51.249996,491,52.46.136.77,443,3.0,0,1,1,23,1,expected
2018-10-22 08:24:51.286590,491,52.46.136.77,443,3.0,0,1,1,23,1,expected
2018-10-22 08:24:51.337672,491,52.46.136.77,443,3.0,0,1,1,23,1,expected
2018-10-22 08:24:51.371494,491,52.46.136.77,443,3.0,0,1,1,23,1,expected
2018-10-22 08:24:51.427220,54,52.46.136.77,443,1.0,27259,1,1,,1,ack
2018-10-22 08:24:51.442202,491,52.46.136.77,443,3.0,0,1,1,23,1,expected
2018-10-22 08:24:51.490365,491,52.46.136.77,443,3.0,0,1,1,23,1,expected
2018-10-22 08:24:51.535852,491,52.46.136.77,443,3.0,0,1,1,23,1,expected
2018-10-22 08:24:51.581036,491,52.46.136.77,443,3.0,0,1,1,23,1,expected
2018-10-22 08:24:51.650633,491,52.46.136.77,443,3.0,0,1,1,23,1,expected
2018-10-22 08:24:51.681867,491,52.46.136.77,443,3.0,0,1,1,23,1,expected
2018-10-22 08:24:51.746126,491,52.46.136.77,443,3.0,0,1,1,23,1,expected
2018-10-22 08:24:51.776576,491,52.46.136.77,443,3.0,0,1,1,23,1,expected
2018-10-22 08:24:51.844792,491,52.46.136.77,443,3.0,0,1,1,23,1,expected
2018-10-22 08:24:51.889169,491,52.46.136.77,443,3.0,0,1,1,23,1,expected
2018-10-22 08:24:51.936050,491,52.46.136.77,443,3.0,0,1,1,23,1,expected
2018-10-22 08:24:51.956785,54,52.46.136.77,443,1.0,529,1,1,,1,ack
2018-10-22 08:24:51.984560,491,52.46.136.77,443,3.0,0,1,1,23,1,expected
2018-10-22 08:24:52.047259,491,52.46.136.77,443,3.0,0,1,1,23,1,expected
2018-10-22 08:24:52.082304,491,52.46.136.77,443,3.0,0,1,1,23,1,expected
2018-10-22 08:24:52.141036,491,52.46.136.77,443,3.0,0,1,1,23,1,expected
2018-10-22 08:24:52.172524,491,52.46.136.77,443,3.0,0,1,1,23,1,expected
2018-10-22 08:24:52.247448,491,52.46.136.77,443,3.0,0,1,1,23,1,expected
2018-10-22 08:24:52.287819,491,52.46.136.77,443,3.0,0,1,1,23,1,expected
2018-10-22 08:24:52.336292,491,52.46.136.77,443,3.0,0,1,1,23,1,expected
2018-10-22 08:24:52.384282,491,52.46.136.77,443,3.0,0,1,1,23,1,expected
2018-10-22 08:24:52.449463,491,52.46.136.77,443,3.0,0,1,1,23,1,expected
2018-10-22 08:24:52.491669,491,52.46.136.77,443,3.0,0,1,1,23,1,expected
2018-10-22 08:24:52.544902,491,52.46.136.77,443,3.0,0,1,1,23,1,expected
2018-10-22 08:24:52.575699,491,52.46.136.77,443,3.0,0,1,1,23,1,expected
2018-10-22 08:24:52.641390,491,52.46.136.77,443,3.0,0,1,1,23,1,expected
2018-10-22 08:24:52.690774,491,52.46.136.77,443,3.0,0,1,1,23,1,expected
2018-10-22 08:24:52.783271,491,52.46.136.77,443,3.0,0,1,1,23,1,expected
2018-10-22 08:24:52.783498,491,52.46.136.77,443,3.0,0,1,1,23,1,expected
2018-10-22 08:24:52.900762,491,52.46.136.77,443,3.0,0,1,1,23,1,expected
2018-10-22 08:24:52.917362,491,52.46.136.77,443,3.0,0,1,1,23,1,expected
2018-10-22 08:24:52.941328,491,52.46.136.77,443,3.0,0,1,1,23,1,expected
2018-10-22 08:24:52.992156,491,52.46.136.77,443,3.0,0,1,1,23,1,expected
2018-10-22 08:24:53.057293,491,52.46.136.77,443,3.0,0,1,1,23,1,expected
2018-10-22 08:24:53.086385,491,52.46.136.77,443,3.0,0,1,1,23,1,expected
2018-10-22 08:24:53.134867,491,52.46.136.77,443,3.0,0,1,1,23,1,expected
2018-10-22 08:24:53.192083,491,52.46.136.77,443,3.0,0,1,1,23,1,expected
2018-10-22 08:24:53.243778,491,52.46.136.77,443,3.0,0,1,1,23,1,expected
2018-10-22 08:24:53.371227,491,52.46.136.77,443,3.0,0,1,1,23,1,expected
2018-10-22 08:24:53.371741,491,52.46.136.77,443,3.0,0,1,1,23,1,expected
2018-10-22 08:24:53.371978,491,52.46.136.77,443,3.0,0,1,1,23,1,expected
2018-10-22 08:24:53.445152,491,52.46.136.77,443,3.0,0,1,1,23,1,expected
2018-10-22 08:24:53.488114,491,52.46.136.77,443,3.0,0,1,1,23,1,expected
2018-10-22 08:24:53.536482,491,52.46.136.77,443,3.0,0,1,1,23,1,expected
2018-10-22 08:24:53.584109,491,52.46.136.77,443,3.0,0,1,1,23,1,expected
2018-10-22 08:24:53.647239,491,52.46.136.77,443,3.0,0,1,1,23,1,expected
2018-10-22 08:24:53.683367,491,52.46.136.77,443,3.0,0,1,1,23,1,expected
2018-10-22 08:24:53.743185,491,52.46.136.77,443,3.0,0,1,1,23,1,expected
2018-10-22 08:24:53.777106,54,52.46.136.77,443,1.0,1820,1,1,,1,ack
2018-10-22 08:24:53.778330,491,52.46.136.77,443,3.0,0,1,1,23,1,expected
2018-10-22 08:24:53.845249,491,52.46.136.77,443,3.0,0,1,1,23,1,expected
2018-10-22 08:24:53.883676,491,52.46.136.77,443,3.0,0,1,1,23,1,expected
2018-10-22 08:24:53.936573,491,52.46.136.77,443,3.0,0,1,1,23,1,expected
2018-10-22 08:24:53.981015,491,52.46.136.77,443,3.0,0,1,1,23,1,expected
2018-10-22 08:24:54.045355,491,52.46.136.77,443,3.0,0,1,1,23,1,expected
2018-10-22 08:24:54.046691,54,52.46.136.77,443,1.0,269,1,1,,1,ack
2018-10-22 08:24:54.082916,491,52.46.136.77,443,3.0,0,1,1,23,1,expected
2018-10-22 08:24:54.151467,491,52.46.136.77,443,3.0,0,1,1,23,1,expected
2018-10-22 08:24:54.174882,491,52.46.136.77,443,3.0,0,1,1,23,1,expected
2018-10-22 08:24:54.245249,491,52.46.136.77,443,3.0,0,1,1,23,1,expected
2018-10-22 08:24:54.286266,491,52.46.136.77,443,3.0,0,1,1,23,1,expected
2018-10-22 08:24:54.335328,491,52.46.136.77,443,3.0,0,1,1,23,1,expected
2018-10-22 08:24:54.383235,491,52.46.136.77,443,3.0,0,1,1,23,1,expected
2018-10-22 08:24:54.412797,54,52.46.136.77,443,1.0,366,1,1,,1,ack
2018-10-22 08:24:54.412949,54,52.46.136.77,443,1.0,0,1,1,,1,ack
2018-10-22 08:24:54.415264,54,52.46.136.77,443,1.0,2,1,1,,1,ack
2018-10-22 08:24:54.421119,54,52.46.136.77,443,1.0,5,1,1,,1,ack
2018-10-22 08:24:54.422182,54,52.46.136.77,443,1.0,1,1,1,,1,ack
2018-10-22 08:24:54.422264,54,52.46.136.77,443,1.0,0,1,1,,1,ack
2018-10-22 08:24:54.423642,54,52.46.136.77,443,1.0,1,1,1,,1,ack
2018-10-22 08:24:54.423723,54,52.46.136.77,443,1.0,0,1,1,,1,ack
2018-10-22 08:24:54.449823,491,52.46.136.77,443,3.0,0,1,1,23,1,expected
2018-10-22 08:24:54.459814,54,52.46.136.77,443,1.0,36,1,1,,1,ack
2018-10-22 08:24:54.460753,99,52.46.136.77,443,3.0,0,1,1,23,1,expected
2018-10-22 08:24:54.460897,54,52.46.136.77,443,1.0,1,1,1,,1,ack
2018-10-22 08:24:54.462515,54,52.46.136.77,443,1.0,1,1,1,,1,ack
2018-10-22 08:24:54.462784,54,52.46.136.77,443,1.0,0,1,1,,1,ack
2018-10-22 08:24:54.484416,491,52.46.136.77,443,3.0,0,1,1,23,1,expected
2018-10-22 08:24:54.494721,54,52.46.136.77,443,1.0,31,1,1,,1,ack
2018-10-22 08:24:54.494905,54,52.46.136.77,443,1.0,0,1,1,,1,ack
2018-10-22 08:24:54.494999,54,52.46.136.77,443,1.0,0,1,1,,1,ack
2018-10-22 08:24:54.495112,54,52.46.136.77,443,1.0,0,1,1,,1,ack
2018-10-22 08:24:54.495215,54,52.46.136.77,443,1.0,0,1,1,,1,ack
2018-10-22 08:24:54.498794,54,52.46.136.77,443,1.0,3,1,1,,1,ack
2018-10-22 08:24:54.525511,99,52.46.136.77,443,3.0,0,1,1,23,1,expected
2018-10-22 08:24:54.525641,54,52.46.136.77,443,1.0,26,1,1,,1,ack
2018-10-22 08:24:54.545580,491,52.46.136.77,443,3.0,0,1,1,23,1,expected
2018-10-22 08:24:54.579121,491,52.46.136.77,443,3.0,0,1,1,23,1,expected
2018-10-22 08:24:54.646068,91,52.46.136.77,443,3.0,0,1,1,23,1,expected
2018-10-22 08:24:54.646214,91,52.46.136.77,443,3.0,0,1,1,23,1,expected
2018-10-22 08:24:54.737176,430,52.46.136.77,443,3.0,0,1,1,23,1,expected
2018-10-22 08:24:54.908818,54,52.46.136.77,443,1.0,383,1,1,,1,ack
2018-10-22 08:24:54.909771,54,52.46.136.77,443,1.0,0,1,1,,1,ack
2018-10-22 08:24:56.020597,54,52.216.18.48,80,1.0,28199,1,1,,1,ack
2018-10-22 08:25:01.467996,176,52.46.136.77,443,3.0,0,1,1,23,1,expected
2018-10-22 08:25:05.128305,66,104.154.126.114,4070,1.0,25519,1,1,,1,ack
2018-10-22 08:25:09.648248,77,104.154.126.114,4070,2.0,0,1,1,,1,syn
2018-10-22 08:25:09.700686,66,104.154.126.114,4070,1.0,4572,1,1,,1,ack
2018-10-22 08:25:16.203268,287,52.46.136.77,443,3.0,0,1,1,23,1,expected
2018-10-22 08:25:16.212008,353,52.46.136.77,443,3.0,0,1,1,23,1,expected
2018-10-22 08:25:16.228856,1031,52.46.136.77,443,3.0,0,1,1,23,1,expected
2018-10-22 08:25:16.243077,491,52.46.136.77,443,3.0,0,1,1,23,1,expected
2018-10-22 08:25:16.243516,928,52.46.136.77,443,3.0,0,1,1,23,1,expected
2018-10-22 08:25:16.243546,491,52.46.136.77,443,3.0,0,1,1,23,1,expected
2018-10-22 08:25:16.253325,491,52.46.136.77,443,3.0,0,1,1,23,1,expected
2018-10-22 08:25:16.254915,491,52.46.136.77,443,3.0,0,1,1,23,1,expected
2018-10-22 08:25:16.257757,491,52.46.136.77,443,3.0,0,1,1,23,1,expected
2018-10-22 08:25:16.269604,491,52.46.136.77,443,3.0,0,1,1,23,1,expected
2018-10-22 08:25:16.269940,928,52.46.136.77,443,3.0,0,1,1,23,1,expected
2018-10-22 08:25:16.271198,491,52.46.136.77,443,3.0,0,1,1,23,1,expected
2018-10-22 08:25:16.273668,491,52.46.136.77,443,3.0,0,1,1,23,1,expected
2018-10-22 08:25:16.275330,491,52.46.136.77,443,3.0,0,1,1,23,1,expected
2018-10-22 08:25:16.283077,491,52.46.136.77,443,3.0,0,1,1,23,1,expected
2018-10-22 08:25:16.283396,928,52.46.136.77,443,3.0,0,1,1,23,1,expected
2018-10-22 08:25:16.287425,491,52.46.136.77,443,3.0,0,1,1,23,1,expected
2018-10-22 08:25:16.296198,1365,52.46.136.77,443,3.0,0,1,1,23,1,expected
2018-10-22 08:25:16.296557,491,52.46.136.77,443,3.0,0,1,1,23,1,expected
2018-10-22 08:25:16.296586,54,52.46.136.77,443,1.0,21386,1,1,,1,ack
2018-10-22 08:25:16.300226,491,52.46.136.77,443,3.0,0,1,1,23,1,expected
2018-10-22 08:25:16.301339,491,52.46.136.77,443,3.0,0,1,1,23,1,expected
2018-10-22 08:25:16.306417,491,52.46.136.77,443,3.0,0,1,1,23,1,expected
2018-10-22 08:25:16.308831,491,52.46.136.77,443,3.0,0,1,1,23,1,expected
2018-10-22 08:25:16.328499,491,52.46.136.77,443,3.0,0,1,1,23,1,expected
2018-10-22 08:25:16.328885,491,52.46.136.77,443,3.0,0,1,1,23,1,expected
2018-10-22 08:25:16.328922,928,52.46.136.77,443,3.0,0,1,1,23,1,expected
2018-10-22 08:25:16.364580,491,52.46.136.77,443,3.0,0,1,1,23,1,expected
2018-10-22 08:25:16.434292,491,52.46.136.77,443,3.0,0,1,1,23,1,expected
2018-10-22 08:25:16.485783,491,52.46.136.77,443,3.0,0,1,1,23,1,expected
2018-10-22 08:25:16.510109,491,52.46.136.77,443,3.0,0,1,1,23,1,expected
2018-10-22 08:25:16.569653,491,52.46.136.77,443,3.0,0,1,1,23,1,expected
2018-10-22 08:25:16.604239,491,52.46.136.77,443,3.0,0,1,1,23,1,expected
2018-10-22 08:25:16.676577,491,52.46.136.77,443,3.0,0,1,1,23,1,expected
2018-10-22 08:25:16.722391,491,52.46.136.77,443,3.0,0,1,1,23,1,expected
2018-10-22 08:25:16.762384,491,52.46.136.77,443,3.0,0,1,1,23,1,expected
2018-10-22 08:25:16.810069,491,52.46.136.77,443,3.0,0,1,1,23,1,expected
2018-10-22 08:25:16.888170,491,52.46.136.77,443,3.0,0,1,1,23,1,expected
2018-10-22 08:25:16.911431,491,52.46.136.77,443,3.0,0,1,1,23,1,expected
2018-10-22 08:25:16.973870,491,52.46.136.77,443,3.0,0,1,1,23,1,expected
2018-10-22 08:25:17.006352,491,52.46.136.77,443,3.0,0,1,1,23,1,expected
2018-10-22 08:25:17.071088,491,52.46.136.77,443,3.0,0,1,1,23,1,expected
2018-10-22 08:25:17.134269,491,52.46.136.77,443,3.0,0,1,1,23,1,expected
2018-10-22 08:25:17.161647,491,52.46.136.77,443,3.0,0,1,1,23,1,expected
2018-10-22 08:25:17.215614,491,52.46.136.77,443,3.0,0,1,1,23,1,expected
2018-10-22 08:25:17.285569,491,52.46.136.77,443,3.0,0,1,1,23,1,expected
2018-10-22 08:25:17.309246,491,52.46.136.77,443,3.0,0,1,1,23,1,expected
2018-10-22 08:25:17.372914,491,52.46.136.77,443,3.0,0,1,1,23,1,expected
2018-10-22 08:25:17.404100,491,52.46.136.77,443,3.0,0,1,1,23,1,expected
2018-10-22 08:25:17.473806,491,52.46.136.77,443,3.0,0,1,1,23,1,expected
2018-10-22 08:25:17.524443,491,52.46.136.77,443,3.0,0,1,1,23,1,expected
2018-10-22 08:25:17.565591,491,52.46.136.77,443,3.0,0,1,1,23,1,expected
2018-10-22 08:25:17.613340,491,52.46.136.77,443,3.0,0,1,1,23,1,expected
2018-10-22 08:25:17.684494,491,52.46.136.77,443,3.0,0,1,1,23,1,expected
2018-10-22 08:25:17.708254,491,52.46.136.77,443,3.0,0,1,1,23,1,expected
2018-10-22 08:25:17.777937,491,52.46.136.77,443,3.0,0,1,1,23,1,expected
2018-10-22 08:25:17.801502,491,52.46.136.77,443,3.0,0,1,1,23,1,expected
2018-10-22 08:25:17.880096,491,52.46.136.77,443,3.0,0,1,1,23,1,expected
2018-10-22 08:25:17.922228,491,52.46.136.77,443,3.0,0,1,1,23,1,expected
2018-10-22 08:25:17.965467,491,52.46.136.77,443,3.0,0,1,1,23,1,expected
2018-10-22 08:25:18.014418,491,52.46.136.77,443,3.0,0,1,1,23,1,expected
2018-10-22 08:25:18.085268,491,52.46.136.77,443,3.0,0,1,1,23,1,expected
2018-10-22 08:25:18.105890,491,52.46.136.77,443,3.0,0,1,1,23,1,expected
2018-10-22 08:25:18.179654,491,52.46.136.77,443,3.0,0,1,1,23,1,expected
2018-10-22 08:25:18.205090,491,52.46.136.77,443,3.0,0,1,1,23,1,expected
2018-10-22 08:25:18.278633,491,52.46.136.77,443,3.0,0,1,1,23,1,expected
2018-10-22 08:25:18.322721,491,52.46.136.77,443,3.0,0,1,1,23,1,expected
2018-10-22 08:25:18.367957,491,52.46.136.77,443,3.0,0,1,1,23,1,expected
2018-10-22 08:25:18.409901,491,52.46.136.77,443,3.0,0,1,1,23,1,expected
2018-10-22 08:25:18.486208,491,52.46.136.77,443,3.0,0,1,1,23,1,expected
2018-10-22 08:25:18.537305,491,52.46.136.77,443,3.0,0,1,1,23,1,expected
2018-10-22 08:25:18.576686,491,52.46.136.77,443,3.0,0,1,1,23,1,expected
2018-10-22 08:25:18.604422,491,52.46.136.77,443,3.0,0,1,1,23,1,expected
2018-10-22 08:25:18.670317,491,52.46.136.77,443,3.0,0,1,1,23,1,expected
2018-10-22 08:25:18.725667,491,52.46.136.77,443,3.0,0,1,1,23,1,expected
2018-10-22 08:25:18.765389,491,52.46.136.77,443,3.0,0,1,1,23,1,expected
2018-10-22 08:25:18.810854,491,52.46.136.77,443,3.0,0,1,1,23,1,expected
2018-10-22 08:25:18.888992,491,52.46.136.77,443,3.0,0,1,1,23,1,expected
2018-10-22 08:25:18.912473,491,52.46.136.77,443,3.0,0,1,1,23,1,expected
2018-10-22 08:25:18.977580,491,52.46.136.77,443,3.0,0,1,1,23,1,expected
2018-10-22 08:25:19.010746,491,52.46.136.77,443,3.0,0,1,1,23,1,expected
2018-10-22 08:25:19.069378,491,52.46.136.77,443,3.0,0,1,1,23,1,expected
2018-10-22 08:25:19.107213,54,52.46.136.77,443,1.0,2810,1,1,,1,ack
2018-10-22 08:25:19.123812,491,52.46.136.77,443,3.0,0,1,1,23,1,expected
2018-10-22 08:25:19.166579,491,52.46.136.77,443,3.0,0,1,1,23,1,expected
2018-10-22 08:25:19.190416,54,52.46.136.77,443,1.0,83,1,1,,1,ack
2018-10-22 08:25:19.231181,491,52.46.136.77,443,3.0,0,1,1,23,1,expected
2018-10-22 08:25:19.285576,491,52.46.136.77,443,3.0,0,1,1,23,1,expected
2018-10-22 08:25:19.314573,491,52.46.136.77,443,3.0,0,1,1,23,1,expected
2018-10-22 08:25:19.384419,491,52.46.136.77,443,3.0,0,1,1,23,1,expected
2018-10-22 08:25:19.414675,491,52.46.136.77,443,3.0,0,1,1,23,1,expected
2018-10-22 08:25:19.477715,54,52.46.136.77,443,1.0,287,1,1,,1,ack
2018-10-22 08:25:19.484737,54,52.46.136.77,443,1.0,7,1,1,,1,ack
2018-10-22 08:25:19.484891,54,52.46.136.77,443,1.0,0,1,1,,1,ack
2018-10-22 08:25:19.487782,54,52.46.136.77,443,1.0,2,1,1,,1,ack
2018-10-22 08:25:19.498241,99,52.46.136.77,443,3.0,0,1,1,23,1,expected
2018-10-22 08:25:19.499658,491,52.46.136.77,443,3.0,0,1,1,23,1,expected
2018-10-22 08:25:19.528203,491,52.46.136.77,443,3.0,0,1,1,23,1,expected
2018-10-22 08:25:19.530903,54,52.46.136.77,443,1.0,43,1,1,,1,ack
2018-10-22 08:25:19.533712,54,52.46.136.77,443,1.0,2,1,1,,1,ack
2018-10-22 08:25:19.533836,54,52.46.136.77,443,1.0,0,1,1,,1,ack
2018-10-22 08:25:19.534457,54,52.46.136.77,443,1.0,0,1,1,,1,ack
2018-10-22 08:25:19.536187,54,52.46.136.77,443,1.0,1,1,1,,1,ack
2018-10-22 08:25:19.550376,54,52.46.136.77,443,1.0,14,1,1,,1,ack
2018-10-22 08:25:19.552409,54,52.46.136.77,443,1.0,2,1,1,,1,ack
2018-10-22 08:25:19.553516,54,52.46.136.77,443,1.0,1,1,1,,1,ack
2018-10-22 08:25:19.554467,54,52.46.136.77,443,1.0,0,1,1,,1,ack
2018-10-22 08:25:19.556049,54,52.46.136.77,443,1.0,1,1,1,,1,ack
2018-10-22 08:25:19.556178,54,52.46.136.77,443,1.0,0,1,1,,1,ack
2018-10-22 08:25:19.556899,99,52.46.136.77,443,3.0,0,1,1,23,1,expected
2018-10-22 08:25:19.557171,54,52.46.136.77,443,1.0,0,1,1,,1,ack
2018-10-22 08:25:19.558714,99,52.46.136.77,443,3.0,0,1,1,23,1,expected
2018-10-22 08:25:19.568918,491,52.46.136.77,443,3.0,0,1,1,23,1,expected
2018-10-22 08:25:19.617355,491,52.46.136.77,443,3.0,0,1,1,23,1,expected
2018-10-22 08:25:19.687812,491,52.46.136.77,443,3.0,0,1,1,23,1,expected
2018-10-22 08:25:19.687954,91,52.46.136.77,443,3.0,0,1,1,23,1,expected
2018-10-22 08:25:19.688998,91,52.46.136.77,443,3.0,0,1,1,23,1,expected
2018-10-22 08:25:19.747433,433,52.46.136.77,443,3.0,0,1,1,23,1,expected
2018-10-22 08:25:19.967147,54,52.46.136.77,443,1.0,409,1,1,,1,ack
2018-10-22 08:25:26.429108,177,52.46.136.77,443,3.0,0,1,1,23,1,expected
2018-10-22 08:25:39.691745,77,104.154.126.114,4070,2.0,0,1,1,,1,syn
2018-10-22 08:25:39.710350,66,104.154.126.114,4070,1.0,30009,1,1,,1,ack
2018-10-22 08:25:56.459028,95,52.46.136.77,443,3.0,0,1,1,23,1,expected
2018-10-22 08:25:56.530687,54,52.46.136.77,443,1.0,36563,1,1,,1,ack
2018-10-22 08:25:57.300154,196,52.46.136.77,443,3.0,0,1,1,23,1,expected
2018-10-22 08:25:57.300247,263,52.46.136.77,443,3.0,0,1,1,23,1,expected
2018-10-22 08:25:57.368552,231,52.46.136.77,443,3.0,0,1,1,23,1,expected
2018-10-22 08:25:57.368580,631,52.46.136.77,443,3.0,0,1,1,23,1,expected
2018-10-22 08:25:57.368593,491,52.46.136.77,443,3.0,0,1,1,23,1,expected
2018-10-22 08:25:57.378356,491,52.46.136.77,443,3.0,0,1,1,23,1,expected
2018-10-22 08:25:57.379626,491,52.46.136.77,443,3.0,0,1,1,23,1,expected
2018-10-22 08:25:57.380458,491,52.46.136.77,443,3.0,0,1,1,23,1,expected
2018-10-22 08:25:57.388291,491,52.46.136.77,443,3.0,0,1,1,23,1,expected
2018-10-22 08:25:57.389204,491,52.46.136.77,443,3.0,0,1,1,23,1,expected
2018-10-22 08:25:57.390350,491,52.46.136.77,443,3.0,0,1,1,23,1,expected
2018-10-22 08:25:57.391203,491,52.46.136.77,443,3.0,0,1,1,23,1,expected
2018-10-22 08:25:57.400292,1514,52.46.136.77,443,3.0,0,1,1,23,1,expected
2018-10-22 08:25:57.401627,342,52.46.136.77,443,3.0,0,1,1,23,1,expected
2018-10-22 08:25:57.402622,491,52.46.136.77,443,3.0,0,1,1,23,1,expected
2018-10-22 08:25:57.403531,491,52.46.136.77,443,3.0,0,1,1,23,1,expected
2018-10-22 08:25:57.407455,1365,52.46.136.77,443,3.0,0,1,1,23,1,expected
2018-10-22 08:25:57.408479,491,52.46.136.77,443,3.0,0,1,1,23,1,expected
2018-10-22 08:25:57.411297,491,52.46.136.77,443,3.0,0,1,1,23,1,expected
2018-10-22 08:25:57.414534,491,52.46.136.77,443,3.0,0,1,1,23,1,expected
2018-10-22 08:25:57.421213,1365,52.46.136.77,443,3.0,0,1,1,23,1,expected
2018-10-22 08:25:57.423510,491,52.46.136.77,443,3.0,0,1,1,23,1,expected
2018-10-22 08:25:57.424731,491,52.46.136.77,443,3.0,0,1,1,23,1,expected
2018-10-22 08:25:57.425572,491,52.46.136.77,443,3.0,0,1,1,23,1,expected
2018-10-22 08:25:57.426955,491,52.46.136.77,443,3.0,0,1,1,23,1,expected
2018-10-22 08:25:57.453075,54,52.46.136.77,443,1.0,922,1,1,,1,ack
2018-10-22 08:25:57.454411,491,52.46.136.77,443,3.0,0,1,1,23,1,expected
2018-10-22 08:25:57.530227,491,52.46.136.77,443,3.0,0,1,1,23,1,expected
2018-10-22 08:25:57.548469,491,52.46.136.77,443,3.0,0,1,1,23,1,expected
2018-10-22 08:25:57.619771,491,52.46.136.77,443,3.0,0,1,1,23,1,expected
2018-10-22 08:25:57.643992,491,52.46.136.77,443,3.0,0,1,1,23,1,expected
2018-10-22 08:25:57.732400,491,52.46.136.77,443,3.0,0,1,1,23,1,expected
2018-10-22 08:25:57.764584,491,52.46.136.77,443,3.0,0,1,1,23,1,expected
2018-10-22 08:25:57.802464,491,52.46.136.77,443,3.0,0,1,1,23,1,expected
2018-10-22 08:25:57.850753,491,52.46.136.77,443,3.0,0,1,1,23,1,expected
2018-10-22 08:25:57.929052,491,52.46.136.77,443,3.0,0,1,1,23,1,expected
2018-10-22 08:25:57.948826,491,52.46.136.77,443,3.0,0,1,1,23,1,expected
2018-10-22 08:25:58.017151,491,52.46.136.77,443,3.0,0,1,1,23,1,expected
2018-10-22 08:25:58.072790,491,52.46.136.77,443,3.0,0,1,1,23,1,expected
2018-10-22 08:25:58.109113,491,52.46.136.77,443,3.0,0,1,1,23,1,expected
2018-10-22 08:25:58.176128,491,52.46.136.77,443,3.0,0,1,1,23,1,expected
2018-10-22 08:25:58.208922,491,52.46.136.77,443,3.0,0,1,1,23,1,expected
2018-10-22 08:25:58.266175,491,52.46.136.77,443,3.0,0,1,1,23,1,expected
2018-10-22 08:25:58.330954,491,52.46.136.77,443,3.0,0,1,1,23,1,expected
2018-10-22 08:25:58.346853,491,52.46.136.77,443,3.0,0,1,1,23,1,expected
2018-10-22 08:25:58.423093,491,52.46.136.77,443,3.0,0,1,1,23,1,expected
2018-10-22 08:25:58.493567,491,52.46.136.77,443,3.0,0,1,1,23,1,expected
2018-10-22 08:25:58.523462,491,52.46.136.77,443,3.0,0,1,1,23,1,expected
2018-10-22 08:25:58.663802,491,52.46.136.77,443,3.0,0,1,1,23,1,expected
2018-10-22 08:25:58.664193,491,52.46.136.77,443,3.0,0,1,1,23,1,expected
2018-10-22 08:25:58.665552,491,52.46.136.77,443,3.0,0,1,1,23,1,expected
2018-10-22 08:25:58.728917,491,52.46.136.77,443,3.0,0,1,1,23,1,expected
2018-10-22 08:25:58.746433,491,52.46.136.77,443,3.0,0,1,1,23,1,expected
2018-10-22 08:25:58.818761,491,52.46.136.77,443,3.0,0,1,1,23,1,expected
2018-10-22 08:25:58.843837,491,52.46.136.77,443,3.0,0,1,1,23,1,expected
2018-10-22 08:25:58.910827,491,52.46.136.77,443,3.0,0,1,1,23,1,expected
2018-10-22 08:25:58.968215,491,52.46.136.77,443,3.0,0,1,1,23,1,expected
2018-10-22 08:25:59.005135,491,52.46.136.77,443,3.0,0,1,1,23,1,expected
2018-10-22 08:25:59.053649,491,52.46.136.77,443,3.0,0,1,1,23,1,expected
2018-10-22 08:25:59.135140,491,52.46.136.77,443,3.0,0,1,1,23,1,expected
2018-10-22 08:25:59.155468,491,52.46.136.77,443,3.0,0,1,1,23,1,expected
2018-10-22 08:25:59.218022,491,52.46.136.77,443,3.0,0,1,1,23,1,expected
2018-10-22 08:25:59.244376,491,52.46.136.77,443,3.0,0,1,1,23,1,expected
2018-10-22 08:25:59.313391,491,52.46.136.77,443,3.0,0,1,1,23,1,expected
2018-10-22 08:25:59.364518,491,52.46.136.77,443,3.0,0,1,1,23,1,expected
2018-10-22 08:25:59.404006,491,52.46.136.77,443,3.0,0,1,1,23,1,expected
2018-10-22 08:25:59.452976,491,52.46.136.77,443,3.0,0,1,1,23,1,expected
2018-10-22 08:25:59.527858,491,52.46.136.77,443,3.0,0,1,1,23,1,expected
2018-10-22 08:25:59.550042,491,52.46.136.77,443,3.0,0,1,1,23,1,expected
2018-10-22 08:25:59.614627,491,52.46.136.77,443,3.0,0,1,1,23,1,expected
2018-10-22 08:25:59.645370,491,52.46.136.77,443,3.0,0,1,1,23,1,expected
2018-10-22 08:25:59.708501,491,52.46.136.77,443,3.0,0,1,1,23,1,expected
2018-10-22 08:25:59.768912,491,52.46.136.77,443,3.0,0,1,1,23,1,expected
2018-10-22 08:25:59.836423,491,52.46.136.77,443,3.0,0,1,1,23,1,expected
2018-10-22 08:25:59.854968,491,52.46.136.77,443,3.0,0,1,1,23,1,expected
2018-10-22 08:25:59.920756,491,52.46.136.77,443,3.0,0,1,1,23,1,expected
2018-10-22 08:25:59.950998,491,52.46.136.77,443,3.0,0,1,1,23,1,expected
2018-10-22 08:26:00.015799,491,52.46.136.77,443,3.0,0,1,1,23,1,expected
2018-10-22 08:26:00.046911,491,52.46.136.77,443,3.0,0,1,1,23,1,expected
2018-10-22 08:26:00.112743,491,52.46.136.77,443,3.0,0,1,1,23,1,expected
2018-10-22 08:26:00.164735,491,52.46.136.77,443,3.0,0,1,1,23,1,expected
2018-10-22 08:26:00.205260,491,52.46.136.77,443,3.0,0,1,1,23,1,expected
2018-10-22 08:26:00.251821,491,52.46.136.77,443,3.0,0,1,1,23,1,expected
2018-10-22 08:26:00.327618,491,52.46.136.77,443,3.0,0,1,1,23,1,expected
2018-10-22 08:26:00.346769,491,52.46.136.77,443,3.0,0,1,1,23,1,expected
2018-10-22 08:26:00.417561,491,52.46.136.77,443,3.0,0,1,1,23,1,expected
2018-10-22 08:26:00.447563,491,52.46.136.77,443,3.0,0,1,1,23,1,expected
2018-10-22 08:26:00.535457,491,52.46.136.77,443,3.0,0,1,1,23,1,expected
2018-10-22 08:26:00.570831,491,52.46.136.77,443,3.0,0,1,1,23,1,expected
2018-10-22 08:26:00.602941,491,52.46.136.77,443,3.0,0,1,1,23,1,expected
2018-10-22 08:26:00.656913,491,52.46.136.77,443,3.0,0,1,1,23,1,expected
2018-10-22 08:26:00.728407,491,52.46.136.77,443,3.0,0,1,1,23,1,expected
2018-10-22 08:26:00.762068,491,52.46.136.77,443,3.0,0,1,1,23,1,expected
2018-10-22 08:26:00.813318,491,52.46.136.77,443,3.0,0,1,1,23,1,expected
2018-10-22 08:26:00.847615,491,52.46.136.77,443,3.0,0,1,1,23,1,expected
2018-10-22 08:26:00.913013,491,52.46.136.77,443,3.0,0,1,1,23,1,expected
2018-10-22 08:26:00.964670,491,52.46.136.77,443,3.0,0,1,1,23,1,expected
2018-10-22 08:26:01.013616,491,52.46.136.77,443,3.0,0,1,1,23,1,expected
2018-10-22 08:26:01.051115,491,52.46.136.77,443,3.0,0,1,1,23,1,expected
2018-10-22 08:26:01.128008,491,52.46.136.77,443,3.0,0,1,1,23,1,expected
2018-10-22 08:26:01.148762,491,52.46.136.77,443,3.0,0,1,1,23,1,expected
2018-10-22 08:26:01.223389,491,52.46.136.77,443,3.0,0,1,1,23,1,expected
2018-10-22 08:26:01.243050,491,52.46.136.77,443,3.0,0,1,1,23,1,expected
2018-10-22 08:26:01.313538,491,52.46.136.77,443,3.0,0,1,1,23,1,expected
2018-10-22 08:26:01.365242,491,52.46.136.77,443,3.0,0,1,1,23,1,expected
2018-10-22 08:26:01.404405,491,52.46.136.77,443,3.0,0,1,1,23,1,expected
2018-10-22 08:26:01.451845,491,52.46.136.77,443,3.0,0,1,1,23,1,expected
2018-10-22 08:26:01.530811,491,52.46.136.77,443,3.0,0,1,1,23,1,expected
2018-10-22 08:26:01.550067,491,52.46.136.77,443,3.0,0,1,1,23,1,expected
2018-10-22 08:26:01.616400,491,52.46.136.77,443,3.0,0,1,1,23,1,expected
2018-10-22 08:26:01.644381,491,52.46.136.77,443,3.0,0,1,1,23,1,expected
2018-10-22 08:26:01.711981,491,52.46.136.77,443,3.0,0,1,1,23,1,expected
2018-10-22 08:26:01.776356,491,52.46.136.77,443,3.0,0,1,1,23,1,expected
2018-10-22 08:26:01.806470,491,52.46.136.77,443,3.0,0,1,1,23,1,expected
2018-10-22 08:26:01.857642,491,52.46.136.77,443,3.0,0,1,1,23,1,expected
2018-10-22 08:26:01.937551,491,52.46.136.77,443,3.0,0,1,1,23,1,expected
2018-10-22 08:26:01.956800,491,52.46.136.77,443,3.0,0,1,1,23,1,expected
2018-10-22 08:26:02.021949,491,52.46.136.77,443,3.0,0,1,1,23,1,expected
2018-10-22 08:26:02.042304,491,52.46.136.77,443,3.0,0,1,1,23,1,expected
2018-10-22 08:26:02.114713,491,52.46.136.77,443,3.0,0,1,1,23,1,expected
2018-10-22 08:26:02.152898,54,52.46.136.77,443,1.0,4699,1,1,,1,ack
2018-10-22 08:26:02.166960,491,52.46.136.77,443,3.0,0,1,1,23,1,expected
2018-10-22 08:26:02.174055,54,52.46.136.77,443,1.0,21,1,1,,1,ack
2018-10-22 08:26:02.174266,54,52.46.136.77,443,1.0,0,1,1,,1,ack
2018-10-22 08:26:02.213551,54,52.46.136.77,443,1.0,39,1,1,,1,ack
2018-10-22 08:26:02.214104,491,52.46.136.77,443,3.0,0,1,1,23,1,expected
2018-10-22 08:26:02.214209,54,52.46.136.77,443,1.0,0,1,1,,1,ack
2018-10-22 08:26:02.214487,54,52.46.136.77,443,1.0,0,1,1,,1,ack
2018-10-22 08:26:02.214706,54,52.46.136.77,443,1.0,0,1,1,,1,ack
2018-10-22 08:26:02.214875,54,52.46.136.77,443,1.0,0,1,1,,1,ack
2018-10-22 08:26:02.215007,54,52.46.136.77,443,1.0,0,1,1,,1,ack
2018-10-22 08:26:02.215179,54,52.46.136.77,443,1.0,0,1,1,,1,ack
2018-10-22 08:26:02.221436,54,52.46.136.77,443,1.0,6,1,1,,1,ack
2018-10-22 08:26:02.221927,54,52.46.136.77,443,1.0,0,1,1,,1,ack
2018-10-22 08:26:02.222298,54,52.46.136.77,443,1.0,0,1,1,,1,ack
2018-10-22 08:26:02.222636,54,52.46.136.77,443,1.0,0,1,1,,1,ack
2018-10-22 08:26:02.250050,54,52.46.136.77,443,1.0,27,1,1,,1,ack
2018-10-22 08:26:02.251777,54,52.46.136.77,443,1.0,1,1,1,,1,ack
2018-10-22 08:26:02.252678,54,52.46.136.77,443,1.0,0,1,1,,1,ack
2018-10-22 08:26:02.253513,54,52.46.136.77,443,1.0,0,1,1,,1,ack
2018-10-22 08:26:02.254259,99,52.46.136.77,443,3.0,0,1,1,23,1,expected
2018-10-22 08:26:02.254434,54,52.46.136.77,443,1.0,0,1,1,,1,ack
2018-10-22 08:26:02.254940,99,52.46.136.77,443,3.0,0,1,1,23,1,expected
2018-10-22 08:26:02.273002,491,52.46.136.77,443,3.0,0,1,1,23,1,expected
2018-10-22 08:26:02.273184,54,52.46.136.77,443,1.0,18,1,1,,1,ack
2018-10-22 08:26:02.307798,54,52.46.136.77,443,1.0,34,1,1,,1,ack
2018-10-22 08:26:02.325191,491,52.46.136.77,443,3.0,0,1,1,23,1,expected
2018-10-22 08:26:02.352754,491,52.46.136.77,443,3.0,0,1,1,23,1,expected
2018-10-22 08:26:02.379834,91,52.46.136.77,443,3.0,0,1,1,23,1,expected
2018-10-22 08:26:02.381452,91,52.46.136.77,443,3.0,0,1,1,23,1,expected
2018-10-22 08:26:02.412467,421,52.46.136.77,443,3.0,0,1,1,23,1,expected
2018-10-22 08:26:02.572927,54,52.46.136.77,443,1.0,265,1,1,,1,ack
2018-10-22 08:26:02.598988,54,52.46.136.77,443,1.0,26,1,1,,1,ack
2018-10-22 08:26:09.241565,176,52.46.136.77,443,3.0,0,1,1,23,1,expected
2018-10-22 08:26:09.765142,77,104.154.126.114,4070,2.0,0,1,1,,1,syn
2018-10-22 08:26:09.783922,66,104.154.126.114,4070,1.0,30073,1,1,,1,ack
2018-10-22 08:26:36.662910,287,52.46.136.77,443,3.0,0,1,1,23,1,expected
2018-10-22 08:26:36.679480,352,52.46.136.77,443,3.0,0,1,1,23,1,expected
2018-10-22 08:26:36.705218,1291,52.46.136.77,443,3.0,0,1,1,23,1,expected
2018-10-22 08:26:36.706587,491,52.46.136.77,443,3.0,0,1,1,23,1,expected
2018-10-22 08:26:36.707966,491,52.46.136.77,443,3.0,0,1,1,23,1,expected
2018-10-22 08:26:36.733803,491,52.46.136.77,443,3.0,0,1,1,23,1,expected
2018-10-22 08:26:36.734524,631,52.46.136.77,443,3.0,0,1,1,23,1,expected
2018-10-22 08:26:36.734548,491,52.46.136.77,443,3.0,0,1,1,23,1,expected
2018-10-22 08:26:36.734586,491,52.46.136.77,443,3.0,0,1,1,23,1,expected
2018-10-22 08:26:36.740286,1514,52.46.136.77,443,3.0,0,1,1,23,1,expected
2018-10-22 08:26:36.741621,408,52.46.136.77,443,3.0,0,1,1,23,1,expected
2018-10-22 08:26:36.772073,491,52.46.136.77,443,3.0,0,1,1,23,1,expected
2018-10-22 08:26:36.774491,491,52.46.136.77,443,3.0,0,1,1,23,1,expected
2018-10-22 08:26:36.782991,1514,52.46.136.77,443,1.0,34184,1,1,,1,not_relevant
2018-10-22 08:26:36.785097,371,52.46.136.77,443,3.0,0,1,1,23,1,expected
2018-10-22 08:26:36.785126,491,52.46.136.77,443,3.0,0,1,1,23,1,expected
2018-10-22 08:26:36.785173,491,52.46.136.77,443,3.0,0,1,1,23,1,expected
2018-10-22 08:26:36.785248,491,52.46.136.77,443,3.0,0,1,1,23,1,expected
2018-10-22 08:26:36.790356,491,52.46.136.77,443,3.0,0,1,1,23,1,expected
2018-10-22 08:26:36.806701,491,52.46.136.77,443,3.0,0,1,1,23,1,expected
2018-10-22 08:26:36.810064,54,52.46.136.77,443,1.0,27,1,1,,1,ack
2018-10-22 08:26:36.847309,491,52.46.136.77,443,3.0,0,1,1,23,1,expected
2018-10-22 08:26:36.893145,491,52.46.136.77,443,3.0,0,1,1,23,1,expected
2018-10-22 08:26:36.942328,491,52.46.136.77,443,3.0,0,1,1,23,1,expected
2018-10-22 08:26:37.008561,491,52.46.136.77,443,3.0,0,1,1,23,1,expected
2018-10-22 08:26:37.047622,491,52.46.136.77,443,3.0,0,1,1,23,1,expected
2018-10-22 08:26:37.111313,491,52.46.136.77,443,3.0,0,1,1,23,1,expected
2018-10-22 08:26:37.139753,491,52.46.136.77,443,3.0,0,1,1,23,1,expected
2018-10-22 08:26:37.208797,491,52.46.136.77,443,3.0,0,1,1,23,1,expected
2018-10-22 08:26:37.242849,491,52.46.136.77,443,3.0,0,1,1,23,1,expected
2018-10-22 08:26:37.296290,491,52.46.136.77,443,3.0,0,1,1,23,1,expected
2018-10-22 08:26:37.344445,491,52.46.136.77,443,3.0,0,1,1,23,1,expected
2018-10-22 08:26:37.410007,491,52.46.136.77,443,3.0,0,1,1,23,1,expected
2018-10-22 08:26:37.445909,491,52.46.136.77,443,3.0,0,1,1,23,1,expected
2018-10-22 08:26:37.498073,491,52.46.136.77,443,3.0,0,1,1,23,1,expected
2018-10-22 08:26:37.533403,491,52.46.136.77,443,3.0,0,1,1,23,1,expected
2018-10-22 08:26:37.638346,491,52.46.136.77,443,3.0,0,1,1,23,1,expected
2018-10-22 08:26:37.645292,491,52.46.136.77,443,3.0,0,1,1,23,1,expected
2018-10-22 08:26:37.697833,491,52.46.136.77,443,3.0,0,1,1,23,1,expected
2018-10-22 08:26:37.744113,491,52.46.136.77,443,3.0,0,1,1,23,1,expected
2018-10-22 08:26:37.817868,491,52.46.136.77,443,3.0,0,1,1,23,1,expected
2018-10-22 08:26:37.851548,491,52.46.136.77,443,3.0,0,1,1,23,1,expected
2018-10-22 08:26:37.977910,491,52.46.136.77,443,3.0,0,1,1,23,1,expected
2018-10-22 08:26:37.990584,491,52.46.136.77,443,3.0,0,1,1,23,1,expected
2018-10-22 08:26:38.011806,491,52.46.136.77,443,3.0,0,1,1,23,1,expected
2018-10-22 08:26:38.049897,491,52.46.136.77,443,3.0,0,1,1,23,1,expected
2018-10-22 08:26:38.131927,491,52.46.136.77,443,3.0,0,1,1,23,1,expected
2018-10-22 08:26:38.141227,491,52.46.136.77,443,3.0,0,1,1,23,1,expected
2018-10-22 08:26:38.204849,491,52.46.136.77,443,3.0,0,1,1,23,1,expected
2018-10-22 08:26:38.266536,491,52.46.136.77,443,3.0,0,1,1,23,1,expected
2018-10-22 08:26:38.341859,491,52.46.136.77,443,3.0,0,1,1,23,1,expected
2018-10-22 08:26:38.342042,491,52.46.136.77,443,3.0,0,1,1,23,1,expected
2018-10-22 08:26:38.445239,491,52.46.136.77,443,3.0,0,1,1,23,1,expected
2018-10-22 08:26:38.446912,491,52.46.136.77,443,3.0,0,1,1,23,1,expected
2018-10-22 08:26:38.492222,491,52.46.136.77,443,3.0,0,1,1,23,1,expected
2018-10-22 08:26:38.540632,491,52.46.136.77,443,3.0,0,1,1,23,1,expected
2018-10-22 08:26:38.610533,491,52.46.136.77,443,3.0,0,1,1,23,1,expected
2018-10-22 08:26:38.645824,491,52.46.136.77,443,3.0,0,1,1,23,1,expected
2018-10-22 08:26:38.704449,491,52.46.136.77,443,3.0,0,1,1,23,1,expected
2018-10-22 08:26:38.741311,491,52.46.136.77,443,3.0,0,1,1,23,1,expected
2018-10-22 08:26:38.809465,491,52.46.136.77,443,3.0,0,1,1,23,1,expected
2018-10-22 08:26:38.853755,491,52.46.136.77,443,3.0,0,1,1,23,1,expected
2018-10-22 08:26:38.890571,491,52.46.136.77,443,3.0,0,1,1,23,1,expected
2018-10-22 08:26:38.938337,491,52.46.136.77,443,3.0,0,1,1,23,1,expected
2018-10-22 08:26:39.037565,491,52.46.136.77,443,3.0,0,1,1,23,1,expected
2018-10-22 08:26:39.037843,491,52.46.136.77,443,3.0,0,1,1,23,1,expected
2018-10-22 08:26:39.108353,491,52.46.136.77,443,3.0,0,1,1,23,1,expected
2018-10-22 08:26:39.132855,491,52.46.136.77,443,3.0,0,1,1,23,1,expected
2018-10-22 08:26:39.212702,491,52.46.136.77,443,3.0,0,1,1,23,1,expected
2018-10-22 08:26:39.243445,491,52.46.136.77,443,3.0,0,1,1,23,1,expected
2018-10-22 08:26:39.291118,491,52.46.136.77,443,3.0,0,1,1,23,1,expected
2018-10-22 08:26:39.352755,491,52.46.136.77,443,3.0,0,1,1,23,1,expected
2018-10-22 08:26:39.408027,491,52.46.136.77,443,3.0,0,1,1,23,1,expected
2018-10-22 08:26:39.439186,491,52.46.136.77,443,3.0,0,1,1,23,1,expected
2018-10-22 08:26:39.532324,491,52.46.136.77,443,3.0,0,1,1,23,1,expected
2018-10-22 08:26:39.536835,491,52.46.136.77,443,3.0,0,1,1,23,1,expected
2018-10-22 08:26:39.610625,491,52.46.136.77,443,3.0,0,1,1,23,1,expected
2018-10-22 08:26:39.647235,491,52.46.136.77,443,3.0,0,1,1,23,1,expected
2018-10-22 08:26:39.738817,491,52.46.136.77,443,3.0,0,1,1,23,1,expected
2018-10-22 08:26:39.745138,491,52.46.136.77,443,3.0,0,1,1,23,1,expected
2018-10-22 08:26:39.819891,491,52.46.136.77,443,3.0,0,1,1,23,1,expected
2018-10-22 08:26:39.836848,491,52.46.136.77,443,3.0,0,1,1,23,1,expected
2018-10-22 08:26:39.905705,491,52.46.136.77,443,3.0,0,1,1,23,1,expected
2018-10-22 08:26:39.932528,54,52.46.136.77,443,1.0,3122,1,1,,1,ack
2018-10-22 08:26:39.933471,54,52.46.136.77,443,1.0,0,1,1,,1,ack
2018-10-22 08:26:39.935252,54,52.46.136.77,443,1.0,1,1,1,,1,ack
2018-10-22 08:26:39.935533,54,52.46.136.77,443,1.0,0,1,1,,1,ack
2018-10-22 08:26:39.965303,54,52.46.136.77,443,1.0,29,1,1,,1,ack
2018-10-22 08:26:39.965580,54,52.46.136.77,443,1.0,0,1,1,,1,ack
2018-10-22 08:26:39.965709,54,52.46.136.77,443,1.0,0,1,1,,1,ack
2018-10-22 08:26:39.966396,54,52.46.136.77,443,1.0,0,1,1,,1,ack
2018-10-22 08:26:39.968448,491,52.46.136.77,443,3.0,0,1,1,23,1,expected
2018-10-22 08:26:39.968725,54,52.46.136.77,443,1.0,2,1,1,,1,ack
2018-10-22 08:26:39.984607,54,52.46.136.77,443,1.0,15,1,1,,1,ack
2018-10-22 08:26:39.985634,99,52.46.136.77,443,3.0,0,1,1,23,1,expected
2018-10-22 08:26:39.985965,54,52.46.136.77,443,1.0,1,1,1,,1,ack
2018-10-22 08:26:39.986694,54,52.46.136.77,443,1.0,0,1,1,,1,ack
2018-10-22 08:26:39.987818,54,52.46.136.77,443,1.0,1,1,1,,1,ack
2018-10-22 08:26:39.988726,54,52.46.136.77,443,1.0,0,1,1,,1,ack
2018-10-22 08:26:39.989670,99,52.46.136.77,443,3.0,0,1,1,23,1,expected
2018-10-22 08:26:39.989799,54,52.46.136.77,443,1.0,1,1,1,,1,ack
2018-10-22 08:26:39.991179,54,52.46.136.77,443,1.0,1,1,1,,1,ack
2018-10-22 08:26:40.017452,491,52.46.136.77,443,3.0,0,1,1,23,1,expected
2018-10-22 08:26:40.070393,491,52.46.136.77,443,3.0,0,1,1,23,1,expected
2018-10-22 08:26:40.093879,491,52.46.136.77,443,3.0,0,1,1,23,1,expected
2018-10-22 08:26:40.140345,491,52.46.136.77,443,3.0,0,1,1,23,1,expected
2018-10-22 08:26:40.149281,91,52.46.136.77,443,3.0,0,1,1,23,1,expected
2018-10-22 08:26:40.149478,91,52.46.136.77,443,3.0,0,1,1,23,1,expected
2018-10-22 08:26:40.197009,431,52.46.136.77,443,3.0,0,1,1,23,1,expected
2018-10-22 08:26:40.470557,54,52.46.136.77,443,1.0,479,1,1,,1,ack
2018-10-22 08:26:40.470735,54,52.46.136.77,443,1.0,0,1,1,,1,ack
2018-10-22 08:26:40.733770,77,104.154.126.114,4070,2.0,0,1,1,,1,syn
2018-10-22 08:26:40.753258,66,104.154.126.114,4070,1.0,30969,1,1,,1,ack
2018-10-22 08:26:46.874359,177,52.46.136.77,443,3.0,0,1,1,23,1,expected
