2018-10-23 07:07:09.564037,54,52.216.226.232,80,1.0,75330618,1,1,,1,ack
2018-10-23 07:07:12.877848,95,52.46.136.99,443,3.0,0,1,1,23,1,expected
2018-10-23 07:07:12.965399,54,52.46.136.99,443,1.0,75464436,1,1,,1,ack
2018-10-23 07:07:17.403385,54,52.216.133.59,80,1.0,75347180,1,1,,1,ack
2018-10-23 07:07:21.568323,286,52.46.136.99,443,3.0,0,1,1,23,1,expected
2018-10-23 07:07:21.635217,344,52.46.136.99,443,3.0,0,1,1,23,1,expected
2018-10-23 07:07:21.644802,231,52.46.136.99,443,3.0,0,1,1,23,1,expected
2018-10-23 07:07:21.644831,491,52.46.136.99,443,3.0,0,1,1,23,1,expected
2018-10-23 07:07:21.652249,491,52.46.136.99,443,3.0,0,1,1,23,1,expected
2018-10-23 07:07:21.676570,231,52.46.136.99,443,3.0,0,1,1,23,1,expected
2018-10-23 07:07:21.689637,491,52.46.136.99,443,3.0,0,1,1,23,1,expected
2018-10-23 07:07:21.691640,491,52.46.136.99,443,3.0,0,1,1,23,1,expected
2018-10-23 07:07:21.692739,491,52.46.136.99,443,3.0,0,1,1,23,1,expected
2018-10-23 07:07:21.694546,491,52.46.136.99,443,3.0,0,1,1,23,1,expected
2018-10-23 07:07:21.709530,1068,52.46.136.99,443,3.0,0,1,1,23,1,expected
2018-10-23 07:07:21.713598,491,52.46.136.99,443,3.0,0,1,1,23,1,expected
2018-10-23 07:07:21.721710,1291,52.46.136.99,443,3.0,0,1,1,23,1,expected
2018-10-23 07:07:21.723314,491,52.46.136.99,443,3.0,0,1,1,23,1,expected
2018-10-23 07:07:21.725402,491,52.46.136.99,443,3.0,0,1,1,23,1,expected
2018-10-23 07:07:21.726596,491,52.46.136.99,443,3.0,0,1,1,23,1,expected
2018-10-23 07:07:21.727590,491,52.46.136.99,443,3.0,0,1,1,23,1,expected
2018-10-23 07:07:21.728266,491,52.46.136.99,443,3.0,0,1,1,23,1,expected
2018-10-23 07:07:21.753797,1514,52.46.136.99,443,1.0,8788,1,1,,1,not_relevant
2018-10-23 07:07:21.754133,808,52.46.136.99,443,3.0,0,1,1,23,1,expected
2018-10-23 07:07:21.769818,491,52.46.136.99,443,3.0,0,1,1,23,1,expected
2018-10-23 07:07:21.867519,491,52.46.136.99,443,3.0,0,1,1,23,1,expected
2018-10-23 07:07:21.867809,66,52.46.136.99,443,1.0,114,1,1,,1,ack
2018-10-23 07:07:21.867966,503,52.46.136.99,443,3.0,0,1,1,23,1,expected
2018-10-23 07:07:21.927732,503,52.46.136.99,443,3.0,0,1,1,23,1,expected
2018-10-23 07:07:21.990902,503,52.46.136.99,443,3.0,0,1,1,23,1,expected
2018-10-23 07:07:22.010811,54,52.46.136.99,443,1.0,143,1,1,,1,ack
2018-10-23 07:07:22.032241,491,52.46.136.99,443,3.0,0,1,1,23,1,expected
2018-10-23 07:07:22.071859,491,52.46.136.99,443,3.0,0,1,1,23,1,expected
2018-10-23 07:07:22.122706,491,52.46.136.99,443,3.0,0,1,1,23,1,expected
2018-10-23 07:07:22.168418,491,52.46.136.99,443,3.0,0,1,1,23,1,expected
2018-10-23 07:07:22.230356,491,52.46.136.99,443,3.0,0,1,1,23,1,expected
2018-10-23 07:07:22.260974,491,52.46.136.99,443,3.0,0,1,1,23,1,expected
2018-10-23 07:07:22.329921,491,52.46.136.99,443,3.0,0,1,1,23,1,expected
2018-10-23 07:07:22.358166,491,52.46.136.99,443,3.0,0,1,1,23,1,expected
2018-10-23 07:07:22.434974,491,52.46.136.99,443,3.0,0,1,1,23,1,expected
2018-10-23 07:07:22.475488,491,52.46.136.99,443,3.0,0,1,1,23,1,expected
2018-10-23 07:07:22.522175,491,52.46.136.99,443,3.0,0,1,1,23,1,expected
2018-10-23 07:07:22.570414,491,52.46.136.99,443,3.0,0,1,1,23,1,expected
2018-10-23 07:07:22.631192,491,52.46.136.99,443,3.0,0,1,1,23,1,expected
2018-10-23 07:07:22.666296,491,52.46.136.99,443,3.0,0,1,1,23,1,expected
2018-10-23 07:07:22.724954,491,52.46.136.99,443,3.0,0,1,1,23,1,expected
2018-10-23 07:07:22.759869,491,52.46.136.99,443,3.0,0,1,1,23,1,expected
2018-10-23 07:07:22.826207,491,52.46.136.99,443,3.0,0,1,1,23,1,expected
2018-10-23 07:07:22.876903,491,52.46.136.99,443,3.0,0,1,1,23,1,expected
2018-10-23 07:07:22.921538,491,52.46.136.99,443,3.0,0,1,1,23,1,expected
2018-10-23 07:07:22.979850,491,52.46.136.99,443,3.0,0,1,1,23,1,expected
2018-10-23 07:07:23.054483,491,52.46.136.99,443,3.0,0,1,1,23,1,expected
2018-10-23 07:07:23.063022,491,52.46.136.99,443,3.0,0,1,1,23,1,expected
2018-10-23 07:07:23.146492,491,52.46.136.99,443,3.0,0,1,1,23,1,expected
2018-10-23 07:07:23.193877,491,52.46.136.99,443,3.0,0,1,1,23,1,expected
2018-10-23 07:07:23.264829,491,52.46.136.99,443,3.0,0,1,1,23,1,expected
2018-10-23 07:07:23.326218,491,52.46.136.99,443,3.0,0,1,1,23,1,expected
2018-10-23 07:07:23.352726,491,52.46.136.99,443,3.0,0,1,1,23,1,expected
2018-10-23 07:07:23.360894,54,52.46.136.99,443,1.0,1350,1,1,,1,ack
2018-10-23 07:07:23.368942,491,52.46.136.99,443,3.0,0,1,1,23,1,expected
2018-10-23 07:07:23.439938,491,52.46.136.99,443,3.0,0,1,1,23,1,expected
2018-10-23 07:07:23.477224,491,52.46.136.99,443,3.0,0,1,1,23,1,expected
2018-10-23 07:07:23.518065,54,52.46.136.99,443,1.0,157,1,1,,1,ack
2018-10-23 07:07:23.529522,491,52.46.136.99,443,3.0,0,1,1,23,1,expected
2018-10-23 07:07:23.607295,491,52.46.136.99,443,3.0,0,1,1,23,1,expected
2018-10-23 07:07:23.645059,491,52.46.136.99,443,3.0,0,1,1,23,1,expected
2018-10-23 07:07:23.673797,491,52.46.136.99,443,3.0,0,1,1,23,1,expected
2018-10-23 07:07:23.724172,54,52.46.136.99,443,1.0,206,1,1,,1,ack
2018-10-23 07:07:23.726985,491,52.46.136.99,443,3.0,0,1,1,23,1,expected
2018-10-23 07:07:23.757629,54,52.46.136.99,443,1.0,33,1,1,,1,ack
2018-10-23 07:07:23.757848,54,52.46.136.99,443,1.0,0,1,1,,1,ack
2018-10-23 07:07:23.776222,491,52.46.136.99,443,3.0,0,1,1,23,1,expected
2018-10-23 07:07:23.791307,54,52.46.136.99,443,1.0,33,1,1,,1,ack
2018-10-23 07:07:23.795731,54,52.46.136.99,443,1.0,4,1,1,,1,ack
2018-10-23 07:07:23.795876,54,52.46.136.99,443,1.0,0,1,1,,1,ack
2018-10-23 07:07:23.836251,54,52.46.136.99,443,1.0,40,1,1,,1,ack
2018-10-23 07:07:23.838246,54,52.46.136.99,443,1.0,1,1,1,,1,ack
2018-10-23 07:07:23.838722,54,52.46.136.99,443,1.0,0,1,1,,1,ack
2018-10-23 07:07:23.845376,99,52.46.136.99,443,3.0,0,1,1,23,1,expected
2018-10-23 07:07:23.846289,491,52.46.136.99,443,3.0,0,1,1,23,1,expected
2018-10-23 07:07:23.865156,91,52.46.136.99,443,3.0,0,1,1,23,1,expected
2018-10-23 07:07:23.865406,91,52.46.136.99,443,3.0,0,1,1,23,1,expected
2018-10-23 07:07:23.869960,54,52.46.136.99,443,1.0,31,1,1,,1,ack
2018-10-23 07:07:23.870868,54,52.46.136.99,443,1.0,0,1,1,,1,ack
2018-10-23 07:07:23.874749,54,52.46.136.99,443,1.0,3,1,1,,1,ack
2018-10-23 07:07:23.876771,99,52.46.136.99,443,3.0,0,1,1,23,1,expected
2018-10-23 07:07:23.916068,54,52.46.136.99,443,1.0,41,1,1,,1,ack
2018-10-23 07:07:23.923433,54,52.46.136.99,443,1.0,7,1,1,,1,ack
2018-10-23 07:07:23.923609,54,52.46.136.99,443,1.0,0,1,1,,1,ack
2018-10-23 07:07:23.923712,54,52.46.136.99,443,1.0,0,1,1,,1,ack
2018-10-23 07:07:23.958276,430,52.46.136.99,443,3.0,0,1,1,23,1,expected
2018-10-23 07:07:23.965636,54,52.46.136.99,443,1.0,41,1,1,,1,ack
2018-10-23 07:07:23.966527,54,52.46.136.99,443,1.0,0,1,1,,1,ack
2018-10-23 07:07:23.967836,54,52.46.136.99,443,1.0,1,1,1,,1,ack
2018-10-23 07:07:23.996825,99,52.46.136.99,443,3.0,0,1,1,23,1,expected
2018-10-23 07:07:23.997047,54,52.46.136.99,443,1.0,29,1,1,,1,ack
2018-10-23 07:07:23.998349,54,52.46.136.99,443,1.0,1,1,1,,1,ack
2018-10-23 07:07:23.999038,54,52.46.136.99,443,1.0,0,1,1,,1,ack
2018-10-23 07:07:23.999967,54,52.46.136.99,443,1.0,0,1,1,,1,ack
2018-10-23 07:07:24.000268,99,52.46.136.99,443,3.0,0,1,1,23,1,expected
2018-10-23 07:07:24.027835,54,52.46.136.99,443,1.0,27,1,1,,1,ack
2018-10-23 07:07:24.028069,54,52.46.136.99,443,1.0,0,1,1,,1,ack
2018-10-23 07:07:24.029882,54,52.46.136.99,443,1.0,1,1,1,,1,ack
2018-10-23 07:07:24.039927,54,52.46.136.99,443,1.0,10,1,1,,1,ack
2018-10-23 07:07:24.040071,54,52.46.136.99,443,1.0,0,1,1,,1,ack
2018-10-23 07:07:24.077029,54,52.46.136.99,443,1.0,36,1,1,,1,ack
2018-10-23 07:07:24.077621,54,52.46.136.99,443,1.0,0,1,1,,1,ack
2018-10-23 07:07:24.077728,99,52.46.136.99,443,3.0,0,1,1,23,1,expected
2018-10-23 07:07:24.080587,54,52.46.136.99,443,1.0,2,1,1,,1,ack
2018-10-23 07:07:24.240102,66,52.46.136.99,443,1.0,159,1,1,,1,ack
2018-10-23 07:07:24.240241,66,52.46.136.99,443,1.0,0,1,1,,1,ack
2018-10-23 07:07:24.240323,66,52.46.136.99,443,1.0,0,1,1,,1,ack
2018-10-23 07:07:24.240405,66,52.46.136.99,443,1.0,0,1,1,,1,ack
2018-10-23 07:07:24.240481,66,52.46.136.99,443,1.0,0,1,1,,1,ack
2018-10-23 07:07:24.240566,66,52.46.136.99,443,1.0,0,1,1,,1,ack
2018-10-23 07:07:24.240644,66,52.46.136.99,443,1.0,0,1,1,,1,ack
2018-10-23 07:07:24.241679,66,52.46.136.99,443,1.0,1,1,1,,1,ack
2018-10-23 07:07:24.963672,54,52.216.226.232,80,1.0,15399,1,1,,1,ack
2018-10-23 07:07:26.394161,74,52.46.136.99,443,1.0,2152,1,1,,1,ack
2018-10-23 07:07:26.394446,74,52.46.136.99,443,1.0,0,1,1,,1,ack
2018-10-23 07:07:26.394522,82,52.46.136.99,443,1.0,0,1,1,,1,ack
2018-10-23 07:07:26.489576,66,52.46.136.99,443,1.0,95,1,1,,1,ack
2018-10-23 07:07:26.489654,66,52.46.136.99,443,1.0,0,1,1,,1,ack
2018-10-23 07:07:26.489728,66,52.46.136.99,443,1.0,0,1,1,,1,ack
2018-10-23 07:07:26.489798,111,52.46.136.99,443,3.0,0,1,1,23,1,expected
2018-10-23 07:07:26.509130,66,52.46.136.99,443,1.0,19,1,1,,1,ack
2018-10-23 07:07:26.509209,54,52.46.136.99,443,1.0,0,1,1,,1,ack
2018-10-23 07:07:26.509369,54,52.46.136.99,443,1.0,0,1,1,,1,ack
2018-10-23 07:07:35.458786,77,104.154.127.233,4070,2.0,0,1,1,,1,syn
2018-10-23 07:07:35.482594,66,104.154.127.233,4070,1.0,75451065,1,1,,1,ack
2018-10-23 07:07:42.418574,177,52.46.136.99,443,3.0,0,1,1,23,1,expected
2018-10-23 07:07:47.033463,283,52.46.136.99,443,3.0,0,1,1,23,1,expected
2018-10-23 07:07:47.065946,347,52.46.136.99,443,3.0,0,1,1,23,1,expected
2018-10-23 07:07:47.079147,1514,52.46.136.99,443,1.0,20569,1,1,,1,not_relevant
2018-10-23 07:07:47.079178,371,52.46.136.99,443,3.0,0,1,1,23,1,expected
2018-10-23 07:07:47.081177,491,52.46.136.99,443,3.0,0,1,1,23,1,expected
2018-10-23 07:07:47.083840,491,52.46.136.99,443,3.0,0,1,1,23,1,expected
2018-10-23 07:07:47.096454,631,52.46.136.99,443,3.0,0,1,1,23,1,expected
2018-10-23 07:07:47.109104,891,52.46.136.99,443,3.0,0,1,1,23,1,expected
2018-10-23 07:07:47.134017,491,52.46.136.99,443,3.0,0,1,1,23,1,expected
2018-10-23 07:07:47.136892,491,52.46.136.99,443,3.0,0,1,1,23,1,expected
2018-10-23 07:07:47.147465,491,52.46.136.99,443,3.0,0,1,1,23,1,expected
2018-10-23 07:07:47.147892,1514,52.46.136.99,443,3.0,0,1,1,23,1,expected
2018-10-23 07:07:47.149281,1216,52.46.136.99,443,3.0,0,1,1,23,1,expected
2018-10-23 07:07:47.169018,54,52.46.136.99,443,1.0,89,1,1,,1,ack
2018-10-23 07:07:47.177219,491,52.46.136.99,443,3.0,0,1,1,23,1,expected
2018-10-23 07:07:47.188977,1514,52.46.136.99,443,1.0,19,1,1,,1,not_relevant
2018-10-23 07:07:47.189344,1514,52.46.136.99,443,3.0,0,1,1,23,1,expected
2018-10-23 07:07:47.189811,1514,52.46.136.99,443,1.0,0,1,1,,1,not_relevant
2018-10-23 07:07:47.189842,1514,52.46.136.99,443,3.0,0,1,1,23,1,expected
2018-10-23 07:07:47.189864,65,52.46.136.99,443,3.0,0,1,1,23,1,expected
2018-10-23 07:07:47.208843,491,52.46.136.99,443,3.0,0,1,1,23,1,expected
2018-10-23 07:07:47.270916,491,52.46.136.99,443,3.0,0,1,1,23,1,expected
2018-10-23 07:07:47.319411,491,52.46.136.99,443,3.0,0,1,1,23,1,expected
2018-10-23 07:07:47.364712,491,52.46.136.99,443,3.0,0,1,1,23,1,expected
2018-10-23 07:07:47.412917,491,52.46.136.99,443,3.0,0,1,1,23,1,expected
2018-10-23 07:07:47.484238,491,52.46.136.99,443,3.0,0,1,1,23,1,expected
2018-10-23 07:07:47.513156,491,52.46.136.99,443,3.0,0,1,1,23,1,expected
2018-10-23 07:07:47.582819,491,52.46.136.99,443,3.0,0,1,1,23,1,expected
2018-10-23 07:07:47.607402,491,52.46.136.99,443,3.0,0,1,1,23,1,expected
2018-10-23 07:07:47.671474,491,52.46.136.99,443,3.0,0,1,1,23,1,expected
2018-10-23 07:07:47.725145,491,52.46.136.99,443,3.0,0,1,1,23,1,expected
2018-10-23 07:07:47.769381,491,52.46.136.99,443,3.0,0,1,1,23,1,expected
2018-10-23 07:07:47.815548,491,52.46.136.99,443,3.0,0,1,1,23,1,expected
2018-10-23 07:07:47.881354,491,52.46.136.99,443,3.0,0,1,1,23,1,expected
2018-10-23 07:07:47.913864,491,52.46.136.99,443,3.0,0,1,1,23,1,expected
2018-10-23 07:07:47.977945,491,52.46.136.99,443,3.0,0,1,1,23,1,expected
2018-10-23 07:07:48.016216,491,52.46.136.99,443,3.0,0,1,1,23,1,expected
2018-10-23 07:07:48.075131,491,52.46.136.99,443,3.0,0,1,1,23,1,expected
2018-10-23 07:07:48.119903,491,52.46.136.99,443,3.0,0,1,1,23,1,expected
2018-10-23 07:07:48.168460,491,52.46.136.99,443,3.0,0,1,1,23,1,expected
2018-10-23 07:07:48.231499,491,52.46.136.99,443,3.0,0,1,1,23,1,expected
2018-10-23 07:07:48.276495,491,52.46.136.99,443,3.0,0,1,1,23,1,expected
2018-10-23 07:07:48.310904,491,52.46.136.99,443,3.0,0,1,1,23,1,expected
2018-10-23 07:07:48.391562,491,52.46.136.99,443,3.0,0,1,1,23,1,expected
2018-10-23 07:07:48.405902,491,52.46.136.99,443,3.0,0,1,1,23,1,expected
2018-10-23 07:07:48.478859,491,52.46.136.99,443,3.0,0,1,1,23,1,expected
2018-10-23 07:07:48.516846,491,52.46.136.99,443,3.0,0,1,1,23,1,expected
2018-10-23 07:07:48.564859,491,52.46.136.99,443,3.0,0,1,1,23,1,expected
2018-10-23 07:07:48.612782,491,52.46.136.99,443,3.0,0,1,1,23,1,expected
2018-10-23 07:07:48.679601,491,52.46.136.99,443,3.0,0,1,1,23,1,expected
2018-10-23 07:07:48.715322,491,52.46.136.99,443,3.0,0,1,1,23,1,expected
2018-10-23 07:07:48.775519,491,52.46.136.99,443,3.0,0,1,1,23,1,expected
2018-10-23 07:07:48.810294,491,52.46.136.99,443,3.0,0,1,1,23,1,expected
2018-10-23 07:07:48.877274,491,52.46.136.99,443,3.0,0,1,1,23,1,expected
2018-10-23 07:07:48.956112,491,52.46.136.99,443,3.0,0,1,1,23,1,expected
2018-10-23 07:07:48.969066,491,52.46.136.99,443,3.0,0,1,1,23,1,expected
2018-10-23 07:07:49.094588,491,52.46.136.99,443,3.0,0,1,1,23,1,expected
2018-10-23 07:07:49.095016,491,52.46.136.99,443,3.0,0,1,1,23,1,expected
2018-10-23 07:07:49.110946,491,52.46.136.99,443,3.0,0,1,1,23,1,expected
2018-10-23 07:07:49.161427,54,52.46.136.99,443,1.0,1971,1,1,,1,ack
2018-10-23 07:07:49.230437,491,52.46.136.99,443,3.0,0,1,1,23,1,expected
2018-10-23 07:07:49.231787,491,52.46.136.99,443,3.0,0,1,1,23,1,expected
2018-10-23 07:07:49.273197,491,52.46.136.99,443,3.0,0,1,1,23,1,expected
2018-10-23 07:07:49.367018,491,52.46.136.99,443,3.0,0,1,1,23,1,expected
2018-10-23 07:07:49.407282,491,52.46.136.99,443,3.0,0,1,1,23,1,expected
2018-10-23 07:07:49.407422,54,52.46.136.99,443,1.0,245,1,1,,1,ack
2018-10-23 07:07:49.435604,491,52.46.136.99,443,3.0,0,1,1,23,1,expected
2018-10-23 07:07:49.523504,491,52.46.136.99,443,3.0,0,1,1,23,1,expected
2018-10-23 07:07:49.541597,491,52.46.136.99,443,3.0,0,1,1,23,1,expected
2018-10-23 07:07:49.587858,491,52.46.136.99,443,3.0,0,1,1,23,1,expected
2018-10-23 07:07:49.611310,491,52.46.136.99,443,3.0,0,1,1,23,1,expected
2018-10-23 07:07:49.672746,491,52.46.136.99,443,3.0,0,1,1,23,1,expected
2018-10-23 07:07:49.726071,491,52.46.136.99,443,3.0,0,1,1,23,1,expected
2018-10-23 07:07:49.775004,491,52.46.136.99,443,3.0,0,1,1,23,1,expected
2018-10-23 07:07:49.827820,491,52.46.136.99,443,3.0,0,1,1,23,1,expected
2018-10-23 07:07:49.881047,491,52.46.136.99,443,3.0,0,1,1,23,1,expected
2018-10-23 07:07:49.914429,491,52.46.136.99,443,3.0,0,1,1,23,1,expected
2018-10-23 07:07:49.943980,54,52.46.136.99,443,1.0,536,1,1,,1,ack
2018-10-23 07:07:49.954292,54,52.46.136.99,443,1.0,10,1,1,,1,ack
2018-10-23 07:07:49.954803,54,52.46.136.99,443,1.0,0,1,1,,1,ack
2018-10-23 07:07:49.963270,99,52.46.136.99,443,3.0,0,1,1,23,1,expected
2018-10-23 07:07:49.989421,491,52.46.136.99,443,3.0,0,1,1,23,1,expected
2018-10-23 07:07:50.008115,54,52.46.136.99,443,1.0,53,1,1,,1,ack
2018-10-23 07:07:50.009298,491,52.46.136.99,443,3.0,0,1,1,23,1,expected
2018-10-23 07:07:50.009421,54,52.46.136.99,443,1.0,1,1,1,,1,ack
2018-10-23 07:07:50.011308,54,52.46.136.99,443,1.0,1,1,1,,1,ack
2018-10-23 07:07:50.011626,54,52.46.136.99,443,1.0,0,1,1,,1,ack
2018-10-23 07:07:50.027449,54,52.46.136.99,443,1.0,15,1,1,,1,ack
2018-10-23 07:07:50.029096,54,52.46.136.99,443,1.0,1,1,1,,1,ack
2018-10-23 07:07:50.029210,54,52.46.136.99,443,1.0,0,1,1,,1,ack
2018-10-23 07:07:50.030740,54,52.46.136.99,443,1.0,1,1,1,,1,ack
2018-10-23 07:07:50.031787,54,52.46.136.99,443,1.0,1,1,1,,1,ack
2018-10-23 07:07:50.047182,54,52.46.136.99,443,1.0,15,1,1,,1,ack
2018-10-23 07:07:50.049397,54,52.46.136.99,443,1.0,2,1,1,,1,ack
2018-10-23 07:07:50.075894,99,52.46.136.99,443,3.0,0,1,1,23,1,expected
2018-10-23 07:07:50.076169,54,52.46.136.99,443,1.0,26,1,1,,1,ack
2018-10-23 07:07:50.076424,491,52.46.136.99,443,3.0,0,1,1,23,1,expected
2018-10-23 07:07:50.076441,54,52.46.136.99,443,1.0,0,1,1,,1,ack
2018-10-23 07:07:50.076527,99,52.46.136.99,443,3.0,0,1,1,23,1,expected
2018-10-23 07:07:50.077816,54,52.46.136.99,443,1.0,1,1,1,,1,ack
2018-10-23 07:07:50.094291,54,52.46.136.99,443,1.0,16,1,1,,1,ack
2018-10-23 07:07:50.096086,54,52.46.136.99,443,1.0,1,1,1,,1,ack
2018-10-23 07:07:50.097073,54,52.46.136.99,443,1.0,0,1,1,,1,ack
2018-10-23 07:07:50.097197,54,52.46.136.99,443,1.0,0,1,1,,1,ack
2018-10-23 07:07:50.105353,54,52.46.136.99,443,1.0,8,1,1,,1,ack
2018-10-23 07:07:50.120865,91,52.46.136.99,443,3.0,0,1,1,23,1,expected
2018-10-23 07:07:50.121204,54,52.46.136.99,443,1.0,15,1,1,,1,ack
2018-10-23 07:07:50.121437,54,52.46.136.99,443,1.0,0,1,1,,1,ack
2018-10-23 07:07:50.121600,54,52.46.136.99,443,1.0,0,1,1,,1,ack
2018-10-23 07:07:50.121734,91,52.46.136.99,443,3.0,0,1,1,23,1,expected
2018-10-23 07:07:50.132318,99,52.46.136.99,443,3.0,0,1,1,23,1,expected
2018-10-23 07:07:50.132468,54,52.46.136.99,443,1.0,10,1,1,,1,ack
2018-10-23 07:07:50.132567,99,52.46.136.99,443,3.0,0,1,1,23,1,expected
2018-10-23 07:07:50.148780,430,52.46.136.99,443,3.0,0,1,1,23,1,expected
2018-10-23 07:07:50.155569,54,52.46.136.99,443,1.0,23,1,1,,1,ack
2018-10-23 07:07:50.155657,54,52.46.136.99,443,1.0,0,1,1,,1,ack
2018-10-23 07:07:50.155821,54,52.46.136.99,443,1.0,0,1,1,,1,ack
2018-10-23 07:07:50.155984,54,52.46.136.99,443,1.0,0,1,1,,1,ack
2018-10-23 07:07:50.156066,54,52.46.136.99,443,1.0,0,1,1,,1,ack
2018-10-23 07:07:50.174195,54,52.46.136.99,443,1.0,18,1,1,,1,ack
2018-10-23 07:07:50.184716,54,52.46.136.99,443,1.0,10,1,1,,1,ack
2018-10-23 07:07:50.184890,54,52.46.136.99,443,1.0,0,1,1,,1,ack
2018-10-23 07:07:50.185053,54,52.46.136.99,443,1.0,0,1,1,,1,ack
2018-10-23 07:07:50.185129,54,52.46.136.99,443,1.0,0,1,1,,1,ack
2018-10-23 07:07:50.185205,99,52.46.136.99,443,3.0,0,1,1,23,1,expected
2018-10-23 07:07:50.185284,99,52.46.136.99,443,3.0,0,1,1,23,1,expected
2018-10-23 07:07:50.193034,54,52.46.136.99,443,1.0,7,1,1,,1,ack
2018-10-23 07:07:50.204508,54,52.46.136.99,443,1.0,11,1,1,,1,ack
2018-10-23 07:07:50.240810,54,52.46.136.99,443,1.0,36,1,1,,1,ack
2018-10-23 07:07:50.762529,54,52.46.136.99,443,1.0,521,1,1,,1,ack
2018-10-23 07:07:50.845048,54,52.46.136.99,443,1.0,82,1,1,,1,ack
2018-10-23 07:07:53.691060,66,104.154.127.233,4070,1.0,18208,1,1,,1,ack
2018-10-23 07:07:55.764471,54,52.216.226.232,80,1.0,30800,1,1,,1,ack
2018-10-23 07:08:05.512908,77,104.154.127.233,4070,2.0,0,1,1,,1,syn
2018-10-23 07:08:05.531612,66,104.154.127.233,4070,1.0,11840,1,1,,1,ack
2018-10-23 07:08:08.614782,176,52.46.136.99,443,3.0,0,1,1,23,1,expected
2018-10-23 07:08:15.114040,287,52.46.136.99,443,3.0,0,1,1,23,1,expected
2018-10-23 07:08:15.175444,343,52.46.136.99,443,3.0,0,1,1,23,1,expected
2018-10-23 07:08:15.190096,631,52.46.136.99,443,3.0,0,1,1,23,1,expected
2018-10-23 07:08:15.199526,1514,52.46.136.99,443,1.0,24354,1,1,,1,not_relevant
2018-10-23 07:08:15.200258,1267,52.46.136.99,443,3.0,0,1,1,23,1,expected
2018-10-23 07:08:15.209919,54,52.46.136.99,443,1.0,10,1,1,,1,ack
2018-10-23 07:08:15.215289,795,52.46.136.99,443,3.0,0,1,1,23,1,expected
2018-10-23 07:08:15.216682,491,52.46.136.99,443,3.0,0,1,1,23,1,expected
2018-10-23 07:08:15.223908,491,52.46.136.99,443,3.0,0,1,1,23,1,expected
2018-10-23 07:08:15.225704,631,52.46.136.99,443,3.0,0,1,1,23,1,expected
2018-10-23 07:08:15.256359,491,52.46.136.99,443,3.0,0,1,1,23,1,expected
2018-10-23 07:08:15.269092,1514,52.46.136.99,443,1.0,59,1,1,,1,not_relevant
2018-10-23 07:08:15.270673,1514,52.46.136.99,443,3.0,0,1,1,23,1,expected
2018-10-23 07:08:15.270703,1348,52.46.136.99,443,3.0,0,1,1,23,1,expected
2018-10-23 07:08:15.287177,491,52.46.136.99,443,3.0,0,1,1,23,1,expected
2018-10-23 07:08:15.331042,54,52.46.136.99,443,1.0,61,1,1,,1,ack
2018-10-23 07:08:15.349822,491,52.46.136.99,443,3.0,0,1,1,23,1,expected
2018-10-23 07:08:15.406137,491,52.46.136.99,443,3.0,0,1,1,23,1,expected
2018-10-23 07:08:15.450417,491,52.46.136.99,443,3.0,0,1,1,23,1,expected
2018-10-23 07:08:15.494471,491,52.46.136.99,443,3.0,0,1,1,23,1,expected
2018-10-23 07:08:15.559568,491,52.46.136.99,443,3.0,0,1,1,23,1,expected
2018-10-23 07:08:15.594916,491,52.46.136.99,443,3.0,0,1,1,23,1,expected
2018-10-23 07:08:15.657753,491,52.46.136.99,443,3.0,0,1,1,23,1,expected
2018-10-23 07:08:15.688632,491,52.46.136.99,443,3.0,0,1,1,23,1,expected
2018-10-23 07:08:15.762824,491,52.46.136.99,443,3.0,0,1,1,23,1,expected
2018-10-23 07:08:15.799936,491,52.46.136.99,443,3.0,0,1,1,23,1,expected
2018-10-23 07:08:15.849636,491,52.46.136.99,443,3.0,0,1,1,23,1,expected
2018-10-23 07:08:15.896392,491,52.46.136.99,443,3.0,0,1,1,23,1,expected
2018-10-23 07:08:15.962899,491,52.46.136.99,443,3.0,0,1,1,23,1,expected
2018-10-23 07:08:15.999774,491,52.46.136.99,443,3.0,0,1,1,23,1,expected
2018-10-23 07:08:16.071606,491,52.46.136.99,443,3.0,0,1,1,23,1,expected
2018-10-23 07:08:16.085954,491,52.46.136.99,443,3.0,0,1,1,23,1,expected
2018-10-23 07:08:16.160028,491,52.46.136.99,443,3.0,0,1,1,23,1,expected
2018-10-23 07:08:16.197519,491,52.46.136.99,443,3.0,0,1,1,23,1,expected
2018-10-23 07:08:16.244735,491,52.46.136.99,443,3.0,0,1,1,23,1,expected
2018-10-23 07:08:16.296332,491,52.46.136.99,443,3.0,0,1,1,23,1,expected
2018-10-23 07:08:16.368480,491,52.46.136.99,443,3.0,0,1,1,23,1,expected
2018-10-23 07:08:16.407115,491,52.46.136.99,443,3.0,0,1,1,23,1,expected
2018-10-23 07:08:16.460862,491,52.46.136.99,443,3.0,0,1,1,23,1,expected
2018-10-23 07:08:16.487095,491,52.46.136.99,443,3.0,0,1,1,23,1,expected
2018-10-23 07:08:16.561694,491,52.46.136.99,443,3.0,0,1,1,23,1,expected
2018-10-23 07:08:16.601753,491,52.46.136.99,443,3.0,0,1,1,23,1,expected
2018-10-23 07:08:16.649441,491,52.46.136.99,443,3.0,0,1,1,23,1,expected
2018-10-23 07:08:16.711666,491,52.46.136.99,443,3.0,0,1,1,23,1,expected
2018-10-23 07:08:16.756540,54,52.46.136.99,443,1.0,1425,1,1,,1,ack
2018-10-23 07:08:16.757959,491,52.46.136.99,443,3.0,0,1,1,23,1,expected
2018-10-23 07:08:16.790181,491,52.46.136.99,443,3.0,0,1,1,23,1,expected
2018-10-23 07:08:16.872233,491,52.46.136.99,443,3.0,0,1,1,23,1,expected
2018-10-23 07:08:16.884995,491,52.46.136.99,443,3.0,0,1,1,23,1,expected
2018-10-23 07:08:16.955355,491,52.46.136.99,443,3.0,0,1,1,23,1,expected
2018-10-23 07:08:17.000041,491,52.46.136.99,443,3.0,0,1,1,23,1,expected
2018-10-23 07:08:17.062484,491,52.46.136.99,443,3.0,0,1,1,23,1,expected
2018-10-23 07:08:17.095386,491,52.46.136.99,443,3.0,0,1,1,23,1,expected
2018-10-23 07:08:17.167225,491,52.46.136.99,443,3.0,0,1,1,23,1,expected
2018-10-23 07:08:17.188998,491,52.46.136.99,443,3.0,0,1,1,23,1,expected
2018-10-23 07:08:17.225239,54,52.46.136.99,443,1.0,468,1,1,,1,ack
2018-10-23 07:08:17.226114,54,52.46.136.99,443,1.0,0,1,1,,1,ack
2018-10-23 07:08:17.227435,54,52.46.136.99,443,1.0,1,1,1,,1,ack
2018-10-23 07:08:17.271829,54,52.46.136.99,443,1.0,44,1,1,,1,ack
2018-10-23 07:08:17.271993,491,52.46.136.99,443,3.0,0,1,1,23,1,expected
2018-10-23 07:08:17.284019,54,52.46.136.99,443,1.0,12,1,1,,1,ack
2018-10-23 07:08:17.285682,54,52.46.136.99,443,1.0,1,1,1,,1,ack
2018-10-23 07:08:17.285915,54,52.46.136.99,443,1.0,0,1,1,,1,ack
2018-10-23 07:08:17.286041,54,52.46.136.99,443,1.0,0,1,1,,1,ack
2018-10-23 07:08:17.290259,54,52.46.136.99,443,1.0,4,1,1,,1,ack
2018-10-23 07:08:17.309750,491,52.46.136.99,443,3.0,0,1,1,23,1,expected
2018-10-23 07:08:17.309993,54,52.46.136.99,443,1.0,19,1,1,,1,ack
2018-10-23 07:08:17.310216,54,52.46.136.99,443,1.0,0,1,1,,1,ack
2018-10-23 07:08:17.310355,54,52.46.136.99,443,1.0,0,1,1,,1,ack
2018-10-23 07:08:17.310500,54,52.46.136.99,443,1.0,0,1,1,,1,ack
2018-10-23 07:08:17.310634,54,52.46.136.99,443,1.0,0,1,1,,1,ack
2018-10-23 07:08:17.312460,99,52.46.136.99,443,3.0,0,1,1,23,1,expected
2018-10-23 07:08:17.413993,491,52.46.136.99,443,3.0,0,1,1,23,1,expected
2018-10-23 07:08:17.429579,91,52.46.136.99,443,3.0,0,1,1,23,1,expected
2018-10-23 07:08:17.429841,91,52.46.136.99,443,3.0,0,1,1,23,1,expected
2018-10-23 07:08:17.430072,54,52.46.136.99,443,1.0,119,1,1,,1,ack
2018-10-23 07:08:17.430203,99,52.46.136.99,443,3.0,0,1,1,23,1,expected
2018-10-23 07:08:17.430413,430,52.46.136.99,443,3.0,0,1,1,23,1,expected
2018-10-23 07:08:17.430441,66,52.46.136.99,443,1.0,0,1,1,,1,ack
2018-10-23 07:08:17.435858,66,52.46.136.99,443,1.0,5,1,1,,1,ack
2018-10-23 07:08:17.435990,66,52.46.136.99,443,1.0,0,1,1,,1,ack
2018-10-23 07:08:17.436591,66,52.46.136.99,443,1.0,0,1,1,,1,ack
2018-10-23 07:08:17.436727,66,52.46.136.99,443,1.0,0,1,1,,1,ack
2018-10-23 07:08:17.445047,74,52.46.136.99,443,1.0,8,1,1,,1,ack
2018-10-23 07:08:17.445673,74,52.46.136.99,443,1.0,0,1,1,,1,ack
2018-10-23 07:08:17.469257,74,52.46.136.99,443,1.0,23,1,1,,1,ack
2018-10-23 07:08:17.543901,74,52.46.136.99,443,1.0,74,1,1,,1,ack
2018-10-23 07:08:17.544197,74,52.46.136.99,443,1.0,0,1,1,,1,ack
2018-10-23 07:08:17.544343,74,52.46.136.99,443,1.0,0,1,1,,1,ack
2018-10-23 07:08:17.546564,66,52.46.136.99,443,1.0,2,1,1,,1,ack
2018-10-23 07:08:17.546768,66,52.46.136.99,443,1.0,0,1,1,,1,ack
2018-10-23 07:08:17.555043,66,52.46.136.99,443,1.0,8,1,1,,1,ack
2018-10-23 07:08:17.556527,54,52.46.136.99,443,1.0,1,1,1,,1,ack
2018-10-23 07:08:17.561299,99,52.46.136.99,443,3.0,0,1,1,23,1,expected
2018-10-23 07:08:17.564745,66,52.46.136.99,443,1.0,8,1,1,,1,ack
2018-10-23 07:08:17.565004,66,52.46.136.99,443,1.0,0,1,1,,1,ack
2018-10-23 07:08:17.565146,66,52.46.136.99,443,1.0,0,1,1,,1,ack
2018-10-23 07:08:17.569259,66,52.46.136.99,443,1.0,4,1,1,,1,ack
2018-10-23 07:08:17.572585,66,52.46.136.99,443,1.0,3,1,1,,1,ack
2018-10-23 07:08:17.705422,74,52.46.136.99,443,1.0,132,1,1,,1,ack
2018-10-23 07:08:17.705600,66,52.46.136.99,443,1.0,0,1,1,,1,ack
2018-10-23 07:08:17.705703,66,52.46.136.99,443,1.0,0,1,1,,1,ack
2018-10-23 07:08:17.725019,66,52.46.136.99,443,1.0,19,1,1,,1,ack
2018-10-23 07:08:17.725713,111,52.46.136.99,443,3.0,0,1,1,23,1,expected
2018-10-23 07:08:17.725875,66,52.46.136.99,443,1.0,0,1,1,,1,ack
2018-10-23 07:08:17.725961,66,52.46.136.99,443,1.0,0,1,1,,1,ack
2018-10-23 07:08:17.754907,54,52.46.136.99,443,1.0,28,1,1,,1,ack
2018-10-23 07:08:17.756047,54,52.46.136.99,443,1.0,1,1,1,,1,ack
2018-10-23 07:08:17.757412,54,52.46.136.99,443,1.0,1,1,1,,1,ack
2018-10-23 07:08:17.757493,54,52.46.136.99,443,1.0,0,1,1,,1,ack
2018-10-23 07:08:17.757645,54,52.46.136.99,443,1.0,0,1,1,,1,ack
2018-10-23 07:08:17.863354,54,52.46.136.99,443,1.0,105,1,1,,1,ack
2018-10-23 07:08:17.863495,54,52.46.136.99,443,1.0,0,1,1,,1,ack
2018-10-23 07:08:17.863572,54,52.46.136.99,443,1.0,0,1,1,,1,ack
2018-10-23 07:08:17.863647,54,52.46.136.99,443,1.0,0,1,1,,1,ack
2018-10-23 07:08:17.864956,54,52.46.136.99,443,1.0,1,1,1,,1,ack
2018-10-23 07:08:17.865033,54,52.46.136.99,443,1.0,0,1,1,,1,ack
2018-10-23 07:08:17.865427,99,52.46.136.99,443,3.0,0,1,1,23,1,expected
2018-10-23 07:08:17.884171,54,52.46.136.99,443,1.0,19,1,1,,1,ack
2018-10-23 07:08:17.884248,54,52.46.136.99,443,1.0,0,1,1,,1,ack
2018-10-23 07:08:17.884623,54,52.46.136.99,443,1.0,0,1,1,,1,ack
2018-10-23 07:08:17.994673,54,52.46.136.99,443,1.0,110,1,1,,1,ack
2018-10-23 07:08:17.994878,99,52.46.136.99,443,3.0,0,1,1,23,1,expected
2018-10-23 07:08:17.994952,54,52.46.136.99,443,1.0,0,1,1,,1,ack
2018-10-23 07:08:18.030992,54,52.46.136.99,443,1.0,36,1,1,,1,ack
2018-10-23 07:08:18.284196,99,52.46.136.99,443,1.0,253,1,1,,1,not_relevant
2018-10-23 07:08:18.574875,99,52.46.136.99,443,1.0,290,1,1,,1,not_relevant
2018-10-23 07:08:19.154297,99,52.46.136.99,443,1.0,579,1,1,,1,not_relevant
2018-10-23 07:08:20.314587,99,52.46.136.99,443,1.0,1160,1,1,,1,not_relevant
2018-10-23 07:08:20.394603,66,52.46.136.99,443,1.0,80,1,1,,1,ack
2018-10-23 07:08:20.394806,66,52.46.136.99,443,1.0,0,1,1,,1,ack
2018-10-23 07:08:20.394883,66,52.46.136.99,443,1.0,0,1,1,,1,ack
2018-10-23 07:08:20.394959,66,52.46.136.99,443,1.0,0,1,1,,1,ack
2018-10-23 07:08:20.395036,66,52.46.136.99,443,1.0,0,1,1,,1,ack
2018-10-23 07:08:20.415777,74,52.46.136.99,443,1.0,20,1,1,,1,ack
2018-10-23 07:08:20.416056,66,52.46.136.99,443,1.0,0,1,1,,1,ack
2018-10-23 07:08:20.434167,54,52.46.136.99,443,1.0,18,1,1,,1,ack
2018-10-23 07:08:35.914660,175,52.46.136.99,443,3.0,0,1,1,23,1,expected
2018-10-23 07:08:36.397579,77,104.154.127.233,4070,2.0,0,1,1,,1,syn
2018-10-23 07:08:36.416791,66,104.154.127.233,4070,1.0,30885,1,1,,1,ack
2018-10-23 07:08:44.516294,287,52.46.136.99,443,3.0,0,1,1,23,1,expected
2018-10-23 07:08:44.588178,345,52.46.136.99,443,3.0,0,1,1,23,1,expected
2018-10-23 07:08:44.608374,1291,52.46.136.99,443,3.0,0,1,1,23,1,expected
2018-10-23 07:08:44.609698,491,52.46.136.99,443,3.0,0,1,1,23,1,expected
2018-10-23 07:08:44.615641,491,52.46.136.99,443,3.0,0,1,1,23,1,expected
2018-10-23 07:08:44.632777,1514,52.46.136.99,443,3.0,0,1,1,23,1,expected
2018-10-23 07:08:44.633085,482,52.46.136.99,443,3.0,0,1,1,23,1,expected
2018-10-23 07:08:44.651501,54,52.46.136.99,443,1.0,24217,1,1,,1,ack
2018-10-23 07:08:44.656826,891,52.46.136.99,443,3.0,0,1,1,23,1,expected
2018-10-23 07:08:44.662913,891,52.46.136.99,443,3.0,0,1,1,23,1,expected
2018-10-23 07:08:44.667495,491,52.46.136.99,443,3.0,0,1,1,23,1,expected
2018-10-23 07:08:44.669642,491,52.46.136.99,443,3.0,0,1,1,23,1,expected
2018-10-23 07:08:44.671636,491,52.46.136.99,443,3.0,0,1,1,23,1,expected
2018-10-23 07:08:44.684221,491,52.46.136.99,443,3.0,0,1,1,23,1,expected
2018-10-23 07:08:44.685244,491,52.46.136.99,443,3.0,0,1,1,23,1,expected
2018-10-23 07:08:44.686147,491,52.46.136.99,443,3.0,0,1,1,23,1,expected
2018-10-23 07:08:44.721176,1514,52.46.136.99,443,1.0,69,1,1,,1,not_relevant
2018-10-23 07:08:44.721206,1514,52.46.136.99,443,3.0,0,1,1,23,1,expected
2018-10-23 07:08:44.722657,1514,52.46.136.99,443,1.0,1,1,1,,1,not_relevant
2018-10-23 07:08:44.722687,1088,52.46.136.99,443,3.0,0,1,1,23,1,expected
2018-10-23 07:08:44.730289,491,52.46.136.99,443,3.0,0,1,1,23,1,expected
2018-10-23 07:08:44.792812,491,52.46.136.99,443,3.0,0,1,1,23,1,expected
2018-10-23 07:08:44.839847,491,52.46.136.99,443,3.0,0,1,1,23,1,expected
2018-10-23 07:08:44.890877,491,52.46.136.99,443,3.0,0,1,1,23,1,expected
2018-10-23 07:08:44.920634,491,52.46.136.99,443,3.0,0,1,1,23,1,expected
2018-10-23 07:08:44.985945,491,52.46.136.99,443,3.0,0,1,1,23,1,expected
2018-10-23 07:08:45.033284,491,52.46.136.99,443,3.0,0,1,1,23,1,expected
2018-10-23 07:08:45.079817,491,52.46.136.99,443,3.0,0,1,1,23,1,expected
2018-10-23 07:08:45.131696,491,52.46.136.99,443,3.0,0,1,1,23,1,expected
2018-10-23 07:08:45.193287,491,52.46.136.99,443,3.0,0,1,1,23,1,expected
2018-10-23 07:08:45.222112,491,52.46.136.99,443,3.0,0,1,1,23,1,expected
2018-10-23 07:08:45.294533,491,52.46.136.99,443,3.0,0,1,1,23,1,expected
2018-10-23 07:08:45.318533,491,52.46.136.99,443,3.0,0,1,1,23,1,expected
2018-10-23 07:08:45.384197,491,52.46.136.99,443,3.0,0,1,1,23,1,expected
2018-10-23 07:08:45.436004,491,52.46.136.99,443,3.0,0,1,1,23,1,expected
2018-10-23 07:08:45.487434,491,52.46.136.99,443,3.0,0,1,1,23,1,expected
2018-10-23 07:08:45.534856,491,52.46.136.99,443,3.0,0,1,1,23,1,expected
2018-10-23 07:08:45.595421,491,52.46.136.99,443,3.0,0,1,1,23,1,expected
2018-10-23 07:08:45.626810,491,52.46.136.99,443,3.0,0,1,1,23,1,expected
2018-10-23 07:08:45.691067,491,52.46.136.99,443,3.0,0,1,1,23,1,expected
2018-10-23 07:08:45.720602,491,52.46.136.99,443,3.0,0,1,1,23,1,expected
2018-10-23 07:08:45.790310,491,52.46.136.99,443,3.0,0,1,1,23,1,expected
2018-10-23 07:08:45.835455,491,52.46.136.99,443,3.0,0,1,1,23,1,expected
2018-10-23 07:08:45.878589,491,52.46.136.99,443,3.0,0,1,1,23,1,expected
2018-10-23 07:08:45.931145,491,52.46.136.99,443,3.0,0,1,1,23,1,expected
2018-10-23 07:08:45.993554,491,52.46.136.99,443,3.0,0,1,1,23,1,expected
2018-10-23 07:08:46.028172,491,52.46.136.99,443,3.0,0,1,1,23,1,expected
2018-10-23 07:08:46.093597,491,52.46.136.99,443,3.0,0,1,1,23,1,expected
2018-10-23 07:08:46.121105,491,52.46.136.99,443,3.0,0,1,1,23,1,expected
2018-10-23 07:08:46.189871,491,52.46.136.99,443,3.0,0,1,1,23,1,expected
2018-10-23 07:08:46.233967,491,52.46.136.99,443,3.0,0,1,1,23,1,expected
2018-10-23 07:08:46.279651,491,52.46.136.99,443,3.0,0,1,1,23,1,expected
2018-10-23 07:08:46.331930,491,52.46.136.99,443,3.0,0,1,1,23,1,expected
2018-10-23 07:08:46.400644,491,52.46.136.99,443,3.0,0,1,1,23,1,expected
2018-10-23 07:08:46.427220,491,52.46.136.99,443,3.0,0,1,1,23,1,expected
2018-10-23 07:08:46.502947,491,52.46.136.99,443,3.0,0,1,1,23,1,expected
2018-10-23 07:08:46.517802,491,52.46.136.99,443,3.0,0,1,1,23,1,expected
2018-10-23 07:08:46.595947,491,52.46.136.99,443,3.0,0,1,1,23,1,expected
2018-10-23 07:08:46.637007,491,52.46.136.99,443,3.0,0,1,1,23,1,expected
2018-10-23 07:08:46.678593,491,52.46.136.99,443,3.0,0,1,1,23,1,expected
2018-10-23 07:08:46.731329,491,52.46.136.99,443,3.0,0,1,1,23,1,expected
2018-10-23 07:08:46.794616,491,52.46.136.99,443,3.0,0,1,1,23,1,expected
2018-10-23 07:08:46.825990,491,52.46.136.99,443,3.0,0,1,1,23,1,expected
2018-10-23 07:08:46.894116,491,52.46.136.99,443,3.0,0,1,1,23,1,expected
2018-10-23 07:08:46.917930,491,52.46.136.99,443,3.0,0,1,1,23,1,expected
2018-10-23 07:08:46.998312,491,52.46.136.99,443,3.0,0,1,1,23,1,expected
2018-10-23 07:08:47.033298,491,52.46.136.99,443,3.0,0,1,1,23,1,expected
2018-10-23 07:08:47.082484,491,52.46.136.99,443,3.0,0,1,1,23,1,expected
2018-10-23 07:08:47.130800,491,52.46.136.99,443,3.0,0,1,1,23,1,expected
2018-10-23 07:08:47.193173,491,52.46.136.99,443,3.0,0,1,1,23,1,expected
2018-10-23 07:08:47.268903,491,52.46.136.99,443,3.0,0,1,1,23,1,expected
2018-10-23 07:08:47.319726,491,52.46.136.99,443,3.0,0,1,1,23,1,expected
2018-10-23 07:08:47.320389,491,52.46.136.99,443,3.0,0,1,1,23,1,expected
2018-10-23 07:08:47.385631,491,52.46.136.99,443,3.0,0,1,1,23,1,expected
2018-10-23 07:08:47.436682,491,52.46.136.99,443,3.0,0,1,1,23,1,expected
2018-10-23 07:08:47.487096,491,52.46.136.99,443,3.0,0,1,1,23,1,expected
2018-10-23 07:08:47.530400,491,52.46.136.99,443,3.0,0,1,1,23,1,expected
2018-10-23 07:08:47.536422,54,52.46.136.99,443,1.0,2813,1,1,,1,ack
2018-10-23 07:08:47.545198,54,52.46.136.99,443,1.0,8,1,1,,1,ack
2018-10-23 07:08:47.555745,54,52.46.136.99,443,1.0,10,1,1,,1,ack
2018-10-23 07:08:47.556449,99,52.46.136.99,443,3.0,0,1,1,23,1,expected
2018-10-23 07:08:47.604220,491,52.46.136.99,443,3.0,0,1,1,23,1,expected
2018-10-23 07:08:47.605904,54,52.46.136.99,443,1.0,50,1,1,,1,ack
2018-10-23 07:08:47.606763,54,52.46.136.99,443,1.0,0,1,1,,1,ack
2018-10-23 07:08:47.607455,54,52.46.136.99,443,1.0,0,1,1,,1,ack
2018-10-23 07:08:47.626263,54,52.46.136.99,443,1.0,18,1,1,,1,ack
2018-10-23 07:08:47.627663,54,52.46.136.99,443,1.0,1,1,1,,1,ack
2018-10-23 07:08:47.629127,491,52.46.136.99,443,3.0,0,1,1,23,1,expected
2018-10-23 07:08:47.629209,54,52.46.136.99,443,1.0,1,1,1,,1,ack
2018-10-23 07:08:47.648231,54,52.46.136.99,443,1.0,19,1,1,,1,ack
2018-10-23 07:08:47.648396,54,52.46.136.99,443,1.0,0,1,1,,1,ack
2018-10-23 07:08:47.676419,54,52.46.136.99,443,1.0,28,1,1,,1,ack
2018-10-23 07:08:47.676588,54,52.46.136.99,443,1.0,0,1,1,,1,ack
2018-10-23 07:08:47.676669,99,52.46.136.99,443,3.0,0,1,1,23,1,expected
2018-10-23 07:08:47.678420,54,52.46.136.99,443,1.0,1,1,1,,1,ack
2018-10-23 07:08:47.683209,99,52.46.136.99,443,3.0,0,1,1,23,1,expected
2018-10-23 07:08:47.693847,491,52.46.136.99,443,3.0,0,1,1,23,1,expected
2018-10-23 07:08:47.700845,54,52.46.136.99,443,1.0,22,1,1,,1,ack
2018-10-23 07:08:47.707048,66,52.46.136.99,443,1.0,6,1,1,,1,ack
2018-10-23 07:08:47.707227,66,52.46.136.99,443,1.0,0,1,1,,1,ack
2018-10-23 07:08:47.708428,66,52.46.136.99,443,1.0,1,1,1,,1,ack
2018-10-23 07:08:47.708510,66,52.46.136.99,443,1.0,0,1,1,,1,ack
2018-10-23 07:08:47.719316,66,52.46.136.99,443,1.0,10,1,1,,1,ack
2018-10-23 07:08:47.719534,66,52.46.136.99,443,1.0,0,1,1,,1,ack
2018-10-23 07:08:47.725551,66,52.46.136.99,443,1.0,6,1,1,,1,ack
2018-10-23 07:08:47.725722,66,52.46.136.99,443,1.0,0,1,1,,1,ack
2018-10-23 07:08:47.727556,503,52.46.136.99,443,3.0,0,1,1,23,1,expected
2018-10-23 07:08:47.728427,54,52.46.136.99,443,1.0,2,1,1,,1,ack
2018-10-23 07:08:47.732523,54,52.46.136.99,443,1.0,4,1,1,,1,ack
2018-10-23 07:08:47.755754,91,52.46.136.99,443,3.0,0,1,1,23,1,expected
2018-10-23 07:08:47.755832,91,52.46.136.99,443,3.0,0,1,1,23,1,expected
2018-10-23 07:08:47.760346,54,52.46.136.99,443,1.0,27,1,1,,1,ack
2018-10-23 07:08:47.782766,66,52.46.136.99,443,1.0,22,1,1,,1,ack
2018-10-23 07:08:47.783068,66,52.46.136.99,443,1.0,0,1,1,,1,ack
2018-10-23 07:08:47.804471,442,52.46.136.99,443,3.0,0,1,1,23,1,expected
2018-10-23 07:08:47.806184,66,52.46.136.99,443,1.0,23,1,1,,1,ack
2018-10-23 07:08:47.806439,66,52.46.136.99,443,1.0,0,1,1,,1,ack
2018-10-23 07:08:47.806559,66,52.46.136.99,443,1.0,0,1,1,,1,ack
2018-10-23 07:08:47.807543,66,52.46.136.99,443,1.0,0,1,1,,1,ack
2018-10-23 07:08:47.837545,54,52.46.136.99,443,1.0,30,1,1,,1,ack
2018-10-23 07:08:47.837671,99,52.46.136.99,443,3.0,0,1,1,23,1,expected
2018-10-23 07:08:47.848042,54,52.46.136.99,443,1.0,10,1,1,,1,ack
2018-10-23 07:08:47.848646,99,52.46.136.99,443,3.0,0,1,1,23,1,expected
2018-10-23 07:08:47.871936,54,52.46.136.99,443,1.0,23,1,1,,1,ack
2018-10-23 07:08:47.876881,54,52.46.136.99,443,1.0,4,1,1,,1,ack
2018-10-23 07:08:47.893607,54,52.46.136.99,443,1.0,16,1,1,,1,ack
2018-10-23 07:08:47.896245,54,52.46.136.99,443,1.0,2,1,1,,1,ack
2018-10-23 07:08:47.917218,54,52.46.136.99,443,1.0,20,1,1,,1,ack
2018-10-23 07:08:47.920179,54,52.46.136.99,443,1.0,2,1,1,,1,ack
2018-10-23 07:08:47.964692,54,52.46.136.99,443,1.0,44,1,1,,1,ack
2018-10-23 07:08:47.965693,54,52.46.136.99,443,1.0,1,1,1,,1,ack
2018-10-23 07:08:47.998325,54,52.46.136.99,443,1.0,32,1,1,,1,ack
2018-10-23 07:08:47.999131,54,52.46.136.99,443,1.0,0,1,1,,1,ack
2018-10-23 07:08:48.000409,99,52.46.136.99,443,3.0,0,1,1,23,1,expected
2018-10-23 07:08:48.015297,54,52.46.136.99,443,1.0,16,1,1,,1,ack
2018-10-23 07:08:48.015753,99,52.46.136.99,443,3.0,0,1,1,23,1,expected
2018-10-23 07:08:48.018331,54,52.46.136.99,443,1.0,3,1,1,,1,ack
2018-10-23 07:08:48.020201,54,52.46.136.99,443,1.0,1,1,1,,1,ack
2018-10-23 07:08:48.034466,54,52.46.136.99,443,1.0,14,1,1,,1,ack
2018-10-23 07:08:48.071605,54,52.46.136.99,443,1.0,37,1,1,,1,ack
2018-10-23 07:08:48.174088,54,52.46.136.99,443,1.0,102,1,1,,1,ack
2018-10-23 07:08:48.201426,54,52.46.136.99,443,1.0,27,1,1,,1,ack
2018-10-23 07:09:06.312524,176,52.46.136.99,443,3.0,0,1,1,23,1,expected
2018-10-23 07:09:06.639601,176,52.46.136.99,443,1.0,18438,1,1,,1,not_relevant
2018-10-23 07:09:06.639854,77,104.154.127.233,4070,2.0,0,1,1,,1,syn
2018-10-23 07:09:06.658556,66,104.154.127.233,4070,1.0,30241,1,1,,1,ack
2018-10-23 07:09:15.159203,289,52.46.136.99,443,3.0,0,1,1,23,1,expected
2018-10-23 07:09:15.199344,351,52.46.136.99,443,3.0,0,1,1,23,1,expected
2018-10-23 07:09:15.219658,231,52.46.136.99,443,3.0,0,1,1,23,1,expected
2018-10-23 07:09:15.223887,1031,52.46.136.99,443,3.0,0,1,1,23,1,expected
2018-10-23 07:09:15.272571,491,52.46.136.99,443,3.0,0,1,1,23,1,expected
2018-10-23 07:09:15.273536,491,52.46.136.99,443,3.0,0,1,1,23,1,expected
2018-10-23 07:09:15.273565,491,52.46.136.99,443,3.0,0,1,1,23,1,expected
2018-10-23 07:09:15.301490,491,52.46.136.99,443,3.0,0,1,1,23,1,expected
2018-10-23 07:09:15.320279,1031,52.46.136.99,443,3.0,0,1,1,23,1,expected
2018-10-23 07:09:15.321841,631,52.46.136.99,443,3.0,0,1,1,23,1,expected
2018-10-23 07:09:15.323416,1514,52.46.136.99,443,3.0,0,1,1,23,1,expected
2018-10-23 07:09:15.323446,1208,52.46.136.99,443,3.0,0,1,1,23,1,expected
2018-10-23 07:09:15.324347,1514,52.46.136.99,443,3.0,0,1,1,23,1,expected
2018-10-23 07:09:15.337219,268,52.46.136.99,443,3.0,0,1,1,23,1,expected
2018-10-23 07:09:15.340804,54,52.46.136.99,443,1.0,8701,1,1,,1,ack
2018-10-23 07:09:15.374928,491,52.46.136.99,443,3.0,0,1,1,23,1,expected
2018-10-23 07:09:15.433450,491,52.46.136.99,443,3.0,0,1,1,23,1,expected
2018-10-23 07:09:15.486099,491,52.46.136.99,443,3.0,0,1,1,23,1,expected
2018-10-23 07:09:15.517789,491,52.46.136.99,443,3.0,0,1,1,23,1,expected
2018-10-23 07:09:15.575842,491,52.46.136.99,443,3.0,0,1,1,23,1,expected
2018-10-23 07:09:15.629328,491,52.46.136.99,443,3.0,0,1,1,23,1,expected
2018-10-23 07:09:15.685647,491,52.46.136.99,443,3.0,0,1,1,23,1,expected
2018-10-23 07:09:15.720117,491,52.46.136.99,443,3.0,0,1,1,23,1,expected
2018-10-23 07:09:15.769103,491,52.46.136.99,443,3.0,0,1,1,23,1,expected
2018-10-23 07:09:15.817684,491,52.46.136.99,443,3.0,0,1,1,23,1,expected
2018-10-23 07:09:15.883436,491,52.46.136.99,443,3.0,0,1,1,23,1,expected
2018-10-23 07:09:15.915843,491,52.46.136.99,443,3.0,0,1,1,23,1,expected
2018-10-23 07:09:15.980895,491,52.46.136.99,443,3.0,0,1,1,23,1,expected
2018-10-23 07:09:16.006053,491,52.46.136.99,443,3.0,0,1,1,23,1,expected
2018-10-23 07:09:16.077743,491,52.46.136.99,443,3.0,0,1,1,23,1,expected
2018-10-23 07:09:16.116743,491,52.46.136.99,443,3.0,0,1,1,23,1,expected
2018-10-23 07:09:16.166793,491,52.46.136.99,443,3.0,0,1,1,23,1,expected
2018-10-23 07:09:16.213229,491,52.46.136.99,443,3.0,0,1,1,23,1,expected
2018-10-23 07:09:16.285363,491,52.46.136.99,443,3.0,0,1,1,23,1,expected
2018-10-23 07:09:16.316822,491,52.46.136.99,443,3.0,0,1,1,23,1,expected
2018-10-23 07:09:16.378033,491,52.46.136.99,443,3.0,0,1,1,23,1,expected
2018-10-23 07:09:16.412664,491,52.46.136.99,443,3.0,0,1,1,23,1,expected
2018-10-23 07:09:16.475072,491,52.46.136.99,443,3.0,0,1,1,23,1,expected
2018-10-23 07:09:16.518868,491,52.46.136.99,443,3.0,0,1,1,23,1,expected
2018-10-23 07:09:16.569435,491,52.46.136.99,443,3.0,0,1,1,23,1,expected
2018-10-23 07:09:16.612844,491,52.46.136.99,443,3.0,0,1,1,23,1,expected
2018-10-23 07:09:16.688319,491,52.46.136.99,443,3.0,0,1,1,23,1,expected
2018-10-23 07:09:16.716514,491,52.46.136.99,443,3.0,0,1,1,23,1,expected
2018-10-23 07:09:16.774753,491,52.46.136.99,443,3.0,0,1,1,23,1,expected
2018-10-23 07:09:16.819080,491,52.46.136.99,443,3.0,0,1,1,23,1,expected
2018-10-23 07:09:16.884824,491,52.46.136.99,443,3.0,0,1,1,23,1,expected
2018-10-23 07:09:16.925832,491,52.46.136.99,443,3.0,0,1,1,23,1,expected
2018-10-23 07:09:16.974538,491,52.46.136.99,443,3.0,0,1,1,23,1,expected
2018-10-23 07:09:17.016182,491,52.46.136.99,443,3.0,0,1,1,23,1,expected
2018-10-23 07:09:17.074555,54,52.46.136.99,443,1.0,1733,1,1,,1,ack
2018-10-23 07:09:17.081502,491,52.46.136.99,443,3.0,0,1,1,23,1,expected
2018-10-23 07:09:17.110953,491,52.46.136.99,443,3.0,0,1,1,23,1,expected
2018-10-23 07:09:17.176100,491,52.46.136.99,443,3.0,0,1,1,23,1,expected
2018-10-23 07:09:17.194156,54,52.46.136.99,443,1.0,119,1,1,,1,ack
2018-10-23 07:09:17.195107,54,52.46.136.99,443,1.0,0,1,1,,1,ack
2018-10-23 07:09:17.195188,54,52.46.136.99,443,1.0,0,1,1,,1,ack
2018-10-23 07:09:17.196127,54,52.46.136.99,443,1.0,0,1,1,,1,ack
2018-10-23 07:09:17.196316,54,52.46.136.99,443,1.0,0,1,1,,1,ack
2018-10-23 07:09:17.197227,54,52.46.136.99,443,1.0,0,1,1,,1,ack
2018-10-23 07:09:17.208280,491,52.46.136.99,443,3.0,0,1,1,23,1,expected
2018-10-23 07:09:17.246511,91,52.46.136.99,443,3.0,0,1,1,23,1,expected
2018-10-23 07:09:17.246585,91,52.46.136.99,443,3.0,0,1,1,23,1,expected
2018-10-23 07:09:17.248357,54,52.46.136.99,443,1.0,51,1,1,,1,ack
2018-10-23 07:09:17.249796,54,52.46.136.99,443,1.0,1,1,1,,1,ack
2018-10-23 07:09:17.276127,431,52.46.136.99,443,3.0,0,1,1,23,1,expected
2018-10-23 07:09:17.278251,54,52.46.136.99,443,1.0,28,1,1,,1,ack
2018-10-23 07:09:17.278648,54,52.46.136.99,443,1.0,0,1,1,,1,ack
2018-10-23 07:09:17.279542,54,52.46.136.99,443,1.0,0,1,1,,1,ack
2018-10-23 07:09:17.296871,54,52.46.136.99,443,1.0,17,1,1,,1,ack
2018-10-23 07:09:17.297904,54,52.46.136.99,443,1.0,1,1,1,,1,ack
2018-10-23 07:09:17.298948,54,52.46.136.99,443,1.0,1,1,1,,1,ack
2018-10-23 07:09:17.312032,99,52.46.136.99,443,3.0,0,1,1,23,1,expected
2018-10-23 07:09:17.407606,54,52.46.136.99,443,1.0,108,1,1,,1,ack
2018-10-23 07:09:17.407789,54,52.46.136.99,443,1.0,0,1,1,,1,ack
2018-10-23 07:09:17.407882,54,52.46.136.99,443,1.0,0,1,1,,1,ack
2018-10-23 07:09:17.408646,99,52.46.136.99,443,3.0,0,1,1,23,1,expected
2018-10-23 07:09:17.436315,54,52.46.136.99,443,1.0,28,1,1,,1,ack
2018-10-23 07:09:17.436494,54,52.46.136.99,443,1.0,0,1,1,,1,ack
2018-10-23 07:09:17.437792,54,52.46.136.99,443,1.0,1,1,1,,1,ack
2018-10-23 07:09:17.439563,54,52.46.136.99,443,1.0,1,1,1,,1,ack
2018-10-23 07:09:17.542276,54,52.46.136.99,443,1.0,102,1,1,,1,ack
2018-10-23 07:09:17.542463,54,52.46.136.99,443,1.0,0,1,1,,1,ack
2018-10-23 07:09:17.542535,54,52.46.136.99,443,1.0,0,1,1,,1,ack
2018-10-23 07:09:17.552491,99,52.46.136.99,443,3.0,0,1,1,23,1,expected
2018-10-23 07:09:17.561712,54,52.46.136.99,443,1.0,19,1,1,,1,ack
2018-10-23 07:09:17.563003,54,52.46.136.99,443,1.0,1,1,1,,1,ack
2018-10-23 07:09:17.564759,54,52.46.136.99,443,1.0,1,1,1,,1,ack
2018-10-23 07:09:17.571895,54,52.46.136.99,443,1.0,7,1,1,,1,ack
2018-10-23 07:09:17.575753,99,52.46.136.99,443,3.0,0,1,1,23,1,expected
2018-10-23 07:09:17.762721,54,52.46.136.99,443,1.0,190,1,1,,1,ack
2018-10-23 07:09:17.789207,54,52.46.136.99,443,1.0,26,1,1,,1,ack
2018-10-23 07:09:17.808093,54,52.46.136.99,443,1.0,18,1,1,,1,ack
2018-10-23 07:09:17.853947,99,52.46.136.99,443,1.0,45,1,1,,1,not_relevant
2018-10-23 07:09:17.854126,54,52.46.136.99,443,1.0,0,1,1,,1,ack
2018-10-23 07:09:17.856835,54,52.46.136.99,443,1.0,2,1,1,,1,ack
2018-10-23 07:09:17.859214,99,52.46.136.99,443,3.0,0,1,1,23,1,expected
2018-10-23 07:09:17.859522,54,52.46.136.99,443,1.0,2,1,1,,1,ack
2018-10-23 07:09:17.859673,54,52.46.136.99,443,1.0,0,1,1,,1,ack
2018-10-23 07:09:17.873013,54,52.46.136.99,443,1.0,13,1,1,,1,ack
2018-10-23 07:09:17.890409,54,52.46.136.99,443,1.0,17,1,1,,1,ack
2018-10-23 07:09:17.890615,54,52.46.136.99,443,1.0,0,1,1,,1,ack
2018-10-23 07:09:17.890790,54,52.46.136.99,443,1.0,0,1,1,,1,ack
2018-10-23 07:09:17.890963,54,52.46.136.99,443,1.0,0,1,1,,1,ack
2018-10-23 07:09:17.949682,99,52.46.136.99,443,3.0,0,1,1,23,1,expected
2018-10-23 07:09:17.994449,54,52.46.136.99,443,1.0,103,1,1,,1,ack
2018-10-23 07:09:17.995964,54,52.46.136.99,443,1.0,1,1,1,,1,ack
2018-10-23 07:09:18.072413,54,52.46.136.99,443,1.0,76,1,1,,1,ack
2018-10-23 07:09:35.997777,176,52.46.136.99,443,3.0,0,1,1,23,1,expected
2018-10-23 07:09:36.686145,77,104.154.127.233,4070,2.0,0,1,1,,1,syn
2018-10-23 07:09:36.717597,66,104.154.127.233,4070,1.0,30059,1,1,,1,ack
