2018-10-23 06:32:28.207924,95,52.46.136.99,443,3.0,0,1,1,23,1,expected
2018-10-23 06:32:28.271968,54,52.46.136.99,443,1.0,84683613,1,1,,1,ack
2018-10-23 06:32:48.627921,54,52.216.108.131,80,1.0,84835441,1,1,,1,ack
2018-10-23 06:32:49.408922,283,52.46.136.99,443,3.0,0,1,1,23,1,expected
2018-10-23 06:32:49.409453,936,52.46.136.99,443,3.0,0,1,1,23,1,expected
2018-10-23 06:32:49.410026,231,52.46.136.99,443,3.0,0,1,1,23,1,expected
2018-10-23 06:32:49.410752,231,52.46.136.99,443,3.0,0,1,1,23,1,expected
2018-10-23 06:32:49.410773,491,52.46.136.99,443,3.0,0,1,1,23,1,expected
2018-10-23 06:32:49.411595,491,52.46.136.99,443,3.0,0,1,1,23,1,expected
2018-10-23 06:32:49.428007,1514,52.46.136.99,443,3.0,0,1,1,23,1,expected
2018-10-23 06:32:49.428817,1514,52.46.136.99,443,3.0,0,1,1,23,1,expected
2018-10-23 06:32:49.428849,1067,52.46.136.99,443,3.0,0,1,1,23,1,expected
2018-10-23 06:32:49.431889,631,52.46.136.99,443,3.0,0,1,1,23,1,expected
2018-10-23 06:32:49.439427,1031,52.46.136.99,443,3.0,0,1,1,23,1,expected
2018-10-23 06:32:49.450819,491,52.46.136.99,443,3.0,0,1,1,23,1,expected
2018-10-23 06:32:49.452172,491,52.46.136.99,443,3.0,0,1,1,23,1,expected
2018-10-23 06:32:49.452574,491,52.46.136.99,443,3.0,0,1,1,23,1,expected
2018-10-23 06:32:49.452740,491,52.46.136.99,443,3.0,0,1,1,23,1,expected
2018-10-23 06:32:49.453979,491,52.46.136.99,443,3.0,0,1,1,23,1,expected
2018-10-23 06:32:49.479104,1365,52.46.136.99,443,3.0,0,1,1,23,1,expected
2018-10-23 06:32:49.480711,491,52.46.136.99,443,3.0,0,1,1,23,1,expected
2018-10-23 06:32:49.509191,491,52.46.136.99,443,3.0,0,1,1,23,1,expected
2018-10-23 06:32:49.534034,54,52.46.136.99,443,1.0,21262,1,1,,1,ack
2018-10-23 06:32:49.581731,491,52.46.136.99,443,3.0,0,1,1,23,1,expected
2018-10-23 06:32:49.611010,491,52.46.136.99,443,3.0,0,1,1,23,1,expected
2018-10-23 06:32:49.682301,491,52.46.136.99,443,3.0,0,1,1,23,1,expected
2018-10-23 06:32:49.710032,491,52.46.136.99,443,3.0,0,1,1,23,1,expected
2018-10-23 06:32:49.769060,491,52.46.136.99,443,3.0,0,1,1,23,1,expected
2018-10-23 06:32:49.817163,491,52.46.136.99,443,3.0,0,1,1,23,1,expected
2018-10-23 06:32:49.864295,491,52.46.136.99,443,3.0,0,1,1,23,1,expected
2018-10-23 06:32:49.928453,491,52.46.136.99,443,3.0,0,1,1,23,1,expected
2018-10-23 06:32:49.976613,491,52.46.136.99,443,3.0,0,1,1,23,1,expected
2018-10-23 06:32:50.010902,491,52.46.136.99,443,3.0,0,1,1,23,1,expected
2018-10-23 06:32:50.074175,491,52.46.136.99,443,3.0,0,1,1,23,1,expected
2018-10-23 06:32:50.111147,491,52.46.136.99,443,3.0,0,1,1,23,1,expected
2018-10-23 06:32:50.168974,491,52.46.136.99,443,3.0,0,1,1,23,1,expected
2018-10-23 06:32:50.221043,491,52.46.136.99,443,3.0,0,1,1,23,1,expected
2018-10-23 06:32:50.270646,491,52.46.136.99,443,3.0,0,1,1,23,1,expected
2018-10-23 06:32:50.314427,491,52.46.136.99,443,3.0,0,1,1,23,1,expected
2018-10-23 06:32:50.378221,491,52.46.136.99,443,3.0,0,1,1,23,1,expected
2018-10-23 06:32:50.408632,491,52.46.136.99,443,3.0,0,1,1,23,1,expected
2018-10-23 06:32:50.501467,491,52.46.136.99,443,3.0,0,1,1,23,1,expected
2018-10-23 06:32:50.503657,491,52.46.136.99,443,3.0,0,1,1,23,1,expected
2018-10-23 06:32:50.567424,491,52.46.136.99,443,3.0,0,1,1,23,1,expected
2018-10-23 06:32:50.611804,491,52.46.136.99,443,3.0,0,1,1,23,1,expected
2018-10-23 06:32:50.674177,491,52.46.136.99,443,3.0,0,1,1,23,1,expected
2018-10-23 06:32:50.708866,491,52.46.136.99,443,3.0,0,1,1,23,1,expected
2018-10-23 06:32:50.779657,491,52.46.136.99,443,3.0,0,1,1,23,1,expected
2018-10-23 06:32:50.797730,54,52.46.136.99,443,1.0,1263,1,1,,1,ack
2018-10-23 06:32:50.814462,491,52.46.136.99,443,3.0,0,1,1,23,1,expected
2018-10-23 06:32:50.874837,491,52.46.136.99,443,3.0,0,1,1,23,1,expected
2018-10-23 06:32:50.903831,491,52.46.136.99,443,3.0,0,1,1,23,1,expected
2018-10-23 06:32:50.924560,77,104.154.127.233,4070,2.0,0,1,1,,1,syn
2018-10-23 06:32:50.943308,66,104.154.127.233,4070,1.0,84781359,1,1,,1,ack
2018-10-23 06:32:50.967139,491,52.46.136.99,443,3.0,0,1,1,23,1,expected
2018-10-23 06:32:51.015119,491,52.46.136.99,443,3.0,0,1,1,23,1,expected
2018-10-23 06:32:51.070218,491,52.46.136.99,443,3.0,0,1,1,23,1,expected
2018-10-23 06:32:51.112145,491,52.46.136.99,443,3.0,0,1,1,23,1,expected
2018-10-23 06:32:51.201790,491,52.46.136.99,443,3.0,0,1,1,23,1,expected
2018-10-23 06:32:51.207449,491,52.46.136.99,443,3.0,0,1,1,23,1,expected
2018-10-23 06:32:51.270751,491,52.46.136.99,443,3.0,0,1,1,23,1,expected
2018-10-23 06:32:51.312603,491,52.46.136.99,443,3.0,0,1,1,23,1,expected
2018-10-23 06:32:51.367657,491,52.46.136.99,443,3.0,0,1,1,23,1,expected
2018-10-23 06:32:51.420353,491,52.46.136.99,443,3.0,0,1,1,23,1,expected
2018-10-23 06:32:51.475038,491,52.46.136.99,443,3.0,0,1,1,23,1,expected
2018-10-23 06:32:51.513539,491,52.46.136.99,443,3.0,0,1,1,23,1,expected
2018-10-23 06:32:51.578902,491,52.46.136.99,443,3.0,0,1,1,23,1,expected
2018-10-23 06:32:51.611181,491,52.46.136.99,443,3.0,0,1,1,23,1,expected
2018-10-23 06:32:51.675560,491,52.46.136.99,443,3.0,0,1,1,23,1,expected
2018-10-23 06:32:51.715104,491,52.46.136.99,443,3.0,0,1,1,23,1,expected
2018-10-23 06:32:51.775145,491,52.46.136.99,443,3.0,0,1,1,23,1,expected
2018-10-23 06:32:51.819111,491,52.46.136.99,443,3.0,0,1,1,23,1,expected
2018-10-23 06:32:51.876668,491,52.46.136.99,443,3.0,0,1,1,23,1,expected
2018-10-23 06:32:51.911727,491,52.46.136.99,443,3.0,0,1,1,23,1,expected
2018-10-23 06:32:51.974937,491,52.46.136.99,443,3.0,0,1,1,23,1,expected
2018-10-23 06:32:52.035060,491,52.46.136.99,443,3.0,0,1,1,23,1,expected
2018-10-23 06:32:52.068917,491,52.46.136.99,443,3.0,0,1,1,23,1,expected
2018-10-23 06:32:52.110119,491,52.46.136.99,443,3.0,0,1,1,23,1,expected
2018-10-23 06:32:52.169224,491,52.46.136.99,443,3.0,0,1,1,23,1,expected
2018-10-23 06:32:52.214662,491,52.46.136.99,443,3.0,0,1,1,23,1,expected
2018-10-23 06:32:52.271101,491,52.46.136.99,443,3.0,0,1,1,23,1,expected
2018-10-23 06:32:52.310895,491,52.46.136.99,443,3.0,0,1,1,23,1,expected
2018-10-23 06:32:52.376218,491,52.46.136.99,443,3.0,0,1,1,23,1,expected
2018-10-23 06:32:52.407650,491,52.46.136.99,443,3.0,0,1,1,23,1,expected
2018-10-23 06:32:52.477389,491,52.46.136.99,443,3.0,0,1,1,23,1,expected
2018-10-23 06:32:52.501804,491,52.46.136.99,443,3.0,0,1,1,23,1,expected
2018-10-23 06:32:52.567334,54,52.46.136.99,443,1.0,1769,1,1,,1,ack
2018-10-23 06:32:52.568045,491,52.46.136.99,443,3.0,0,1,1,23,1,expected
2018-10-23 06:32:52.613572,54,52.46.136.99,443,1.0,46,1,1,,1,ack
2018-10-23 06:32:52.632954,491,52.46.136.99,443,3.0,0,1,1,23,1,expected
2018-10-23 06:32:52.671114,491,52.46.136.99,443,3.0,0,1,1,23,1,expected
2018-10-23 06:32:52.711969,491,52.46.136.99,443,3.0,0,1,1,23,1,expected
2018-10-23 06:32:52.779377,491,52.46.136.99,443,3.0,0,1,1,23,1,expected
2018-10-23 06:32:52.810548,491,52.46.136.99,443,3.0,0,1,1,23,1,expected
2018-10-23 06:32:52.885916,491,52.46.136.99,443,3.0,0,1,1,23,1,expected
2018-10-23 06:32:52.911299,491,52.46.136.99,443,3.0,0,1,1,23,1,expected
2018-10-23 06:32:52.943709,54,52.46.136.99,443,1.0,330,1,1,,1,ack
2018-10-23 06:32:52.950081,54,52.46.136.99,443,1.0,6,1,1,,1,ack
2018-10-23 06:32:52.953074,54,52.46.136.99,443,1.0,2,1,1,,1,ack
2018-10-23 06:32:52.962224,54,52.46.136.99,443,1.0,9,1,1,,1,ack
2018-10-23 06:32:52.968060,491,52.46.136.99,443,3.0,0,1,1,23,1,expected
2018-10-23 06:32:52.977473,54,52.46.136.99,443,1.0,15,1,1,,1,ack
2018-10-23 06:32:52.990888,54,52.46.136.99,443,1.0,13,1,1,,1,ack
2018-10-23 06:32:52.995976,54,52.46.136.99,443,1.0,5,1,1,,1,ack
2018-10-23 06:32:52.996062,99,52.46.136.99,443,3.0,0,1,1,23,1,expected
2018-10-23 06:32:52.998888,54,52.46.136.99,443,1.0,2,1,1,,1,ack
2018-10-23 06:32:53.003173,54,52.46.136.99,443,1.0,4,1,1,,1,ack
2018-10-23 06:32:53.013438,54,52.46.136.99,443,1.0,10,1,1,,1,ack
2018-10-23 06:32:53.019938,491,52.46.136.99,443,3.0,0,1,1,23,1,expected
2018-10-23 06:32:53.020066,54,52.46.136.99,443,1.0,6,1,1,,1,ack
2018-10-23 06:32:53.051266,54,52.46.136.99,443,1.0,31,1,1,,1,ack
2018-10-23 06:32:53.071625,491,52.46.136.99,443,3.0,0,1,1,23,1,expected
2018-10-23 06:32:53.071838,91,52.46.136.99,443,3.0,0,1,1,23,1,expected
2018-10-23 06:32:53.071996,91,52.46.136.99,443,3.0,0,1,1,23,1,expected
2018-10-23 06:32:53.098621,303,52.46.136.99,443,3.0,0,1,1,23,1,expected
2018-10-23 06:32:53.303904,54,52.46.136.99,443,1.0,252,1,1,,1,ack
2018-10-23 06:32:53.304134,54,52.46.136.99,443,1.0,0,1,1,,1,ack
2018-10-23 06:32:58.603683,177,52.46.136.99,443,3.0,0,1,1,23,1,expected
2018-10-23 06:33:21.874618,77,104.154.127.233,4070,2.0,0,1,1,,1,syn
2018-10-23 06:33:21.893608,66,104.154.127.233,4070,1.0,30950,1,1,,1,ack
2018-10-23 06:33:22.296851,285,52.46.136.99,443,3.0,0,1,1,23,1,expected
2018-10-23 06:33:22.309937,940,52.46.136.99,443,3.0,0,1,1,23,1,expected
2018-10-23 06:33:22.315086,1291,52.46.136.99,443,3.0,0,1,1,23,1,expected
2018-10-23 06:33:22.315442,891,52.46.136.99,443,3.0,0,1,1,23,1,expected
2018-10-23 06:33:22.318592,491,52.46.136.99,443,3.0,0,1,1,23,1,expected
2018-10-23 06:33:22.320527,491,52.46.136.99,443,3.0,0,1,1,23,1,expected
2018-10-23 06:33:22.322962,491,52.46.136.99,443,3.0,0,1,1,23,1,expected
2018-10-23 06:33:22.335695,491,52.46.136.99,443,3.0,0,1,1,23,1,expected
2018-10-23 06:33:22.388787,491,52.46.136.99,443,3.0,0,1,1,23,1,expected
2018-10-23 06:33:22.390361,491,52.46.136.99,443,3.0,0,1,1,23,1,expected
2018-10-23 06:33:22.391367,491,52.46.136.99,443,3.0,0,1,1,23,1,expected
2018-10-23 06:33:22.393668,491,52.46.136.99,443,3.0,0,1,1,23,1,expected
2018-10-23 06:33:22.394632,491,52.46.136.99,443,3.0,0,1,1,23,1,expected
2018-10-23 06:33:22.396333,491,52.46.136.99,443,3.0,0,1,1,23,1,expected
2018-10-23 06:33:22.398172,491,52.46.136.99,443,3.0,0,1,1,23,1,expected
2018-10-23 06:33:22.399539,491,52.46.136.99,443,3.0,0,1,1,23,1,expected
2018-10-23 06:33:22.440125,1514,52.46.136.99,443,1.0,29135,1,1,,1,not_relevant
2018-10-23 06:33:22.440156,1514,52.46.136.99,443,3.0,0,1,1,23,1,expected
2018-10-23 06:33:22.440178,1514,52.46.136.99,443,1.0,0,1,1,,1,not_relevant
2018-10-23 06:33:22.440236,1488,52.46.136.99,443,3.0,0,1,1,23,1,expected
2018-10-23 06:33:22.446698,491,52.46.136.99,443,3.0,0,1,1,23,1,expected
2018-10-23 06:33:22.446830,54,52.46.136.99,443,1.0,6,1,1,,1,ack
2018-10-23 06:33:22.454614,491,52.46.136.99,443,3.0,0,1,1,23,1,expected
2018-10-23 06:33:22.509146,54,52.46.136.99,443,1.0,62,1,1,,1,ack
2018-10-23 06:33:22.518217,491,52.46.136.99,443,3.0,0,1,1,23,1,expected
2018-10-23 06:33:22.562159,491,52.46.136.99,443,3.0,0,1,1,23,1,expected
2018-10-23 06:33:22.628200,491,52.46.136.99,443,3.0,0,1,1,23,1,expected
2018-10-23 06:33:22.699705,491,52.46.136.99,443,3.0,0,1,1,23,1,expected
2018-10-23 06:33:22.710739,491,52.46.136.99,443,3.0,0,1,1,23,1,expected
2018-10-23 06:33:22.761275,491,52.46.136.99,443,3.0,0,1,1,23,1,expected
2018-10-23 06:33:22.824919,491,52.46.136.99,443,3.0,0,1,1,23,1,expected
2018-10-23 06:33:22.953050,491,52.46.136.99,443,3.0,0,1,1,23,1,expected
2018-10-23 06:33:22.954556,491,52.46.136.99,443,3.0,0,1,1,23,1,expected
2018-10-23 06:33:22.954570,491,52.46.136.99,443,3.0,0,1,1,23,1,expected
2018-10-23 06:33:23.044943,491,52.46.136.99,443,3.0,0,1,1,23,1,expected
2018-10-23 06:33:23.085737,491,52.46.136.99,443,3.0,0,1,1,23,1,expected
2018-10-23 06:33:23.114471,491,52.46.136.99,443,3.0,0,1,1,23,1,expected
2018-10-23 06:33:23.165524,491,52.46.136.99,443,3.0,0,1,1,23,1,expected
2018-10-23 06:33:23.223898,491,52.46.136.99,443,3.0,0,1,1,23,1,expected
2018-10-23 06:33:23.258704,491,52.46.136.99,443,3.0,0,1,1,23,1,expected
2018-10-23 06:33:23.339107,491,52.46.136.99,443,3.0,0,1,1,23,1,expected
2018-10-23 06:33:23.357577,491,52.46.136.99,443,3.0,0,1,1,23,1,expected
2018-10-23 06:33:23.413029,491,52.46.136.99,443,3.0,0,1,1,23,1,expected
2018-10-23 06:33:23.533902,491,52.46.136.99,443,3.0,0,1,1,23,1,expected
2018-10-23 06:33:23.536496,491,52.46.136.99,443,3.0,0,1,1,23,1,expected
2018-10-23 06:33:23.556233,491,52.46.136.99,443,3.0,0,1,1,23,1,expected
2018-10-23 06:33:23.634862,491,52.46.136.99,443,3.0,0,1,1,23,1,expected
2018-10-23 06:33:23.655185,491,52.46.136.99,443,3.0,0,1,1,23,1,expected
2018-10-23 06:33:23.724931,491,52.46.136.99,443,3.0,0,1,1,23,1,expected
2018-10-23 06:33:23.753401,491,52.46.136.99,443,3.0,0,1,1,23,1,expected
2018-10-23 06:33:23.817481,491,52.46.136.99,443,3.0,0,1,1,23,1,expected
2018-10-23 06:33:23.876830,491,52.46.136.99,443,3.0,0,1,1,23,1,expected
2018-10-23 06:33:23.908457,491,52.46.136.99,443,3.0,0,1,1,23,1,expected
2018-10-23 06:33:23.965771,491,52.46.136.99,443,3.0,0,1,1,23,1,expected
2018-10-23 06:33:24.035534,491,52.46.136.99,443,3.0,0,1,1,23,1,expected
2018-10-23 06:33:24.052381,491,52.46.136.99,443,3.0,0,1,1,23,1,expected
2018-10-23 06:33:24.124595,491,52.46.136.99,443,3.0,0,1,1,23,1,expected
2018-10-23 06:33:24.149756,491,52.46.136.99,443,3.0,0,1,1,23,1,expected
2018-10-23 06:33:24.215962,491,52.46.136.99,443,3.0,0,1,1,23,1,expected
2018-10-23 06:33:24.275007,491,52.46.136.99,443,3.0,0,1,1,23,1,expected
2018-10-23 06:33:24.310407,491,52.46.136.99,443,3.0,0,1,1,23,1,expected
2018-10-23 06:33:24.359565,491,52.46.136.99,443,3.0,0,1,1,23,1,expected
2018-10-23 06:33:24.434731,491,52.46.136.99,443,3.0,0,1,1,23,1,expected
2018-10-23 06:33:24.457319,491,52.46.136.99,443,3.0,0,1,1,23,1,expected
2018-10-23 06:33:24.528767,491,52.46.136.99,443,3.0,0,1,1,23,1,expected
2018-10-23 06:33:24.557508,491,52.46.136.99,443,3.0,0,1,1,23,1,expected
2018-10-23 06:33:24.602646,54,52.46.136.99,443,1.0,2093,1,1,,1,ack
2018-10-23 06:33:24.615836,491,52.46.136.99,443,3.0,0,1,1,23,1,expected
2018-10-23 06:33:24.674349,491,52.46.136.99,443,3.0,0,1,1,23,1,expected
2018-10-23 06:33:24.714267,491,52.46.136.99,443,3.0,0,1,1,23,1,expected
2018-10-23 06:33:24.759479,491,52.46.136.99,443,3.0,0,1,1,23,1,expected
2018-10-23 06:33:24.838160,491,52.46.136.99,443,3.0,0,1,1,23,1,expected
2018-10-23 06:33:24.854806,491,52.46.136.99,443,3.0,0,1,1,23,1,expected
2018-10-23 06:33:24.925918,491,52.46.136.99,443,3.0,0,1,1,23,1,expected
2018-10-23 06:33:24.950507,54,52.46.136.99,443,1.0,347,1,1,,1,ack
2018-10-23 06:33:24.955257,54,52.46.136.99,443,1.0,4,1,1,,1,ack
2018-10-23 06:33:24.955334,54,52.46.136.99,443,1.0,0,1,1,,1,ack
2018-10-23 06:33:25.000521,54,52.46.136.99,443,1.0,45,1,1,,1,ack
2018-10-23 06:33:25.001852,54,52.46.136.99,443,1.0,1,1,1,,1,ack
2018-10-23 06:33:25.002010,54,52.46.136.99,443,1.0,0,1,1,,1,ack
2018-10-23 06:33:25.002086,54,52.46.136.99,443,1.0,0,1,1,,1,ack
2018-10-23 06:33:25.003148,54,52.46.136.99,443,1.0,1,1,1,,1,ack
2018-10-23 06:33:25.003765,54,52.46.136.99,443,1.0,0,1,1,,1,ack
2018-10-23 06:33:25.004534,54,52.46.136.99,443,1.0,0,1,1,,1,ack
2018-10-23 06:33:25.022866,54,52.46.136.99,443,1.0,18,1,1,,1,ack
2018-10-23 06:33:25.022952,54,52.46.136.99,443,1.0,0,1,1,,1,ack
2018-10-23 06:33:25.029963,54,52.46.136.99,443,1.0,7,1,1,,1,ack
2018-10-23 06:33:25.030047,54,52.46.136.99,443,1.0,0,1,1,,1,ack
2018-10-23 06:33:25.030212,54,52.46.136.99,443,1.0,0,1,1,,1,ack
2018-10-23 06:33:25.033367,491,52.46.136.99,443,3.0,0,1,1,23,1,expected
2018-10-23 06:33:25.033600,536,52.46.136.99,443,3.0,0,1,1,23,1,expected
2018-10-23 06:33:25.050767,54,52.46.136.99,443,1.0,20,1,1,,1,ack
2018-10-23 06:33:25.091473,491,52.46.136.99,443,3.0,0,1,1,23,1,expected
2018-10-23 06:33:25.155139,491,52.46.136.99,443,3.0,0,1,1,23,1,expected
2018-10-23 06:33:25.155223,91,52.46.136.99,443,3.0,0,1,1,23,1,expected
2018-10-23 06:33:25.155296,91,52.46.136.99,443,3.0,0,1,1,23,1,expected
2018-10-23 06:33:25.167784,303,52.46.136.99,443,3.0,0,1,1,23,1,expected
2018-10-23 06:33:25.401725,54,52.46.136.99,443,1.0,350,1,1,,1,ack
2018-10-23 06:33:30.618612,175,52.46.136.99,443,3.0,0,1,1,23,1,expected
2018-10-23 06:33:51.235687,285,52.46.136.99,443,3.0,0,1,1,23,1,expected
2018-10-23 06:33:51.255058,941,52.46.136.99,443,3.0,0,1,1,23,1,expected
2018-10-23 06:33:51.258266,1291,52.46.136.99,443,3.0,0,1,1,23,1,expected
2018-10-23 06:33:51.259839,491,52.46.136.99,443,3.0,0,1,1,23,1,expected
2018-10-23 06:33:51.260192,891,52.46.136.99,443,3.0,0,1,1,23,1,expected
2018-10-23 06:33:51.260482,491,52.46.136.99,443,3.0,0,1,1,23,1,expected
2018-10-23 06:33:51.262513,491,52.46.136.99,443,3.0,0,1,1,23,1,expected
2018-10-23 06:33:51.263467,491,52.46.136.99,443,3.0,0,1,1,23,1,expected
2018-10-23 06:33:51.271783,891,52.46.136.99,443,3.0,0,1,1,23,1,expected
2018-10-23 06:33:51.278366,891,52.46.136.99,443,3.0,0,1,1,23,1,expected
2018-10-23 06:33:51.278982,491,52.46.136.99,443,3.0,0,1,1,23,1,expected
2018-10-23 06:33:51.279709,491,52.46.136.99,443,3.0,0,1,1,23,1,expected
2018-10-23 06:33:51.288077,491,52.46.136.99,443,3.0,0,1,1,23,1,expected
2018-10-23 06:33:51.288395,491,52.46.136.99,443,3.0,0,1,1,23,1,expected
2018-10-23 06:33:51.289345,491,52.46.136.99,443,3.0,0,1,1,23,1,expected
2018-10-23 06:33:51.290733,491,52.46.136.99,443,3.0,0,1,1,23,1,expected
2018-10-23 06:33:51.290762,491,52.46.136.99,443,3.0,0,1,1,23,1,expected
2018-10-23 06:33:51.350871,1514,52.46.136.99,443,3.0,0,1,1,23,1,expected
2018-10-23 06:33:51.351329,1514,52.46.136.99,443,3.0,0,1,1,23,1,expected
2018-10-23 06:33:51.351928,1514,52.46.136.99,443,3.0,0,1,1,23,1,expected
2018-10-23 06:33:51.354048,1514,52.46.136.99,443,3.0,0,1,1,23,1,expected
2018-10-23 06:33:51.354079,1514,52.46.136.99,443,3.0,0,1,1,23,1,expected
2018-10-23 06:33:51.354101,546,52.46.136.99,443,3.0,0,1,1,23,1,expected
2018-10-23 06:33:51.406109,491,52.46.136.99,443,3.0,0,1,1,23,1,expected
2018-10-23 06:33:51.406424,491,52.46.136.99,443,3.0,0,1,1,23,1,expected
2018-10-23 06:33:51.407444,66,52.46.136.99,443,1.0,26005,1,1,,1,ack
2018-10-23 06:33:51.431821,503,52.46.136.99,443,3.0,0,1,1,23,1,expected
2018-10-23 06:33:51.444478,54,52.46.136.99,443,1.0,37,1,1,,1,ack
2018-10-23 06:33:51.472982,491,52.46.136.99,443,3.0,0,1,1,23,1,expected
2018-10-23 06:33:51.537507,491,52.46.136.99,443,3.0,0,1,1,23,1,expected
2018-10-23 06:33:51.577530,491,52.46.136.99,443,3.0,0,1,1,23,1,expected
2018-10-23 06:33:51.635138,491,52.46.136.99,443,3.0,0,1,1,23,1,expected
2018-10-23 06:33:51.669598,491,52.46.136.99,443,3.0,0,1,1,23,1,expected
2018-10-23 06:33:51.739360,491,52.46.136.99,443,3.0,0,1,1,23,1,expected
2018-10-23 06:33:51.798911,491,52.46.136.99,443,3.0,0,1,1,23,1,expected
2018-10-23 06:33:51.842562,491,52.46.136.99,443,3.0,0,1,1,23,1,expected
2018-10-23 06:33:51.877899,491,52.46.136.99,443,3.0,0,1,1,23,1,expected
2018-10-23 06:33:51.926081,491,52.46.136.99,443,3.0,0,1,1,23,1,expected
2018-10-23 06:33:51.972975,491,52.46.136.99,443,3.0,0,1,1,23,1,expected
2018-10-23 06:33:52.035656,491,52.46.136.99,443,3.0,0,1,1,23,1,expected
2018-10-23 06:33:52.104790,491,52.46.136.99,443,3.0,0,1,1,23,1,expected
2018-10-23 06:33:52.134904,491,52.46.136.99,443,3.0,0,1,1,23,1,expected
2018-10-23 06:33:52.167419,491,52.46.136.99,443,3.0,0,1,1,23,1,expected
2018-10-23 06:33:52.240242,491,52.46.136.99,443,3.0,0,1,1,23,1,expected
2018-10-23 06:33:52.278576,491,52.46.136.99,443,3.0,0,1,1,23,1,expected
2018-10-23 06:33:52.329768,491,52.46.136.99,443,3.0,0,1,1,23,1,expected
2018-10-23 06:33:52.390363,491,52.46.136.99,443,3.0,0,1,1,23,1,expected
2018-10-23 06:33:52.431792,491,52.46.136.99,443,3.0,0,1,1,23,1,expected
2018-10-23 06:33:52.471135,491,52.46.136.99,443,3.0,0,1,1,23,1,expected
2018-10-23 06:33:52.535734,491,52.46.136.99,443,3.0,0,1,1,23,1,expected
2018-10-23 06:33:52.567842,491,52.46.136.99,443,3.0,0,1,1,23,1,expected
2018-10-23 06:33:52.633992,491,52.46.136.99,443,3.0,0,1,1,23,1,expected
2018-10-23 06:33:52.672464,491,52.46.136.99,443,3.0,0,1,1,23,1,expected
2018-10-23 06:33:52.732067,491,52.46.136.99,443,3.0,0,1,1,23,1,expected
2018-10-23 06:33:52.803427,491,52.46.136.99,443,3.0,0,1,1,23,1,expected
2018-10-23 06:33:52.803579,77,104.154.127.233,4070,2.0,0,1,1,,1,syn
2018-10-23 06:33:52.837260,491,52.46.136.99,443,3.0,0,1,1,23,1,expected
2018-10-23 06:33:52.838438,66,104.154.127.233,4070,1.0,30944,1,1,,1,ack
2018-10-23 06:33:52.869294,491,52.46.136.99,443,3.0,0,1,1,23,1,expected
2018-10-23 06:33:52.936014,491,52.46.136.99,443,3.0,0,1,1,23,1,expected
2018-10-23 06:33:52.968518,491,52.46.136.99,443,3.0,0,1,1,23,1,expected
2018-10-23 06:33:53.038543,491,52.46.136.99,443,3.0,0,1,1,23,1,expected
2018-10-23 06:33:53.072237,491,52.46.136.99,443,3.0,0,1,1,23,1,expected
2018-10-23 06:33:53.127804,491,52.46.136.99,443,3.0,0,1,1,23,1,expected
2018-10-23 06:33:53.181743,491,52.46.136.99,443,3.0,0,1,1,23,1,expected
2018-10-23 06:33:53.233569,491,52.46.136.99,443,3.0,0,1,1,23,1,expected
2018-10-23 06:33:53.274939,491,52.46.136.99,443,3.0,0,1,1,23,1,expected
2018-10-23 06:33:53.343871,491,52.46.136.99,443,3.0,0,1,1,23,1,expected
2018-10-23 06:33:53.366311,491,52.46.136.99,443,3.0,0,1,1,23,1,expected
2018-10-23 06:33:53.443137,491,52.46.136.99,443,3.0,0,1,1,23,1,expected
2018-10-23 06:33:53.477071,491,52.46.136.99,443,3.0,0,1,1,23,1,expected
2018-10-23 06:33:53.507279,66,104.154.127.233,4070,1.0,668,1,1,,1,ack
2018-10-23 06:33:53.537033,491,52.46.136.99,443,3.0,0,1,1,23,1,expected
2018-10-23 06:33:53.594123,491,52.46.136.99,443,3.0,0,1,1,23,1,expected
2018-10-23 06:33:53.632486,491,52.46.136.99,443,3.0,0,1,1,23,1,expected
2018-10-23 06:33:53.678160,491,52.46.136.99,443,3.0,0,1,1,23,1,expected
2018-10-23 06:33:53.764189,491,52.46.136.99,443,3.0,0,1,1,23,1,expected
2018-10-23 06:33:53.773166,491,52.46.136.99,443,3.0,0,1,1,23,1,expected
2018-10-23 06:33:53.837209,491,52.46.136.99,443,3.0,0,1,1,23,1,expected
2018-10-23 06:33:53.872154,491,52.46.136.99,443,3.0,0,1,1,23,1,expected
2018-10-23 06:33:53.938647,491,52.46.136.99,443,3.0,0,1,1,23,1,expected
2018-10-23 06:33:53.994838,491,52.46.136.99,443,3.0,0,1,1,23,1,expected
2018-10-23 06:33:54.024563,491,52.46.136.99,443,3.0,0,1,1,23,1,expected
2018-10-23 06:33:54.070188,491,52.46.136.99,443,3.0,0,1,1,23,1,expected
2018-10-23 06:33:54.135379,491,52.46.136.99,443,3.0,0,1,1,23,1,expected
2018-10-23 06:33:54.171680,491,52.46.136.99,443,3.0,0,1,1,23,1,expected
2018-10-23 06:33:54.231917,491,52.46.136.99,443,3.0,0,1,1,23,1,expected
2018-10-23 06:33:54.263494,491,52.46.136.99,443,3.0,0,1,1,23,1,expected
2018-10-23 06:33:54.338630,491,52.46.136.99,443,3.0,0,1,1,23,1,expected
2018-10-23 06:33:54.373231,491,52.46.136.99,443,3.0,0,1,1,23,1,expected
2018-10-23 06:33:54.421390,491,52.46.136.99,443,3.0,0,1,1,23,1,expected
2018-10-23 06:33:54.518422,491,52.46.136.99,443,3.0,0,1,1,23,1,expected
2018-10-23 06:33:54.535391,491,52.46.136.99,443,3.0,0,1,1,23,1,expected
2018-10-23 06:33:54.623945,491,52.46.136.99,443,3.0,0,1,1,23,1,expected
2018-10-23 06:33:54.655941,491,52.46.136.99,443,3.0,0,1,1,23,1,expected
2018-10-23 06:33:54.657950,54,52.46.136.99,443,1.0,3213,1,1,,1,ack
2018-10-23 06:33:54.672301,491,52.46.136.99,443,3.0,0,1,1,23,1,expected
2018-10-23 06:33:54.740494,491,52.46.136.99,443,3.0,0,1,1,23,1,expected
2018-10-23 06:33:54.791093,491,52.46.136.99,443,3.0,0,1,1,23,1,expected
2018-10-23 06:33:54.832761,491,52.46.136.99,443,3.0,0,1,1,23,1,expected
2018-10-23 06:33:54.870201,491,52.46.136.99,443,3.0,0,1,1,23,1,expected
2018-10-23 06:33:54.943116,491,52.46.136.99,443,3.0,0,1,1,23,1,expected
2018-10-23 06:33:54.975271,491,52.46.136.99,443,3.0,0,1,1,23,1,expected
2018-10-23 06:33:55.004814,54,52.46.136.99,443,1.0,346,1,1,,1,ack
2018-10-23 06:33:55.053736,491,52.46.136.99,443,3.0,0,1,1,23,1,expected
2018-10-23 06:33:55.109823,491,52.46.136.99,443,3.0,0,1,1,23,1,expected
2018-10-23 06:33:55.129372,491,52.46.136.99,443,3.0,0,1,1,23,1,expected
2018-10-23 06:33:55.177635,491,52.46.136.99,443,3.0,0,1,1,23,1,expected
2018-10-23 06:33:55.182601,54,52.46.136.99,443,1.0,177,1,1,,1,ack
2018-10-23 06:33:55.185017,54,52.46.136.99,443,1.0,2,1,1,,1,ack
2018-10-23 06:33:55.185224,54,52.46.136.99,443,1.0,0,1,1,,1,ack
2018-10-23 06:33:55.191068,54,52.46.136.99,443,1.0,5,1,1,,1,ack
2018-10-23 06:33:55.191909,54,52.46.136.99,443,1.0,0,1,1,,1,ack
2018-10-23 06:33:55.192117,54,52.46.136.99,443,1.0,0,1,1,,1,ack
2018-10-23 06:33:55.192903,54,52.46.136.99,443,1.0,0,1,1,,1,ack
2018-10-23 06:33:55.237829,491,52.46.136.99,443,3.0,0,1,1,23,1,expected
2018-10-23 06:33:55.239111,54,52.46.136.99,443,1.0,46,1,1,,1,ack
2018-10-23 06:33:55.240085,54,52.46.136.99,443,1.0,0,1,1,,1,ack
2018-10-23 06:33:55.240694,54,52.46.136.99,443,1.0,0,1,1,,1,ack
2018-10-23 06:33:55.277101,491,52.46.136.99,443,3.0,0,1,1,23,1,expected
2018-10-23 06:33:55.277273,54,52.46.136.99,443,1.0,36,1,1,,1,ack
2018-10-23 06:33:55.277415,54,52.46.136.99,443,1.0,0,1,1,,1,ack
2018-10-23 06:33:55.277488,54,52.46.136.99,443,1.0,0,1,1,,1,ack
2018-10-23 06:33:55.277570,54,52.46.136.99,443,1.0,0,1,1,,1,ack
2018-10-23 06:33:55.281608,99,52.46.136.99,443,3.0,0,1,1,23,1,expected
2018-10-23 06:33:55.312479,54,52.46.136.99,443,1.0,34,1,1,,1,ack
2018-10-23 06:33:55.312639,54,52.46.136.99,443,1.0,0,1,1,,1,ack
2018-10-23 06:33:55.312710,54,52.46.136.99,443,1.0,0,1,1,,1,ack
2018-10-23 06:33:55.338880,91,52.46.136.99,443,3.0,0,1,1,23,1,expected
2018-10-23 06:33:55.339067,91,52.46.136.99,443,3.0,0,1,1,23,1,expected
2018-10-23 06:33:55.350675,305,52.46.136.99,443,3.0,0,1,1,23,1,expected
2018-10-23 06:33:55.612569,54,52.46.136.99,443,1.0,299,1,1,,1,ack
2018-10-23 06:34:00.855820,177,52.46.136.99,443,3.0,0,1,1,23,1,expected
2018-10-23 06:34:22.846529,77,104.154.127.233,4070,2.0,0,1,1,,1,syn
2018-10-23 06:34:22.865542,66,104.154.127.233,4070,1.0,29358,1,1,,1,ack
2018-10-23 06:34:30.879704,95,52.46.136.99,443,3.0,0,1,1,23,1,expected
2018-10-23 06:34:30.948319,54,52.46.136.99,443,1.0,35335,1,1,,1,ack
2018-10-23 06:34:31.347821,287,52.46.136.99,443,3.0,0,1,1,23,1,expected
2018-10-23 06:34:31.405994,942,52.46.136.99,443,3.0,0,1,1,23,1,expected
2018-10-23 06:34:31.406486,231,52.46.136.99,443,3.0,0,1,1,23,1,expected
2018-10-23 06:34:31.409464,491,52.46.136.99,443,3.0,0,1,1,23,1,expected
2018-10-23 06:34:31.434979,491,52.46.136.99,443,3.0,0,1,1,23,1,expected
2018-10-23 06:34:31.440600,491,52.46.136.99,443,3.0,0,1,1,23,1,expected
2018-10-23 06:34:31.442600,491,52.46.136.99,443,3.0,0,1,1,23,1,expected
2018-10-23 06:34:31.445274,491,52.46.136.99,443,3.0,0,1,1,23,1,expected
2018-10-23 06:34:31.449343,491,52.46.136.99,443,3.0,0,1,1,23,1,expected
2018-10-23 06:34:31.450744,491,52.46.136.99,443,3.0,0,1,1,23,1,expected
2018-10-23 06:34:31.452890,491,52.46.136.99,443,3.0,0,1,1,23,1,expected
2018-10-23 06:34:31.457439,491,52.46.136.99,443,3.0,0,1,1,23,1,expected
2018-10-23 06:34:31.463417,491,52.46.136.99,443,3.0,0,1,1,23,1,expected
2018-10-23 06:34:31.464834,491,52.46.136.99,443,3.0,0,1,1,23,1,expected
2018-10-23 06:34:31.481105,491,52.46.136.99,443,3.0,0,1,1,23,1,expected
2018-10-23 06:34:31.481382,1514,52.46.136.99,443,3.0,0,1,1,23,1,expected
2018-10-23 06:34:31.482362,1514,52.46.136.99,443,3.0,0,1,1,23,1,expected
2018-10-23 06:34:31.483350,1514,52.46.136.99,443,3.0,0,1,1,23,1,expected
2018-10-23 06:34:31.483394,1514,52.46.136.99,443,3.0,0,1,1,23,1,expected
2018-10-23 06:34:31.483419,1514,52.46.136.99,443,3.0,0,1,1,23,1,expected
2018-10-23 06:34:31.484355,1514,52.46.136.99,443,3.0,0,1,1,23,1,expected
2018-10-23 06:34:31.484392,908,52.46.136.99,443,3.0,0,1,1,23,1,expected
2018-10-23 06:34:31.529431,491,52.46.136.99,443,3.0,0,1,1,23,1,expected
2018-10-23 06:34:31.532339,54,52.46.136.99,443,1.0,584,1,1,,1,ack
2018-10-23 06:34:31.581300,491,52.46.136.99,443,3.0,0,1,1,23,1,expected
2018-10-23 06:34:31.637319,491,52.46.136.99,443,3.0,0,1,1,23,1,expected
2018-10-23 06:34:31.691308,491,52.46.136.99,443,3.0,0,1,1,23,1,expected
2018-10-23 06:34:31.773326,491,52.46.136.99,443,3.0,0,1,1,23,1,expected
2018-10-23 06:34:31.773526,491,52.46.136.99,443,3.0,0,1,1,23,1,expected
2018-10-23 06:34:31.909747,491,52.46.136.99,443,3.0,0,1,1,23,1,expected
2018-10-23 06:34:31.909950,491,52.46.136.99,443,3.0,0,1,1,23,1,expected
2018-10-23 06:34:31.934408,491,52.46.136.99,443,3.0,0,1,1,23,1,expected
2018-10-23 06:34:32.012709,491,52.46.136.99,443,3.0,0,1,1,23,1,expected
2018-10-23 06:34:32.035041,491,52.46.136.99,443,3.0,0,1,1,23,1,expected
2018-10-23 06:34:32.073201,491,52.46.136.99,443,3.0,0,1,1,23,1,expected
2018-10-23 06:34:32.145718,491,52.46.136.99,443,3.0,0,1,1,23,1,expected
2018-10-23 06:34:32.199372,491,52.46.136.99,443,3.0,0,1,1,23,1,expected
2018-10-23 06:34:32.234273,491,52.46.136.99,443,3.0,0,1,1,23,1,expected
2018-10-23 06:34:32.311994,491,52.46.136.99,443,3.0,0,1,1,23,1,expected
2018-10-23 06:34:32.360929,491,52.46.136.99,443,3.0,0,1,1,23,1,expected
2018-10-23 06:34:32.374178,491,52.46.136.99,443,3.0,0,1,1,23,1,expected
2018-10-23 06:34:32.427550,491,52.46.136.99,443,3.0,0,1,1,23,1,expected
2018-10-23 06:34:32.472400,491,52.46.136.99,443,3.0,0,1,1,23,1,expected
2018-10-23 06:34:32.537746,491,52.46.136.99,443,3.0,0,1,1,23,1,expected
2018-10-23 06:34:32.569690,491,52.46.136.99,443,3.0,0,1,1,23,1,expected
2018-10-23 06:34:32.641436,491,52.46.136.99,443,3.0,0,1,1,23,1,expected
2018-10-23 06:34:32.710600,491,52.46.136.99,443,3.0,0,1,1,23,1,expected
2018-10-23 06:34:32.728220,491,52.46.136.99,443,3.0,0,1,1,23,1,expected
2018-10-23 06:34:32.779397,491,52.46.136.99,443,3.0,0,1,1,23,1,expected
2018-10-23 06:34:32.836505,491,52.46.136.99,443,3.0,0,1,1,23,1,expected
2018-10-23 06:34:32.868489,491,52.46.136.99,443,3.0,0,1,1,23,1,expected
2018-10-23 06:34:32.945624,491,52.46.136.99,443,3.0,0,1,1,23,1,expected
2018-10-23 06:34:32.969720,491,52.46.136.99,443,3.0,0,1,1,23,1,expected
2018-10-23 06:34:33.039243,491,52.46.136.99,443,3.0,0,1,1,23,1,expected
2018-10-23 06:34:33.078168,491,52.46.136.99,443,3.0,0,1,1,23,1,expected
2018-10-23 06:34:33.128368,491,52.46.136.99,443,3.0,0,1,1,23,1,expected
2018-10-23 06:34:33.177659,491,52.46.136.99,443,3.0,0,1,1,23,1,expected
2018-10-23 06:34:33.237793,491,52.46.136.99,443,3.0,0,1,1,23,1,expected
2018-10-23 06:34:33.268277,491,52.46.136.99,443,3.0,0,1,1,23,1,expected
2018-10-23 06:34:33.286407,54,52.46.136.99,443,1.0,1754,1,1,,1,ack
2018-10-23 06:34:33.341691,491,52.46.136.99,443,3.0,0,1,1,23,1,expected
2018-10-23 06:34:33.367434,491,52.46.136.99,443,3.0,0,1,1,23,1,expected
2018-10-23 06:34:33.432572,491,52.46.136.99,443,3.0,0,1,1,23,1,expected
2018-10-23 06:34:33.464556,491,52.46.136.99,443,3.0,0,1,1,23,1,expected
2018-10-23 06:34:33.531881,491,52.46.136.99,443,3.0,0,1,1,23,1,expected
2018-10-23 06:34:33.584974,491,52.46.136.99,443,3.0,0,1,1,23,1,expected
2018-10-23 06:34:33.640672,491,52.46.136.99,443,3.0,0,1,1,23,1,expected
2018-10-23 06:34:33.640852,54,52.46.136.99,443,1.0,354,1,1,,1,ack
2018-10-23 06:34:33.679364,491,52.46.136.99,443,3.0,0,1,1,23,1,expected
2018-10-23 06:34:33.742547,491,52.46.136.99,443,3.0,0,1,1,23,1,expected
2018-10-23 06:34:33.798402,491,52.46.136.99,443,3.0,0,1,1,23,1,expected
2018-10-23 06:34:33.842410,491,52.46.136.99,443,3.0,0,1,1,23,1,expected
2018-10-23 06:34:33.878072,491,52.46.136.99,443,3.0,0,1,1,23,1,expected
2018-10-23 06:34:33.936606,491,52.46.136.99,443,3.0,0,1,1,23,1,expected
2018-10-23 06:34:33.977052,491,52.46.136.99,443,3.0,0,1,1,23,1,expected
2018-10-23 06:34:34.036468,491,52.46.136.99,443,3.0,0,1,1,23,1,expected
2018-10-23 06:34:34.071368,54,52.46.136.99,443,1.0,430,1,1,,1,ack
2018-10-23 06:34:34.103244,54,52.46.136.99,443,1.0,31,1,1,,1,ack
2018-10-23 06:34:34.103819,54,52.46.136.99,443,1.0,0,1,1,,1,ack
2018-10-23 06:34:34.114914,54,52.46.136.99,443,1.0,11,1,1,,1,ack
2018-10-23 06:34:34.115949,54,52.46.136.99,443,1.0,1,1,1,,1,ack
2018-10-23 06:34:34.122212,54,52.46.136.99,443,1.0,6,1,1,,1,ack
2018-10-23 06:34:34.123178,54,52.46.136.99,443,1.0,0,1,1,,1,ack
2018-10-23 06:34:34.150336,54,52.46.136.99,443,1.0,27,1,1,,1,ack
2018-10-23 06:34:34.150521,54,52.46.136.99,443,1.0,0,1,1,,1,ack
2018-10-23 06:34:34.150594,54,52.46.136.99,443,1.0,0,1,1,,1,ack
2018-10-23 06:34:34.150681,54,52.46.136.99,443,1.0,0,1,1,,1,ack
2018-10-23 06:34:34.173733,99,52.46.136.99,443,3.0,0,1,1,23,1,expected
2018-10-23 06:34:34.173819,54,52.46.136.99,443,1.0,23,1,1,,1,ack
2018-10-23 06:34:34.175713,491,52.46.136.99,443,3.0,0,1,1,23,1,expected
2018-10-23 06:34:34.175730,891,52.46.136.99,443,3.0,0,1,1,23,1,expected
2018-10-23 06:34:34.220887,54,52.46.136.99,443,1.0,47,1,1,,1,ack
2018-10-23 06:34:34.236926,491,52.46.136.99,443,3.0,0,1,1,23,1,expected
2018-10-23 06:34:34.273583,491,52.46.136.99,443,3.0,0,1,1,23,1,expected
2018-10-23 06:34:34.286330,91,52.46.136.99,443,3.0,0,1,1,23,1,expected
2018-10-23 06:34:34.287107,91,52.46.136.99,443,3.0,0,1,1,23,1,expected
2018-10-23 06:34:34.327831,300,52.46.136.99,443,3.0,0,1,1,23,1,expected
2018-10-23 06:34:34.518301,54,52.46.136.99,443,1.0,297,1,1,,1,ack
2018-10-23 06:34:34.542697,54,52.46.136.99,443,1.0,24,1,1,,1,ack
2018-10-23 06:34:39.772510,175,52.46.136.99,443,3.0,0,1,1,23,1,expected
2018-10-23 06:34:52.930180,77,104.154.127.233,4070,2.0,0,1,1,,1,syn
2018-10-23 06:34:52.949723,66,104.154.127.233,4070,1.0,30084,1,1,,1,ack
2018-10-23 06:35:00.556052,778,52.46.136.99,443,3.0,0,1,1,23,1,expected
2018-10-23 06:35:00.577002,263,52.46.136.99,443,3.0,0,1,1,23,1,expected
2018-10-23 06:35:00.621967,631,52.46.136.99,443,3.0,0,1,1,23,1,expected
2018-10-23 06:35:00.803102,1291,52.46.136.99,443,3.0,0,1,1,23,1,expected
2018-10-23 06:35:00.804966,1514,52.46.136.99,443,1.0,26262,1,1,,1,not_relevant
2018-10-23 06:35:00.804998,1514,52.46.136.99,443,3.0,0,1,1,23,1,expected
2018-10-23 06:35:00.805021,548,52.46.136.99,443,3.0,0,1,1,23,1,expected
2018-10-23 06:35:00.805042,491,52.46.136.99,443,3.0,0,1,1,23,1,expected
2018-10-23 06:35:00.805072,1514,52.46.136.99,443,3.0,0,1,1,23,1,expected
2018-10-23 06:35:00.805094,1514,52.46.136.99,443,3.0,0,1,1,23,1,expected
2018-10-23 06:35:00.805526,1514,52.46.136.99,443,3.0,0,1,1,23,1,expected
2018-10-23 06:35:00.805559,1514,52.46.136.99,443,3.0,0,1,1,23,1,expected
2018-10-23 06:35:00.805715,54,52.46.136.99,443,1.0,0,1,1,,1,ack
2018-10-23 06:35:00.839665,1514,52.46.136.99,443,3.0,0,1,1,23,1,expected
2018-10-23 06:35:00.840316,1514,52.46.136.99,443,3.0,0,1,1,23,1,expected
2018-10-23 06:35:00.840755,212,52.46.136.99,443,3.0,0,1,1,23,1,expected
2018-10-23 06:35:00.853537,491,52.46.136.99,443,3.0,0,1,1,23,1,expected
2018-10-23 06:35:00.914507,491,52.46.136.99,443,3.0,0,1,1,23,1,expected
2018-10-23 06:35:00.965921,491,52.46.136.99,443,3.0,0,1,1,23,1,expected
2018-10-23 06:35:01.000801,491,52.46.136.99,443,3.0,0,1,1,23,1,expected
2018-10-23 06:35:01.068686,491,52.46.136.99,443,3.0,0,1,1,23,1,expected
2018-10-23 06:35:01.098269,491,52.46.136.99,443,3.0,0,1,1,23,1,expected
2018-10-23 06:35:01.165147,491,52.46.136.99,443,3.0,0,1,1,23,1,expected
2018-10-23 06:35:01.189962,491,52.46.136.99,443,3.0,0,1,1,23,1,expected
2018-10-23 06:35:01.260932,491,52.46.136.99,443,3.0,0,1,1,23,1,expected
2018-10-23 06:35:01.321588,491,52.46.136.99,443,3.0,0,1,1,23,1,expected
2018-10-23 06:35:01.355400,491,52.46.136.99,443,3.0,0,1,1,23,1,expected
2018-10-23 06:35:01.407528,491,52.46.136.99,443,3.0,0,1,1,23,1,expected
2018-10-23 06:35:01.467301,491,52.46.136.99,443,3.0,0,1,1,23,1,expected
2018-10-23 06:35:01.503575,491,52.46.136.99,443,3.0,0,1,1,23,1,expected
2018-10-23 06:35:01.571713,491,52.46.136.99,443,3.0,0,1,1,23,1,expected
2018-10-23 06:35:01.594568,491,52.46.136.99,443,3.0,0,1,1,23,1,expected
2018-10-23 06:35:01.658214,491,52.46.136.99,443,3.0,0,1,1,23,1,expected
2018-10-23 06:35:01.717729,491,52.46.136.99,443,3.0,0,1,1,23,1,expected
2018-10-23 06:35:01.752243,491,52.46.136.99,443,3.0,0,1,1,23,1,expected
2018-10-23 06:35:01.799014,491,52.46.136.99,443,3.0,0,1,1,23,1,expected
2018-10-23 06:35:01.858874,54,52.46.136.99,443,1.0,1053,1,1,,1,ack
2018-10-23 06:35:01.861946,491,52.46.136.99,443,3.0,0,1,1,23,1,expected
2018-10-23 06:35:01.894997,491,52.46.136.99,443,3.0,0,1,1,23,1,expected
2018-10-23 06:35:01.960589,491,52.46.136.99,443,3.0,0,1,1,23,1,expected
2018-10-23 06:35:01.995092,491,52.46.136.99,443,3.0,0,1,1,23,1,expected
2018-10-23 06:35:02.062624,491,52.46.136.99,443,3.0,0,1,1,23,1,expected
2018-10-23 06:35:02.108754,491,52.46.136.99,443,3.0,0,1,1,23,1,expected
2018-10-23 06:35:02.161639,491,52.46.136.99,443,3.0,0,1,1,23,1,expected
2018-10-23 06:35:02.205684,491,52.46.136.99,443,3.0,0,1,1,23,1,expected
2018-10-23 06:35:02.276613,491,52.46.136.99,443,3.0,0,1,1,23,1,expected
2018-10-23 06:35:02.297842,491,52.46.136.99,443,3.0,0,1,1,23,1,expected
2018-10-23 06:35:02.361295,491,52.46.136.99,443,3.0,0,1,1,23,1,expected
2018-10-23 06:35:02.392717,491,52.46.136.99,443,3.0,0,1,1,23,1,expected
2018-10-23 06:35:02.459283,491,52.46.136.99,443,3.0,0,1,1,23,1,expected
2018-10-23 06:35:02.517330,491,52.46.136.99,443,3.0,0,1,1,23,1,expected
2018-10-23 06:35:02.553308,491,52.46.136.99,443,3.0,0,1,1,23,1,expected
2018-10-23 06:35:02.600771,491,52.46.136.99,443,3.0,0,1,1,23,1,expected
2018-10-23 06:35:02.676815,491,52.46.136.99,443,3.0,0,1,1,23,1,expected
2018-10-23 06:35:02.697028,491,52.46.136.99,443,3.0,0,1,1,23,1,expected
2018-10-23 06:35:02.758924,491,52.46.136.99,443,3.0,0,1,1,23,1,expected
2018-10-23 06:35:02.802487,491,52.46.136.99,443,3.0,0,1,1,23,1,expected
2018-10-23 06:35:02.839586,54,52.46.136.99,443,1.0,980,1,1,,1,ack
2018-10-23 06:35:02.854529,491,52.46.136.99,443,3.0,0,1,1,23,1,expected
2018-10-23 06:35:02.916518,491,52.46.136.99,443,3.0,0,1,1,23,1,expected
2018-10-23 06:35:02.956146,491,52.46.136.99,443,3.0,0,1,1,23,1,expected
2018-10-23 06:35:03.003087,491,52.46.136.99,443,3.0,0,1,1,23,1,expected
2018-10-23 06:35:03.077818,491,52.46.136.99,443,3.0,0,1,1,23,1,expected
2018-10-23 06:35:03.099946,491,52.46.136.99,443,3.0,0,1,1,23,1,expected
2018-10-23 06:35:03.163809,491,52.46.136.99,443,3.0,0,1,1,23,1,expected
2018-10-23 06:35:03.193646,491,52.46.136.99,443,3.0,0,1,1,23,1,expected
2018-10-23 06:35:03.258153,491,52.46.136.99,443,3.0,0,1,1,23,1,expected
2018-10-23 06:35:03.316993,491,52.46.136.99,443,3.0,0,1,1,23,1,expected
2018-10-23 06:35:03.351577,491,52.46.136.99,443,3.0,0,1,1,23,1,expected
2018-10-23 06:35:03.399509,491,52.46.136.99,443,3.0,0,1,1,23,1,expected
2018-10-23 06:35:03.476641,491,52.46.136.99,443,3.0,0,1,1,23,1,expected
2018-10-23 06:35:03.508161,491,52.46.136.99,443,3.0,0,1,1,23,1,expected
2018-10-23 06:35:03.557302,491,52.46.136.99,443,3.0,0,1,1,23,1,expected
2018-10-23 06:35:03.591819,491,52.46.136.99,443,3.0,0,1,1,23,1,expected
2018-10-23 06:35:03.661841,491,52.46.136.99,443,3.0,0,1,1,23,1,expected
2018-10-23 06:35:03.714005,491,52.46.136.99,443,3.0,0,1,1,23,1,expected
2018-10-23 06:35:03.749229,491,52.46.136.99,443,3.0,0,1,1,23,1,expected
2018-10-23 06:35:03.803612,491,52.46.136.99,443,3.0,0,1,1,23,1,expected
2018-10-23 06:35:03.874509,491,52.46.136.99,443,3.0,0,1,1,23,1,expected
2018-10-23 06:35:03.897774,491,52.46.136.99,443,3.0,0,1,1,23,1,expected
2018-10-23 06:35:03.964514,491,52.46.136.99,443,3.0,0,1,1,23,1,expected
2018-10-23 06:35:03.995584,491,52.46.136.99,443,3.0,0,1,1,23,1,expected
2018-10-23 06:35:04.065701,491,52.46.136.99,443,3.0,0,1,1,23,1,expected
2018-10-23 06:35:04.098140,54,52.46.136.99,443,1.0,1258,1,1,,1,ack
2018-10-23 06:35:04.118819,54,52.46.136.99,443,1.0,20,1,1,,1,ack
2018-10-23 06:35:04.120795,491,52.46.136.99,443,3.0,0,1,1,23,1,expected
2018-10-23 06:35:04.120884,54,52.46.136.99,443,1.0,2,1,1,,1,ack
2018-10-23 06:35:04.142799,54,52.46.136.99,443,1.0,21,1,1,,1,ack
2018-10-23 06:35:04.142990,54,52.46.136.99,443,1.0,0,1,1,,1,ack
2018-10-23 06:35:04.144106,54,52.46.136.99,443,1.0,1,1,1,,1,ack
2018-10-23 06:35:04.205283,54,52.46.136.99,443,1.0,61,1,1,,1,ack
2018-10-23 06:35:04.205540,54,52.46.136.99,443,1.0,0,1,1,,1,ack
2018-10-23 06:35:04.205661,54,52.46.136.99,443,1.0,0,1,1,,1,ack
2018-10-23 06:35:04.205784,54,52.46.136.99,443,1.0,0,1,1,,1,ack
2018-10-23 06:35:04.217270,491,52.46.136.99,443,3.0,0,1,1,23,1,expected
2018-10-23 06:35:04.218659,536,52.46.136.99,443,3.0,0,1,1,23,1,expected
2018-10-23 06:35:04.226857,54,52.46.136.99,443,1.0,21,1,1,,1,ack
2018-10-23 06:35:04.227781,54,52.46.136.99,443,1.0,0,1,1,,1,ack
2018-10-23 06:35:04.228504,54,52.46.136.99,443,1.0,0,1,1,,1,ack
2018-10-23 06:35:04.239464,91,52.46.136.99,443,3.0,0,1,1,23,1,expected
2018-10-23 06:35:04.239710,91,52.46.136.99,443,3.0,0,1,1,23,1,expected
2018-10-23 06:35:04.358391,348,52.46.136.99,443,3.0,0,1,1,23,1,expected
2018-10-23 06:35:04.618397,54,52.46.136.99,443,1.0,389,1,1,,1,ack
2018-10-23 06:35:04.632457,54,52.46.136.99,443,1.0,14,1,1,,1,ack
2018-10-23 06:35:09.862475,176,52.46.136.99,443,3.0,0,1,1,23,1,expected
