2018-10-22 12:08:01.218412,54,52.216.170.139,80,1.0,-284467609,1,1,,1,ack
2018-10-22 12:08:09.506277,566,52.46.136.77,443,1.0,-284460826,1,1,,1,not_relevant
2018-10-22 12:08:09.536817,566,52.46.136.77,443,1.0,30,1,1,,1,not_relevant
2018-10-22 12:08:09.538617,566,52.46.136.77,443,3.0,0,1,1,23,1,expected
2018-10-22 12:08:09.538647,566,52.46.136.77,443,1.0,1,1,1,,1,not_relevant
2018-10-22 12:08:09.538699,566,52.46.136.77,443,1.0,0,1,1,,1,not_relevant
2018-10-22 12:08:09.579188,566,52.46.136.77,443,1.0,40,1,1,,1,not_relevant
2018-10-22 12:08:09.580994,566,52.46.136.77,443,1.0,1,1,1,,1,not_relevant
2018-10-22 12:08:09.581024,566,52.46.136.77,443,1.0,0,1,1,,1,not_relevant
2018-10-22 12:08:09.581078,566,52.46.136.77,443,3.0,0,1,1,23,1,expected
2018-10-22 12:08:09.586261,566,52.46.136.77,443,3.0,0,1,1,23,1,expected
2018-10-22 12:08:09.612918,566,52.46.136.77,443,3.0,0,1,1,23,1,expected
2018-10-22 12:08:09.644853,566,52.46.136.77,443,3.0,0,1,1,23,1,expected
2018-10-22 12:08:09.645366,566,52.46.136.77,443,3.0,0,1,1,23,1,expected
2018-10-22 12:08:09.645397,566,52.46.136.77,443,3.0,0,1,1,23,1,expected
2018-10-22 12:08:09.645481,566,52.46.136.77,443,1.0,64,1,1,,1,not_relevant
2018-10-22 12:08:09.646697,566,52.46.136.77,443,1.0,1,1,1,,1,not_relevant
2018-10-22 12:08:09.670389,566,52.46.136.77,443,1.0,23,1,1,,1,not_relevant
2018-10-22 12:08:09.672145,566,52.46.136.77,443,3.0,0,1,1,23,1,expected
2018-10-22 12:08:09.672174,566,52.46.136.77,443,3.0,0,1,1,23,1,expected
2018-10-22 12:08:09.672227,566,52.46.136.77,443,3.0,0,1,1,23,1,expected
2018-10-22 12:08:09.672276,566,52.46.136.77,443,3.0,0,1,1,23,1,expected
2018-10-22 12:08:09.721030,566,52.46.136.77,443,3.0,0,1,1,23,1,expected
2018-10-22 12:08:09.722550,566,52.46.136.77,443,3.0,0,1,1,23,1,expected
2018-10-22 12:08:09.722579,566,52.46.136.77,443,3.0,0,1,1,23,1,expected
2018-10-22 12:08:09.722630,566,52.46.136.77,443,3.0,0,1,1,23,1,expected
2018-10-22 12:08:09.744556,566,52.46.136.77,443,3.0,0,1,1,23,1,expected
2018-10-22 12:08:09.746134,566,52.46.136.77,443,3.0,0,1,1,23,1,expected
2018-10-22 12:08:09.753137,566,52.46.136.77,443,3.0,0,1,1,23,1,expected
2018-10-22 12:08:09.754484,566,52.46.136.77,443,3.0,0,1,1,23,1,expected
2018-10-22 12:08:09.771003,566,52.46.136.77,443,1.0,100,1,1,,1,not_relevant
2018-10-22 12:08:09.772929,566,52.46.136.77,443,1.0,1,1,1,,1,not_relevant
2018-10-22 12:08:09.772958,566,52.46.136.77,443,1.0,0,1,1,,1,not_relevant
2018-10-22 12:08:09.777852,566,52.46.136.77,443,3.0,0,1,1,23,1,expected
2018-10-22 12:08:09.803322,566,52.46.136.77,443,3.0,0,1,1,23,1,expected
2018-10-22 12:08:09.804626,381,52.46.136.77,443,3.0,0,1,1,23,1,expected
2018-10-22 12:08:09.811378,491,52.46.136.77,443,3.0,0,1,1,23,1,expected
2018-10-22 12:08:09.836889,491,52.46.136.77,443,3.0,0,1,1,23,1,expected
2018-10-22 12:08:09.911962,491,52.46.136.77,443,3.0,0,1,1,23,1,expected
2018-10-22 12:08:09.953145,491,52.46.136.77,443,3.0,0,1,1,23,1,expected
2018-10-22 12:08:10.013420,491,52.46.136.77,443,3.0,0,1,1,23,1,expected
2018-10-22 12:08:10.052866,491,52.46.136.77,443,3.0,0,1,1,23,1,expected
2018-10-22 12:08:10.114269,491,52.46.136.77,443,3.0,0,1,1,23,1,expected
2018-10-22 12:08:10.144615,491,52.46.136.77,443,3.0,0,1,1,23,1,expected
2018-10-22 12:08:10.205979,491,52.46.136.77,443,3.0,0,1,1,23,1,expected
2018-10-22 12:08:10.236413,491,52.46.136.77,443,3.0,0,1,1,23,1,expected
2018-10-22 12:08:10.311475,491,52.46.136.77,443,3.0,0,1,1,23,1,expected
2018-10-22 12:08:10.352968,491,52.46.136.77,443,3.0,0,1,1,23,1,expected
2018-10-22 12:08:10.403360,491,52.46.136.77,443,3.0,0,1,1,23,1,expected
2018-10-22 12:08:10.444879,491,52.46.136.77,443,3.0,0,1,1,23,1,expected
2018-10-22 12:08:10.514707,491,52.46.136.77,443,3.0,0,1,1,23,1,expected
2018-10-22 12:08:10.544726,491,52.46.136.77,443,3.0,0,1,1,23,1,expected
2018-10-22 12:08:10.606071,491,52.46.136.77,443,3.0,0,1,1,23,1,expected
2018-10-22 12:08:10.636531,491,52.46.136.77,443,3.0,0,1,1,23,1,expected
2018-10-22 12:08:10.702363,491,52.46.136.77,443,3.0,0,1,1,23,1,expected
2018-10-22 12:08:10.745634,491,52.46.136.77,443,3.0,0,1,1,23,1,expected
2018-10-22 12:08:10.795025,491,52.46.136.77,443,3.0,0,1,1,23,1,expected
2018-10-22 12:08:10.853722,491,52.46.136.77,443,3.0,0,1,1,23,1,expected
2018-10-22 12:08:10.914972,491,52.46.136.77,443,3.0,0,1,1,23,1,expected
2018-10-22 12:08:10.945156,491,52.46.136.77,443,3.0,0,1,1,23,1,expected
2018-10-22 12:08:11.006867,491,52.46.136.77,443,3.0,0,1,1,23,1,expected
2018-10-22 12:08:11.053443,491,52.46.136.77,443,3.0,0,1,1,23,1,expected
2018-10-22 12:08:11.158176,491,52.46.136.77,443,3.0,0,1,1,23,1,expected
2018-10-22 12:08:11.161547,491,52.46.136.77,443,3.0,0,1,1,23,1,expected
2018-10-22 12:08:11.301959,491,52.46.136.77,443,3.0,0,1,1,23,1,expected
2018-10-22 12:08:11.303467,491,52.46.136.77,443,3.0,0,1,1,23,1,expected
2018-10-22 12:08:11.305164,491,52.46.136.77,443,3.0,0,1,1,23,1,expected
2018-10-22 12:08:11.350903,491,52.46.136.77,443,3.0,0,1,1,23,1,expected
2018-10-22 12:08:11.433744,491,52.46.136.77,443,3.0,0,1,1,23,1,expected
2018-10-22 12:08:11.453693,491,52.46.136.77,443,3.0,0,1,1,23,1,expected
2018-10-22 12:08:11.503379,491,52.46.136.77,443,3.0,0,1,1,23,1,expected
2018-10-22 12:08:11.572953,491,52.46.136.77,443,3.0,0,1,1,23,1,expected
2018-10-22 12:08:11.620128,491,52.46.136.77,443,3.0,0,1,1,23,1,expected
2018-10-22 12:08:11.741106,491,52.46.136.77,443,3.0,0,1,1,23,1,expected
2018-10-22 12:08:11.744992,491,52.46.136.77,443,3.0,0,1,1,23,1,expected
2018-10-22 12:08:11.746403,491,52.46.136.77,443,3.0,0,1,1,23,1,expected
2018-10-22 12:08:11.814888,491,52.46.136.77,443,3.0,0,1,1,23,1,expected
2018-10-22 12:08:11.837255,491,52.46.136.77,443,3.0,0,1,1,23,1,expected
2018-10-22 12:08:11.904620,491,52.46.136.77,443,3.0,0,1,1,23,1,expected
2018-10-22 12:08:11.904912,54,52.46.136.77,443,1.0,2131,1,1,,1,ack
2018-10-22 12:08:11.907312,54,52.46.136.77,443,1.0,2,1,1,,1,ack
2018-10-22 12:08:11.909501,54,52.46.136.77,443,1.0,2,1,1,,1,ack
2018-10-22 12:08:11.952745,491,52.46.136.77,443,3.0,0,1,1,23,1,expected
2018-10-22 12:08:11.954855,54,52.46.136.77,443,1.0,45,1,1,,1,ack
2018-10-22 12:08:11.959360,54,52.46.136.77,443,1.0,4,1,1,,1,ack
2018-10-22 12:08:11.959616,99,52.46.136.77,443,3.0,0,1,1,23,1,expected
2018-10-22 12:08:11.970851,54,52.46.136.77,443,1.0,11,1,1,,1,ack
2018-10-22 12:08:11.971133,54,52.46.136.77,443,1.0,0,1,1,,1,ack
2018-10-22 12:08:11.978801,54,52.46.136.77,443,1.0,7,1,1,,1,ack
2018-10-22 12:08:11.980568,54,52.46.136.77,443,1.0,1,1,1,,1,ack
2018-10-22 12:08:12.002271,54,52.46.136.77,443,1.0,21,1,1,,1,ack
2018-10-22 12:08:12.002419,54,52.46.136.77,443,1.0,0,1,1,,1,ack
2018-10-22 12:08:12.015457,491,52.46.136.77,443,3.0,0,1,1,23,1,expected
2018-10-22 12:08:12.018678,54,52.46.136.77,443,1.0,16,1,1,,1,ack
2018-10-22 12:08:12.020332,54,52.46.136.77,443,1.0,1,1,1,,1,ack
2018-10-22 12:08:12.025589,99,52.46.136.77,443,3.0,0,1,1,23,1,expected
2018-10-22 12:08:12.025743,54,52.46.136.77,443,1.0,5,1,1,,1,ack
2018-10-22 12:08:12.047599,54,52.46.136.77,443,1.0,21,1,1,,1,ack
2018-10-22 12:08:12.047970,54,52.46.136.77,443,1.0,0,1,1,,1,ack
2018-10-22 12:08:12.048241,54,52.46.136.77,443,1.0,0,1,1,,1,ack
2018-10-22 12:08:12.048445,54,52.46.136.77,443,1.0,0,1,1,,1,ack
2018-10-22 12:08:12.062490,99,52.46.136.77,443,3.0,0,1,1,23,1,expected
2018-10-22 12:08:12.064112,491,52.46.136.77,443,3.0,0,1,1,23,1,expected
2018-10-22 12:08:12.070451,54,52.46.136.77,443,1.0,22,1,1,,1,ack
2018-10-22 12:08:12.073168,54,52.46.136.77,443,1.0,2,1,1,,1,ack
2018-10-22 12:08:12.073325,54,52.46.136.77,443,1.0,0,1,1,,1,ack
2018-10-22 12:08:12.073414,54,52.46.136.77,443,1.0,0,1,1,,1,ack
2018-10-22 12:08:12.095609,91,52.46.136.77,443,3.0,0,1,1,23,1,expected
2018-10-22 12:08:12.095767,91,52.46.136.77,443,3.0,0,1,1,23,1,expected
2018-10-22 12:08:12.102467,54,52.46.136.77,443,1.0,29,1,1,,1,ack
2018-10-22 12:08:12.102605,54,52.46.136.77,443,1.0,0,1,1,,1,ack
2018-10-22 12:08:12.102693,54,52.46.136.77,443,1.0,0,1,1,,1,ack
2018-10-22 12:08:12.132737,54,52.46.136.77,443,1.0,30,1,1,,1,ack
2018-10-22 12:08:12.180371,421,52.46.136.77,443,3.0,0,1,1,23,1,expected
2018-10-22 12:08:12.506944,54,52.46.136.77,443,1.0,374,1,1,,1,ack
2018-10-22 12:08:12.513763,54,52.46.136.77,443,1.0,6,1,1,,1,ack
2018-10-22 12:08:12.974454,77,104.154.127.232,4070,2.0,0,1,1,,1,syn
2018-10-22 12:08:12.996051,66,104.154.127.232,4070,1.0,-284445133,1,1,,1,ack
2018-10-22 12:08:23.870339,177,52.46.136.77,443,3.0,0,1,1,23,1,expected
2018-10-22 12:08:31.373537,295,52.119.196.87,443,3.0,0,1,1,23,1,expected
2018-10-22 12:08:31.408688,54,52.119.196.87,443,1.0,17290904,1,1,,1,ack
2018-10-22 12:08:40.686362,288,52.46.136.77,443,3.0,0,1,1,23,1,expected
2018-10-22 12:08:40.745186,566,52.46.136.77,443,1.0,28231,1,1,,1,not_relevant
2018-10-22 12:08:40.745219,566,52.46.136.77,443,1.0,0,1,1,,1,not_relevant
2018-10-22 12:08:40.745268,310,52.46.136.77,443,3.0,0,1,1,23,1,expected
2018-10-22 12:08:40.759711,566,52.46.136.77,443,1.0,14,1,1,,1,not_relevant
2018-10-22 12:08:40.766732,566,52.46.136.77,443,1.0,7,1,1,,1,not_relevant
2018-10-22 12:08:40.783603,566,52.46.136.77,443,3.0,0,1,1,23,1,expected
2018-10-22 12:08:40.784295,566,52.46.136.77,443,1.0,17,1,1,,1,not_relevant
2018-10-22 12:08:40.784326,368,52.46.136.77,443,3.0,0,1,1,23,1,expected
2018-10-22 12:08:40.822327,491,52.46.136.77,443,3.0,0,1,1,23,1,expected
2018-10-22 12:08:40.823413,566,52.46.136.77,443,3.0,0,1,1,23,1,expected
2018-10-22 12:08:40.823444,416,52.46.136.77,443,3.0,0,1,1,23,1,expected
2018-10-22 12:08:40.823485,566,52.46.136.77,443,3.0,0,1,1,23,1,expected
2018-10-22 12:08:40.825037,566,52.46.136.77,443,3.0,0,1,1,23,1,expected
2018-10-22 12:08:40.825400,566,52.46.136.77,443,3.0,0,1,1,23,1,expected
2018-10-22 12:08:40.825428,54,52.46.136.77,443,1.0,41,1,1,,1,ack
2018-10-22 12:08:40.850283,566,52.46.136.77,443,3.0,0,1,1,23,1,expected
2018-10-22 12:08:40.852095,566,52.46.136.77,443,1.0,26,1,1,,1,not_relevant
2018-10-22 12:08:40.852124,566,52.46.136.77,443,1.0,0,1,1,,1,not_relevant
2018-10-22 12:08:40.852173,566,52.46.136.77,443,1.0,0,1,1,,1,not_relevant
2018-10-22 12:08:40.852224,566,52.46.136.77,443,1.0,0,1,1,,1,not_relevant
2018-10-22 12:08:40.852274,566,52.46.136.77,443,3.0,0,1,1,23,1,expected
2018-10-22 12:08:40.852323,566,52.46.136.77,443,3.0,0,1,1,23,1,expected
2018-10-22 12:08:40.875025,566,52.46.136.77,443,3.0,0,1,1,23,1,expected
2018-10-22 12:08:40.875461,566,52.46.136.77,443,3.0,0,1,1,23,1,expected
2018-10-22 12:08:40.875489,566,52.46.136.77,443,3.0,0,1,1,23,1,expected
2018-10-22 12:08:40.875556,566,52.46.136.77,443,3.0,0,1,1,23,1,expected
2018-10-22 12:08:40.877405,566,52.46.136.77,443,3.0,0,1,1,23,1,expected
2018-10-22 12:08:40.877436,566,52.46.136.77,443,3.0,0,1,1,23,1,expected
2018-10-22 12:08:40.877460,566,52.46.136.77,443,3.0,0,1,1,23,1,expected
2018-10-22 12:08:40.877537,566,52.46.136.77,443,3.0,0,1,1,23,1,expected
2018-10-22 12:08:40.900184,566,52.46.136.77,443,3.0,0,1,1,23,1,expected
2018-10-22 12:08:40.901673,566,52.46.136.77,443,3.0,0,1,1,23,1,expected
2018-10-22 12:08:40.908509,566,52.46.136.77,443,3.0,0,1,1,23,1,expected
2018-10-22 12:08:40.910376,566,52.46.136.77,443,3.0,0,1,1,23,1,expected
2018-10-22 12:08:40.910405,566,52.46.136.77,443,3.0,0,1,1,23,1,expected
2018-10-22 12:08:40.910456,566,52.46.136.77,443,3.0,0,1,1,23,1,expected
2018-10-22 12:08:40.910504,566,52.46.136.77,443,3.0,0,1,1,23,1,expected
2018-10-22 12:08:40.910553,566,52.46.136.77,443,3.0,0,1,1,23,1,expected
2018-10-22 12:08:40.910600,566,52.46.136.77,443,3.0,0,1,1,23,1,expected
2018-10-22 12:08:40.933408,566,52.46.136.77,443,3.0,0,1,1,23,1,expected
2018-10-22 12:08:40.934724,354,52.46.136.77,443,3.0,0,1,1,23,1,expected
2018-10-22 12:08:40.941607,491,52.46.136.77,443,3.0,0,1,1,23,1,expected
2018-10-22 12:08:40.994871,491,52.46.136.77,443,3.0,0,1,1,23,1,expected
2018-10-22 12:08:41.053832,491,52.46.136.77,443,3.0,0,1,1,23,1,expected
2018-10-22 12:08:41.091845,491,52.46.136.77,443,3.0,0,1,1,23,1,expected
2018-10-22 12:08:41.161642,491,52.46.136.77,443,3.0,0,1,1,23,1,expected
2018-10-22 12:08:41.208292,491,52.46.136.77,443,3.0,0,1,1,23,1,expected
2018-10-22 12:08:41.241742,491,52.46.136.77,443,3.0,0,1,1,23,1,expected
2018-10-22 12:08:41.275872,491,52.46.136.77,443,3.0,0,1,1,23,1,expected
2018-10-22 12:08:41.346200,491,52.46.136.77,443,3.0,0,1,1,23,1,expected
2018-10-22 12:08:41.391951,491,52.46.136.77,443,3.0,0,1,1,23,1,expected
2018-10-22 12:08:41.455201,491,52.46.136.77,443,3.0,0,1,1,23,1,expected
2018-10-22 12:08:41.491825,491,52.46.136.77,443,3.0,0,1,1,23,1,expected
2018-10-22 12:08:41.553238,491,52.46.136.77,443,3.0,0,1,1,23,1,expected
2018-10-22 12:08:41.583546,491,52.46.136.77,443,3.0,0,1,1,23,1,expected
2018-10-22 12:08:41.661712,491,52.46.136.77,443,3.0,0,1,1,23,1,expected
2018-10-22 12:08:41.675555,491,52.46.136.77,443,3.0,0,1,1,23,1,expected
2018-10-22 12:08:41.742265,491,52.46.136.77,443,1.0,890,1,1,,1,not_relevant
2018-10-22 12:08:41.743517,491,52.46.136.77,443,3.0,0,1,1,23,1,expected
2018-10-22 12:08:41.792110,491,52.46.136.77,443,3.0,0,1,1,23,1,expected
2018-10-22 12:08:41.862073,491,52.46.136.77,443,3.0,0,1,1,23,1,expected
2018-10-22 12:08:41.917194,491,52.46.136.77,443,3.0,0,1,1,23,1,expected
2018-10-22 12:08:41.957102,491,52.46.136.77,443,3.0,0,1,1,23,1,expected
2018-10-22 12:08:41.984207,491,52.46.136.77,443,3.0,0,1,1,23,1,expected
2018-10-22 12:08:42.053761,491,52.46.136.77,443,3.0,0,1,1,23,1,expected
2018-10-22 12:08:42.075716,491,52.46.136.77,443,3.0,0,1,1,23,1,expected
2018-10-22 12:08:42.145604,491,52.46.136.77,443,3.0,0,1,1,23,1,expected
2018-10-22 12:08:42.192545,491,52.46.136.77,443,3.0,0,1,1,23,1,expected
2018-10-22 12:08:42.253880,491,52.46.136.77,443,3.0,0,1,1,23,1,expected
2018-10-22 12:08:42.292613,491,52.46.136.77,443,3.0,0,1,1,23,1,expected
2018-10-22 12:08:42.353730,491,52.46.136.77,443,3.0,0,1,1,23,1,expected
2018-10-22 12:08:42.384015,491,52.46.136.77,443,3.0,0,1,1,23,1,expected
2018-10-22 12:08:42.453713,491,52.46.136.77,443,3.0,0,1,1,23,1,expected
2018-10-22 12:08:42.475727,491,52.46.136.77,443,3.0,0,1,1,23,1,expected
2018-10-22 12:08:42.549682,491,52.46.136.77,443,3.0,0,1,1,23,1,expected
2018-10-22 12:08:42.605028,491,52.46.136.77,443,3.0,0,1,1,23,1,expected
2018-10-22 12:08:42.650969,491,52.46.136.77,443,3.0,0,1,1,23,1,expected
2018-10-22 12:08:42.684083,491,52.46.136.77,443,3.0,0,1,1,23,1,expected
2018-10-22 12:08:42.753548,491,52.46.136.77,443,3.0,0,1,1,23,1,expected
2018-10-22 12:08:42.777217,491,52.46.136.77,443,3.0,0,1,1,23,1,expected
2018-10-22 12:08:42.817594,54,52.46.136.77,443,1.0,1075,1,1,,1,ack
2018-10-22 12:08:42.847140,491,52.46.136.77,443,3.0,0,1,1,23,1,expected
2018-10-22 12:08:42.876101,491,52.46.136.77,443,3.0,0,1,1,23,1,expected
2018-10-22 12:08:42.951568,491,52.46.136.77,443,3.0,0,1,1,23,1,expected
2018-10-22 12:08:42.989894,491,52.46.136.77,443,3.0,0,1,1,23,1,expected
2018-10-22 12:08:43.037134,54,52.46.136.77,443,1.0,219,1,1,,1,ack
2018-10-22 12:08:43.038349,491,52.46.136.77,443,3.0,0,1,1,23,1,expected
2018-10-22 12:08:43.089549,491,52.46.136.77,443,3.0,0,1,1,23,1,expected
2018-10-22 12:08:43.134289,77,104.154.127.232,4070,2.0,0,1,1,,1,syn
2018-10-22 12:08:43.151101,491,52.46.136.77,443,3.0,0,1,1,23,1,expected
2018-10-22 12:08:43.152411,66,104.154.127.232,4070,1.0,30156,1,1,,1,ack
2018-10-22 12:08:43.175735,54,52.46.136.77,443,1.0,138,1,1,,1,ack
2018-10-22 12:08:43.192544,491,52.46.136.77,443,3.0,0,1,1,23,1,expected
2018-10-22 12:08:43.253652,491,52.46.136.77,443,3.0,0,1,1,23,1,expected
2018-10-22 12:08:43.307425,491,52.46.136.77,443,3.0,0,1,1,23,1,expected
2018-10-22 12:08:43.342853,491,52.46.136.77,443,3.0,0,1,1,23,1,expected
2018-10-22 12:08:43.393042,491,52.46.136.77,443,3.0,0,1,1,23,1,expected
2018-10-22 12:08:43.434812,491,52.46.136.77,443,3.0,0,1,1,23,1,expected
2018-10-22 12:08:43.468076,54,52.46.136.77,443,1.0,292,1,1,,1,ack
2018-10-22 12:08:43.468232,54,52.46.136.77,443,1.0,0,1,1,,1,ack
2018-10-22 12:08:43.477834,54,52.46.136.77,443,1.0,9,1,1,,1,ack
2018-10-22 12:08:43.493494,54,52.46.136.77,443,1.0,15,1,1,,1,ack
2018-10-22 12:08:43.493821,491,52.46.136.77,443,3.0,0,1,1,23,1,expected
2018-10-22 12:08:43.493856,99,52.46.136.77,443,3.0,0,1,1,23,1,expected
2018-10-22 12:08:43.511496,54,52.46.136.77,443,1.0,18,1,1,,1,ack
2018-10-22 12:08:43.517818,54,52.46.136.77,443,1.0,6,1,1,,1,ack
2018-10-22 12:08:43.517977,54,52.46.136.77,443,1.0,0,1,1,,1,ack
2018-10-22 12:08:43.518069,54,52.46.136.77,443,1.0,0,1,1,,1,ack
2018-10-22 12:08:43.518304,54,52.46.136.77,443,1.0,0,1,1,,1,ack
2018-10-22 12:08:43.557044,491,52.46.136.77,443,3.0,0,1,1,23,1,expected
2018-10-22 12:08:43.560361,54,52.46.136.77,443,1.0,42,1,1,,1,ack
2018-10-22 12:08:43.561364,54,52.46.136.77,443,1.0,1,1,1,,1,ack
2018-10-22 12:08:43.567732,54,52.46.136.77,443,1.0,6,1,1,,1,ack
2018-10-22 12:08:43.567890,54,52.46.136.77,443,1.0,0,1,1,,1,ack
2018-10-22 12:08:43.567978,54,52.46.136.77,443,1.0,0,1,1,,1,ack
2018-10-22 12:08:43.585097,54,52.46.136.77,443,1.0,17,1,1,,1,ack
2018-10-22 12:08:43.585543,491,52.46.136.77,443,3.0,0,1,1,23,1,expected
2018-10-22 12:08:43.585560,54,52.46.136.77,443,1.0,0,1,1,,1,ack
2018-10-22 12:08:43.585674,99,52.46.136.77,443,3.0,0,1,1,23,1,expected
2018-10-22 12:08:43.592704,54,52.46.136.77,443,1.0,7,1,1,,1,ack
2018-10-22 12:08:43.592856,99,52.46.136.77,443,3.0,0,1,1,23,1,expected
2018-10-22 12:08:43.592941,54,52.46.136.77,443,1.0,0,1,1,,1,ack
2018-10-22 12:08:43.593019,54,52.46.136.77,443,1.0,0,1,1,,1,ack
2018-10-22 12:08:43.621370,91,52.46.136.77,443,3.0,0,1,1,23,1,expected
2018-10-22 12:08:43.626276,91,52.46.136.77,443,3.0,0,1,1,23,1,expected
2018-10-22 12:08:43.642722,54,52.46.136.77,443,1.0,49,1,1,,1,ack
2018-10-22 12:08:43.642910,54,52.46.136.77,443,1.0,0,1,1,,1,ack
2018-10-22 12:08:43.643072,54,52.46.136.77,443,1.0,0,1,1,,1,ack
2018-10-22 12:08:43.643143,54,52.46.136.77,443,1.0,0,1,1,,1,ack
2018-10-22 12:08:43.643218,54,52.46.136.77,443,1.0,0,1,1,,1,ack
2018-10-22 12:08:43.667560,54,52.46.136.77,443,1.0,24,1,1,,1,ack
2018-10-22 12:08:43.667728,54,52.46.136.77,443,1.0,0,1,1,,1,ack
2018-10-22 12:08:43.667799,54,52.46.136.77,443,1.0,0,1,1,,1,ack
2018-10-22 12:08:43.692586,433,52.46.136.77,443,3.0,0,1,1,23,1,expected
2018-10-22 12:08:43.692670,99,52.46.136.77,443,3.0,0,1,1,23,1,expected
2018-10-22 12:08:44.259297,66,52.46.136.77,443,1.0,591,1,1,,1,ack
2018-10-22 12:08:55.352860,176,52.46.136.77,443,3.0,0,1,1,23,1,expected
2018-10-22 12:08:58.793236,66,104.154.127.232,4070,1.0,15640,1,1,,1,ack
2018-10-22 12:09:13.418766,77,104.154.127.232,4070,2.0,0,1,1,,1,syn
2018-10-22 12:09:13.437727,66,104.154.127.232,4070,1.0,14644,1,1,,1,ack
2018-10-22 12:09:15.506145,290,52.46.136.77,443,3.0,0,1,1,23,1,expected
2018-10-22 12:09:15.552290,566,52.46.136.77,443,1.0,31292,1,1,,1,not_relevant
2018-10-22 12:09:15.552323,566,52.46.136.77,443,1.0,0,1,1,,1,not_relevant
2018-10-22 12:09:15.552375,310,52.46.136.77,443,3.0,0,1,1,23,1,expected
2018-10-22 12:09:15.552675,566,52.46.136.77,443,1.0,0,1,1,,1,not_relevant
2018-10-22 12:09:15.552702,566,52.46.136.77,443,1.0,0,1,1,,1,not_relevant
2018-10-22 12:09:15.552750,155,52.46.136.77,443,3.0,0,1,1,23,1,expected
2018-10-22 12:09:15.560319,491,52.46.136.77,443,3.0,0,1,1,23,1,expected
2018-10-22 12:09:15.561649,491,52.46.136.77,443,3.0,0,1,1,23,1,expected
2018-10-22 12:09:15.576897,566,52.46.136.77,443,3.0,0,1,1,23,1,expected
2018-10-22 12:09:15.577680,566,52.46.136.77,443,1.0,24,1,1,,1,not_relevant
2018-10-22 12:09:15.577708,304,52.46.136.77,443,3.0,0,1,1,23,1,expected
2018-10-22 12:09:15.612481,491,52.46.136.77,443,3.0,0,1,1,23,1,expected
2018-10-22 12:09:15.614181,491,52.46.136.77,443,3.0,0,1,1,23,1,expected
2018-10-22 12:09:15.614210,491,52.46.136.77,443,3.0,0,1,1,23,1,expected
2018-10-22 12:09:15.614274,491,52.46.136.77,443,3.0,0,1,1,23,1,expected
2018-10-22 12:09:15.618771,491,52.46.136.77,443,3.0,0,1,1,23,1,expected
2018-10-22 12:09:15.620428,491,52.46.136.77,443,3.0,0,1,1,23,1,expected
2018-10-22 12:09:15.620456,566,52.46.136.77,443,3.0,0,1,1,23,1,expected
2018-10-22 12:09:15.620505,566,52.46.136.77,443,1.0,42,1,1,,1,not_relevant
2018-10-22 12:09:15.620553,566,52.46.136.77,443,1.0,0,1,1,,1,not_relevant
2018-10-22 12:09:15.620601,192,52.46.136.77,443,3.0,0,1,1,23,1,expected
2018-10-22 12:09:15.636498,566,52.46.136.77,443,3.0,0,1,1,23,1,expected
2018-10-22 12:09:15.636527,566,52.46.136.77,443,3.0,0,1,1,23,1,expected
2018-10-22 12:09:15.636578,566,52.46.136.77,443,3.0,0,1,1,23,1,expected
2018-10-22 12:09:15.643898,566,52.46.136.77,443,3.0,0,1,1,23,1,expected
2018-10-22 12:09:15.644479,566,52.46.136.77,443,3.0,0,1,1,23,1,expected
2018-10-22 12:09:15.644508,566,52.46.136.77,443,3.0,0,1,1,23,1,expected
2018-10-22 12:09:15.644557,566,52.46.136.77,443,1.0,24,1,1,,1,not_relevant
2018-10-22 12:09:15.644606,566,52.46.136.77,443,1.0,0,1,1,,1,not_relevant
2018-10-22 12:09:15.644655,566,52.46.136.77,443,1.0,0,1,1,,1,not_relevant
2018-10-22 12:09:15.659101,566,52.46.136.77,443,1.0,14,1,1,,1,not_relevant
2018-10-22 12:09:15.659574,566,52.46.136.77,443,1.0,0,1,1,,1,not_relevant
2018-10-22 12:09:15.659604,566,52.46.136.77,443,1.0,0,1,1,,1,not_relevant
2018-10-22 12:09:15.659670,457,52.46.136.77,443,3.0,0,1,1,23,1,expected
2018-10-22 12:09:15.668009,491,52.46.136.77,443,3.0,0,1,1,23,1,expected
2018-10-22 12:09:15.668343,491,52.46.136.77,443,3.0,0,1,1,23,1,expected
2018-10-22 12:09:15.676942,491,52.46.136.77,443,3.0,0,1,1,23,1,expected
2018-10-22 12:09:15.678026,54,52.46.136.77,443,1.0,18,1,1,,1,ack
2018-10-22 12:09:15.744874,491,52.46.136.77,443,3.0,0,1,1,23,1,expected
2018-10-22 12:09:15.793864,491,52.46.136.77,443,3.0,0,1,1,23,1,expected
2018-10-22 12:09:15.855453,491,52.46.136.77,443,3.0,0,1,1,23,1,expected
2018-10-22 12:09:15.886075,491,52.46.136.77,443,3.0,0,1,1,23,1,expected
2018-10-22 12:09:15.963808,491,52.46.136.77,443,3.0,0,1,1,23,1,expected
2018-10-22 12:09:15.985808,491,52.46.136.77,443,3.0,0,1,1,23,1,expected
2018-10-22 12:09:16.047883,491,52.46.136.77,443,3.0,0,1,1,23,1,expected
2018-10-22 12:09:16.079037,491,52.46.136.77,443,3.0,0,1,1,23,1,expected
2018-10-22 12:09:16.152431,491,52.46.136.77,443,3.0,0,1,1,23,1,expected
2018-10-22 12:09:16.206102,491,52.46.136.77,443,3.0,0,1,1,23,1,expected
2018-10-22 12:09:16.235467,491,52.46.136.77,443,3.0,0,1,1,23,1,expected
2018-10-22 12:09:16.285685,491,52.46.136.77,443,3.0,0,1,1,23,1,expected
2018-10-22 12:09:16.355056,491,52.46.136.77,443,3.0,0,1,1,23,1,expected
2018-10-22 12:09:16.380103,491,52.46.136.77,443,3.0,0,1,1,23,1,expected
2018-10-22 12:09:16.447373,491,52.46.136.77,443,3.0,0,1,1,23,1,expected
2018-10-22 12:09:16.478927,491,52.46.136.77,443,3.0,0,1,1,23,1,expected
2018-10-22 12:09:16.547468,491,52.46.136.77,443,3.0,0,1,1,23,1,expected
2018-10-22 12:09:16.594336,491,52.46.136.77,443,3.0,0,1,1,23,1,expected
2018-10-22 12:09:16.657413,491,52.46.136.77,443,3.0,0,1,1,23,1,expected
2018-10-22 12:09:16.685925,491,52.46.136.77,443,3.0,0,1,1,23,1,expected
2018-10-22 12:09:16.832069,491,52.46.136.77,443,3.0,0,1,1,23,1,expected
2018-10-22 12:09:16.836931,491,52.46.136.77,443,3.0,0,1,1,23,1,expected
2018-10-22 12:09:16.837285,491,52.46.136.77,443,1.0,1159,1,1,,1,not_relevant
2018-10-22 12:09:16.847316,491,52.46.136.77,443,3.0,0,1,1,23,1,expected
2018-10-22 12:09:16.981122,491,52.46.136.77,443,3.0,0,1,1,23,1,expected
2018-10-22 12:09:16.981592,491,52.46.136.77,443,3.0,0,1,1,23,1,expected
2018-10-22 12:09:16.987598,491,52.46.136.77,443,3.0,0,1,1,23,1,expected
2018-10-22 12:09:17.069030,491,52.46.136.77,443,3.0,0,1,1,23,1,expected
2018-10-22 12:09:17.107461,491,52.46.136.77,443,3.0,0,1,1,23,1,expected
2018-10-22 12:09:17.158838,491,52.46.136.77,443,3.0,0,1,1,23,1,expected
2018-10-22 12:09:17.160958,54,52.46.136.77,443,1.0,323,1,1,,1,ack
2018-10-22 12:09:17.186486,491,52.46.136.77,443,3.0,0,1,1,23,1,expected
2018-10-22 12:09:17.250459,491,52.46.136.77,443,3.0,0,1,1,23,1,expected
2018-10-22 12:09:17.305630,491,52.46.136.77,443,3.0,0,1,1,23,1,expected
2018-10-22 12:09:17.424253,491,52.46.136.77,443,3.0,0,1,1,23,1,expected
2018-10-22 12:09:17.428036,491,52.46.136.77,443,3.0,0,1,1,23,1,expected
2018-10-22 12:09:17.458635,491,52.46.136.77,443,3.0,0,1,1,23,1,expected
2018-10-22 12:09:17.486642,491,52.46.136.77,443,3.0,0,1,1,23,1,expected
2018-10-22 12:09:17.548846,491,52.46.136.77,443,3.0,0,1,1,23,1,expected
2018-10-22 12:09:17.606383,491,52.46.136.77,443,3.0,0,1,1,23,1,expected
2018-10-22 12:09:17.645646,491,52.46.136.77,443,3.0,0,1,1,23,1,expected
2018-10-22 12:09:17.698161,491,52.46.136.77,443,3.0,0,1,1,23,1,expected
2018-10-22 12:09:17.745005,491,52.46.136.77,443,3.0,0,1,1,23,1,expected
2018-10-22 12:09:17.795060,491,52.46.136.77,443,3.0,0,1,1,23,1,expected
2018-10-22 12:09:17.836670,491,52.46.136.77,443,3.0,0,1,1,23,1,expected
2018-10-22 12:09:17.869743,54,52.46.136.77,443,1.0,708,1,1,,1,ack
2018-10-22 12:09:17.869874,54,52.46.136.77,443,1.0,0,1,1,,1,ack
2018-10-22 12:09:17.870900,54,52.46.136.77,443,1.0,1,1,1,,1,ack
2018-10-22 12:09:17.871570,54,52.46.136.77,443,1.0,0,1,1,,1,ack
2018-10-22 12:09:17.895300,491,52.46.136.77,443,3.0,0,1,1,23,1,expected
2018-10-22 12:09:17.895455,54,52.46.136.77,443,1.0,23,1,1,,1,ack
2018-10-22 12:09:17.895580,54,52.46.136.77,443,1.0,0,1,1,,1,ack
2018-10-22 12:09:17.896310,54,52.46.136.77,443,1.0,0,1,1,,1,ack
2018-10-22 12:09:17.911807,54,52.46.136.77,443,1.0,15,1,1,,1,ack
2018-10-22 12:09:17.911936,54,52.46.136.77,443,1.0,0,1,1,,1,ack
2018-10-22 12:09:17.942772,54,52.46.136.77,443,1.0,30,1,1,,1,ack
2018-10-22 12:09:17.942899,54,52.46.136.77,443,1.0,0,1,1,,1,ack
2018-10-22 12:09:17.943022,54,52.46.136.77,443,1.0,0,1,1,,1,ack
2018-10-22 12:09:17.943152,54,52.46.136.77,443,1.0,0,1,1,,1,ack
2018-10-22 12:09:17.945024,54,52.46.136.77,443,1.0,1,1,1,,1,ack
2018-10-22 12:09:17.945151,99,52.46.136.77,443,3.0,0,1,1,23,1,expected
2018-10-22 12:09:17.953614,99,52.46.136.77,443,3.0,0,1,1,23,1,expected
2018-10-22 12:09:17.953789,54,52.46.136.77,443,1.0,8,1,1,,1,ack
2018-10-22 12:09:17.955134,491,52.46.136.77,443,3.0,0,1,1,23,1,expected
2018-10-22 12:09:17.971359,54,52.46.136.77,443,1.0,17,1,1,,1,ack
2018-10-22 12:09:17.995831,491,52.46.136.77,443,3.0,0,1,1,23,1,expected
2018-10-22 12:09:17.996044,54,52.46.136.77,443,1.0,24,1,1,,1,ack
2018-10-22 12:09:17.996176,54,52.46.136.77,443,1.0,0,1,1,,1,ack
2018-10-22 12:09:17.996305,54,52.46.136.77,443,1.0,0,1,1,,1,ack
2018-10-22 12:09:17.996433,54,52.46.136.77,443,1.0,0,1,1,,1,ack
2018-10-22 12:09:17.996557,54,52.46.136.77,443,1.0,0,1,1,,1,ack
2018-10-22 12:09:17.996677,54,52.46.136.77,443,1.0,0,1,1,,1,ack
2018-10-22 12:09:18.020394,91,52.46.136.77,443,3.0,0,1,1,23,1,expected
2018-10-22 12:09:18.020594,91,52.46.136.77,443,3.0,0,1,1,23,1,expected
2018-10-22 12:09:18.020732,54,52.46.136.77,443,1.0,24,1,1,,1,ack
2018-10-22 12:09:18.020867,54,52.46.136.77,443,1.0,0,1,1,,1,ack
2018-10-22 12:09:18.030056,99,52.46.136.77,443,3.0,0,1,1,23,1,expected
2018-10-22 12:09:18.030361,54,52.46.136.77,443,1.0,9,1,1,,1,ack
2018-10-22 12:09:18.030507,99,52.46.136.77,443,3.0,0,1,1,23,1,expected
2018-10-22 12:09:18.071597,432,52.46.136.77,443,3.0,0,1,1,23,1,expected
2018-10-22 12:09:18.499904,54,52.46.136.77,443,1.0,469,1,1,,1,ack
2018-10-22 12:09:18.500029,54,52.46.136.77,443,1.0,0,1,1,,1,ack
2018-10-22 12:09:29.805162,176,52.46.136.77,443,3.0,0,1,1,23,1,expected
2018-10-22 12:09:43.593086,77,104.154.127.232,4070,2.0,0,1,1,,1,syn
2018-10-22 12:09:43.621809,66,104.154.127.232,4070,1.0,30184,1,1,,1,ack
2018-10-22 12:09:53.228556,287,52.46.136.77,443,3.0,0,1,1,23,1,expected
2018-10-22 12:09:53.237043,566,52.46.136.77,443,1.0,34737,1,1,,1,not_relevant
2018-10-22 12:09:53.238443,566,52.46.136.77,443,1.0,1,1,1,,1,not_relevant
2018-10-22 12:09:53.244870,312,52.46.136.77,443,3.0,0,1,1,23,1,expected
2018-10-22 12:09:53.308394,566,52.46.136.77,443,1.0,69,1,1,,1,not_relevant
2018-10-22 12:09:53.308423,566,52.46.136.77,443,1.0,0,1,1,,1,not_relevant
2018-10-22 12:09:53.311816,566,52.46.136.77,443,1.0,3,1,1,,1,not_relevant
2018-10-22 12:09:53.312353,566,52.46.136.77,443,1.0,0,1,1,,1,not_relevant
2018-10-22 12:09:53.312382,566,52.46.136.77,443,1.0,0,1,1,,1,not_relevant
2018-10-22 12:09:53.312432,566,52.46.136.77,443,1.0,0,1,1,,1,not_relevant
2018-10-22 12:09:53.312480,566,52.46.136.77,443,1.0,0,1,1,,1,not_relevant
2018-10-22 12:09:53.312528,91,52.46.136.77,443,3.0,0,1,1,23,1,expected
2018-10-22 12:09:53.328217,566,52.46.136.77,443,1.0,15,1,1,,1,not_relevant
2018-10-22 12:09:53.336820,566,52.46.136.77,443,1.0,8,1,1,,1,not_relevant
2018-10-22 12:09:53.337404,566,52.46.136.77,443,1.0,0,1,1,,1,not_relevant
2018-10-22 12:09:53.337434,566,52.46.136.77,443,1.0,0,1,1,,1,not_relevant
2018-10-22 12:09:53.337458,566,52.46.136.77,443,1.0,0,1,1,,1,not_relevant
2018-10-22 12:09:53.337533,566,52.46.136.77,443,1.0,0,1,1,,1,not_relevant
2018-10-22 12:09:53.337584,566,52.46.136.77,443,1.0,0,1,1,,1,not_relevant
2018-10-22 12:09:53.338851,566,52.46.136.77,443,3.0,0,1,1,23,1,expected
2018-10-22 12:09:53.338880,566,52.46.136.77,443,1.0,1,1,1,,1,not_relevant
2018-10-22 12:09:53.345217,566,52.46.136.77,443,1.0,6,1,1,,1,not_relevant
2018-10-22 12:09:53.346667,566,52.46.136.77,443,1.0,1,1,1,,1,not_relevant
2018-10-22 12:09:53.355098,1078,52.46.136.77,443,1.0,8,1,1,,1,not_relevant
2018-10-22 12:09:53.378402,566,52.46.136.77,443,1.0,23,1,1,,1,not_relevant
2018-10-22 12:09:53.378893,566,52.46.136.77,443,1.0,0,1,1,,1,not_relevant
2018-10-22 12:09:53.378922,566,52.46.136.77,443,3.0,0,1,1,23,1,expected
2018-10-22 12:09:53.378965,566,52.46.136.77,443,3.0,0,1,1,23,1,expected
2018-10-22 12:09:53.379034,90,52.46.136.77,443,3.0,0,1,1,23,1,expected
2018-10-22 12:09:53.386067,54,52.46.136.77,443,1.0,7,1,1,,1,ack
2018-10-22 12:09:53.394975,491,52.46.136.77,443,3.0,0,1,1,23,1,expected
2018-10-22 12:09:53.456633,491,52.46.136.77,443,3.0,0,1,1,23,1,expected
2018-10-22 12:09:53.486947,491,52.46.136.77,443,3.0,0,1,1,23,1,expected
2018-10-22 12:09:53.536792,491,52.46.136.77,443,3.0,0,1,1,23,1,expected
2018-10-22 12:09:53.594600,491,52.46.136.77,443,3.0,0,1,1,23,1,expected
2018-10-22 12:09:53.629207,491,52.46.136.77,443,3.0,0,1,1,23,1,expected
2018-10-22 12:09:53.698241,491,52.46.136.77,443,3.0,0,1,1,23,1,expected
2018-10-22 12:09:53.728807,491,52.46.136.77,443,3.0,0,1,1,23,1,expected
2018-10-22 12:09:53.789650,491,52.46.136.77,443,3.0,0,1,1,23,1,expected
2018-10-22 12:09:53.834550,491,52.46.136.77,443,3.0,0,1,1,23,1,expected
2018-10-22 12:09:53.882778,491,52.46.136.77,443,3.0,0,1,1,23,1,expected
2018-10-22 12:09:53.937329,491,52.46.136.77,443,3.0,0,1,1,23,1,expected
2018-10-22 12:09:54.005271,491,52.46.136.77,443,3.0,0,1,1,23,1,expected
2018-10-22 12:09:54.030573,491,52.46.136.77,443,3.0,0,1,1,23,1,expected
2018-10-22 12:09:54.098222,491,52.46.136.77,443,3.0,0,1,1,23,1,expected
2018-10-22 12:09:54.128248,491,52.46.136.77,443,3.0,0,1,1,23,1,expected
2018-10-22 12:09:54.190963,491,52.46.136.77,443,3.0,0,1,1,23,1,expected
2018-10-22 12:09:54.236913,491,52.46.136.77,443,3.0,0,1,1,23,1,expected
2018-10-22 12:09:54.283306,491,52.46.136.77,443,3.0,0,1,1,23,1,expected
2018-10-22 12:09:54.334785,491,52.46.136.77,443,3.0,0,1,1,23,1,expected
2018-10-22 12:09:54.400230,491,52.46.136.77,443,3.0,0,1,1,23,1,expected
2018-10-22 12:09:54.431658,491,52.46.136.77,443,3.0,0,1,1,23,1,expected
2018-10-22 12:09:54.498693,491,52.46.136.77,443,3.0,0,1,1,23,1,expected
2018-10-22 12:09:54.527356,491,52.46.136.77,443,3.0,0,1,1,23,1,expected
2018-10-22 12:09:54.595406,491,52.46.136.77,443,3.0,0,1,1,23,1,expected
2018-10-22 12:09:54.656984,491,52.46.136.77,443,3.0,0,1,1,23,1,expected
2018-10-22 12:09:54.704421,491,52.46.136.77,443,3.0,0,1,1,23,1,expected
2018-10-22 12:09:54.742776,491,52.46.136.77,443,3.0,0,1,1,23,1,expected
2018-10-22 12:09:54.816082,491,52.46.136.77,443,3.0,0,1,1,23,1,expected
2018-10-22 12:09:54.828871,491,52.46.136.77,443,3.0,0,1,1,23,1,expected
2018-10-22 12:09:54.899130,491,52.46.136.77,443,3.0,0,1,1,23,1,expected
2018-10-22 12:09:54.928972,491,52.46.136.77,443,3.0,0,1,1,23,1,expected
2018-10-22 12:09:54.998894,491,52.46.136.77,443,3.0,0,1,1,23,1,expected
2018-10-22 12:09:55.038498,491,52.46.136.77,443,3.0,0,1,1,23,1,expected
2018-10-22 12:09:55.096614,491,52.46.136.77,443,3.0,0,1,1,23,1,expected
2018-10-22 12:09:55.137573,491,52.46.136.77,443,3.0,0,1,1,23,1,expected
2018-10-22 12:09:55.212925,491,52.46.136.77,443,3.0,0,1,1,23,1,expected
2018-10-22 12:09:55.237436,491,52.46.136.77,443,3.0,0,1,1,23,1,expected
2018-10-22 12:09:55.296824,491,52.46.136.77,443,3.0,0,1,1,23,1,expected
2018-10-22 12:09:55.329302,491,52.46.136.77,443,3.0,0,1,1,23,1,expected
2018-10-22 12:09:55.408276,491,52.46.136.77,443,3.0,0,1,1,23,1,expected
2018-10-22 12:09:55.437758,491,52.46.136.77,443,3.0,0,1,1,23,1,expected
2018-10-22 12:09:55.509940,491,52.46.136.77,443,3.0,0,1,1,23,1,expected
2018-10-22 12:09:55.542991,491,52.46.136.77,443,3.0,0,1,1,23,1,expected
2018-10-22 12:09:55.596423,491,52.46.136.77,443,3.0,0,1,1,23,1,expected
2018-10-22 12:09:55.630864,491,52.46.136.77,443,3.0,0,1,1,23,1,expected
2018-10-22 12:09:55.699443,491,52.46.136.77,443,3.0,0,1,1,23,1,expected
2018-10-22 12:09:55.729690,491,52.46.136.77,443,3.0,0,1,1,23,1,expected
2018-10-22 12:09:55.795921,491,52.46.136.77,443,3.0,0,1,1,23,1,expected
2018-10-22 12:09:55.814243,54,52.46.136.77,443,1.0,2428,1,1,,1,ack
2018-10-22 12:09:55.857229,491,52.46.136.77,443,3.0,0,1,1,23,1,expected
2018-10-22 12:09:55.888068,491,52.46.136.77,443,3.0,0,1,1,23,1,expected
2018-10-22 12:09:55.937955,491,52.46.136.77,443,3.0,0,1,1,23,1,expected
2018-10-22 12:09:55.999566,491,52.46.136.77,443,3.0,0,1,1,23,1,expected
2018-10-22 12:09:56.033892,491,52.46.136.77,443,3.0,0,1,1,23,1,expected
2018-10-22 12:09:56.108431,491,52.46.136.77,443,3.0,0,1,1,23,1,expected
2018-10-22 12:09:56.123214,491,52.46.136.77,443,3.0,0,1,1,23,1,expected
2018-10-22 12:09:56.201157,491,52.46.136.77,443,3.0,0,1,1,23,1,expected
2018-10-22 12:09:56.237586,491,52.46.136.77,443,3.0,0,1,1,23,1,expected
2018-10-22 12:09:56.287486,491,52.46.136.77,443,3.0,0,1,1,23,1,expected
2018-10-22 12:09:56.339090,491,52.46.136.77,443,3.0,0,1,1,23,1,expected
2018-10-22 12:09:56.417749,491,52.46.136.77,443,3.0,0,1,1,23,1,expected
2018-10-22 12:09:56.427848,491,52.46.136.77,443,3.0,0,1,1,23,1,expected
2018-10-22 12:09:56.461532,54,52.46.136.77,443,1.0,647,1,1,,1,ack
2018-10-22 12:09:56.463453,54,52.46.136.77,443,1.0,1,1,1,,1,ack
2018-10-22 12:09:56.464977,54,52.46.136.77,443,1.0,1,1,1,,1,ack
2018-10-22 12:09:56.479903,54,52.46.136.77,443,1.0,14,1,1,,1,ack
2018-10-22 12:09:56.511175,491,52.46.136.77,443,3.0,0,1,1,23,1,expected
2018-10-22 12:09:56.513177,54,52.46.136.77,443,1.0,33,1,1,,1,ack
2018-10-22 12:09:56.514480,54,52.46.136.77,443,1.0,1,1,1,,1,ack
2018-10-22 12:09:56.529710,54,52.46.136.77,443,1.0,15,1,1,,1,ack
2018-10-22 12:09:56.529958,54,52.46.136.77,443,1.0,0,1,1,,1,ack
2018-10-22 12:09:56.530108,54,52.46.136.77,443,1.0,0,1,1,,1,ack
2018-10-22 12:09:56.530214,491,52.46.136.77,443,3.0,0,1,1,23,1,expected
2018-10-22 12:09:56.538647,54,52.46.136.77,443,1.0,8,1,1,,1,ack
2018-10-22 12:09:56.538914,54,52.46.136.77,443,1.0,0,1,1,,1,ack
2018-10-22 12:09:56.539020,54,52.46.136.77,443,1.0,0,1,1,,1,ack
2018-10-22 12:09:56.556112,54,52.46.136.77,443,1.0,17,1,1,,1,ack
2018-10-22 12:09:56.609139,54,52.46.136.77,443,1.0,53,1,1,,1,ack
2018-10-22 12:09:56.656631,54,52.46.136.77,443,1.0,47,1,1,,1,ack
2018-10-22 12:09:56.656731,54,52.46.136.77,443,1.0,0,1,1,,1,ack
2018-10-22 12:09:56.656891,54,52.46.136.77,443,1.0,0,1,1,,1,ack
2018-10-22 12:09:56.656963,99,52.46.136.77,443,3.0,0,1,1,23,1,expected
2018-10-22 12:09:56.662799,99,52.46.136.77,443,3.0,0,1,1,23,1,expected
2018-10-22 12:09:56.662965,91,52.46.136.77,443,3.0,0,1,1,23,1,expected
2018-10-22 12:09:56.663048,91,52.46.136.77,443,3.0,0,1,1,23,1,expected
2018-10-22 12:09:56.663211,66,52.46.136.77,443,1.0,6,1,1,,1,ack
2018-10-22 12:09:56.663681,433,52.46.136.77,443,3.0,0,1,1,23,1,expected
2018-10-22 12:09:56.663696,66,52.46.136.77,443,1.0,0,1,1,,1,ack
2018-10-22 12:09:56.663778,54,52.46.136.77,443,1.0,0,1,1,,1,ack
2018-10-22 12:09:56.663847,54,52.46.136.77,443,1.0,0,1,1,,1,ack
2018-10-22 12:09:56.663917,54,52.46.136.77,443,1.0,0,1,1,,1,ack
2018-10-22 12:09:56.663999,54,52.46.136.77,443,1.0,0,1,1,,1,ack
2018-10-22 12:09:56.664069,54,52.46.136.77,443,1.0,0,1,1,,1,ack
2018-10-22 12:09:56.664139,54,52.46.136.77,443,1.0,0,1,1,,1,ack
2018-10-22 12:09:56.664208,54,52.46.136.77,443,1.0,0,1,1,,1,ack
2018-10-22 12:09:56.679623,54,52.46.136.77,443,1.0,15,1,1,,1,ack
2018-10-22 12:09:56.679779,54,52.46.136.77,443,1.0,0,1,1,,1,ack
2018-10-22 12:09:56.679894,54,52.46.136.77,443,1.0,0,1,1,,1,ack
2018-10-22 12:09:56.759610,54,52.46.136.77,443,1.0,79,1,1,,1,ack
2018-10-22 12:09:56.806475,54,52.46.136.77,443,1.0,46,1,1,,1,ack
2018-10-22 12:09:56.806874,54,52.46.136.77,443,1.0,0,1,1,,1,ack
2018-10-22 12:09:56.807000,54,52.46.136.77,443,1.0,0,1,1,,1,ack
2018-10-22 12:09:56.807140,54,52.46.136.77,443,1.0,0,1,1,,1,ack
2018-10-22 12:09:56.807264,54,52.46.136.77,443,1.0,0,1,1,,1,ack
2018-10-22 12:09:56.807398,54,52.46.136.77,443,1.0,0,1,1,,1,ack
2018-10-22 12:09:56.807519,54,52.46.136.77,443,1.0,0,1,1,,1,ack
2018-10-22 12:09:56.807641,54,52.46.136.77,443,1.0,0,1,1,,1,ack
2018-10-22 12:09:56.807764,99,52.46.136.77,443,3.0,0,1,1,23,1,expected
2018-10-22 12:09:57.197304,54,52.46.136.77,443,1.0,389,1,1,,1,ack
2018-10-22 12:09:57.247474,54,52.46.136.77,443,1.0,50,1,1,,1,ack
2018-10-22 12:10:08.379917,177,52.46.136.77,443,3.0,0,1,1,23,1,expected
2018-10-22 12:10:13.755443,77,104.154.127.232,4070,2.0,0,1,1,,1,syn
2018-10-22 12:10:13.863709,66,104.154.127.232,4070,1.0,30241,1,1,,1,ack
2018-10-22 12:10:28.345386,290,52.46.136.77,443,3.0,0,1,1,23,1,expected
2018-10-22 12:10:28.345812,823,52.46.136.77,443,3.0,0,1,1,23,1,expected
2018-10-22 12:10:28.345888,267,52.46.136.77,443,3.0,0,1,1,23,1,expected
2018-10-22 12:10:28.347237,491,52.46.136.77,443,3.0,0,1,1,23,1,expected
2018-10-22 12:10:28.356125,1078,52.46.136.77,443,1.0,31108,1,1,,1,not_relevant
2018-10-22 12:10:28.365098,443,52.46.136.77,443,3.0,0,1,1,23,1,expected
2018-10-22 12:10:28.418997,491,52.46.136.77,443,3.0,0,1,1,23,1,expected
2018-10-22 12:10:28.459284,491,52.46.136.77,443,3.0,0,1,1,23,1,expected
2018-10-22 12:10:28.501154,491,52.46.136.77,443,3.0,0,1,1,23,1,expected
2018-10-22 12:10:28.506114,491,52.46.136.77,443,3.0,0,1,1,23,1,expected
2018-10-22 12:10:28.507308,1078,52.46.136.77,443,3.0,0,1,1,23,1,expected
2018-10-22 12:10:28.507341,341,52.46.136.77,443,3.0,0,1,1,23,1,expected
2018-10-22 12:10:28.507383,928,52.46.136.77,443,3.0,0,1,1,23,1,expected
2018-10-22 12:10:28.507436,1078,52.46.136.77,443,3.0,0,1,1,23,1,expected
2018-10-22 12:10:28.507487,1078,52.46.136.77,443,3.0,0,1,1,23,1,expected
2018-10-22 12:10:28.507540,54,52.46.136.77,443,1.0,151,1,1,,1,ack
2018-10-22 12:10:28.507779,1078,52.46.136.77,443,3.0,0,1,1,23,1,expected
2018-10-22 12:10:28.523116,1078,52.46.136.77,443,3.0,0,1,1,23,1,expected
2018-10-22 12:10:28.524987,1078,52.46.136.77,443,3.0,0,1,1,23,1,expected
2018-10-22 12:10:28.531477,1078,52.46.136.77,443,3.0,0,1,1,23,1,expected
2018-10-22 12:10:28.532968,1078,52.46.136.77,443,3.0,0,1,1,23,1,expected
2018-10-22 12:10:28.532997,752,52.46.136.77,443,3.0,0,1,1,23,1,expected
2018-10-22 12:10:28.539808,491,52.46.136.77,443,3.0,0,1,1,23,1,expected
2018-10-22 12:10:28.604406,491,52.46.136.77,443,3.0,0,1,1,23,1,expected
2018-10-22 12:10:28.665633,491,52.46.136.77,443,3.0,0,1,1,23,1,expected
2018-10-22 12:10:28.689878,491,52.46.136.77,443,3.0,0,1,1,23,1,expected
2018-10-22 12:10:28.794954,491,52.46.136.77,443,3.0,0,1,1,23,1,expected
2018-10-22 12:10:28.797577,491,52.46.136.77,443,3.0,0,1,1,23,1,expected
2018-10-22 12:10:28.848042,491,52.46.136.77,443,3.0,0,1,1,23,1,expected
2018-10-22 12:10:28.881554,491,52.46.136.77,443,3.0,0,1,1,23,1,expected
2018-10-22 12:10:28.949786,491,52.46.136.77,443,3.0,0,1,1,23,1,expected
2018-10-22 12:10:29.015285,491,52.46.136.77,443,3.0,0,1,1,23,1,expected
2018-10-22 12:10:29.040126,491,52.46.136.77,443,3.0,0,1,1,23,1,expected
2018-10-22 12:10:29.106881,491,52.46.136.77,443,3.0,0,1,1,23,1,expected
2018-10-22 12:10:29.165069,491,52.46.136.77,443,3.0,0,1,1,23,1,expected
2018-10-22 12:10:29.181199,491,52.46.136.77,443,3.0,0,1,1,23,1,expected
2018-10-22 12:10:29.251375,491,52.46.136.77,443,3.0,0,1,1,23,1,expected
2018-10-22 12:10:29.274667,491,52.46.136.77,443,3.0,0,1,1,23,1,expected
2018-10-22 12:10:29.356858,491,52.46.136.77,443,3.0,0,1,1,23,1,expected
2018-10-22 12:10:29.389926,491,52.46.136.77,443,3.0,0,1,1,23,1,expected
2018-10-22 12:10:29.444069,491,52.46.136.77,443,3.0,0,1,1,23,1,expected
2018-10-22 12:10:29.490217,491,52.46.136.77,443,3.0,0,1,1,23,1,expected
2018-10-22 12:10:29.559798,491,52.46.136.77,443,3.0,0,1,1,23,1,expected
2018-10-22 12:10:29.581893,491,52.46.136.77,443,3.0,0,1,1,23,1,expected
2018-10-22 12:10:29.651419,491,52.46.136.77,443,3.0,0,1,1,23,1,expected
2018-10-22 12:10:29.674229,491,52.46.136.77,443,3.0,0,1,1,23,1,expected
2018-10-22 12:10:29.751586,491,52.46.136.77,443,3.0,0,1,1,23,1,expected
2018-10-22 12:10:29.793964,491,52.46.136.77,443,3.0,0,1,1,23,1,expected
2018-10-22 12:10:29.839916,491,52.46.136.77,443,3.0,0,1,1,23,1,expected
2018-10-22 12:10:29.898445,491,52.46.136.77,443,3.0,0,1,1,23,1,expected
2018-10-22 12:10:29.942878,54,52.46.136.77,443,1.0,1435,1,1,,1,ack
2018-10-22 12:10:29.948289,491,52.46.136.77,443,3.0,0,1,1,23,1,expected
2018-10-22 12:10:29.982497,491,52.46.136.77,443,3.0,0,1,1,23,1,expected
2018-10-22 12:10:30.049663,491,52.46.136.77,443,3.0,0,1,1,23,1,expected
2018-10-22 12:10:30.080015,491,52.46.136.77,443,3.0,0,1,1,23,1,expected
2018-10-22 12:10:30.098229,54,52.46.136.77,443,1.0,155,1,1,,1,ack
2018-10-22 12:10:30.149765,491,52.46.136.77,443,3.0,0,1,1,23,1,expected
2018-10-22 12:10:30.191655,491,52.46.136.77,443,3.0,0,1,1,23,1,expected
2018-10-22 12:10:30.243390,491,52.46.136.77,443,3.0,0,1,1,23,1,expected
2018-10-22 12:10:30.291513,491,52.46.136.77,443,3.0,0,1,1,23,1,expected
2018-10-22 12:10:30.351597,491,52.46.136.77,443,3.0,0,1,1,23,1,expected
2018-10-22 12:10:30.411098,491,52.46.136.77,443,3.0,0,1,1,23,1,expected
2018-10-22 12:10:30.448749,491,52.46.136.77,443,3.0,0,1,1,23,1,expected
2018-10-22 12:10:30.495036,491,52.46.136.77,443,3.0,0,1,1,23,1,expected
2018-10-22 12:10:30.524184,54,52.46.136.77,443,1.0,425,1,1,,1,ack
2018-10-22 12:10:30.541373,54,52.46.136.77,443,1.0,17,1,1,,1,ack
2018-10-22 12:10:30.541613,54,52.46.136.77,443,1.0,0,1,1,,1,ack
2018-10-22 12:10:30.541691,54,52.46.136.77,443,1.0,0,1,1,,1,ack
2018-10-22 12:10:30.541766,54,52.46.136.77,443,1.0,0,1,1,,1,ack
2018-10-22 12:10:30.541841,54,52.46.136.77,443,1.0,0,1,1,,1,ack
2018-10-22 12:10:30.541913,54,52.46.136.77,443,1.0,0,1,1,,1,ack
2018-10-22 12:10:30.542003,54,52.46.136.77,443,1.0,0,1,1,,1,ack
2018-10-22 12:10:30.548905,491,52.46.136.77,443,3.0,0,1,1,23,1,expected
2018-10-22 12:10:30.590605,54,52.46.136.77,443,1.0,48,1,1,,1,ack
2018-10-22 12:10:30.590750,54,52.46.136.77,443,1.0,0,1,1,,1,ack
2018-10-22 12:10:30.590826,54,52.46.136.77,443,1.0,0,1,1,,1,ack
2018-10-22 12:10:30.590901,54,52.46.136.77,443,1.0,0,1,1,,1,ack
2018-10-22 12:10:30.591251,491,52.46.136.77,443,3.0,0,1,1,23,1,expected
2018-10-22 12:10:30.598708,54,52.46.136.77,443,1.0,7,1,1,,1,ack
2018-10-22 12:10:30.598844,54,52.46.136.77,443,1.0,0,1,1,,1,ack
2018-10-22 12:10:30.616471,54,52.46.136.77,443,1.0,17,1,1,,1,ack
2018-10-22 12:10:30.616554,54,52.46.136.77,443,1.0,0,1,1,,1,ack
2018-10-22 12:10:30.624805,99,52.46.136.77,443,3.0,0,1,1,23,1,expected
2018-10-22 12:10:30.625028,54,52.46.136.77,443,1.0,8,1,1,,1,ack
2018-10-22 12:10:30.625103,54,52.46.136.77,443,1.0,0,1,1,,1,ack
2018-10-22 12:10:30.625177,54,52.46.136.77,443,1.0,0,1,1,,1,ack
2018-10-22 12:10:30.625265,54,52.46.136.77,443,1.0,0,1,1,,1,ack
2018-10-22 12:10:30.625338,54,52.46.136.77,443,1.0,0,1,1,,1,ack
2018-10-22 12:10:30.640408,54,52.46.136.77,443,1.0,15,1,1,,1,ack
2018-10-22 12:10:30.640553,54,52.46.136.77,443,1.0,0,1,1,,1,ack
2018-10-22 12:10:30.640630,54,52.46.136.77,443,1.0,0,1,1,,1,ack
2018-10-22 12:10:30.662469,99,52.46.136.77,443,3.0,0,1,1,23,1,expected
2018-10-22 12:10:30.663742,491,52.46.136.77,443,3.0,0,1,1,23,1,expected
2018-10-22 12:10:30.673688,54,52.46.136.77,443,1.0,33,1,1,,1,ack
2018-10-22 12:10:30.673941,54,52.46.136.77,443,1.0,0,1,1,,1,ack
2018-10-22 12:10:30.674015,54,52.46.136.77,443,1.0,0,1,1,,1,ack
2018-10-22 12:10:30.674084,54,52.46.136.77,443,1.0,0,1,1,,1,ack
2018-10-22 12:10:30.674155,99,52.46.136.77,443,3.0,0,1,1,23,1,expected
2018-10-22 12:10:30.674224,54,52.46.136.77,443,1.0,0,1,1,,1,ack
2018-10-22 12:10:30.690295,91,52.46.136.77,443,3.0,0,1,1,23,1,expected
2018-10-22 12:10:30.690515,91,52.46.136.77,443,3.0,0,1,1,23,1,expected
2018-10-22 12:10:30.690587,54,52.46.136.77,443,1.0,16,1,1,,1,ack
2018-10-22 12:10:30.690659,54,52.46.136.77,443,1.0,0,1,1,,1,ack
2018-10-22 12:10:30.743309,54,52.46.136.77,443,1.0,52,1,1,,1,ack
2018-10-22 12:10:30.793483,431,52.46.136.77,443,3.0,0,1,1,23,1,expected
2018-10-22 12:10:31.140579,54,52.46.136.77,443,1.0,397,1,1,,1,ack
2018-10-22 12:10:42.388860,177,52.46.136.77,443,3.0,0,1,1,23,1,expected
2018-10-22 12:10:44.291578,77,104.154.127.232,4070,2.0,0,1,1,,1,syn
2018-10-22 12:10:44.311467,66,104.154.127.232,4070,1.0,30447,1,1,,1,ack
