2018-10-22 11:46:13.911214,77,104.154.127.232,4070,2.0,0,1,1,,1,syn
2018-10-22 11:46:13.929784,66,104.154.127.232,4070,1.0,11810917,1,1,,1,ack
2018-10-22 11:46:15.066558,287,52.46.136.77,443,3.0,0,1,1,23,1,expected
2018-10-22 11:46:15.114997,374,52.46.136.77,443,3.0,0,1,1,23,1,expected
2018-10-22 11:46:15.123854,231,52.46.136.77,443,3.0,0,1,1,23,1,expected
2018-10-22 11:46:15.133086,1514,52.46.136.77,443,3.0,0,1,1,23,1,expected
2018-10-22 11:46:15.134275,779,52.46.136.77,443,3.0,0,1,1,23,1,expected
2018-10-22 11:46:15.145275,491,52.46.136.77,443,3.0,0,1,1,23,1,expected
2018-10-22 11:46:15.157094,491,52.46.136.77,443,3.0,0,1,1,23,1,expected
2018-10-22 11:46:15.174984,491,52.46.136.77,443,3.0,0,1,1,23,1,expected
2018-10-22 11:46:15.175201,491,52.46.136.77,443,3.0,0,1,1,23,1,expected
2018-10-22 11:46:15.176486,491,52.46.136.77,443,3.0,0,1,1,23,1,expected
2018-10-22 11:46:15.177611,491,52.46.136.77,443,3.0,0,1,1,23,1,expected
2018-10-22 11:46:15.177641,491,52.46.136.77,443,3.0,0,1,1,23,1,expected
2018-10-22 11:46:15.193581,1514,52.46.136.77,443,3.0,0,1,1,23,1,expected
2018-10-22 11:46:15.200382,1514,52.46.136.77,443,3.0,0,1,1,23,1,expected
2018-10-22 11:46:15.201827,1067,52.46.136.77,443,3.0,0,1,1,23,1,expected
2018-10-22 11:46:15.204508,491,52.46.136.77,443,3.0,0,1,1,23,1,expected
2018-10-22 11:46:15.205371,491,52.46.136.77,443,3.0,0,1,1,23,1,expected
2018-10-22 11:46:15.214524,1514,52.46.136.77,443,3.0,0,1,1,23,1,expected
2018-10-22 11:46:15.218988,1216,52.46.136.77,443,3.0,0,1,1,23,1,expected
2018-10-22 11:46:15.221475,1365,52.46.136.77,443,3.0,0,1,1,23,1,expected
2018-10-22 11:46:15.223979,491,52.46.136.77,443,3.0,0,1,1,23,1,expected
2018-10-22 11:46:15.224109,54,52.46.136.77,443,1.0,11662613,1,1,,1,ack
2018-10-22 11:46:15.255560,491,52.46.136.77,443,3.0,0,1,1,23,1,expected
2018-10-22 11:46:15.284183,491,52.46.136.77,443,3.0,0,1,1,23,1,expected
2018-10-22 11:46:15.349181,491,52.46.136.77,443,3.0,0,1,1,23,1,expected
2018-10-22 11:46:15.384341,491,52.46.136.77,443,3.0,0,1,1,23,1,expected
2018-10-22 11:46:15.447523,491,52.46.136.77,443,3.0,0,1,1,23,1,expected
2018-10-22 11:46:15.472214,491,52.46.136.77,443,3.0,0,1,1,23,1,expected
2018-10-22 11:46:15.538269,491,52.46.136.77,443,3.0,0,1,1,23,1,expected
2018-10-22 11:46:15.585982,491,52.46.136.77,443,3.0,0,1,1,23,1,expected
2018-10-22 11:46:15.653973,491,52.46.136.77,443,3.0,0,1,1,23,1,expected
2018-10-22 11:46:15.682478,491,52.46.136.77,443,3.0,0,1,1,23,1,expected
2018-10-22 11:46:15.766401,491,52.46.136.77,443,3.0,0,1,1,23,1,expected
2018-10-22 11:46:15.779888,491,52.46.136.77,443,3.0,0,1,1,23,1,expected
2018-10-22 11:46:15.845963,491,52.46.136.77,443,3.0,0,1,1,23,1,expected
2018-10-22 11:46:15.890214,491,52.46.136.77,443,3.0,0,1,1,23,1,expected
2018-10-22 11:46:15.939808,491,52.46.136.77,443,3.0,0,1,1,23,1,expected
2018-10-22 11:46:15.990473,491,52.46.136.77,443,3.0,0,1,1,23,1,expected
2018-10-22 11:46:16.037299,491,52.46.136.77,443,3.0,0,1,1,23,1,expected
2018-10-22 11:46:16.085273,491,52.46.136.77,443,3.0,0,1,1,23,1,expected
2018-10-22 11:46:16.149751,491,52.46.136.77,443,3.0,0,1,1,23,1,expected
2018-10-22 11:46:16.177718,491,52.46.136.77,443,3.0,0,1,1,23,1,expected
2018-10-22 11:46:16.247511,491,52.46.136.77,443,3.0,0,1,1,23,1,expected
2018-10-22 11:46:16.271531,491,52.46.136.77,443,3.0,0,1,1,23,1,expected
2018-10-22 11:46:16.342387,491,52.46.136.77,443,3.0,0,1,1,23,1,expected
2018-10-22 11:46:16.385832,491,52.46.136.77,443,3.0,0,1,1,23,1,expected
2018-10-22 11:46:16.433607,491,52.46.136.77,443,3.0,0,1,1,23,1,expected
2018-10-22 11:46:16.480579,491,52.46.136.77,443,3.0,0,1,1,23,1,expected
2018-10-22 11:46:16.551078,491,52.46.136.77,443,3.0,0,1,1,23,1,expected
2018-10-22 11:46:16.582622,491,52.46.136.77,443,3.0,0,1,1,23,1,expected
2018-10-22 11:46:16.645439,491,52.46.136.77,443,3.0,0,1,1,23,1,expected
2018-10-22 11:46:16.675774,491,52.46.136.77,443,3.0,0,1,1,23,1,expected
2018-10-22 11:46:16.779265,491,52.46.136.77,443,3.0,0,1,1,23,1,expected
2018-10-22 11:46:16.824784,491,52.46.136.77,443,3.0,0,1,1,23,1,expected
2018-10-22 11:46:16.855631,491,52.46.136.77,443,3.0,0,1,1,23,1,expected
2018-10-22 11:46:16.962905,491,52.46.136.77,443,3.0,0,1,1,23,1,expected
2018-10-22 11:46:16.963171,491,52.46.136.77,443,3.0,0,1,1,23,1,expected
2018-10-22 11:46:16.980161,491,52.46.136.77,443,3.0,0,1,1,23,1,expected
2018-10-22 11:46:17.068999,491,52.46.136.77,443,3.0,0,1,1,23,1,expected
2018-10-22 11:46:17.090341,491,52.46.136.77,443,3.0,0,1,1,23,1,expected
2018-10-22 11:46:17.161517,54,52.46.136.77,443,1.0,1937,1,1,,1,ack
2018-10-22 11:46:17.162880,491,52.46.136.77,443,3.0,0,1,1,23,1,expected
2018-10-22 11:46:17.197371,491,52.46.136.77,443,3.0,0,1,1,23,1,expected
2018-10-22 11:46:17.257805,491,52.46.136.77,443,3.0,0,1,1,23,1,expected
2018-10-22 11:46:17.271059,54,52.46.136.77,443,1.0,109,1,1,,1,ack
2018-10-22 11:46:17.301089,491,52.46.136.77,443,3.0,0,1,1,23,1,expected
2018-10-22 11:46:17.342476,203,52.46.136.77,443,3.0,0,1,1,23,1,expected
2018-10-22 11:46:17.413462,491,52.46.136.77,443,3.0,0,1,1,23,1,expected
2018-10-22 11:46:17.414792,491,52.46.136.77,443,3.0,0,1,1,23,1,expected
2018-10-22 11:46:17.442207,491,52.46.136.77,443,3.0,0,1,1,23,1,expected
2018-10-22 11:46:17.477046,491,52.46.136.77,443,3.0,0,1,1,23,1,expected
2018-10-22 11:46:17.542042,491,52.46.136.77,443,3.0,0,1,1,23,1,expected
2018-10-22 11:46:17.549026,54,52.46.136.77,443,1.0,277,1,1,,1,ack
2018-10-22 11:46:17.549752,54,52.46.136.77,443,1.0,0,1,1,,1,ack
2018-10-22 11:46:17.555752,54,52.46.136.77,443,1.0,6,1,1,,1,ack
2018-10-22 11:46:17.569875,54,52.46.136.77,443,1.0,14,1,1,,1,ack
2018-10-22 11:46:17.588706,491,52.46.136.77,443,3.0,0,1,1,23,1,expected
2018-10-22 11:46:17.607347,54,52.46.136.77,443,1.0,37,1,1,,1,ack
2018-10-22 11:46:17.608875,54,52.46.136.77,443,1.0,1,1,1,,1,ack
2018-10-22 11:46:17.608990,54,52.46.136.77,443,1.0,0,1,1,,1,ack
2018-10-22 11:46:17.616652,54,52.46.136.77,443,1.0,7,1,1,,1,ack
2018-10-22 11:46:17.616784,54,52.46.136.77,443,1.0,0,1,1,,1,ack
2018-10-22 11:46:17.616874,54,52.46.136.77,443,1.0,0,1,1,,1,ack
2018-10-22 11:46:17.627154,54,52.46.136.77,443,1.0,10,1,1,,1,ack
2018-10-22 11:46:17.628902,54,52.46.136.77,443,1.0,1,1,1,,1,ack
2018-10-22 11:46:17.629891,54,52.46.136.77,443,1.0,0,1,1,,1,ack
2018-10-22 11:46:17.630896,54,52.46.136.77,443,1.0,1,1,1,,1,ack
2018-10-22 11:46:17.636188,54,52.46.136.77,443,1.0,5,1,1,,1,ack
2018-10-22 11:46:17.641874,54,52.46.136.77,443,1.0,5,1,1,,1,ack
2018-10-22 11:46:17.657117,99,52.46.136.77,443,3.0,0,1,1,23,1,expected
2018-10-22 11:46:17.657358,99,52.46.136.77,443,3.0,0,1,1,23,1,expected
2018-10-22 11:46:17.657502,491,52.46.136.77,443,3.0,0,1,1,23,1,expected
2018-10-22 11:46:17.657517,91,52.46.136.77,443,3.0,0,1,1,23,1,expected
2018-10-22 11:46:17.657605,91,52.46.136.77,443,3.0,0,1,1,23,1,expected
2018-10-22 11:46:17.665402,54,52.46.136.77,443,1.0,23,1,1,,1,ack
2018-10-22 11:46:17.665538,54,52.46.136.77,443,1.0,0,1,1,,1,ack
2018-10-22 11:46:17.782858,421,52.46.136.77,443,3.0,0,1,1,23,1,expected
2018-10-22 11:46:18.054096,1022,52.46.136.77,443,1.0,388,1,1,,1,not_relevant
2018-10-22 11:46:18.538666,66,52.46.136.77,443,1.0,484,1,1,,1,ack
2018-10-22 11:46:18.538920,66,52.46.136.77,443,1.0,0,1,1,,1,ack
2018-10-22 11:46:18.539057,74,52.46.136.77,443,1.0,0,1,1,,1,ack
2018-10-22 11:46:19.738681,66,52.46.136.77,443,1.0,1199,1,1,,1,ack
2018-10-22 11:46:19.738827,66,52.46.136.77,443,1.0,0,1,1,,1,ack
2018-10-22 11:46:19.738951,74,52.46.136.77,443,1.0,0,1,1,,1,ack
2018-10-22 11:46:21.928962,54,52.46.136.77,443,1.0,2190,1,1,,1,ack
2018-10-22 11:46:25.339147,177,52.46.136.77,443,3.0,0,1,1,23,1,expected
2018-10-22 11:46:34.667801,66,99.84.240.102,443,1.0,11798324,1,1,,1,ack
2018-10-22 11:46:34.706125,66,99.84.240.102,443,1.0,38,1,1,,1,ack
2018-10-22 11:46:44.114262,77,104.154.127.232,4070,2.0,0,1,1,,1,syn
2018-10-22 11:46:44.132627,66,104.154.127.232,4070,1.0,30202,1,1,,1,ack
2018-10-22 11:46:55.369482,95,52.46.136.77,443,3.0,0,1,1,23,1,expected
2018-10-22 11:46:55.387948,54,52.46.136.77,443,1.0,33458,1,1,,1,ack
2018-10-22 11:46:57.354551,210,52.46.136.77,443,3.0,0,1,1,23,1,expected
2018-10-22 11:46:57.373621,1514,52.46.136.77,443,3.0,0,1,1,23,1,expected
2018-10-22 11:46:57.375116,1314,52.46.136.77,443,3.0,0,1,1,23,1,expected
2018-10-22 11:46:57.412020,491,52.46.136.77,443,3.0,0,1,1,23,1,expected
2018-10-22 11:46:57.413419,1291,52.46.136.77,443,3.0,0,1,1,23,1,expected
2018-10-22 11:46:57.417459,491,52.46.136.77,443,3.0,0,1,1,23,1,expected
2018-10-22 11:46:57.418121,491,52.46.136.77,443,3.0,0,1,1,23,1,expected
2018-10-22 11:46:57.432884,1514,52.46.136.77,443,3.0,0,1,1,23,1,expected
2018-10-22 11:46:57.434400,1505,52.46.136.77,443,3.0,0,1,1,23,1,expected
2018-10-22 11:46:57.497273,1031,52.46.136.77,443,3.0,0,1,1,23,1,expected
2018-10-22 11:46:57.498046,1514,52.46.136.77,443,1.0,2110,1,1,,1,not_relevant
2018-10-22 11:46:57.504698,1514,52.46.136.77,443,3.0,0,1,1,23,1,expected
2018-10-22 11:46:57.518785,1514,52.46.136.77,443,1.0,20,1,1,,1,not_relevant
2018-10-22 11:46:57.520246,1088,52.46.136.77,443,3.0,0,1,1,23,1,expected
2018-10-22 11:46:57.542634,491,52.46.136.77,443,3.0,0,1,1,23,1,expected
2018-10-22 11:46:57.584698,491,52.46.136.77,443,3.0,0,1,1,23,1,expected
2018-10-22 11:46:57.634001,491,52.46.136.77,443,3.0,0,1,1,23,1,expected
2018-10-22 11:46:57.682327,491,52.46.136.77,443,3.0,0,1,1,23,1,expected
2018-10-22 11:46:57.762762,491,52.46.136.77,443,3.0,0,1,1,23,1,expected
2018-10-22 11:46:57.780206,491,52.46.136.77,443,3.0,0,1,1,23,1,expected
2018-10-22 11:46:57.846584,491,52.46.136.77,443,3.0,0,1,1,23,1,expected
2018-10-22 11:46:57.873760,491,52.46.136.77,443,3.0,0,1,1,23,1,expected
2018-10-22 11:46:57.944750,491,52.46.136.77,443,3.0,0,1,1,23,1,expected
2018-10-22 11:46:57.984214,491,52.46.136.77,443,3.0,0,1,1,23,1,expected
2018-10-22 11:46:58.032544,491,52.46.136.77,443,3.0,0,1,1,23,1,expected
2018-10-22 11:46:58.085376,491,52.46.136.77,443,3.0,0,1,1,23,1,expected
2018-10-22 11:46:58.147680,491,52.46.136.77,443,3.0,0,1,1,23,1,expected
2018-10-22 11:46:58.179272,491,52.46.136.77,443,3.0,0,1,1,23,1,expected
2018-10-22 11:46:58.244577,491,52.46.136.77,443,3.0,0,1,1,23,1,expected
2018-10-22 11:46:58.276541,491,52.46.136.77,443,3.0,0,1,1,23,1,expected
2018-10-22 11:46:58.346859,491,52.46.136.77,443,3.0,0,1,1,23,1,expected
2018-10-22 11:46:58.386172,491,52.46.136.77,443,3.0,0,1,1,23,1,expected
2018-10-22 11:46:58.433542,491,52.46.136.77,443,3.0,0,1,1,23,1,expected
2018-10-22 11:46:58.481139,491,52.46.136.77,443,3.0,0,1,1,23,1,expected
2018-10-22 11:46:58.552162,491,52.46.136.77,443,3.0,0,1,1,23,1,expected
2018-10-22 11:46:58.575903,491,52.46.136.77,443,3.0,0,1,1,23,1,expected
2018-10-22 11:46:58.646450,491,52.46.136.77,443,3.0,0,1,1,23,1,expected
2018-10-22 11:46:58.659372,66,104.154.127.232,4070,1.0,14526,1,1,,1,ack
2018-10-22 11:46:58.676297,491,52.46.136.77,443,3.0,0,1,1,23,1,expected
2018-10-22 11:46:58.740294,491,52.46.136.77,443,3.0,0,1,1,23,1,expected
2018-10-22 11:46:58.794719,491,52.46.136.77,443,3.0,0,1,1,23,1,expected
2018-10-22 11:46:58.834897,491,52.46.136.77,443,3.0,0,1,1,23,1,expected
2018-10-22 11:46:58.882921,491,52.46.136.77,443,3.0,0,1,1,23,1,expected
2018-10-22 11:46:58.956769,491,52.46.136.77,443,3.0,0,1,1,23,1,expected
2018-10-22 11:46:58.979548,491,52.46.136.77,443,3.0,0,1,1,23,1,expected
2018-10-22 11:46:59.043473,491,52.46.136.77,443,3.0,0,1,1,23,1,expected
2018-10-22 11:46:59.074227,491,52.46.136.77,443,3.0,0,1,1,23,1,expected
2018-10-22 11:46:59.166339,491,52.46.136.77,443,3.0,0,1,1,23,1,expected
2018-10-22 11:46:59.188970,491,52.46.136.77,443,3.0,0,1,1,23,1,expected
2018-10-22 11:46:59.235334,491,52.46.136.77,443,3.0,0,1,1,23,1,expected
2018-10-22 11:46:59.282875,491,52.46.136.77,443,3.0,0,1,1,23,1,expected
2018-10-22 11:46:59.346894,491,52.46.136.77,443,3.0,0,1,1,23,1,expected
2018-10-22 11:46:59.377367,491,52.46.136.77,443,3.0,0,1,1,23,1,expected
2018-10-22 11:46:59.445000,491,52.46.136.77,443,3.0,0,1,1,23,1,expected
2018-10-22 11:46:59.472230,491,52.46.136.77,443,3.0,0,1,1,23,1,expected
2018-10-22 11:46:59.548113,491,52.46.136.77,443,3.0,0,1,1,23,1,expected
2018-10-22 11:46:59.573082,54,52.46.136.77,443,1.0,2054,1,1,,1,ack
2018-10-22 11:46:59.590017,491,52.46.136.77,443,3.0,0,1,1,23,1,expected
2018-10-22 11:46:59.637908,491,52.46.136.77,443,3.0,0,1,1,23,1,expected
2018-10-22 11:46:59.682864,491,52.46.136.77,443,3.0,0,1,1,23,1,expected
2018-10-22 11:46:59.751687,491,52.46.136.77,443,3.0,0,1,1,23,1,expected
2018-10-22 11:46:59.775539,491,52.46.136.77,443,3.0,0,1,1,23,1,expected
2018-10-22 11:46:59.871999,491,52.46.136.77,443,3.0,0,1,1,23,1,expected
2018-10-22 11:46:59.876974,491,52.46.136.77,443,3.0,0,1,1,23,1,expected
2018-10-22 11:46:59.942851,491,52.46.136.77,443,3.0,0,1,1,23,1,expected
2018-10-22 11:46:59.989170,491,52.46.136.77,443,3.0,0,1,1,23,1,expected
2018-10-22 11:47:00.038574,491,52.46.136.77,443,3.0,0,1,1,23,1,expected
2018-10-22 11:47:00.088332,491,52.46.136.77,443,3.0,0,1,1,23,1,expected
2018-10-22 11:47:00.150551,491,52.46.136.77,443,3.0,0,1,1,23,1,expected
2018-10-22 11:47:00.182224,491,52.46.136.77,443,3.0,0,1,1,23,1,expected
2018-10-22 11:47:00.250040,491,52.46.136.77,443,3.0,0,1,1,23,1,expected
2018-10-22 11:47:00.273019,491,52.46.136.77,443,3.0,0,1,1,23,1,expected
2018-10-22 11:47:00.314780,54,52.46.136.77,443,1.0,741,1,1,,1,ack
2018-10-22 11:47:00.341406,491,52.46.136.77,443,3.0,0,1,1,23,1,expected
2018-10-22 11:47:00.393363,491,52.46.136.77,443,3.0,0,1,1,23,1,expected
2018-10-22 11:47:00.438159,491,52.46.136.77,443,3.0,0,1,1,23,1,expected
2018-10-22 11:47:00.482673,491,52.46.136.77,443,3.0,0,1,1,23,1,expected
2018-10-22 11:47:00.570061,491,52.46.136.77,443,3.0,0,1,1,23,1,expected
2018-10-22 11:47:00.580541,491,52.46.136.77,443,3.0,0,1,1,23,1,expected
2018-10-22 11:47:00.645360,491,52.46.136.77,443,3.0,0,1,1,23,1,expected
2018-10-22 11:47:00.679168,491,52.46.136.77,443,3.0,0,1,1,23,1,expected
2018-10-22 11:47:00.739917,491,52.46.136.77,443,3.0,0,1,1,23,1,expected
2018-10-22 11:47:00.785813,491,52.46.136.77,443,3.0,0,1,1,23,1,expected
2018-10-22 11:47:00.854658,491,52.46.136.77,443,3.0,0,1,1,23,1,expected
2018-10-22 11:47:00.882365,491,52.46.136.77,443,3.0,0,1,1,23,1,expected
2018-10-22 11:47:00.944458,54,52.46.136.77,443,1.0,629,1,1,,1,ack
2018-10-22 11:47:00.949772,491,52.46.136.77,443,3.0,0,1,1,23,1,expected
2018-10-22 11:47:00.966458,54,52.46.136.77,443,1.0,22,1,1,,1,ack
2018-10-22 11:47:00.966580,54,52.46.136.77,443,1.0,0,1,1,,1,ack
2018-10-22 11:47:00.992360,491,52.46.136.77,443,3.0,0,1,1,23,1,expected
2018-10-22 11:47:00.992524,54,52.46.136.77,443,1.0,25,1,1,,1,ack
2018-10-22 11:47:00.992608,54,52.46.136.77,443,1.0,0,1,1,,1,ack
2018-10-22 11:47:01.032135,54,52.46.136.77,443,1.0,39,1,1,,1,ack
2018-10-22 11:47:01.032364,54,52.46.136.77,443,1.0,0,1,1,,1,ack
2018-10-22 11:47:01.044842,491,52.46.136.77,443,3.0,0,1,1,23,1,expected
2018-10-22 11:47:01.055361,54,52.46.136.77,443,1.0,22,1,1,,1,ack
2018-10-22 11:47:01.055540,54,52.46.136.77,443,1.0,0,1,1,,1,ack
2018-10-22 11:47:01.057996,99,52.46.136.77,443,3.0,0,1,1,23,1,expected
2018-10-22 11:47:01.068485,91,52.46.136.77,443,3.0,0,1,1,23,1,expected
2018-10-22 11:47:01.068580,91,52.46.136.77,443,3.0,0,1,1,23,1,expected
2018-10-22 11:47:01.074500,54,52.46.136.77,443,1.0,18,1,1,,1,ack
2018-10-22 11:47:01.078410,54,52.46.136.77,443,1.0,3,1,1,,1,ack
2018-10-22 11:47:01.112411,54,52.46.136.77,443,1.0,34,1,1,,1,ack
2018-10-22 11:47:01.112577,54,52.46.136.77,443,1.0,0,1,1,,1,ack
2018-10-22 11:47:01.112731,99,52.46.136.77,443,3.0,0,1,1,23,1,expected
2018-10-22 11:47:01.133649,54,52.46.136.77,443,1.0,21,1,1,,1,ack
2018-10-22 11:47:01.133720,54,52.46.136.77,443,1.0,0,1,1,,1,ack
2018-10-22 11:47:01.154341,54,52.46.136.77,443,1.0,20,1,1,,1,ack
2018-10-22 11:47:01.191621,421,52.46.136.77,443,3.0,0,1,1,23,1,expected
2018-10-22 11:47:01.202771,74,99.84.240.39,80,1.0,11718926,0,1,,1,retransmit
2018-10-22 11:47:01.211931,66,99.84.240.39,80,1.0,9,1,1,,1,ack
2018-10-22 11:47:01.212290,150,99.84.240.39,80,3.0,0,1,1,,1,not_relevant
2018-10-22 11:47:01.222914,66,99.84.240.39,80,1.0,10,1,1,,1,ack
2018-10-22 11:47:01.223311,66,99.84.240.39,80,1.0,0,1,1,,1,ack
2018-10-22 11:47:01.232008,66,99.84.240.39,80,1.0,8,1,1,,1,ack
2018-10-22 11:47:01.267884,54,54.231.50.107,80,1.0,-1290140,1,1,,1,ack
2018-10-22 11:47:01.279867,74,52.216.97.115,80,1.0,11698379,0,1,,1,retransmit
2018-10-22 11:47:01.297373,54,52.216.97.115,80,1.0,17,1,1,,1,ack
2018-10-22 11:47:01.298831,200,52.216.97.115,80,3.0,0,1,1,,1,not_relevant
2018-10-22 11:47:01.339512,54,52.216.97.115,80,1.0,42,1,1,,1,ack
2018-10-22 11:47:01.344122,54,52.216.97.115,80,1.0,4,1,1,,1,ack
2018-10-22 11:47:01.355341,66,52.216.97.115,80,1.0,11,1,1,,1,ack
2018-10-22 11:47:01.418845,54,52.46.136.77,443,1.0,264,1,1,,1,ack
2018-10-22 11:47:01.419462,54,52.46.136.77,443,1.0,0,1,1,,1,ack
2018-10-22 11:47:01.466606,54,54.231.50.107,80,1.0,198,1,1,,1,ack
2018-10-22 11:47:01.693627,54,54.231.50.107,80,1.0,227,1,1,,1,ack
2018-10-22 11:47:02.156644,54,54.231.50.107,80,1.0,463,1,1,,1,ack
2018-10-22 11:47:03.076595,54,54.231.50.107,80,1.0,919,1,1,,1,ack
2018-10-22 11:47:04.920059,54,54.231.50.107,80,1.0,1843,1,1,,1,ack
2018-10-22 11:47:08.611565,54,54.231.50.107,80,1.0,3691,1,1,,1,ack
2018-10-22 11:47:08.726903,176,52.46.136.77,443,3.0,0,1,1,23,1,expected
2018-10-22 11:47:13.907878,77,104.154.127.232,4070,2.0,0,1,1,,1,syn
2018-10-22 11:47:13.928155,66,104.154.127.232,4070,1.0,15268,1,1,,1,ack
2018-10-22 11:47:15.989480,54,54.231.50.107,80,1.0,7377,1,1,,1,ack
2018-10-22 11:47:24.138014,288,52.46.136.77,443,3.0,0,1,1,23,1,expected
2018-10-22 11:47:24.235480,367,52.46.136.77,443,3.0,0,1,1,23,1,expected
2018-10-22 11:47:24.237013,231,52.46.136.77,443,3.0,0,1,1,23,1,expected
2018-10-22 11:47:24.254030,491,52.46.136.77,443,3.0,0,1,1,23,1,expected
2018-10-22 11:47:24.256985,491,52.46.136.77,443,3.0,0,1,1,23,1,expected
2018-10-22 11:47:24.258015,491,52.46.136.77,443,3.0,0,1,1,23,1,expected
2018-10-22 11:47:24.258717,491,52.46.136.77,443,3.0,0,1,1,23,1,expected
2018-10-22 11:47:24.272474,1514,52.46.136.77,443,3.0,0,1,1,23,1,expected
2018-10-22 11:47:24.275375,1514,52.46.136.77,443,3.0,0,1,1,23,1,expected
2018-10-22 11:47:24.276274,1514,52.46.136.77,443,3.0,0,1,1,23,1,expected
2018-10-22 11:47:24.277305,1514,52.46.136.77,443,3.0,0,1,1,23,1,expected
2018-10-22 11:47:24.302851,1514,52.46.136.77,443,3.0,0,1,1,23,1,expected
2018-10-22 11:47:24.304097,1514,52.46.136.77,443,3.0,0,1,1,23,1,expected
2018-10-22 11:47:24.305155,1514,52.46.136.77,443,3.0,0,1,1,23,1,expected
2018-10-22 11:47:24.306807,1514,52.46.136.77,443,3.0,0,1,1,23,1,expected
2018-10-22 11:47:24.306836,1047,52.46.136.77,443,3.0,0,1,1,23,1,expected
2018-10-22 11:47:24.321440,491,52.46.136.77,443,3.0,0,1,1,23,1,expected
2018-10-22 11:47:24.376168,491,52.46.136.77,443,3.0,0,1,1,23,1,expected
2018-10-22 11:47:24.376417,54,52.216.97.115,80,1.0,23021,1,1,,1,ack
2018-10-22 11:47:24.388793,54,52.46.136.77,443,1.0,22969,1,1,,1,ack
2018-10-22 11:47:24.421533,491,52.46.136.77,443,3.0,0,1,1,23,1,expected
2018-10-22 11:47:24.463439,491,52.46.136.77,443,3.0,0,1,1,23,1,expected
2018-10-22 11:47:24.511855,491,52.46.136.77,443,3.0,0,1,1,23,1,expected
2018-10-22 11:47:24.589212,491,52.46.136.77,443,3.0,0,1,1,23,1,expected
2018-10-22 11:47:24.618571,491,52.46.136.77,443,3.0,0,1,1,23,1,expected
2018-10-22 11:47:24.676185,491,52.46.136.77,443,3.0,0,1,1,23,1,expected
2018-10-22 11:47:24.706847,491,52.46.136.77,443,3.0,0,1,1,23,1,expected
2018-10-22 11:47:24.784407,491,52.46.136.77,443,3.0,0,1,1,23,1,expected
2018-10-22 11:47:24.829868,491,52.46.136.77,443,3.0,0,1,1,23,1,expected
2018-10-22 11:47:24.873705,491,52.46.136.77,443,3.0,0,1,1,23,1,expected
2018-10-22 11:47:24.934876,491,52.46.136.77,443,3.0,0,1,1,23,1,expected
2018-10-22 11:47:24.981282,491,52.46.136.77,443,3.0,0,1,1,23,1,expected
2018-10-22 11:47:25.019324,491,52.46.136.77,443,3.0,0,1,1,23,1,expected
2018-10-22 11:47:25.075371,491,52.46.136.77,443,3.0,0,1,1,23,1,expected
2018-10-22 11:47:25.108298,491,52.46.136.77,443,3.0,0,1,1,23,1,expected
2018-10-22 11:47:25.176606,491,52.46.136.77,443,3.0,0,1,1,23,1,expected
2018-10-22 11:47:25.219820,491,52.46.136.77,443,3.0,0,1,1,23,1,expected
2018-10-22 11:47:25.268977,491,52.46.136.77,443,3.0,0,1,1,23,1,expected
2018-10-22 11:47:25.317405,491,52.46.136.77,443,3.0,0,1,1,23,1,expected
2018-10-22 11:47:25.383517,491,52.46.136.77,443,3.0,0,1,1,23,1,expected
2018-10-22 11:47:25.418084,491,52.46.136.77,443,3.0,0,1,1,23,1,expected
2018-10-22 11:47:25.476165,491,52.46.136.77,443,3.0,0,1,1,23,1,expected
2018-10-22 11:47:25.506513,491,52.46.136.77,443,3.0,0,1,1,23,1,expected
2018-10-22 11:47:25.575341,491,52.46.136.77,443,3.0,0,1,1,23,1,expected
2018-10-22 11:47:25.620161,491,52.46.136.77,443,3.0,0,1,1,23,1,expected
2018-10-22 11:47:25.668067,491,52.46.136.77,443,3.0,0,1,1,23,1,expected
2018-10-22 11:47:25.717456,491,52.46.136.77,443,3.0,0,1,1,23,1,expected
2018-10-22 11:47:25.787538,491,52.46.136.77,443,3.0,0,1,1,23,1,expected
2018-10-22 11:47:25.818748,491,52.46.136.77,443,3.0,0,1,1,23,1,expected
2018-10-22 11:47:25.881554,491,52.46.136.77,443,3.0,0,1,1,23,1,expected
2018-10-22 11:47:25.909274,491,52.46.136.77,443,3.0,0,1,1,23,1,expected
2018-10-22 11:47:25.975577,491,52.46.136.77,443,3.0,0,1,1,23,1,expected
2018-10-22 11:47:26.017961,491,52.46.136.77,443,3.0,0,1,1,23,1,expected
2018-10-22 11:47:26.067036,491,52.46.136.77,443,3.0,0,1,1,23,1,expected
2018-10-22 11:47:26.116007,491,52.46.136.77,443,3.0,0,1,1,23,1,expected
2018-10-22 11:47:26.180336,491,52.46.136.77,443,3.0,0,1,1,23,1,expected
2018-10-22 11:47:26.215945,491,52.46.136.77,443,3.0,0,1,1,23,1,expected
2018-10-22 11:47:26.295999,54,52.46.136.77,443,1.0,1907,1,1,,1,ack
2018-10-22 11:47:26.296175,491,52.46.136.77,443,3.0,0,1,1,23,1,expected
2018-10-22 11:47:26.309751,491,52.46.136.77,443,3.0,0,1,1,23,1,expected
2018-10-22 11:47:26.350122,54,52.46.136.77,443,1.0,54,1,1,,1,ack
2018-10-22 11:47:26.372835,491,52.46.136.77,443,3.0,0,1,1,23,1,expected
2018-10-22 11:47:26.419788,491,52.46.136.77,443,3.0,0,1,1,23,1,expected
2018-10-22 11:47:26.468457,491,52.46.136.77,443,3.0,0,1,1,23,1,expected
2018-10-22 11:47:26.513124,491,52.46.136.77,443,3.0,0,1,1,23,1,expected
2018-10-22 11:47:26.563385,54,52.46.136.77,443,1.0,213,1,1,,1,ack
2018-10-22 11:47:26.581853,491,52.46.136.77,443,3.0,0,1,1,23,1,expected
2018-10-22 11:47:26.620431,491,52.46.136.77,443,3.0,0,1,1,23,1,expected
2018-10-22 11:47:26.620570,54,52.46.136.77,443,1.0,57,1,1,,1,ack
2018-10-22 11:47:26.625937,54,52.46.136.77,443,1.0,5,1,1,,1,ack
2018-10-22 11:47:26.626207,54,52.46.136.77,443,1.0,0,1,1,,1,ack
2018-10-22 11:47:26.626334,54,52.46.136.77,443,1.0,0,1,1,,1,ack
2018-10-22 11:47:26.664112,54,52.46.136.77,443,1.0,37,1,1,,1,ack
2018-10-22 11:47:26.664426,54,52.46.136.77,443,1.0,0,1,1,,1,ack
2018-10-22 11:47:26.664588,54,52.46.136.77,443,1.0,0,1,1,,1,ack
2018-10-22 11:47:26.697609,99,52.46.136.77,443,3.0,0,1,1,23,1,expected
2018-10-22 11:47:26.698510,491,52.46.136.77,443,3.0,0,1,1,23,1,expected
2018-10-22 11:47:26.698771,54,52.46.136.77,443,1.0,34,1,1,,1,ack
2018-10-22 11:47:26.700381,54,52.46.136.77,443,1.0,1,1,1,,1,ack
2018-10-22 11:47:26.700973,54,52.46.136.77,443,1.0,0,1,1,,1,ack
2018-10-22 11:47:26.704252,54,52.46.136.77,443,1.0,3,1,1,,1,ack
2018-10-22 11:47:26.709187,491,52.46.136.77,443,3.0,0,1,1,23,1,expected
2018-10-22 11:47:26.718851,54,52.46.136.77,443,1.0,14,1,1,,1,ack
2018-10-22 11:47:26.720217,54,52.46.136.77,443,1.0,1,1,1,,1,ack
2018-10-22 11:47:26.723714,91,52.46.136.77,443,3.0,0,1,1,23,1,expected
2018-10-22 11:47:26.723902,91,52.46.136.77,443,3.0,0,1,1,23,1,expected
2018-10-22 11:47:26.754821,54,52.46.136.77,443,1.0,34,1,1,,1,ack
2018-10-22 11:47:26.755034,54,52.46.136.77,443,1.0,0,1,1,,1,ack
2018-10-22 11:47:26.755183,54,52.46.136.77,443,1.0,0,1,1,,1,ack
2018-10-22 11:47:26.756166,99,52.46.136.77,443,3.0,0,1,1,23,1,expected
2018-10-22 11:47:26.756425,99,52.46.136.77,443,3.0,0,1,1,23,1,expected
2018-10-22 11:47:26.782404,54,52.46.136.77,443,1.0,27,1,1,,1,ack
2018-10-22 11:47:26.782647,54,52.46.136.77,443,1.0,0,1,1,,1,ack
2018-10-22 11:47:26.782729,54,52.46.136.77,443,1.0,0,1,1,,1,ack
2018-10-22 11:47:26.782804,54,52.46.136.77,443,1.0,0,1,1,,1,ack
2018-10-22 11:47:26.805104,54,52.46.136.77,443,1.0,22,1,1,,1,ack
2018-10-22 11:47:26.805245,54,52.46.136.77,443,1.0,0,1,1,,1,ack
2018-10-22 11:47:26.806408,433,52.46.136.77,443,3.0,0,1,1,23,1,expected
2018-10-22 11:47:26.806438,54,52.46.136.77,443,1.0,1,1,1,,1,ack
2018-10-22 11:47:26.854756,54,52.46.136.77,443,1.0,48,1,1,,1,ack
2018-10-22 11:47:27.073266,54,52.46.136.77,443,1.0,218,1,1,,1,ack
2018-10-22 11:47:27.094505,54,52.46.136.77,443,1.0,21,1,1,,1,ack
2018-10-22 11:47:30.746949,54,54.231.50.107,80,1.0,14757,1,1,,1,ack
2018-10-22 11:47:36.978586,177,52.46.136.77,443,3.0,0,1,1,23,1,expected
2018-10-22 11:47:44.344826,66,104.154.127.232,4070,1.0,30416,1,1,,1,ack
2018-10-22 11:47:53.178181,211,52.46.136.77,443,3.0,0,1,1,23,1,expected
2018-10-22 11:47:53.190793,231,52.46.136.77,443,3.0,0,1,1,23,1,expected
2018-10-22 11:47:53.202688,891,52.46.136.77,443,3.0,0,1,1,23,1,expected
2018-10-22 11:47:53.213112,260,52.46.136.77,443,3.0,0,1,1,23,1,expected
2018-10-22 11:47:53.217695,1291,52.46.136.77,443,3.0,0,1,1,23,1,expected
2018-10-22 11:47:53.224958,491,52.46.136.77,443,3.0,0,1,1,23,1,expected
2018-10-22 11:47:53.259602,1468,52.46.136.77,443,3.0,0,1,1,23,1,expected
2018-10-22 11:47:53.264752,1514,52.46.136.77,443,3.0,0,1,1,23,1,expected
2018-10-22 11:47:53.264783,1514,52.46.136.77,443,1.0,26170,1,1,,1,not_relevant
2018-10-22 11:47:53.264807,548,52.46.136.77,443,3.0,0,1,1,23,1,expected
2018-10-22 11:47:53.267938,891,52.46.136.77,443,3.0,0,1,1,23,1,expected
2018-10-22 11:47:53.270069,491,52.46.136.77,443,3.0,0,1,1,23,1,expected
2018-10-22 11:47:53.277654,491,52.46.136.77,443,3.0,0,1,1,23,1,expected
2018-10-22 11:47:53.319746,491,52.46.136.77,443,3.0,0,1,1,23,1,expected
2018-10-22 11:47:53.338253,54,52.46.136.77,443,1.0,73,1,1,,1,ack
2018-10-22 11:47:53.362525,491,52.46.136.77,443,3.0,0,1,1,23,1,expected
2018-10-22 11:47:53.437152,491,52.46.136.77,443,3.0,0,1,1,23,1,expected
2018-10-22 11:47:53.459737,491,52.46.136.77,443,3.0,0,1,1,23,1,expected
2018-10-22 11:47:53.524060,491,52.46.136.77,443,3.0,0,1,1,23,1,expected
2018-10-22 11:47:53.558251,491,52.46.136.77,443,3.0,0,1,1,23,1,expected
2018-10-22 11:47:53.621634,491,52.46.136.77,443,3.0,0,1,1,23,1,expected
2018-10-22 11:47:53.669256,491,52.46.136.77,443,3.0,0,1,1,23,1,expected
2018-10-22 11:47:53.717873,491,52.46.136.77,443,3.0,0,1,1,23,1,expected
2018-10-22 11:47:53.769517,491,52.46.136.77,443,3.0,0,1,1,23,1,expected
2018-10-22 11:47:53.829806,491,52.46.136.77,443,3.0,0,1,1,23,1,expected
2018-10-22 11:47:53.861601,491,52.46.136.77,443,3.0,0,1,1,23,1,expected
2018-10-22 11:47:53.927497,491,52.46.136.77,443,3.0,0,1,1,23,1,expected
2018-10-22 11:47:53.957653,491,52.46.136.77,443,3.0,0,1,1,23,1,expected
2018-10-22 11:47:54.022291,491,52.46.136.77,443,3.0,0,1,1,23,1,expected
2018-10-22 11:47:54.066053,491,52.46.136.77,443,3.0,0,1,1,23,1,expected
2018-10-22 11:47:54.115615,491,52.46.136.77,443,3.0,0,1,1,23,1,expected
2018-10-22 11:47:54.162565,491,52.46.136.77,443,3.0,0,1,1,23,1,expected
2018-10-22 11:47:54.224553,491,52.46.136.77,443,3.0,0,1,1,23,1,expected
2018-10-22 11:47:54.258035,491,52.46.136.77,443,3.0,0,1,1,23,1,expected
2018-10-22 11:47:54.328928,491,52.46.136.77,443,3.0,0,1,1,23,1,expected
2018-10-22 11:47:54.352662,491,52.46.136.77,443,3.0,0,1,1,23,1,expected
2018-10-22 11:47:54.422903,491,52.46.136.77,443,3.0,0,1,1,23,1,expected
2018-10-22 11:47:54.468889,491,52.46.136.77,443,3.0,0,1,1,23,1,expected
2018-10-22 11:47:54.523292,491,52.46.136.77,443,3.0,0,1,1,23,1,expected
2018-10-22 11:47:54.567167,491,52.46.136.77,443,3.0,0,1,1,23,1,expected
2018-10-22 11:47:54.638327,491,52.46.136.77,443,3.0,0,1,1,23,1,expected
2018-10-22 11:47:54.660010,491,52.46.136.77,443,3.0,0,1,1,23,1,expected
2018-10-22 11:47:54.725612,491,52.46.136.77,443,3.0,0,1,1,23,1,expected
2018-10-22 11:47:54.773779,491,52.46.136.77,443,3.0,0,1,1,23,1,expected
2018-10-22 11:47:54.820071,491,52.46.136.77,443,3.0,0,1,1,23,1,expected
2018-10-22 11:47:54.873549,491,52.46.136.77,443,3.0,0,1,1,23,1,expected
2018-10-22 11:47:54.917771,491,52.46.136.77,443,3.0,0,1,1,23,1,expected
2018-10-22 11:47:54.959551,491,52.46.136.77,443,3.0,0,1,1,23,1,expected
2018-10-22 11:47:55.032475,491,52.46.136.77,443,3.0,0,1,1,23,1,expected
2018-10-22 11:47:55.056447,491,52.46.136.77,443,3.0,0,1,1,23,1,expected
2018-10-22 11:47:55.132925,491,52.46.136.77,443,3.0,0,1,1,23,1,expected
2018-10-22 11:47:55.169304,491,52.46.136.77,443,3.0,0,1,1,23,1,expected
2018-10-22 11:47:55.222235,491,52.46.136.77,443,3.0,0,1,1,23,1,expected
2018-10-22 11:47:55.264111,491,52.46.136.77,443,3.0,0,1,1,23,1,expected
2018-10-22 11:47:55.315861,491,52.46.136.77,443,3.0,0,1,1,23,1,expected
2018-10-22 11:47:55.360737,491,52.46.136.77,443,3.0,0,1,1,23,1,expected
2018-10-22 11:47:55.427971,491,52.46.136.77,443,3.0,0,1,1,23,1,expected
2018-10-22 11:47:55.459343,491,52.46.136.77,443,3.0,0,1,1,23,1,expected
2018-10-22 11:47:55.525740,491,52.46.136.77,443,3.0,0,1,1,23,1,expected
2018-10-22 11:47:55.557631,491,52.46.136.77,443,3.0,0,1,1,23,1,expected
2018-10-22 11:47:55.623486,491,52.46.136.77,443,3.0,0,1,1,23,1,expected
2018-10-22 11:47:55.669898,491,52.46.136.77,443,3.0,0,1,1,23,1,expected
2018-10-22 11:47:55.717556,491,52.46.136.77,443,3.0,0,1,1,23,1,expected
2018-10-22 11:47:55.765916,491,52.46.136.77,443,3.0,0,1,1,23,1,expected
2018-10-22 11:47:55.831745,491,52.46.136.77,443,3.0,0,1,1,23,1,expected
2018-10-22 11:47:55.869591,491,52.46.136.77,443,3.0,0,1,1,23,1,expected
2018-10-22 11:47:55.923978,491,52.46.136.77,443,3.0,0,1,1,23,1,expected
2018-10-22 11:47:55.955078,491,52.46.136.77,443,3.0,0,1,1,23,1,expected
2018-10-22 11:47:56.021197,491,52.46.136.77,443,3.0,0,1,1,23,1,expected
2018-10-22 11:47:56.066917,491,52.46.136.77,443,3.0,0,1,1,23,1,expected
2018-10-22 11:47:56.143761,491,52.46.136.77,443,3.0,0,1,1,23,1,expected
2018-10-22 11:47:56.163776,491,52.46.136.77,443,3.0,0,1,1,23,1,expected
2018-10-22 11:47:56.227345,491,52.46.136.77,443,3.0,0,1,1,23,1,expected
2018-10-22 11:47:56.265929,491,52.46.136.77,443,3.0,0,1,1,23,1,expected
2018-10-22 11:47:56.328977,491,52.46.136.77,443,3.0,0,1,1,23,1,expected
2018-10-22 11:47:56.353681,491,52.46.136.77,443,3.0,0,1,1,23,1,expected
2018-10-22 11:47:56.427820,491,52.46.136.77,443,3.0,0,1,1,23,1,expected
2018-10-22 11:47:56.464569,491,52.46.136.77,443,3.0,0,1,1,23,1,expected
2018-10-22 11:47:56.620243,491,52.46.136.77,443,3.0,0,1,1,23,1,expected
2018-10-22 11:47:56.620455,491,52.46.136.77,443,3.0,0,1,1,23,1,expected
2018-10-22 11:47:56.620472,491,52.46.136.77,443,1.0,3282,1,1,,1,not_relevant
2018-10-22 11:47:56.632157,491,52.46.136.77,443,3.0,0,1,1,23,1,expected
2018-10-22 11:47:56.781572,491,52.46.136.77,443,3.0,0,1,1,23,1,expected
2018-10-22 11:47:56.781770,491,52.46.136.77,443,1.0,161,1,1,,1,not_relevant
2018-10-22 11:47:56.781785,491,52.46.136.77,443,3.0,0,1,1,23,1,expected
2018-10-22 11:47:56.781797,491,52.46.136.77,443,3.0,0,1,1,23,1,expected
2018-10-22 11:47:56.826011,491,52.46.136.77,443,3.0,0,1,1,23,1,expected
2018-10-22 11:47:56.888623,491,52.46.136.77,443,3.0,0,1,1,23,1,expected
2018-10-22 11:47:56.922085,491,52.46.136.77,443,3.0,0,1,1,23,1,expected
2018-10-22 11:47:57.023638,491,52.46.136.77,443,3.0,0,1,1,23,1,expected
2018-10-22 11:47:57.075237,491,52.46.136.77,443,3.0,0,1,1,23,1,expected
2018-10-22 11:47:57.075405,491,52.46.136.77,443,3.0,0,1,1,23,1,expected
2018-10-22 11:47:57.075422,54,52.46.136.77,443,1.0,293,1,1,,1,ack
2018-10-22 11:47:57.075506,54,52.46.136.77,443,1.0,0,1,1,,1,ack
2018-10-22 11:47:57.075576,54,52.46.136.77,443,1.0,0,1,1,,1,ack
2018-10-22 11:47:57.075647,54,52.46.136.77,443,1.0,0,1,1,,1,ack
2018-10-22 11:47:57.106207,54,52.46.136.77,443,1.0,30,1,1,,1,ack
2018-10-22 11:47:57.132209,54,52.46.136.77,443,1.0,26,1,1,,1,ack
2018-10-22 11:47:57.199609,491,52.46.136.77,443,3.0,0,1,1,23,1,expected
2018-10-22 11:47:57.199669,491,52.46.136.77,443,3.0,0,1,1,23,1,expected
2018-10-22 11:47:57.199767,54,52.46.136.77,443,1.0,67,1,1,,1,ack
2018-10-22 11:47:57.200935,99,52.46.136.77,443,3.0,0,1,1,23,1,expected
2018-10-22 11:47:57.201447,54,52.46.136.77,443,1.0,1,1,1,,1,ack
2018-10-22 11:47:57.202348,54,52.46.136.77,443,1.0,0,1,1,,1,ack
2018-10-22 11:47:57.202692,54,52.46.136.77,443,1.0,0,1,1,,1,ack
2018-10-22 11:47:57.203897,54,52.46.136.77,443,1.0,1,1,1,,1,ack
2018-10-22 11:47:57.221699,54,52.46.136.77,443,1.0,17,1,1,,1,ack
2018-10-22 11:47:57.227339,54,52.46.136.77,443,1.0,5,1,1,,1,ack
2018-10-22 11:47:57.227537,54,52.46.136.77,443,1.0,0,1,1,,1,ack
2018-10-22 11:47:57.227687,54,52.46.136.77,443,1.0,0,1,1,,1,ack
2018-10-22 11:47:57.227837,54,52.46.136.77,443,1.0,0,1,1,,1,ack
2018-10-22 11:47:57.273623,91,52.46.136.77,443,3.0,0,1,1,23,1,expected
2018-10-22 11:47:57.273880,136,52.46.136.77,443,3.0,0,1,1,23,1,expected
2018-10-22 11:47:57.274019,54,52.46.136.77,443,1.0,46,1,1,,1,ack
2018-10-22 11:47:57.315862,419,52.46.136.77,443,3.0,0,1,1,23,1,expected
2018-10-22 11:47:57.601327,54,52.46.136.77,443,1.0,327,1,1,,1,ack
2018-10-22 11:48:00.227310,54,54.231.50.107,80,1.0,29480,1,1,,1,ack
2018-10-22 11:48:04.891276,176,52.46.136.77,443,3.0,0,1,1,23,1,expected
2018-10-22 11:48:14.396173,77,104.154.127.232,4070,2.0,0,1,1,,1,syn
2018-10-22 11:48:14.421592,66,104.154.127.232,4070,1.0,30076,1,1,,1,ack
2018-10-22 11:48:21.000134,286,52.46.136.77,443,3.0,0,1,1,23,1,expected
2018-10-22 11:48:21.068456,371,52.46.136.77,443,3.0,0,1,1,23,1,expected
2018-10-22 11:48:21.068540,231,52.46.136.77,443,3.0,0,1,1,23,1,expected
2018-10-22 11:48:21.068860,891,52.46.136.77,443,3.0,0,1,1,23,1,expected
2018-10-22 11:48:21.100059,1514,52.46.136.77,443,3.0,0,1,1,23,1,expected
2018-10-22 11:48:21.104392,1514,52.46.136.77,443,3.0,0,1,1,23,1,expected
2018-10-22 11:48:21.106032,1514,52.46.136.77,443,3.0,0,1,1,23,1,expected
2018-10-22 11:48:21.106067,1273,52.46.136.77,443,3.0,0,1,1,23,1,expected
2018-10-22 11:48:21.106786,491,52.46.136.77,443,3.0,0,1,1,23,1,expected
2018-10-22 11:48:21.108652,491,52.46.136.77,443,3.0,0,1,1,23,1,expected
2018-10-22 11:48:21.118774,1514,52.46.136.77,443,3.0,0,1,1,23,1,expected
2018-10-22 11:48:21.122937,1514,52.46.136.77,443,3.0,0,1,1,23,1,expected
2018-10-22 11:48:21.124891,1514,52.46.136.77,443,3.0,0,1,1,23,1,expected
2018-10-22 11:48:21.125211,333,52.46.136.77,443,3.0,0,1,1,23,1,expected
2018-10-22 11:48:21.157623,491,52.46.136.77,443,3.0,0,1,1,23,1,expected
2018-10-22 11:48:21.185050,491,52.46.136.77,443,3.0,0,1,1,23,1,expected
2018-10-22 11:48:21.258526,54,52.46.136.77,443,1.0,23657,1,1,,1,ack
2018-10-22 11:48:21.258740,491,52.46.136.77,443,3.0,0,1,1,23,1,expected
2018-10-22 11:48:21.299045,491,52.46.136.77,443,3.0,0,1,1,23,1,expected
2018-10-22 11:48:21.345304,491,52.46.136.77,443,3.0,0,1,1,23,1,expected
2018-10-22 11:48:21.395016,491,52.46.136.77,443,3.0,0,1,1,23,1,expected
2018-10-22 11:48:21.460923,491,52.46.136.77,443,3.0,0,1,1,23,1,expected
2018-10-22 11:48:21.479365,54,52.46.136.77,443,1.0,220,1,1,,1,ack
2018-10-22 11:48:21.493659,491,52.46.136.77,443,3.0,0,1,1,23,1,expected
2018-10-22 11:48:21.557965,491,52.46.136.77,443,3.0,0,1,1,23,1,expected
2018-10-22 11:48:21.589869,491,52.46.136.77,443,3.0,0,1,1,23,1,expected
2018-10-22 11:48:21.657258,491,52.46.136.77,443,3.0,0,1,1,23,1,expected
2018-10-22 11:48:21.701979,491,52.46.136.77,443,3.0,0,1,1,23,1,expected
2018-10-22 11:48:21.773852,491,52.46.136.77,443,3.0,0,1,1,23,1,expected
2018-10-22 11:48:21.798947,491,52.46.136.77,443,3.0,0,1,1,23,1,expected
2018-10-22 11:48:21.859715,491,52.46.136.77,443,3.0,0,1,1,23,1,expected
2018-10-22 11:48:21.894180,491,52.46.136.77,443,3.0,0,1,1,23,1,expected
2018-10-22 11:48:21.959458,491,52.46.136.77,443,3.0,0,1,1,23,1,expected
2018-10-22 11:48:21.989713,491,52.46.136.77,443,3.0,0,1,1,23,1,expected
2018-10-22 11:48:22.057423,491,52.46.136.77,443,3.0,0,1,1,23,1,expected
2018-10-22 11:48:22.100940,491,52.46.136.77,443,3.0,0,1,1,23,1,expected
2018-10-22 11:48:22.149655,491,52.46.136.77,443,3.0,0,1,1,23,1,expected
2018-10-22 11:48:22.192029,491,52.46.136.77,443,3.0,0,1,1,23,1,expected
2018-10-22 11:48:22.265002,491,52.46.136.77,443,3.0,0,1,1,23,1,expected
2018-10-22 11:48:22.299971,491,52.46.136.77,443,3.0,0,1,1,23,1,expected
2018-10-22 11:48:22.361683,491,52.46.136.77,443,3.0,0,1,1,23,1,expected
2018-10-22 11:48:22.387701,491,52.46.136.77,443,3.0,0,1,1,23,1,expected
2018-10-22 11:48:22.504265,491,52.46.136.77,443,3.0,0,1,1,23,1,expected
2018-10-22 11:48:22.504761,491,52.46.136.77,443,3.0,0,1,1,23,1,expected
2018-10-22 11:48:22.568188,491,52.46.136.77,443,3.0,0,1,1,23,1,expected
2018-10-22 11:48:22.647616,491,52.46.136.77,443,3.0,0,1,1,23,1,expected
2018-10-22 11:48:22.672618,491,52.46.136.77,443,3.0,0,1,1,23,1,expected
2018-10-22 11:48:22.706868,491,52.46.136.77,443,3.0,0,1,1,23,1,expected
2018-10-22 11:48:22.787307,491,52.46.136.77,443,3.0,0,1,1,23,1,expected
2018-10-22 11:48:22.788857,491,52.46.136.77,443,3.0,0,1,1,23,1,expected
2018-10-22 11:48:22.854042,491,52.46.136.77,443,3.0,0,1,1,23,1,expected
2018-10-22 11:48:22.917696,491,52.46.136.77,443,3.0,0,1,1,23,1,expected
2018-10-22 11:48:22.961833,491,52.46.136.77,443,3.0,0,1,1,23,1,expected
2018-10-22 11:48:22.997373,491,52.46.136.77,443,3.0,0,1,1,23,1,expected
2018-10-22 11:48:23.100289,491,52.46.136.77,443,3.0,0,1,1,23,1,expected
2018-10-22 11:48:23.100755,491,52.46.136.77,443,3.0,0,1,1,23,1,expected
2018-10-22 11:48:23.170265,491,52.46.136.77,443,3.0,0,1,1,23,1,expected
2018-10-22 11:48:23.187801,491,52.46.136.77,443,3.0,0,1,1,23,1,expected
2018-10-22 11:48:23.264494,491,52.46.136.77,443,3.0,0,1,1,23,1,expected
2018-10-22 11:48:23.295261,54,52.46.136.77,443,1.0,1815,1,1,,1,ack
2018-10-22 11:48:23.303824,491,52.46.136.77,443,3.0,0,1,1,23,1,expected
2018-10-22 11:48:23.348026,491,52.46.136.77,443,3.0,0,1,1,23,1,expected
2018-10-22 11:48:23.398616,491,52.46.136.77,443,3.0,0,1,1,23,1,expected
2018-10-22 11:48:23.420678,54,52.46.136.77,443,1.0,125,1,1,,1,ack
2018-10-22 11:48:23.457757,491,52.46.136.77,443,3.0,0,1,1,23,1,expected
2018-10-22 11:48:23.503029,491,52.46.136.77,443,3.0,0,1,1,23,1,expected
2018-10-22 11:48:23.507632,54,52.46.136.77,443,1.0,86,1,1,,1,ack
2018-10-22 11:48:23.510157,54,52.46.136.77,443,1.0,2,1,1,,1,ack
2018-10-22 11:48:23.510293,54,52.46.136.77,443,1.0,0,1,1,,1,ack
2018-10-22 11:48:23.511186,54,52.46.136.77,443,1.0,0,1,1,,1,ack
2018-10-22 11:48:23.512874,54,52.46.136.77,443,1.0,1,1,1,,1,ack
2018-10-22 11:48:23.515457,54,52.46.136.77,443,1.0,2,1,1,,1,ack
2018-10-22 11:48:23.521579,54,52.46.136.77,443,1.0,6,1,1,,1,ack
2018-10-22 11:48:23.521657,99,52.46.136.77,443,3.0,0,1,1,23,1,expected
2018-10-22 11:48:23.560964,491,52.46.136.77,443,3.0,0,1,1,23,1,expected
2018-10-22 11:48:23.564632,54,52.46.136.77,443,1.0,43,1,1,,1,ack
2018-10-22 11:48:23.588347,54,52.46.136.77,443,1.0,23,1,1,,1,ack
2018-10-22 11:48:23.591864,54,52.46.136.77,443,1.0,3,1,1,,1,ack
2018-10-22 11:48:23.591955,54,52.46.136.77,443,1.0,0,1,1,,1,ack
2018-10-22 11:48:23.592110,54,52.46.136.77,443,1.0,0,1,1,,1,ack
2018-10-22 11:48:23.593924,491,52.46.136.77,443,3.0,0,1,1,23,1,expected
2018-10-22 11:48:23.609782,91,52.46.136.77,443,3.0,0,1,1,23,1,expected
2018-10-22 11:48:23.609861,91,52.46.136.77,443,3.0,0,1,1,23,1,expected
2018-10-22 11:48:23.617097,54,52.46.136.77,443,1.0,24,1,1,,1,ack
2018-10-22 11:48:23.617294,54,52.46.136.77,443,1.0,0,1,1,,1,ack
2018-10-22 11:48:23.617446,54,52.46.136.77,443,1.0,0,1,1,,1,ack
2018-10-22 11:48:23.617522,54,52.46.136.77,443,1.0,0,1,1,,1,ack
2018-10-22 11:48:23.620723,99,52.46.136.77,443,3.0,0,1,1,23,1,expected
2018-10-22 11:48:23.620801,99,52.46.136.77,443,3.0,0,1,1,23,1,expected
2018-10-22 11:48:23.628633,54,52.46.136.77,443,1.0,11,1,1,,1,ack
2018-10-22 11:48:23.636538,54,52.46.136.77,443,1.0,7,1,1,,1,ack
2018-10-22 11:48:23.639251,54,52.46.136.77,443,1.0,2,1,1,,1,ack
2018-10-22 11:48:23.639338,54,52.46.136.77,443,1.0,0,1,1,,1,ack
2018-10-22 11:48:23.690550,432,52.46.136.77,443,3.0,0,1,1,23,1,expected
2018-10-22 11:48:23.928973,54,52.46.136.77,443,1.0,289,1,1,,1,ack
2018-10-22 11:48:31.187147,174,52.46.136.77,443,3.0,0,1,1,23,1,expected
