2018-10-22 07:19:25.560304,54,52.216.130.107,80,1.0,-8591993,1,1,,1,ack
2018-10-22 07:19:30.201234,289,52.46.136.77,443,3.0,0,1,1,23,1,expected
2018-10-22 07:19:30.211468,941,52.46.136.77,443,3.0,0,1,1,23,1,expected
2018-10-22 07:19:30.226237,231,52.46.136.77,443,3.0,0,1,1,23,1,expected
2018-10-22 07:19:30.250340,491,52.46.136.77,443,3.0,0,1,1,23,1,expected
2018-10-22 07:19:30.252070,1431,52.46.136.77,443,3.0,0,1,1,23,1,expected
2018-10-22 07:19:30.259278,491,52.46.136.77,443,3.0,0,1,1,23,1,expected
2018-10-22 07:19:30.342846,1514,52.46.136.77,443,3.0,0,1,1,23,1,expected
2018-10-22 07:19:30.343873,1514,52.46.136.77,443,3.0,0,1,1,23,1,expected
2018-10-22 07:19:30.343905,1514,52.46.136.77,443,3.0,0,1,1,23,1,expected
2018-10-22 07:19:30.343930,1514,52.46.136.77,443,3.0,0,1,1,23,1,expected
2018-10-22 07:19:30.343953,1514,52.46.136.77,443,3.0,0,1,1,23,1,expected
2018-10-22 07:19:30.343976,938,52.46.136.77,443,3.0,0,1,1,23,1,expected
2018-10-22 07:19:30.364365,54,52.46.136.77,443,1.0,-8576791,1,1,,1,ack
2018-10-22 07:19:30.373828,491,52.46.136.77,443,3.0,0,1,1,23,1,expected
2018-10-22 07:19:30.425282,491,52.46.136.77,443,3.0,0,1,1,23,1,expected
2018-10-22 07:19:30.464252,491,52.46.136.77,443,3.0,0,1,1,23,1,expected
2018-10-22 07:19:30.528028,491,52.46.136.77,443,3.0,0,1,1,23,1,expected
2018-10-22 07:19:30.559335,491,52.46.136.77,443,3.0,0,1,1,23,1,expected
2018-10-22 07:19:30.619779,54,52.46.136.77,443,1.0,255,1,1,,1,ack
2018-10-22 07:19:30.620164,491,52.46.136.77,443,3.0,0,1,1,23,1,expected
2018-10-22 07:19:30.655370,491,52.46.136.77,443,3.0,0,1,1,23,1,expected
2018-10-22 07:19:30.725898,491,52.46.136.77,443,3.0,0,1,1,23,1,expected
2018-10-22 07:19:30.768876,491,52.46.136.77,443,3.0,0,1,1,23,1,expected
2018-10-22 07:19:30.815078,491,52.46.136.77,443,3.0,0,1,1,23,1,expected
2018-10-22 07:19:30.862588,491,52.46.136.77,443,3.0,0,1,1,23,1,expected
2018-10-22 07:19:30.932587,491,52.46.136.77,443,3.0,0,1,1,23,1,expected
2018-10-22 07:19:30.961943,491,52.46.136.77,443,3.0,0,1,1,23,1,expected
2018-10-22 07:19:31.027543,491,52.46.136.77,443,3.0,0,1,1,23,1,expected
2018-10-22 07:19:31.057737,491,52.46.136.77,443,3.0,0,1,1,23,1,expected
2018-10-22 07:19:31.128010,491,52.46.136.77,443,3.0,0,1,1,23,1,expected
2018-10-22 07:19:31.166380,491,52.46.136.77,443,3.0,0,1,1,23,1,expected
2018-10-22 07:19:31.214634,491,52.46.136.77,443,3.0,0,1,1,23,1,expected
2018-10-22 07:19:31.262703,491,52.46.136.77,443,3.0,0,1,1,23,1,expected
2018-10-22 07:19:31.328734,491,52.46.136.77,443,3.0,0,1,1,23,1,expected
2018-10-22 07:19:31.360666,491,52.46.136.77,443,3.0,0,1,1,23,1,expected
2018-10-22 07:19:31.432000,491,52.46.136.77,443,3.0,0,1,1,23,1,expected
2018-10-22 07:19:31.455208,491,52.46.136.77,443,3.0,0,1,1,23,1,expected
2018-10-22 07:19:31.521119,491,52.46.136.77,443,3.0,0,1,1,23,1,expected
2018-10-22 07:19:31.564639,491,52.46.136.77,443,3.0,0,1,1,23,1,expected
2018-10-22 07:19:31.613207,491,52.46.136.77,443,3.0,0,1,1,23,1,expected
2018-10-22 07:19:31.659566,491,52.46.136.77,443,3.0,0,1,1,23,1,expected
2018-10-22 07:19:31.730580,491,52.46.136.77,443,3.0,0,1,1,23,1,expected
2018-10-22 07:19:31.754605,491,52.46.136.77,443,3.0,0,1,1,23,1,expected
2018-10-22 07:19:31.828822,491,52.46.136.77,443,3.0,0,1,1,23,1,expected
2018-10-22 07:19:31.855676,491,52.46.136.77,443,3.0,0,1,1,23,1,expected
2018-10-22 07:19:31.922636,491,52.46.136.77,443,3.0,0,1,1,23,1,expected
2018-10-22 07:19:31.963542,491,52.46.136.77,443,3.0,0,1,1,23,1,expected
2018-10-22 07:19:32.125306,491,52.46.136.77,443,3.0,0,1,1,23,1,expected
2018-10-22 07:19:32.125844,491,52.46.136.77,443,3.0,0,1,1,23,1,expected
2018-10-22 07:19:32.125926,491,52.46.136.77,443,3.0,0,1,1,23,1,expected
2018-10-22 07:19:32.218961,491,52.46.136.77,443,3.0,0,1,1,23,1,expected
2018-10-22 07:19:32.257003,491,52.46.136.77,443,3.0,0,1,1,23,1,expected
2018-10-22 07:19:32.258454,491,52.46.136.77,443,3.0,0,1,1,23,1,expected
2018-10-22 07:19:32.324588,491,52.46.136.77,443,3.0,0,1,1,23,1,expected
2018-10-22 07:19:32.388752,491,52.46.136.77,443,3.0,0,1,1,23,1,expected
2018-10-22 07:19:32.414770,491,52.46.136.77,443,3.0,0,1,1,23,1,expected
2018-10-22 07:19:32.467900,491,52.46.136.77,443,3.0,0,1,1,23,1,expected
2018-10-22 07:19:32.541152,491,52.46.136.77,443,3.0,0,1,1,23,1,expected
2018-10-22 07:19:32.571773,491,52.46.136.77,443,3.0,0,1,1,23,1,expected
2018-10-22 07:19:32.653371,491,52.46.136.77,443,3.0,0,1,1,23,1,expected
2018-10-22 07:19:32.713256,491,52.46.136.77,443,3.0,0,1,1,23,1,expected
2018-10-22 07:19:32.718160,54,52.46.136.77,443,1.0,2098,1,1,,1,ack
2018-10-22 07:19:32.718964,491,52.46.136.77,443,3.0,0,1,1,23,1,expected
2018-10-22 07:19:32.764081,491,52.46.136.77,443,3.0,0,1,1,23,1,expected
2018-10-22 07:19:32.816811,54,52.46.136.77,443,1.0,98,1,1,,1,ack
2018-10-22 07:19:32.819528,491,52.46.136.77,443,3.0,0,1,1,23,1,expected
2018-10-22 07:19:32.865322,491,52.46.136.77,443,3.0,0,1,1,23,1,expected
2018-10-22 07:19:32.930588,491,52.46.136.77,443,3.0,0,1,1,23,1,expected
2018-10-22 07:19:32.959858,491,52.46.136.77,443,3.0,0,1,1,23,1,expected
2018-10-22 07:19:33.024155,491,52.46.136.77,443,3.0,0,1,1,23,1,expected
2018-10-22 07:19:33.059543,491,52.46.136.77,443,3.0,0,1,1,23,1,expected
2018-10-22 07:19:33.060185,54,52.46.136.77,443,1.0,243,1,1,,1,ack
2018-10-22 07:19:33.123533,491,52.46.136.77,443,3.0,0,1,1,23,1,expected
2018-10-22 07:19:33.168569,491,52.46.136.77,443,3.0,0,1,1,23,1,expected
2018-10-22 07:19:33.229505,491,52.46.136.77,443,3.0,0,1,1,23,1,expected
2018-10-22 07:19:33.260292,491,52.46.136.77,443,3.0,0,1,1,23,1,expected
2018-10-22 07:19:33.325890,491,52.46.136.77,443,3.0,0,1,1,23,1,expected
2018-10-22 07:19:33.375680,491,52.46.136.77,443,3.0,0,1,1,23,1,expected
2018-10-22 07:19:33.402713,54,52.46.136.77,443,1.0,342,1,1,,1,ack
2018-10-22 07:19:33.404165,54,52.46.136.77,443,1.0,1,1,1,,1,ack
2018-10-22 07:19:33.404243,54,52.46.136.77,443,1.0,0,1,1,,1,ack
2018-10-22 07:19:33.405116,54,52.46.136.77,443,1.0,0,1,1,,1,ack
2018-10-22 07:19:33.413244,54,52.46.136.77,443,1.0,8,1,1,,1,ack
2018-10-22 07:19:33.413413,54,52.46.136.77,443,1.0,0,1,1,,1,ack
2018-10-22 07:19:33.413577,54,52.46.136.77,443,1.0,0,1,1,,1,ack
2018-10-22 07:19:33.414305,54,52.46.136.77,443,1.0,0,1,1,,1,ack
2018-10-22 07:19:33.446169,54,52.46.136.77,443,1.0,31,1,1,,1,ack
2018-10-22 07:19:33.455329,54,52.46.136.77,443,1.0,9,1,1,,1,ack
2018-10-22 07:19:33.455413,54,52.46.136.77,443,1.0,0,1,1,,1,ack
2018-10-22 07:19:33.455584,54,52.46.136.77,443,1.0,0,1,1,,1,ack
2018-10-22 07:19:33.455750,54,52.46.136.77,443,1.0,0,1,1,,1,ack
2018-10-22 07:19:33.455906,54,52.46.136.77,443,1.0,0,1,1,,1,ack
2018-10-22 07:19:33.455981,54,52.46.136.77,443,1.0,0,1,1,,1,ack
2018-10-22 07:19:33.456057,54,52.46.136.77,443,1.0,0,1,1,,1,ack
2018-10-22 07:19:33.456131,54,52.46.136.77,443,1.0,0,1,1,,1,ack
2018-10-22 07:19:33.460166,491,52.46.136.77,443,3.0,0,1,1,23,1,expected
2018-10-22 07:19:33.461532,536,52.46.136.77,443,3.0,0,1,1,23,1,expected
2018-10-22 07:19:33.494262,54,52.46.136.77,443,1.0,38,1,1,,1,ack
2018-10-22 07:19:33.524899,491,52.46.136.77,443,3.0,0,1,1,23,1,expected
2018-10-22 07:19:33.573363,491,52.46.136.77,443,3.0,0,1,1,23,1,expected
2018-10-22 07:19:33.582461,91,52.46.136.77,443,3.0,0,1,1,23,1,expected
2018-10-22 07:19:33.582900,91,52.46.136.77,443,3.0,0,1,1,23,1,expected
2018-10-22 07:19:33.667622,303,52.46.136.77,443,3.0,0,1,1,23,1,expected
2018-10-22 07:19:34.287294,66,52.46.136.77,443,1.0,793,1,1,,1,ack
2018-10-22 07:19:37.480655,177,52.46.136.77,443,3.0,0,1,1,23,1,expected
2018-10-22 07:19:41.634972,77,104.154.126.114,4070,2.0,0,1,1,,1,syn
2018-10-22 07:19:41.655082,66,104.154.126.114,4070,1.0,-88248100,1,1,,1,ack
2018-10-22 07:19:55.031906,54,52.216.130.107,80,1.0,29471,1,1,,1,ack
2018-10-22 07:19:59.205269,289,52.46.136.77,443,3.0,0,1,1,23,1,expected
2018-10-22 07:19:59.219243,940,52.46.136.77,443,3.0,0,1,1,23,1,expected
2018-10-22 07:19:59.245033,231,52.46.136.77,443,3.0,0,1,1,23,1,expected
2018-10-22 07:19:59.245063,491,52.46.136.77,443,3.0,0,1,1,23,1,expected
2018-10-22 07:19:59.245098,491,52.46.136.77,443,3.0,0,1,1,23,1,expected
2018-10-22 07:19:59.250252,891,52.46.136.77,443,3.0,0,1,1,23,1,expected
2018-10-22 07:19:59.263793,1291,52.46.136.77,443,3.0,0,1,1,23,1,expected
2018-10-22 07:19:59.267485,491,52.46.136.77,443,3.0,0,1,1,23,1,expected
2018-10-22 07:19:59.270386,491,52.46.136.77,443,3.0,0,1,1,23,1,expected
2018-10-22 07:19:59.277355,1291,52.46.136.77,443,3.0,0,1,1,23,1,expected
2018-10-22 07:19:59.279093,491,52.46.136.77,443,3.0,0,1,1,23,1,expected
2018-10-22 07:19:59.280874,491,52.46.136.77,443,3.0,0,1,1,23,1,expected
2018-10-22 07:19:59.283839,491,52.46.136.77,443,3.0,0,1,1,23,1,expected
2018-10-22 07:19:59.291174,1291,52.46.136.77,443,3.0,0,1,1,23,1,expected
2018-10-22 07:19:59.292862,491,52.46.136.77,443,3.0,0,1,1,23,1,expected
2018-10-22 07:19:59.294613,491,52.46.136.77,443,3.0,0,1,1,23,1,expected
2018-10-22 07:19:59.323673,891,52.46.136.77,443,3.0,0,1,1,23,1,expected
2018-10-22 07:19:59.324110,491,52.46.136.77,443,3.0,0,1,1,23,1,expected
2018-10-22 07:19:59.324141,491,52.46.136.77,443,3.0,0,1,1,23,1,expected
2018-10-22 07:19:59.324641,54,52.46.136.77,443,1.0,25037,1,1,,1,ack
2018-10-22 07:19:59.325401,891,52.46.136.77,443,3.0,0,1,1,23,1,expected
2018-10-22 07:19:59.326403,491,52.46.136.77,443,3.0,0,1,1,23,1,expected
2018-10-22 07:19:59.329830,491,52.46.136.77,443,3.0,0,1,1,23,1,expected
2018-10-22 07:19:59.331574,491,52.46.136.77,443,3.0,0,1,1,23,1,expected
2018-10-22 07:19:59.331603,491,52.46.136.77,443,3.0,0,1,1,23,1,expected
2018-10-22 07:19:59.346427,1514,52.46.136.77,443,3.0,0,1,1,23,1,expected
2018-10-22 07:19:59.346984,1514,52.46.136.77,443,3.0,0,1,1,23,1,expected
2018-10-22 07:19:59.347016,630,52.46.136.77,443,3.0,0,1,1,23,1,expected
2018-10-22 07:19:59.372823,491,52.46.136.77,443,3.0,0,1,1,23,1,expected
2018-10-22 07:19:59.405981,491,52.46.136.77,443,3.0,0,1,1,23,1,expected
2018-10-22 07:19:59.481000,491,52.46.136.77,443,3.0,0,1,1,23,1,expected
2018-10-22 07:19:59.499881,491,52.46.136.77,443,3.0,0,1,1,23,1,expected
2018-10-22 07:19:59.571229,491,52.46.136.77,443,3.0,0,1,1,23,1,expected
2018-10-22 07:19:59.618018,491,52.46.136.77,443,3.0,0,1,1,23,1,expected
2018-10-22 07:19:59.661505,491,52.46.136.77,443,3.0,0,1,1,23,1,expected
2018-10-22 07:19:59.721135,491,52.46.136.77,443,3.0,0,1,1,23,1,expected
2018-10-22 07:19:59.779801,491,52.46.136.77,443,3.0,0,1,1,23,1,expected
2018-10-22 07:19:59.834469,491,52.46.136.77,443,3.0,0,1,1,23,1,expected
2018-10-22 07:19:59.877980,491,52.46.136.77,443,3.0,0,1,1,23,1,expected
2018-10-22 07:19:59.904125,491,52.46.136.77,443,3.0,0,1,1,23,1,expected
2018-10-22 07:19:59.967968,491,52.46.136.77,443,3.0,0,1,1,23,1,expected
2018-10-22 07:20:00.013233,491,52.46.136.77,443,3.0,0,1,1,23,1,expected
2018-10-22 07:20:00.062014,491,52.46.136.77,443,3.0,0,1,1,23,1,expected
2018-10-22 07:20:00.117986,491,52.46.136.77,443,3.0,0,1,1,23,1,expected
2018-10-22 07:20:00.174025,491,52.46.136.77,443,3.0,0,1,1,23,1,expected
2018-10-22 07:20:00.205098,491,52.46.136.77,443,3.0,0,1,1,23,1,expected
2018-10-22 07:20:00.272412,491,52.46.136.77,443,3.0,0,1,1,23,1,expected
2018-10-22 07:20:00.302387,491,52.46.136.77,443,3.0,0,1,1,23,1,expected
2018-10-22 07:20:00.365784,491,52.46.136.77,443,3.0,0,1,1,23,1,expected
2018-10-22 07:20:00.422542,491,52.46.136.77,443,3.0,0,1,1,23,1,expected
2018-10-22 07:20:00.463956,491,52.46.136.77,443,3.0,0,1,1,23,1,expected
2018-10-22 07:20:00.528753,491,52.46.136.77,443,3.0,0,1,1,23,1,expected
2018-10-22 07:20:00.570970,491,52.46.136.77,443,3.0,0,1,1,23,1,expected
2018-10-22 07:20:00.606050,491,52.46.136.77,443,3.0,0,1,1,23,1,expected
2018-10-22 07:20:00.684689,491,52.46.136.77,443,3.0,0,1,1,23,1,expected
2018-10-22 07:20:00.704140,491,52.46.136.77,443,3.0,0,1,1,23,1,expected
2018-10-22 07:20:00.766669,491,52.46.136.77,443,3.0,0,1,1,23,1,expected
2018-10-22 07:20:00.817868,491,52.46.136.77,443,3.0,0,1,1,23,1,expected
2018-10-22 07:20:00.863899,491,52.46.136.77,443,3.0,0,1,1,23,1,expected
2018-10-22 07:20:00.917948,491,52.46.136.77,443,3.0,0,1,1,23,1,expected
2018-10-22 07:20:00.976299,491,52.46.136.77,443,3.0,0,1,1,23,1,expected
2018-10-22 07:20:01.019073,491,52.46.136.77,443,3.0,0,1,1,23,1,expected
2018-10-22 07:20:01.081150,491,52.46.136.77,443,3.0,0,1,1,23,1,expected
2018-10-22 07:20:01.104470,491,52.46.136.77,443,3.0,0,1,1,23,1,expected
2018-10-22 07:20:01.172634,491,52.46.136.77,443,3.0,0,1,1,23,1,expected
2018-10-22 07:20:01.226503,491,52.46.136.77,443,3.0,0,1,1,23,1,expected
2018-10-22 07:20:01.259727,491,52.46.136.77,443,3.0,0,1,1,23,1,expected
2018-10-22 07:20:01.320907,491,52.46.136.77,443,3.0,0,1,1,23,1,expected
2018-10-22 07:20:01.378886,491,52.46.136.77,443,3.0,0,1,1,23,1,expected
2018-10-22 07:20:01.403332,491,52.46.136.77,443,3.0,0,1,1,23,1,expected
2018-10-22 07:20:01.481626,491,52.46.136.77,443,3.0,0,1,1,23,1,expected
2018-10-22 07:20:01.505755,491,52.46.136.77,443,3.0,0,1,1,23,1,expected
2018-10-22 07:20:01.571828,491,52.46.136.77,443,3.0,0,1,1,23,1,expected
2018-10-22 07:20:01.622467,491,52.46.136.77,443,3.0,0,1,1,23,1,expected
2018-10-22 07:20:01.662460,491,52.46.136.77,443,3.0,0,1,1,23,1,expected
2018-10-22 07:20:01.718653,491,52.46.136.77,443,3.0,0,1,1,23,1,expected
2018-10-22 07:20:01.781007,491,52.46.136.77,443,3.0,0,1,1,23,1,expected
2018-10-22 07:20:01.805316,491,52.46.136.77,443,3.0,0,1,1,23,1,expected
2018-10-22 07:20:01.881535,491,52.46.136.77,443,3.0,0,1,1,23,1,expected
2018-10-22 07:20:01.934393,491,52.46.136.77,443,3.0,0,1,1,23,1,expected
2018-10-22 07:20:01.965537,491,52.46.136.77,443,3.0,0,1,1,23,1,expected
2018-10-22 07:20:02.013988,491,52.46.136.77,443,3.0,0,1,1,23,1,expected
2018-10-22 07:20:02.062077,491,52.46.136.77,443,3.0,0,1,1,23,1,expected
2018-10-22 07:20:02.118027,491,52.46.136.77,443,3.0,0,1,1,23,1,expected
2018-10-22 07:20:02.176120,491,52.46.136.77,443,3.0,0,1,1,23,1,expected
2018-10-22 07:20:02.206679,491,52.46.136.77,443,3.0,0,1,1,23,1,expected
2018-10-22 07:20:02.278277,491,52.46.136.77,443,3.0,0,1,1,23,1,expected
2018-10-22 07:20:02.300853,491,52.46.136.77,443,3.0,0,1,1,23,1,expected
2018-10-22 07:20:02.371464,491,52.46.136.77,443,3.0,0,1,1,23,1,expected
2018-10-22 07:20:02.416065,491,52.46.136.77,443,3.0,0,1,1,23,1,expected
2018-10-22 07:20:02.462595,491,52.46.136.77,443,3.0,0,1,1,23,1,expected
2018-10-22 07:20:02.521525,491,52.46.136.77,443,3.0,0,1,1,23,1,expected
2018-10-22 07:20:02.581213,491,52.46.136.77,443,3.0,0,1,1,23,1,expected
2018-10-22 07:20:02.636579,491,52.46.136.77,443,3.0,0,1,1,23,1,expected
2018-10-22 07:20:02.677979,491,52.46.136.77,443,3.0,0,1,1,23,1,expected
2018-10-22 07:20:02.699606,491,52.46.136.77,443,3.0,0,1,1,23,1,expected
2018-10-22 07:20:02.766742,54,52.46.136.77,443,1.0,3442,1,1,,1,ack
2018-10-22 07:20:02.773215,491,52.46.136.77,443,3.0,0,1,1,23,1,expected
2018-10-22 07:20:02.825271,491,52.46.136.77,443,3.0,0,1,1,23,1,expected
2018-10-22 07:20:02.864958,491,52.46.136.77,443,3.0,0,1,1,23,1,expected
2018-10-22 07:20:02.922971,491,52.46.136.77,443,3.0,0,1,1,23,1,expected
2018-10-22 07:20:02.973713,491,52.46.136.77,443,3.0,0,1,1,23,1,expected
2018-10-22 07:20:03.008354,491,52.46.136.77,443,3.0,0,1,1,23,1,expected
2018-10-22 07:20:03.081341,491,52.46.136.77,443,3.0,0,1,1,23,1,expected
2018-10-22 07:20:03.104972,491,52.46.136.77,443,3.0,0,1,1,23,1,expected
2018-10-22 07:20:03.166824,491,52.46.136.77,443,3.0,0,1,1,23,1,expected
2018-10-22 07:20:03.209133,54,52.46.136.77,443,1.0,442,1,1,,1,ack
2018-10-22 07:20:03.217466,491,52.46.136.77,443,3.0,0,1,1,23,1,expected
2018-10-22 07:20:03.269120,491,52.46.136.77,443,3.0,0,1,1,23,1,expected
2018-10-22 07:20:03.329064,491,52.46.136.77,443,3.0,0,1,1,23,1,expected
2018-10-22 07:20:03.374946,491,52.46.136.77,443,3.0,0,1,1,23,1,expected
2018-10-22 07:20:03.421983,491,52.46.136.77,443,3.0,0,1,1,23,1,expected
2018-10-22 07:20:03.478553,491,52.46.136.77,443,3.0,0,1,1,23,1,expected
2018-10-22 07:20:03.505281,491,52.46.136.77,443,3.0,0,1,1,23,1,expected
2018-10-22 07:20:03.570350,491,52.46.136.77,443,3.0,0,1,1,23,1,expected
2018-10-22 07:20:03.580363,54,52.46.136.77,443,1.0,371,1,1,,1,ack
2018-10-22 07:20:03.583914,54,52.46.136.77,443,1.0,3,1,1,,1,ack
2018-10-22 07:20:03.586247,54,52.46.136.77,443,1.0,2,1,1,,1,ack
2018-10-22 07:20:03.694703,54,52.46.136.77,443,1.0,108,1,1,,1,ack
2018-10-22 07:20:03.694992,491,52.46.136.77,443,3.0,0,1,1,23,1,expected
2018-10-22 07:20:03.695045,491,52.46.136.77,443,3.0,0,1,1,23,1,expected
2018-10-22 07:20:03.695152,54,52.46.136.77,443,1.0,0,1,1,,1,ack
2018-10-22 07:20:03.695587,54,52.46.136.77,443,1.0,0,1,1,,1,ack
2018-10-22 07:20:03.696445,54,52.46.136.77,443,1.0,0,1,1,,1,ack
2018-10-22 07:20:03.696918,54,52.46.136.77,443,1.0,0,1,1,,1,ack
2018-10-22 07:20:03.718071,491,52.46.136.77,443,3.0,0,1,1,23,1,expected
2018-10-22 07:20:03.719750,54,52.46.136.77,443,1.0,22,1,1,,1,ack
2018-10-22 07:20:03.720414,54,52.46.136.77,443,1.0,0,1,1,,1,ack
2018-10-22 07:20:03.727307,99,52.46.136.77,443,3.0,0,1,1,23,1,expected
2018-10-22 07:20:03.808242,491,52.46.136.77,443,3.0,0,1,1,23,1,expected
2018-10-22 07:20:03.837347,491,52.46.136.77,443,3.0,0,1,1,23,1,expected
2018-10-22 07:20:03.837602,91,52.46.136.77,443,3.0,0,1,1,23,1,expected
2018-10-22 07:20:03.837736,91,52.46.136.77,443,3.0,0,1,1,23,1,expected
2018-10-22 07:20:03.933290,303,52.46.136.77,443,3.0,0,1,1,23,1,expected
2018-10-22 07:20:04.152523,54,52.46.136.77,443,1.0,432,1,1,,1,ack
2018-10-22 07:20:07.641259,175,52.46.136.77,443,3.0,0,1,1,23,1,expected
2018-10-22 07:20:12.536350,77,104.154.126.114,4070,2.0,0,1,1,,1,syn
2018-10-22 07:20:12.556020,66,104.154.126.114,4070,1.0,30900,1,1,,1,ack
2018-10-22 07:20:20.486785,295,176.32.99.148,443,3.0,0,1,1,23,1,expected
2018-10-22 07:20:20.504580,54,176.32.99.148,443,1.0,-88170666,1,1,,1,ack
2018-10-22 07:20:27.682633,285,52.46.136.77,443,3.0,0,1,1,23,1,expected
2018-10-22 07:20:27.756977,942,52.46.136.77,443,3.0,0,1,1,23,1,expected
2018-10-22 07:20:27.771355,631,52.46.136.77,443,3.0,0,1,1,23,1,expected
2018-10-22 07:20:27.778449,491,52.46.136.77,443,3.0,0,1,1,23,1,expected
2018-10-22 07:20:27.786128,491,52.46.136.77,443,3.0,0,1,1,23,1,expected
2018-10-22 07:20:27.828098,491,52.46.136.77,443,3.0,0,1,1,23,1,expected
2018-10-22 07:20:27.828486,491,52.46.136.77,443,3.0,0,1,1,23,1,expected
2018-10-22 07:20:27.828517,491,52.46.136.77,443,3.0,0,1,1,23,1,expected
2018-10-22 07:20:27.829797,491,52.46.136.77,443,3.0,0,1,1,23,1,expected
2018-10-22 07:20:27.839628,1514,52.46.136.77,443,3.0,0,1,1,23,1,expected
2018-10-22 07:20:27.840582,1514,52.46.136.77,443,3.0,0,1,1,23,1,expected
2018-10-22 07:20:27.840613,1514,52.46.136.77,443,3.0,0,1,1,23,1,expected
2018-10-22 07:20:27.841956,1514,52.46.136.77,443,3.0,0,1,1,23,1,expected
2018-10-22 07:20:27.846503,1514,52.46.136.77,443,3.0,0,1,1,23,1,expected
2018-10-22 07:20:27.848283,1514,52.46.136.77,443,3.0,0,1,1,23,1,expected
2018-10-22 07:20:27.848317,1514,52.46.136.77,443,3.0,0,1,1,23,1,expected
2018-10-22 07:20:27.848761,1196,52.46.136.77,443,3.0,0,1,1,23,1,expected
2018-10-22 07:20:27.915458,491,52.46.136.77,443,3.0,0,1,1,23,1,expected
2018-10-22 07:20:27.936120,491,52.46.136.77,443,3.0,0,1,1,23,1,expected
2018-10-22 07:20:27.998188,491,52.46.136.77,443,3.0,0,1,1,23,1,expected
2018-10-22 07:20:28.049082,491,52.46.136.77,443,3.0,0,1,1,23,1,expected
2018-10-22 07:20:28.093325,491,52.46.136.77,443,3.0,0,1,1,23,1,expected
2018-10-22 07:20:28.146482,491,52.46.136.77,443,3.0,0,1,1,23,1,expected
2018-10-22 07:20:28.212480,491,52.46.136.77,443,3.0,0,1,1,23,1,expected
2018-10-22 07:20:28.237612,491,52.46.136.77,443,3.0,0,1,1,23,1,expected
2018-10-22 07:20:28.307794,491,52.46.136.77,443,3.0,0,1,1,23,1,expected
2018-10-22 07:20:28.332154,491,52.46.136.77,443,3.0,0,1,1,23,1,expected
2018-10-22 07:20:28.404550,491,52.46.136.77,443,3.0,0,1,1,23,1,expected
2018-10-22 07:20:28.445443,491,52.46.136.77,443,3.0,0,1,1,23,1,expected
2018-10-22 07:20:28.497736,491,52.46.136.77,443,3.0,0,1,1,23,1,expected
2018-10-22 07:20:28.539165,491,52.46.136.77,443,3.0,0,1,1,23,1,expected
2018-10-22 07:20:28.611866,491,52.46.136.77,443,3.0,0,1,1,23,1,expected
2018-10-22 07:20:28.640329,491,52.46.136.77,443,3.0,0,1,1,23,1,expected
2018-10-22 07:20:28.707124,491,52.46.136.77,443,3.0,0,1,1,23,1,expected
2018-10-22 07:20:28.734525,491,52.46.136.77,443,3.0,0,1,1,23,1,expected
2018-10-22 07:20:28.803177,491,52.46.136.77,443,3.0,0,1,1,23,1,expected
2018-10-22 07:20:28.847396,491,52.46.136.77,443,3.0,0,1,1,23,1,expected
2018-10-22 07:20:28.893524,491,52.46.136.77,443,3.0,0,1,1,23,1,expected
2018-10-22 07:20:28.947198,491,52.46.136.77,443,3.0,0,1,1,23,1,expected
2018-10-22 07:20:29.012366,491,52.46.136.77,443,3.0,0,1,1,23,1,expected
2018-10-22 07:20:29.040091,491,52.46.136.77,443,3.0,0,1,1,23,1,expected
2018-10-22 07:20:29.106855,491,52.46.136.77,443,3.0,0,1,1,23,1,expected
2018-10-22 07:20:29.136660,491,52.46.136.77,443,3.0,0,1,1,23,1,expected
2018-10-22 07:20:29.200568,491,52.46.136.77,443,3.0,0,1,1,23,1,expected
2018-10-22 07:20:29.244107,491,52.46.136.77,443,3.0,0,1,1,23,1,expected
2018-10-22 07:20:29.293725,491,52.46.136.77,443,3.0,0,1,1,23,1,expected
2018-10-22 07:20:29.339866,491,52.46.136.77,443,3.0,0,1,1,23,1,expected
2018-10-22 07:20:29.412942,491,52.46.136.77,443,3.0,0,1,1,23,1,expected
2018-10-22 07:20:29.436434,491,52.46.136.77,443,3.0,0,1,1,23,1,expected
2018-10-22 07:20:29.506990,491,52.46.136.77,443,3.0,0,1,1,23,1,expected
2018-10-22 07:20:29.531596,491,52.46.136.77,443,3.0,0,1,1,23,1,expected
2018-10-22 07:20:29.602473,491,52.46.136.77,443,3.0,0,1,1,23,1,expected
2018-10-22 07:20:29.646781,491,52.46.136.77,443,3.0,0,1,1,23,1,expected
2018-10-22 07:20:29.693313,491,52.46.136.77,443,3.0,0,1,1,23,1,expected
2018-10-22 07:20:29.740574,491,52.46.136.77,443,3.0,0,1,1,23,1,expected
2018-10-22 07:20:29.812577,491,52.46.136.77,443,3.0,0,1,1,23,1,expected
2018-10-22 07:20:29.836259,491,52.46.136.77,443,3.0,0,1,1,23,1,expected
2018-10-22 07:20:29.929550,491,52.46.136.77,443,3.0,0,1,1,23,1,expected
2018-10-22 07:20:29.933547,491,52.46.136.77,443,3.0,0,1,1,23,1,expected
2018-10-22 07:20:29.998995,491,52.46.136.77,443,3.0,0,1,1,23,1,expected
2018-10-22 07:20:30.044676,491,52.46.136.77,443,3.0,0,1,1,23,1,expected
2018-10-22 07:20:30.094104,491,52.46.136.77,443,3.0,0,1,1,23,1,expected
2018-10-22 07:20:30.143238,491,52.46.136.77,443,3.0,0,1,1,23,1,expected
2018-10-22 07:20:30.209002,491,52.46.136.77,443,3.0,0,1,1,23,1,expected
2018-10-22 07:20:30.239485,491,52.46.136.77,443,3.0,0,1,1,23,1,expected
2018-10-22 07:20:30.304253,491,52.46.136.77,443,3.0,0,1,1,23,1,expected
2018-10-22 07:20:30.336076,491,52.46.136.77,443,3.0,0,1,1,23,1,expected
2018-10-22 07:20:30.400920,491,52.46.136.77,443,3.0,0,1,1,23,1,expected
2018-10-22 07:20:30.442535,54,52.46.136.77,443,1.0,26290,1,1,,1,ack
2018-10-22 07:20:30.445788,491,52.46.136.77,443,3.0,0,1,1,23,1,expected
2018-10-22 07:20:30.493327,491,52.46.136.77,443,3.0,0,1,1,23,1,expected
2018-10-22 07:20:30.549870,491,52.46.136.77,443,3.0,0,1,1,23,1,expected
2018-10-22 07:20:30.629657,491,52.46.136.77,443,3.0,0,1,1,23,1,expected
2018-10-22 07:20:30.639865,491,52.46.136.77,443,3.0,0,1,1,23,1,expected
2018-10-22 07:20:30.704988,491,52.46.136.77,443,3.0,0,1,1,23,1,expected
2018-10-22 07:20:30.715489,54,52.46.136.77,443,1.0,272,1,1,,1,ack
2018-10-22 07:20:30.736927,491,52.46.136.77,443,3.0,0,1,1,23,1,expected
2018-10-22 07:20:30.800580,491,52.46.136.77,443,3.0,0,1,1,23,1,expected
2018-10-22 07:20:30.854175,491,52.46.136.77,443,3.0,0,1,1,23,1,expected
2018-10-22 07:20:30.895798,491,52.46.136.77,443,3.0,0,1,1,23,1,expected
2018-10-22 07:20:30.943650,491,52.46.136.77,443,3.0,0,1,1,23,1,expected
2018-10-22 07:20:31.005802,491,52.46.136.77,443,3.0,0,1,1,23,1,expected
2018-10-22 07:20:31.043935,491,52.46.136.77,443,3.0,0,1,1,23,1,expected
2018-10-22 07:20:31.087750,54,52.46.136.77,443,1.0,372,1,1,,1,ack
2018-10-22 07:20:31.087986,54,52.46.136.77,443,1.0,0,1,1,,1,ack
2018-10-22 07:20:31.091741,54,52.46.136.77,443,1.0,3,1,1,,1,ack
2018-10-22 07:20:31.108771,54,52.46.136.77,443,1.0,17,1,1,,1,ack
2018-10-22 07:20:31.110213,491,52.46.136.77,443,3.0,0,1,1,23,1,expected
2018-10-22 07:20:31.115710,54,52.46.136.77,443,1.0,6,1,1,,1,ack
2018-10-22 07:20:31.115844,54,52.46.136.77,443,1.0,0,1,1,,1,ack
2018-10-22 07:20:31.159099,491,52.46.136.77,443,3.0,0,1,1,23,1,expected
2018-10-22 07:20:31.159301,54,52.46.136.77,443,1.0,43,1,1,,1,ack
2018-10-22 07:20:31.159427,54,52.46.136.77,443,1.0,0,1,1,,1,ack
2018-10-22 07:20:31.159545,54,52.46.136.77,443,1.0,0,1,1,,1,ack
2018-10-22 07:20:31.206326,491,52.46.136.77,443,3.0,0,1,1,23,1,expected
2018-10-22 07:20:31.250990,491,52.46.136.77,443,3.0,0,1,1,23,1,expected
2018-10-22 07:20:31.300277,491,52.46.136.77,443,3.0,0,1,1,23,1,expected
2018-10-22 07:20:31.300491,91,52.46.136.77,443,3.0,0,1,1,23,1,expected
2018-10-22 07:20:31.300636,91,52.46.136.77,443,3.0,0,1,1,23,1,expected
2018-10-22 07:20:31.346645,302,52.46.136.77,443,3.0,0,1,1,23,1,expected
2018-10-22 07:20:31.825451,54,52.46.136.77,443,1.0,665,1,1,,1,ack
2018-10-22 07:20:35.107251,176,52.46.136.77,443,3.0,0,1,1,23,1,expected
2018-10-22 07:20:42.603848,77,104.154.126.114,4070,2.0,0,1,1,,1,syn
2018-10-22 07:20:42.622306,66,104.154.126.114,4070,1.0,30066,1,1,,1,ack
2018-10-22 07:20:55.655034,290,52.46.136.77,443,3.0,0,1,1,23,1,expected
2018-10-22 07:20:55.695663,933,52.46.136.77,443,3.0,0,1,1,23,1,expected
2018-10-22 07:20:55.725948,231,52.46.136.77,443,3.0,0,1,1,23,1,expected
2018-10-22 07:20:55.725977,891,52.46.136.77,443,3.0,0,1,1,23,1,expected
2018-10-22 07:20:55.726032,928,52.46.136.77,443,3.0,0,1,1,23,1,expected
2018-10-22 07:20:55.745161,491,52.46.136.77,443,3.0,0,1,1,23,1,expected
2018-10-22 07:20:55.746812,1514,52.46.136.77,443,3.0,0,1,1,23,1,expected
2018-10-22 07:20:55.746842,1514,52.46.136.77,443,3.0,0,1,1,23,1,expected
2018-10-22 07:20:55.746865,193,52.46.136.77,443,3.0,0,1,1,23,1,expected
2018-10-22 07:20:55.765228,491,52.46.136.77,443,3.0,0,1,1,23,1,expected
2018-10-22 07:20:55.765667,1514,52.46.136.77,443,3.0,0,1,1,23,1,expected
2018-10-22 07:20:55.766827,1514,52.46.136.77,443,3.0,0,1,1,23,1,expected
2018-10-22 07:20:55.766859,193,52.46.136.77,443,3.0,0,1,1,23,1,expected
2018-10-22 07:20:55.766882,491,52.46.136.77,443,3.0,0,1,1,23,1,expected
2018-10-22 07:20:55.766962,491,52.46.136.77,443,3.0,0,1,1,23,1,expected
2018-10-22 07:20:55.773268,491,52.46.136.77,443,3.0,0,1,1,23,1,expected
2018-10-22 07:20:55.773684,1514,52.46.136.77,443,3.0,0,1,1,23,1,expected
2018-10-22 07:20:55.784497,1216,52.46.136.77,443,3.0,0,1,1,23,1,expected
2018-10-22 07:20:55.784795,491,52.46.136.77,443,3.0,0,1,1,23,1,expected
2018-10-22 07:20:55.827140,1365,52.46.136.77,443,3.0,0,1,1,23,1,expected
2018-10-22 07:20:55.828729,491,52.46.136.77,443,3.0,0,1,1,23,1,expected
2018-10-22 07:20:55.828758,1514,52.46.136.77,443,3.0,0,1,1,23,1,expected
2018-10-22 07:20:55.828812,779,52.46.136.77,443,3.0,0,1,1,23,1,expected
2018-10-22 07:20:55.836129,66,52.46.136.77,443,1.0,24010,1,1,,1,ack
2018-10-22 07:20:55.887257,503,52.46.136.77,443,3.0,0,1,1,23,1,expected
2018-10-22 07:20:55.887411,54,52.46.136.77,443,1.0,51,1,1,,1,ack
2018-10-22 07:20:55.945102,491,52.46.136.77,443,3.0,0,1,1,23,1,expected
2018-10-22 07:20:55.965996,491,52.46.136.77,443,3.0,0,1,1,23,1,expected
2018-10-22 07:20:56.051980,491,52.46.136.77,443,3.0,0,1,1,23,1,expected
2018-10-22 07:20:56.063239,491,52.46.136.77,443,3.0,0,1,1,23,1,expected
2018-10-22 07:20:56.128986,491,52.46.136.77,443,3.0,0,1,1,23,1,expected
2018-10-22 07:20:56.175533,491,52.46.136.77,443,3.0,0,1,1,23,1,expected
2018-10-22 07:20:56.238847,491,52.46.136.77,443,3.0,0,1,1,23,1,expected
2018-10-22 07:20:56.280269,491,52.46.136.77,443,3.0,0,1,1,23,1,expected
2018-10-22 07:20:56.334372,491,52.46.136.77,443,3.0,0,1,1,23,1,expected
2018-10-22 07:20:56.369700,491,52.46.136.77,443,3.0,0,1,1,23,1,expected
2018-10-22 07:20:56.442372,491,52.46.136.77,443,3.0,0,1,1,23,1,expected
2018-10-22 07:20:56.461089,491,52.46.136.77,443,3.0,0,1,1,23,1,expected
2018-10-22 07:20:56.530921,491,52.46.136.77,443,3.0,0,1,1,23,1,expected
2018-10-22 07:20:56.572862,491,52.46.136.77,443,3.0,0,1,1,23,1,expected
2018-10-22 07:20:56.621760,491,52.46.136.77,443,3.0,0,1,1,23,1,expected
2018-10-22 07:20:56.670526,491,52.46.136.77,443,3.0,0,1,1,23,1,expected
2018-10-22 07:20:56.735869,491,52.46.136.77,443,3.0,0,1,1,23,1,expected
2018-10-22 07:20:56.767906,491,52.46.136.77,443,3.0,0,1,1,23,1,expected
2018-10-22 07:20:56.842377,491,52.46.136.77,443,3.0,0,1,1,23,1,expected
2018-10-22 07:20:56.864563,491,52.46.136.77,443,3.0,0,1,1,23,1,expected
2018-10-22 07:20:56.930092,491,52.46.136.77,443,3.0,0,1,1,23,1,expected
2018-10-22 07:20:56.975788,491,52.46.136.77,443,3.0,0,1,1,23,1,expected
2018-10-22 07:20:57.024323,491,52.46.136.77,443,3.0,0,1,1,23,1,expected
2018-10-22 07:20:57.082709,491,52.46.136.77,443,3.0,0,1,1,23,1,expected
2018-10-22 07:20:57.136727,491,52.46.136.77,443,3.0,0,1,1,23,1,expected
2018-10-22 07:20:57.166111,491,52.46.136.77,443,3.0,0,1,1,23,1,expected
2018-10-22 07:20:57.231581,491,52.46.136.77,443,3.0,0,1,1,23,1,expected
2018-10-22 07:20:57.262589,491,52.46.136.77,443,3.0,0,1,1,23,1,expected
2018-10-22 07:20:57.328522,491,52.46.136.77,443,3.0,0,1,1,23,1,expected
2018-10-22 07:20:57.377585,491,52.46.136.77,443,3.0,0,1,1,23,1,expected
2018-10-22 07:20:57.425212,491,52.46.136.77,443,3.0,0,1,1,23,1,expected
2018-10-22 07:20:57.483202,491,52.46.136.77,443,3.0,0,1,1,23,1,expected
2018-10-22 07:20:57.535555,491,52.46.136.77,443,3.0,0,1,1,23,1,expected
2018-10-22 07:20:57.563237,491,52.46.136.77,443,3.0,0,1,1,23,1,expected
2018-10-22 07:20:57.642378,491,52.46.136.77,443,3.0,0,1,1,23,1,expected
2018-10-22 07:20:57.662036,491,52.46.136.77,443,3.0,0,1,1,23,1,expected
2018-10-22 07:20:57.735680,491,52.46.136.77,443,3.0,0,1,1,23,1,expected
2018-10-22 07:20:57.773643,491,52.46.136.77,443,3.0,0,1,1,23,1,expected
2018-10-22 07:20:57.828803,491,52.46.136.77,443,3.0,0,1,1,23,1,expected
2018-10-22 07:20:57.828905,54,52.46.136.77,443,1.0,1941,1,1,,1,ack
2018-10-22 07:20:57.880452,491,52.46.136.77,443,3.0,0,1,1,23,1,expected
2018-10-22 07:20:57.968602,491,52.46.136.77,443,3.0,0,1,1,23,1,expected
2018-10-22 07:20:58.022274,491,52.46.136.77,443,3.0,0,1,1,23,1,expected
2018-10-22 07:20:58.041400,491,52.46.136.77,443,3.0,0,1,1,23,1,expected
2018-10-22 07:20:58.083272,491,52.46.136.77,443,3.0,0,1,1,23,1,expected
2018-10-22 07:20:58.159617,491,52.46.136.77,443,3.0,0,1,1,23,1,expected
2018-10-22 07:20:58.177582,491,52.46.136.77,443,3.0,0,1,1,23,1,expected
2018-10-22 07:20:58.242983,491,52.46.136.77,443,3.0,0,1,1,23,1,expected
2018-10-22 07:20:58.293847,491,52.46.136.77,443,3.0,0,1,1,23,1,expected
2018-10-22 07:20:58.333585,491,52.46.136.77,443,3.0,0,1,1,23,1,expected
2018-10-22 07:20:58.366306,491,52.46.136.77,443,3.0,0,1,1,23,1,expected
2018-10-22 07:20:58.448929,491,52.46.136.77,443,3.0,0,1,1,23,1,expected
2018-10-22 07:20:58.478397,491,52.46.136.77,443,3.0,0,1,1,23,1,expected
2018-10-22 07:20:58.634048,491,52.46.136.77,443,3.0,0,1,1,23,1,expected
2018-10-22 07:20:58.634530,491,52.46.136.77,443,3.0,0,1,1,23,1,expected
2018-10-22 07:20:58.635889,491,52.46.136.77,443,3.0,0,1,1,23,1,expected
2018-10-22 07:20:58.679379,491,52.46.136.77,443,3.0,0,1,1,23,1,expected
2018-10-22 07:20:58.737425,491,52.46.136.77,443,3.0,0,1,1,23,1,expected
2018-10-22 07:20:58.769179,491,52.46.136.77,443,3.0,0,1,1,23,1,expected
2018-10-22 07:20:58.842693,491,52.46.136.77,443,3.0,0,1,1,23,1,expected
2018-10-22 07:20:58.866184,491,52.46.136.77,443,3.0,0,1,1,23,1,expected
2018-10-22 07:20:58.932179,491,52.46.136.77,443,3.0,0,1,1,23,1,expected
2018-10-22 07:20:58.976629,491,52.46.136.77,443,3.0,0,1,1,23,1,expected
2018-10-22 07:20:59.023650,491,52.46.136.77,443,3.0,0,1,1,23,1,expected
2018-10-22 07:20:59.083461,491,52.46.136.77,443,3.0,0,1,1,23,1,expected
2018-10-22 07:20:59.138324,491,52.46.136.77,443,3.0,0,1,1,23,1,expected
2018-10-22 07:20:59.167341,491,52.46.136.77,443,3.0,0,1,1,23,1,expected
2018-10-22 07:20:59.194808,54,52.46.136.77,443,1.0,1365,1,1,,1,ack
2018-10-22 07:20:59.243479,491,52.46.136.77,443,3.0,0,1,1,23,1,expected
2018-10-22 07:20:59.265954,491,52.46.136.77,443,3.0,0,1,1,23,1,expected
2018-10-22 07:20:59.284668,54,52.46.136.77,443,1.0,89,1,1,,1,ack
2018-10-22 07:20:59.329149,491,52.46.136.77,443,3.0,0,1,1,23,1,expected
2018-10-22 07:20:59.379612,491,52.46.136.77,443,3.0,0,1,1,23,1,expected
2018-10-22 07:20:59.424055,491,52.46.136.77,443,3.0,0,1,1,23,1,expected
2018-10-22 07:20:59.482581,491,52.46.136.77,443,3.0,0,1,1,23,1,expected
2018-10-22 07:20:59.489633,54,52.46.136.77,443,1.0,204,1,1,,1,ack
2018-10-22 07:20:59.545558,491,52.46.136.77,443,3.0,0,1,1,23,1,expected
2018-10-22 07:20:59.569278,491,52.46.136.77,443,3.0,0,1,1,23,1,expected
2018-10-22 07:20:59.644189,491,52.46.136.77,443,3.0,0,1,1,23,1,expected
2018-10-22 07:20:59.669774,491,52.46.136.77,443,3.0,0,1,1,23,1,expected
2018-10-22 07:20:59.729163,491,52.46.136.77,443,3.0,0,1,1,23,1,expected
2018-10-22 07:20:59.774505,491,52.46.136.77,443,3.0,0,1,1,23,1,expected
2018-10-22 07:20:59.808819,54,52.46.136.77,443,1.0,319,1,1,,1,ack
2018-10-22 07:20:59.809927,54,52.46.136.77,443,1.0,1,1,1,,1,ack
2018-10-22 07:20:59.810867,54,52.46.136.77,443,1.0,0,1,1,,1,ack
2018-10-22 07:20:59.811117,54,52.46.136.77,443,1.0,0,1,1,,1,ack
2018-10-22 07:20:59.815068,54,52.46.136.77,443,1.0,3,1,1,,1,ack
2018-10-22 07:20:59.815861,54,52.46.136.77,443,1.0,0,1,1,,1,ack
2018-10-22 07:20:59.816074,54,52.46.136.77,443,1.0,0,1,1,,1,ack
2018-10-22 07:20:59.827073,54,52.46.136.77,443,1.0,10,1,1,,1,ack
2018-10-22 07:20:59.837468,54,52.46.136.77,443,1.0,10,1,1,,1,ack
2018-10-22 07:20:59.838231,54,52.46.136.77,443,1.0,0,1,1,,1,ack
2018-10-22 07:20:59.838443,54,52.46.136.77,443,1.0,0,1,1,,1,ack
2018-10-22 07:20:59.839440,54,52.46.136.77,443,1.0,0,1,1,,1,ack
2018-10-22 07:20:59.839552,54,52.46.136.77,443,1.0,0,1,1,,1,ack
2018-10-22 07:20:59.840898,54,52.46.136.77,443,1.0,1,1,1,,1,ack
2018-10-22 07:20:59.841121,54,52.46.136.77,443,1.0,0,1,1,,1,ack
2018-10-22 07:20:59.846169,54,52.46.136.77,443,1.0,5,1,1,,1,ack
2018-10-22 07:20:59.856900,54,52.46.136.77,443,1.0,10,1,1,,1,ack
2018-10-22 07:20:59.858481,54,52.46.136.77,443,1.0,1,1,1,,1,ack
2018-10-22 07:20:59.862432,99,52.46.136.77,443,3.0,0,1,1,23,1,expected
2018-10-22 07:20:59.867062,491,52.46.136.77,443,3.0,0,1,1,23,1,expected
2018-10-22 07:20:59.882915,491,52.46.136.77,443,3.0,0,1,1,23,1,expected
2018-10-22 07:20:59.935176,491,52.46.136.77,443,3.0,0,1,1,23,1,expected
2018-10-22 07:20:59.965981,491,52.46.136.77,443,3.0,0,1,1,23,1,expected
2018-10-22 07:21:00.037890,491,52.46.136.77,443,3.0,0,1,1,23,1,expected
2018-10-22 07:21:00.041271,91,52.46.136.77,443,3.0,0,1,1,23,1,expected
2018-10-22 07:21:00.041549,91,52.46.136.77,443,3.0,0,1,1,23,1,expected
2018-10-22 07:21:00.104226,304,52.46.136.77,443,3.0,0,1,1,23,1,expected
2018-10-22 07:21:00.617162,54,52.46.136.77,443,1.0,758,1,1,,1,ack
2018-10-22 07:21:00.617402,54,52.46.136.77,443,1.0,0,1,1,,1,ack
2018-10-22 07:21:03.945342,177,52.46.136.77,443,3.0,0,1,1,23,1,expected
2018-10-22 07:21:04.767267,66,104.154.126.114,4070,1.0,22144,1,1,,1,ack
2018-10-22 07:21:13.563099,77,104.154.126.114,4070,2.0,0,1,1,,1,syn
2018-10-22 07:21:13.589575,66,104.154.126.114,4070,1.0,8822,1,1,,1,ack
2018-10-22 07:21:33.971227,95,52.46.136.77,443,3.0,0,1,1,23,1,expected
2018-10-22 07:21:33.989942,54,52.46.136.77,443,1.0,33372,1,1,,1,ack
2018-10-22 07:21:34.467746,283,52.46.136.77,443,3.0,0,1,1,23,1,expected
2018-10-22 07:21:34.504572,941,52.46.136.77,443,3.0,0,1,1,23,1,expected
2018-10-22 07:21:34.526157,631,52.46.136.77,443,3.0,0,1,1,23,1,expected
2018-10-22 07:21:34.531156,491,52.46.136.77,443,3.0,0,1,1,23,1,expected
2018-10-22 07:21:34.540559,491,52.46.136.77,443,3.0,0,1,1,23,1,expected
2018-10-22 07:21:34.545602,491,52.46.136.77,443,3.0,0,1,1,23,1,expected
2018-10-22 07:21:34.548390,491,52.46.136.77,443,3.0,0,1,1,23,1,expected
2018-10-22 07:21:34.551358,491,52.46.136.77,443,3.0,0,1,1,23,1,expected
2018-10-22 07:21:34.552615,491,52.46.136.77,443,3.0,0,1,1,23,1,expected
2018-10-22 07:21:34.553835,491,52.46.136.77,443,3.0,0,1,1,23,1,expected
2018-10-22 07:21:34.562698,491,52.46.136.77,443,3.0,0,1,1,23,1,expected
2018-10-22 07:21:34.563654,491,52.46.136.77,443,3.0,0,1,1,23,1,expected
2018-10-22 07:21:34.563704,491,52.46.136.77,443,3.0,0,1,1,23,1,expected
2018-10-22 07:21:34.566788,1365,52.46.136.77,443,3.0,0,1,1,23,1,expected
2018-10-22 07:21:34.567310,491,52.46.136.77,443,3.0,0,1,1,23,1,expected
2018-10-22 07:21:34.574957,491,52.46.136.77,443,3.0,0,1,1,23,1,expected
2018-10-22 07:21:34.575931,491,52.46.136.77,443,3.0,0,1,1,23,1,expected
2018-10-22 07:21:34.606206,1514,52.46.136.77,443,3.0,0,1,1,23,1,expected
2018-10-22 07:21:34.606841,1514,52.46.136.77,443,3.0,0,1,1,23,1,expected
2018-10-22 07:21:34.606884,1514,52.46.136.77,443,3.0,0,1,1,23,1,expected
2018-10-22 07:21:34.606913,918,52.46.136.77,443,3.0,0,1,1,23,1,expected
2018-10-22 07:21:34.606940,491,52.46.136.77,443,3.0,0,1,1,23,1,expected
2018-10-22 07:21:34.610826,491,52.46.136.77,443,3.0,0,1,1,23,1,expected
2018-10-22 07:21:34.612155,491,52.46.136.77,443,3.0,0,1,1,23,1,expected
2018-10-22 07:21:34.624497,491,52.46.136.77,443,3.0,0,1,1,23,1,expected
2018-10-22 07:21:34.660231,54,52.46.136.77,443,1.0,670,1,1,,1,ack
2018-10-22 07:21:34.686639,491,52.46.136.77,443,3.0,0,1,1,23,1,expected
2018-10-22 07:21:34.723792,491,52.46.136.77,443,3.0,0,1,1,23,1,expected
2018-10-22 07:21:34.785203,491,52.46.136.77,443,3.0,0,1,1,23,1,expected
2018-10-22 07:21:34.816554,491,52.46.136.77,443,3.0,0,1,1,23,1,expected
2018-10-22 07:21:34.879318,491,52.46.136.77,443,3.0,0,1,1,23,1,expected
2018-10-22 07:21:34.934005,491,52.46.136.77,443,3.0,0,1,1,23,1,expected
2018-10-22 07:21:34.974928,491,52.46.136.77,443,3.0,0,1,1,23,1,expected
2018-10-22 07:21:35.036665,491,52.46.136.77,443,3.0,0,1,1,23,1,expected
2018-10-22 07:21:35.088076,491,52.46.136.77,443,3.0,0,1,1,23,1,expected
2018-10-22 07:21:35.122816,491,52.46.136.77,443,3.0,0,1,1,23,1,expected
2018-10-22 07:21:35.188673,491,52.46.136.77,443,3.0,0,1,1,23,1,expected
2018-10-22 07:21:35.215819,491,52.46.136.77,443,3.0,0,1,1,23,1,expected
2018-10-22 07:21:35.287680,491,52.46.136.77,443,3.0,0,1,1,23,1,expected
2018-10-22 07:21:35.323514,491,52.46.136.77,443,3.0,0,1,1,23,1,expected
2018-10-22 07:21:35.378581,491,52.46.136.77,443,3.0,0,1,1,23,1,expected
2018-10-22 07:21:35.424734,491,52.46.136.77,443,3.0,0,1,1,23,1,expected
2018-10-22 07:21:35.488476,491,52.46.136.77,443,3.0,0,1,1,23,1,expected
2018-10-22 07:21:35.520207,491,52.46.136.77,443,3.0,0,1,1,23,1,expected
2018-10-22 07:21:35.590304,491,52.46.136.77,443,3.0,0,1,1,23,1,expected
2018-10-22 07:21:35.617913,491,52.46.136.77,443,3.0,0,1,1,23,1,expected
2018-10-22 07:21:35.684166,491,52.46.136.77,443,3.0,0,1,1,23,1,expected
2018-10-22 07:21:35.733935,491,52.46.136.77,443,3.0,0,1,1,23,1,expected
2018-10-22 07:21:35.772413,491,52.46.136.77,443,3.0,0,1,1,23,1,expected
2018-10-22 07:21:35.822408,491,52.46.136.77,443,3.0,0,1,1,23,1,expected
2018-10-22 07:21:35.887555,491,52.46.136.77,443,3.0,0,1,1,23,1,expected
2018-10-22 07:21:35.919502,491,52.46.136.77,443,3.0,0,1,1,23,1,expected
2018-10-22 07:21:35.985981,491,52.46.136.77,443,3.0,0,1,1,23,1,expected
2018-10-22 07:21:36.017935,491,52.46.136.77,443,3.0,0,1,1,23,1,expected
2018-10-22 07:21:36.086361,491,52.46.136.77,443,3.0,0,1,1,23,1,expected
2018-10-22 07:21:36.131153,491,52.46.136.77,443,3.0,0,1,1,23,1,expected
2018-10-22 07:21:36.177668,491,52.46.136.77,443,3.0,0,1,1,23,1,expected
2018-10-22 07:21:36.224121,491,52.46.136.77,443,3.0,0,1,1,23,1,expected
2018-10-22 07:21:36.291773,491,52.46.136.77,443,3.0,0,1,1,23,1,expected
2018-10-22 07:21:36.321962,491,52.46.136.77,443,3.0,0,1,1,23,1,expected
2018-10-22 07:21:36.385020,491,52.46.136.77,443,3.0,0,1,1,23,1,expected
2018-10-22 07:21:36.429400,491,52.46.136.77,443,3.0,0,1,1,23,1,expected
2018-10-22 07:21:36.483032,491,52.46.136.77,443,3.0,0,1,1,23,1,expected
2018-10-22 07:21:36.528725,491,52.46.136.77,443,3.0,0,1,1,23,1,expected
2018-10-22 07:21:36.577063,491,52.46.136.77,443,3.0,0,1,1,23,1,expected
2018-10-22 07:21:36.628547,491,52.46.136.77,443,3.0,0,1,1,23,1,expected
2018-10-22 07:21:36.699100,491,52.46.136.77,443,3.0,0,1,1,23,1,expected
2018-10-22 07:21:36.723154,491,52.46.136.77,443,3.0,0,1,1,23,1,expected
2018-10-22 07:21:36.786674,491,52.46.136.77,443,3.0,0,1,1,23,1,expected
2018-10-22 07:21:36.817090,491,52.46.136.77,443,3.0,0,1,1,23,1,expected
2018-10-22 07:21:36.881361,491,52.46.136.77,443,3.0,0,1,1,23,1,expected
2018-10-22 07:21:36.927235,491,52.46.136.77,443,3.0,0,1,1,23,1,expected
2018-10-22 07:21:36.979928,491,52.46.136.77,443,3.0,0,1,1,23,1,expected
2018-10-22 07:21:37.017797,54,52.46.136.77,443,1.0,2357,1,1,,1,ack
2018-10-22 07:21:37.023174,491,52.46.136.77,443,3.0,0,1,1,23,1,expected
2018-10-22 07:21:37.094099,491,52.46.136.77,443,3.0,0,1,1,23,1,expected
2018-10-22 07:21:37.128282,491,52.46.136.77,443,3.0,0,1,1,23,1,expected
2018-10-22 07:21:37.189214,491,52.46.136.77,443,3.0,0,1,1,23,1,expected
2018-10-22 07:21:37.213336,491,52.46.136.77,443,3.0,0,1,1,23,1,expected
2018-10-22 07:21:37.282882,491,52.46.136.77,443,3.0,0,1,1,23,1,expected
2018-10-22 07:21:37.320414,54,52.46.136.77,443,1.0,302,1,1,,1,ack
2018-10-22 07:21:37.329439,491,52.46.136.77,443,3.0,0,1,1,23,1,expected
2018-10-22 07:21:37.379350,491,52.46.136.77,443,3.0,0,1,1,23,1,expected
2018-10-22 07:21:37.432650,491,52.46.136.77,443,3.0,0,1,1,23,1,expected
2018-10-22 07:21:37.495059,491,52.46.136.77,443,3.0,0,1,1,23,1,expected
2018-10-22 07:21:37.525180,491,52.46.136.77,443,3.0,0,1,1,23,1,expected
2018-10-22 07:21:37.587317,491,52.46.136.77,443,3.0,0,1,1,23,1,expected
2018-10-22 07:21:37.616800,491,52.46.136.77,443,3.0,0,1,1,23,1,expected
2018-10-22 07:21:37.683401,491,52.46.136.77,443,3.0,0,1,1,23,1,expected
2018-10-22 07:21:37.698046,54,52.46.136.77,443,1.0,377,1,1,,1,ack
2018-10-22 07:21:37.698274,54,52.46.136.77,443,1.0,0,1,1,,1,ack
2018-10-22 07:21:37.702379,54,52.46.136.77,443,1.0,4,1,1,,1,ack
2018-10-22 07:21:37.706274,54,52.46.136.77,443,1.0,3,1,1,,1,ack
2018-10-22 07:21:37.725510,54,52.46.136.77,443,1.0,19,1,1,,1,ack
2018-10-22 07:21:37.725688,54,52.46.136.77,443,1.0,0,1,1,,1,ack
2018-10-22 07:21:37.829756,54,52.46.136.77,443,1.0,104,1,1,,1,ack
2018-10-22 07:21:37.830071,54,52.46.136.77,443,1.0,0,1,1,,1,ack
2018-10-22 07:21:37.830456,491,52.46.136.77,443,3.0,0,1,1,23,1,expected
2018-10-22 07:21:37.830484,491,52.46.136.77,443,3.0,0,1,1,23,1,expected
2018-10-22 07:21:37.830498,91,52.46.136.77,443,3.0,0,1,1,23,1,expected
2018-10-22 07:21:37.830629,91,52.46.136.77,443,3.0,0,1,1,23,1,expected
2018-10-22 07:21:37.831450,54,52.46.136.77,443,1.0,1,1,1,,1,ack
2018-10-22 07:21:37.832107,54,52.46.136.77,443,1.0,0,1,1,,1,ack
2018-10-22 07:21:37.832307,66,52.46.136.77,443,1.0,0,1,1,,1,ack
2018-10-22 07:21:37.910704,99,52.46.136.77,443,3.0,0,1,1,23,1,expected
2018-10-22 07:21:37.965503,300,52.46.136.77,443,3.0,0,1,1,23,1,expected
2018-10-22 07:21:38.184589,54,52.46.136.77,443,1.0,352,1,1,,1,ack
2018-10-22 07:21:38.264682,54,52.46.136.77,443,1.0,80,1,1,,1,ack
2018-10-22 07:21:41.623276,177,52.46.136.77,443,3.0,0,1,1,23,1,expected
2018-10-22 07:21:43.625475,77,104.154.126.114,4070,2.0,0,1,1,,1,syn
2018-10-22 07:21:43.644174,66,104.154.126.114,4070,1.0,30054,1,1,,1,ack
