2018-10-25 19:16:27.653572,95,52.46.132.49,443,3.0,0,1,1,23,1,expected
2018-10-25 19:16:27.671447,54,52.46.132.49,443,1.0,304588779,1,1,,1,ack
2018-10-25 19:16:31.323153,54,52.216.225.136,80,1.0,304605763,1,1,,1,ack
2018-10-25 19:16:35.851043,77,104.154.127.141,4070,2.0,0,1,1,,1,syn
2018-10-25 19:16:35.870187,66,104.154.127.141,4070,1.0,304684758,1,1,,1,ack
2018-10-25 19:16:36.143258,54,52.216.176.75,80,1.0,304607458,1,1,,1,ack
2018-10-25 19:16:41.279145,290,52.46.132.49,443,3.0,0,1,1,23,1,expected
2018-10-25 19:16:41.289811,967,52.46.132.49,443,3.0,0,1,1,23,1,expected
2018-10-25 19:16:41.343991,631,52.46.132.49,443,3.0,0,1,1,23,1,expected
2018-10-25 19:16:41.344009,491,52.46.132.49,443,3.0,0,1,1,23,1,expected
2018-10-25 19:16:41.344023,491,52.46.132.49,443,3.0,0,1,1,23,1,expected
2018-10-25 19:16:41.344038,491,52.46.132.49,443,3.0,0,1,1,23,1,expected
2018-10-25 19:16:41.353542,491,52.46.132.49,443,3.0,0,1,1,23,1,expected
2018-10-25 19:16:41.354757,491,52.46.132.49,443,3.0,0,1,1,23,1,expected
2018-10-25 19:16:41.357615,491,52.46.132.49,443,3.0,0,1,1,23,1,expected
2018-10-25 19:16:41.392689,1514,52.46.132.49,443,1.0,13721,1,1,,1,not_relevant
2018-10-25 19:16:41.393721,1514,52.46.132.49,443,3.0,0,1,1,23,1,expected
2018-10-25 19:16:41.393738,1514,52.46.132.49,443,1.0,1,1,1,,1,not_relevant
2018-10-25 19:16:41.393750,1514,52.46.132.49,443,3.0,0,1,1,23,1,expected
2018-10-25 19:16:41.393762,1514,52.46.132.49,443,1.0,0,1,1,,1,not_relevant
2018-10-25 19:16:41.394998,1005,52.46.132.49,443,3.0,0,1,1,23,1,expected
2018-10-25 19:16:41.410300,891,52.46.132.49,443,3.0,0,1,1,23,1,expected
2018-10-25 19:16:41.412295,54,52.46.132.49,443,1.0,18,1,1,,1,ack
2018-10-25 19:16:41.428359,491,52.46.132.49,443,3.0,0,1,1,23,1,expected
2018-10-25 19:16:41.473139,54,52.46.132.49,443,1.0,60,1,1,,1,ack
2018-10-25 19:16:41.482150,491,52.46.132.49,443,3.0,0,1,1,23,1,expected
2018-10-25 19:16:41.545520,491,52.46.132.49,443,3.0,0,1,1,23,1,expected
2018-10-25 19:16:41.577968,491,52.46.132.49,443,3.0,0,1,1,23,1,expected
2018-10-25 19:16:41.641713,491,52.46.132.49,443,3.0,0,1,1,23,1,expected
2018-10-25 19:16:41.672999,491,52.46.132.49,443,3.0,0,1,1,23,1,expected
2018-10-25 19:16:41.743903,491,52.46.132.49,443,3.0,0,1,1,23,1,expected
2018-10-25 19:16:41.780246,491,52.46.132.49,443,3.0,0,1,1,23,1,expected
2018-10-25 19:16:41.828581,491,52.46.132.49,443,3.0,0,1,1,23,1,expected
2018-10-25 19:16:41.875484,491,52.46.132.49,443,3.0,0,1,1,23,1,expected
2018-10-25 19:16:41.944911,491,52.46.132.49,443,3.0,0,1,1,23,1,expected
2018-10-25 19:16:41.976671,491,52.46.132.49,443,3.0,0,1,1,23,1,expected
2018-10-25 19:16:42.040003,491,52.46.132.49,443,3.0,0,1,1,23,1,expected
2018-10-25 19:16:42.070566,491,52.46.132.49,443,3.0,0,1,1,23,1,expected
2018-10-25 19:16:42.134367,491,52.46.132.49,443,3.0,0,1,1,23,1,expected
2018-10-25 19:16:42.185021,491,52.46.132.49,443,3.0,0,1,1,23,1,expected
2018-10-25 19:16:42.238886,491,52.46.132.49,443,3.0,0,1,1,23,1,expected
2018-10-25 19:16:42.279310,491,52.46.132.49,443,3.0,0,1,1,23,1,expected
2018-10-25 19:16:42.343645,491,52.46.132.49,443,3.0,0,1,1,23,1,expected
2018-10-25 19:16:42.373918,491,52.46.132.49,443,3.0,0,1,1,23,1,expected
2018-10-25 19:16:42.445944,491,52.46.132.49,443,3.0,0,1,1,23,1,expected
2018-10-25 19:16:42.470310,491,52.46.132.49,443,3.0,0,1,1,23,1,expected
2018-10-25 19:16:42.539532,491,52.46.132.49,443,3.0,0,1,1,23,1,expected
2018-10-25 19:16:42.583504,491,52.46.132.49,443,3.0,0,1,1,23,1,expected
2018-10-25 19:16:42.630053,491,52.46.132.49,443,3.0,0,1,1,23,1,expected
2018-10-25 19:16:42.677148,491,52.46.132.49,443,3.0,0,1,1,23,1,expected
2018-10-25 19:16:42.749870,491,52.46.132.49,443,3.0,0,1,1,23,1,expected
2018-10-25 19:16:42.773494,491,52.46.132.49,443,3.0,0,1,1,23,1,expected
2018-10-25 19:16:42.844987,491,52.46.132.49,443,3.0,0,1,1,23,1,expected
2018-10-25 19:16:42.869532,491,52.46.132.49,443,3.0,0,1,1,23,1,expected
2018-10-25 19:16:42.941189,491,52.46.132.49,443,3.0,0,1,1,23,1,expected
2018-10-25 19:16:42.985858,491,52.46.132.49,443,3.0,0,1,1,23,1,expected
2018-10-25 19:16:43.033768,491,52.46.132.49,443,3.0,0,1,1,23,1,expected
2018-10-25 19:16:43.081223,491,52.46.132.49,443,3.0,0,1,1,23,1,expected
2018-10-25 19:16:43.144949,491,52.46.132.49,443,3.0,0,1,1,23,1,expected
2018-10-25 19:16:43.181858,491,52.46.132.49,443,3.0,0,1,1,23,1,expected
2018-10-25 19:16:43.239401,491,52.46.132.49,443,3.0,0,1,1,23,1,expected
2018-10-25 19:16:43.271591,491,52.46.132.49,443,3.0,0,1,1,23,1,expected
2018-10-25 19:16:43.340332,491,52.46.132.49,443,3.0,0,1,1,23,1,expected
2018-10-25 19:16:43.384729,491,52.46.132.49,443,3.0,0,1,1,23,1,expected
2018-10-25 19:16:43.436936,54,52.46.132.49,443,1.0,1963,1,1,,1,ack
2018-10-25 19:16:43.438303,491,52.46.132.49,443,3.0,0,1,1,23,1,expected
2018-10-25 19:16:43.485031,491,52.46.132.49,443,3.0,0,1,1,23,1,expected
2018-10-25 19:16:43.546993,491,52.46.132.49,443,3.0,0,1,1,23,1,expected
2018-10-25 19:16:43.578739,491,52.46.132.49,443,3.0,0,1,1,23,1,expected
2018-10-25 19:16:43.641869,491,52.46.132.49,443,3.0,0,1,1,23,1,expected
2018-10-25 19:16:43.674124,491,52.46.132.49,443,3.0,0,1,1,23,1,expected
2018-10-25 19:16:43.740119,491,52.46.132.49,443,3.0,0,1,1,23,1,expected
2018-10-25 19:16:43.821233,491,52.46.132.49,443,3.0,0,1,1,23,1,expected
2018-10-25 19:16:43.873895,491,52.46.132.49,443,3.0,0,1,1,23,1,expected
2018-10-25 19:16:43.890681,491,52.46.132.49,443,3.0,0,1,1,23,1,expected
2018-10-25 19:16:43.966253,491,52.46.132.49,443,3.0,0,1,1,23,1,expected
2018-10-25 19:16:44.008083,491,52.46.132.49,443,3.0,0,1,1,23,1,expected
2018-10-25 19:16:44.039911,491,52.46.132.49,443,3.0,0,1,1,23,1,expected
2018-10-25 19:16:44.087517,491,52.46.132.49,443,3.0,0,1,1,23,1,expected
2018-10-25 19:16:44.152082,491,52.46.132.49,443,3.0,0,1,1,23,1,expected
2018-10-25 19:16:44.181317,491,52.46.132.49,443,3.0,0,1,1,23,1,expected
2018-10-25 19:16:44.240729,491,52.46.132.49,443,3.0,0,1,1,23,1,expected
2018-10-25 19:16:44.286282,491,52.46.132.49,443,3.0,0,1,1,23,1,expected
2018-10-25 19:16:44.349479,491,52.46.132.49,443,3.0,0,1,1,23,1,expected
2018-10-25 19:16:44.397979,491,52.46.132.49,443,3.0,0,1,1,23,1,expected
2018-10-25 19:16:44.462531,491,52.46.132.49,443,3.0,0,1,1,23,1,expected
2018-10-25 19:16:44.468817,491,52.46.132.49,443,3.0,0,1,1,23,1,expected
2018-10-25 19:16:44.474141,54,52.46.132.49,443,1.0,1037,1,1,,1,ack
2018-10-25 19:16:44.475237,54,52.46.132.49,443,1.0,1,1,1,,1,ack
2018-10-25 19:16:44.477890,54,52.46.132.49,443,1.0,2,1,1,,1,ack
2018-10-25 19:16:44.510853,54,52.46.132.49,443,1.0,32,1,1,,1,ack
2018-10-25 19:16:44.537271,54,52.46.132.49,443,1.0,26,1,1,,1,ack
2018-10-25 19:16:44.537431,54,52.46.132.49,443,1.0,0,1,1,,1,ack
2018-10-25 19:16:44.537544,54,52.46.132.49,443,1.0,0,1,1,,1,ack
2018-10-25 19:16:44.538493,54,52.46.132.49,443,1.0,0,1,1,,1,ack
2018-10-25 19:16:44.538670,54,52.46.132.49,443,1.0,0,1,1,,1,ack
2018-10-25 19:16:44.539045,54,52.46.132.49,443,1.0,0,1,1,,1,ack
2018-10-25 19:16:44.539943,54,52.46.132.49,443,1.0,0,1,1,,1,ack
2018-10-25 19:16:44.540114,54,52.46.132.49,443,1.0,0,1,1,,1,ack
2018-10-25 19:16:44.540190,54,52.46.132.49,443,1.0,0,1,1,,1,ack
2018-10-25 19:16:44.541144,54,52.46.132.49,443,1.0,0,1,1,,1,ack
2018-10-25 19:16:44.541344,54,52.46.132.49,443,1.0,0,1,1,,1,ack
2018-10-25 19:16:44.542052,54,52.46.132.49,443,1.0,0,1,1,,1,ack
2018-10-25 19:16:44.544423,54,52.46.132.49,443,1.0,2,1,1,,1,ack
2018-10-25 19:16:44.561378,54,52.46.132.49,443,1.0,16,1,1,,1,ack
2018-10-25 19:16:44.573607,491,52.46.132.49,443,3.0,0,1,1,23,1,expected
2018-10-25 19:16:44.582805,54,52.46.132.49,443,1.0,21,1,1,,1,ack
2018-10-25 19:16:44.583497,491,52.46.132.49,443,3.0,0,1,1,23,1,expected
2018-10-25 19:16:44.584685,54,52.46.132.49,443,1.0,1,1,1,,1,ack
2018-10-25 19:16:44.596377,54,52.46.132.49,443,1.0,11,1,1,,1,ack
2018-10-25 19:16:44.596517,54,52.46.132.49,443,1.0,0,1,1,,1,ack
2018-10-25 19:16:44.596679,54,52.46.132.49,443,1.0,0,1,1,,1,ack
2018-10-25 19:16:44.596763,54,52.46.132.49,443,1.0,0,1,1,,1,ack
2018-10-25 19:16:44.650365,99,52.46.132.49,443,3.0,0,1,1,23,1,expected
2018-10-25 19:16:44.650568,99,52.46.132.49,443,3.0,0,1,1,23,1,expected
2018-10-25 19:16:44.650655,54,52.46.132.49,443,1.0,53,1,1,,1,ack
2018-10-25 19:16:44.650733,54,52.46.132.49,443,1.0,0,1,1,,1,ack
2018-10-25 19:16:44.650812,54,52.46.132.49,443,1.0,0,1,1,,1,ack
2018-10-25 19:16:44.650888,54,52.46.132.49,443,1.0,0,1,1,,1,ack
2018-10-25 19:16:44.650966,54,52.46.132.49,443,1.0,0,1,1,,1,ack
2018-10-25 19:16:44.651115,54,52.46.132.49,443,1.0,0,1,1,,1,ack
2018-10-25 19:16:44.651193,54,52.46.132.49,443,1.0,0,1,1,,1,ack
2018-10-25 19:16:44.651274,54,52.46.132.49,443,1.0,0,1,1,,1,ack
2018-10-25 19:16:44.651361,54,52.46.132.49,443,1.0,0,1,1,,1,ack
2018-10-25 19:16:44.651467,491,52.46.132.49,443,3.0,0,1,1,23,1,expected
2018-10-25 19:16:44.683224,491,52.46.132.49,443,3.0,0,1,1,23,1,expected
2018-10-25 19:16:44.705056,91,52.46.132.49,443,3.0,0,1,1,23,1,expected
2018-10-25 19:16:44.705205,91,52.46.132.49,443,3.0,0,1,1,23,1,expected
2018-10-25 19:16:44.768844,301,52.46.132.49,443,3.0,0,1,1,23,1,expected
2018-10-25 19:16:45.319421,54,52.46.132.49,443,1.0,668,1,1,,1,ack
2018-10-25 19:16:53.940217,177,52.46.132.49,443,3.0,0,1,1,23,1,expected
2018-10-25 19:17:04.343884,54,52.216.176.75,80,1.0,28200,1,1,,1,ack
2018-10-25 19:17:06.834092,77,104.154.127.141,4070,2.0,0,1,1,,1,syn
2018-10-25 19:17:06.885671,66,104.154.127.141,4070,1.0,31015,1,1,,1,ack
2018-10-25 19:17:08.511164,66,104.154.127.141,4070,1.0,1625,1,1,,1,ack
2018-10-25 19:17:16.863058,286,52.46.132.49,443,3.0,0,1,1,23,1,expected
2018-10-25 19:17:16.875258,940,52.46.132.49,443,3.0,0,1,1,23,1,expected
2018-10-25 19:17:16.918847,631,52.46.132.49,443,3.0,0,1,1,23,1,expected
2018-10-25 19:17:16.919866,491,52.46.132.49,443,3.0,0,1,1,23,1,expected
2018-10-25 19:17:16.924005,1291,52.46.132.49,443,3.0,0,1,1,23,1,expected
2018-10-25 19:17:16.934844,1514,52.46.132.49,443,1.0,31615,1,1,,1,not_relevant
2018-10-25 19:17:16.947272,371,52.46.132.49,443,3.0,0,1,1,23,1,expected
2018-10-25 19:17:16.969485,491,52.46.132.49,443,3.0,0,1,1,23,1,expected
2018-10-25 19:17:16.971986,891,52.46.132.49,443,3.0,0,1,1,23,1,expected
2018-10-25 19:17:16.973486,491,52.46.132.49,443,3.0,0,1,1,23,1,expected
2018-10-25 19:17:16.973514,491,52.46.132.49,443,3.0,0,1,1,23,1,expected
2018-10-25 19:17:16.974073,491,52.46.132.49,443,3.0,0,1,1,23,1,expected
2018-10-25 19:17:16.981601,1431,52.46.132.49,443,3.0,0,1,1,23,1,expected
2018-10-25 19:17:16.982069,491,52.46.132.49,443,3.0,0,1,1,23,1,expected
2018-10-25 19:17:16.989683,928,52.46.132.49,443,3.0,0,1,1,23,1,expected
2018-10-25 19:17:16.994254,1291,52.46.132.49,443,3.0,0,1,1,23,1,expected
2018-10-25 19:17:17.000568,491,52.46.132.49,443,3.0,0,1,1,23,1,expected
2018-10-25 19:17:17.043622,1031,52.46.132.49,443,3.0,0,1,1,23,1,expected
2018-10-25 19:17:17.043655,491,52.46.132.49,443,3.0,0,1,1,23,1,expected
2018-10-25 19:17:17.043677,491,52.46.132.49,443,3.0,0,1,1,23,1,expected
2018-10-25 19:17:17.092228,491,52.46.132.49,443,3.0,0,1,1,23,1,expected
2018-10-25 19:17:17.143724,491,52.46.132.49,443,3.0,0,1,1,23,1,expected
2018-10-25 19:17:17.188258,491,52.46.132.49,443,3.0,0,1,1,23,1,expected
2018-10-25 19:17:17.239572,491,52.46.132.49,443,3.0,0,1,1,23,1,expected
2018-10-25 19:17:17.304054,491,52.46.132.49,443,3.0,0,1,1,23,1,expected
2018-10-25 19:17:17.331762,491,52.46.132.49,443,3.0,0,1,1,23,1,expected
2018-10-25 19:17:17.402420,491,52.46.132.49,443,3.0,0,1,1,23,1,expected
2018-10-25 19:17:17.432803,491,52.46.132.49,443,3.0,0,1,1,23,1,expected
2018-10-25 19:17:17.503825,491,52.46.132.49,443,3.0,0,1,1,23,1,expected
2018-10-25 19:17:17.540623,491,52.46.132.49,443,3.0,0,1,1,23,1,expected
2018-10-25 19:17:17.588018,491,52.46.132.49,443,3.0,0,1,1,23,1,expected
2018-10-25 19:17:17.650740,491,52.46.132.49,443,3.0,0,1,1,23,1,expected
2018-10-25 19:17:17.704430,491,52.46.132.49,443,3.0,0,1,1,23,1,expected
2018-10-25 19:17:17.742776,491,52.46.132.49,443,3.0,0,1,1,23,1,expected
2018-10-25 19:17:17.798733,491,52.46.132.49,443,3.0,0,1,1,23,1,expected
2018-10-25 19:17:17.830868,491,52.46.132.49,443,3.0,0,1,1,23,1,expected
2018-10-25 19:17:17.892802,491,52.46.132.49,443,3.0,0,1,1,23,1,expected
2018-10-25 19:17:17.994504,491,52.46.132.49,443,3.0,0,1,1,23,1,expected
2018-10-25 19:17:17.995034,491,52.46.132.49,443,3.0,0,1,1,23,1,expected
2018-10-25 19:17:18.092577,491,52.46.132.49,443,3.0,0,1,1,23,1,expected
2018-10-25 19:17:18.138533,491,52.46.132.49,443,3.0,0,1,1,23,1,expected
2018-10-25 19:17:18.139885,491,52.46.132.49,443,3.0,0,1,1,23,1,expected
2018-10-25 19:17:18.218632,491,52.46.132.49,443,3.0,0,1,1,23,1,expected
2018-10-25 19:17:18.239133,491,52.46.132.49,443,3.0,0,1,1,23,1,expected
2018-10-25 19:17:18.293445,491,52.46.132.49,443,3.0,0,1,1,23,1,expected
2018-10-25 19:17:18.349468,491,52.46.132.49,443,3.0,0,1,1,23,1,expected
2018-10-25 19:17:18.457252,491,52.46.132.49,443,3.0,0,1,1,23,1,expected
2018-10-25 19:17:18.462404,491,52.46.132.49,443,3.0,0,1,1,23,1,expected
2018-10-25 19:17:18.540808,491,52.46.132.49,443,3.0,0,1,1,23,1,expected
2018-10-25 19:17:18.601064,491,52.46.132.49,443,3.0,0,1,1,23,1,expected
2018-10-25 19:17:18.601283,491,52.46.132.49,443,3.0,0,1,1,23,1,expected
2018-10-25 19:17:18.627769,491,52.46.132.49,443,3.0,0,1,1,23,1,expected
2018-10-25 19:17:18.702597,491,52.46.132.49,443,3.0,0,1,1,23,1,expected
2018-10-25 19:17:18.746001,491,52.46.132.49,443,3.0,0,1,1,23,1,expected
2018-10-25 19:17:18.787400,491,52.46.132.49,443,3.0,0,1,1,23,1,expected
2018-10-25 19:17:18.839573,491,52.46.132.49,443,3.0,0,1,1,23,1,expected
2018-10-25 19:17:18.910670,491,52.46.132.49,443,3.0,0,1,1,23,1,expected
2018-10-25 19:17:18.934735,491,52.46.132.49,443,3.0,0,1,1,23,1,expected
2018-10-25 19:17:19.001214,491,52.46.132.49,443,3.0,0,1,1,23,1,expected
2018-10-25 19:17:19.032115,491,52.46.132.49,443,3.0,0,1,1,23,1,expected
2018-10-25 19:17:19.096560,491,52.46.132.49,443,3.0,0,1,1,23,1,expected
2018-10-25 19:17:19.142889,491,52.46.132.49,443,3.0,0,1,1,23,1,expected
2018-10-25 19:17:19.189367,491,52.46.132.49,443,3.0,0,1,1,23,1,expected
2018-10-25 19:17:19.236828,491,52.46.132.49,443,3.0,0,1,1,23,1,expected
2018-10-25 19:17:19.311986,491,52.46.132.49,443,3.0,0,1,1,23,1,expected
2018-10-25 19:17:19.334225,491,52.46.132.49,443,3.0,0,1,1,23,1,expected
2018-10-25 19:17:19.397126,491,52.46.132.49,443,3.0,0,1,1,23,1,expected
2018-10-25 19:17:19.431836,491,52.46.132.49,443,3.0,0,1,1,23,1,expected
2018-10-25 19:17:19.497227,491,52.46.132.49,443,3.0,0,1,1,23,1,expected
2018-10-25 19:17:19.544007,491,52.46.132.49,443,3.0,0,1,1,23,1,expected
2018-10-25 19:17:19.588843,491,52.46.132.49,443,3.0,0,1,1,23,1,expected
2018-10-25 19:17:19.640183,491,52.46.132.49,443,3.0,0,1,1,23,1,expected
2018-10-25 19:17:19.708097,491,52.46.132.49,443,3.0,0,1,1,23,1,expected
2018-10-25 19:17:19.731991,491,52.46.132.49,443,3.0,0,1,1,23,1,expected
2018-10-25 19:17:19.802676,491,52.46.132.49,443,3.0,0,1,1,23,1,expected
2018-10-25 19:17:19.844607,491,52.46.132.49,443,3.0,0,1,1,23,1,expected
2018-10-25 19:17:19.894667,491,52.46.132.49,443,3.0,0,1,1,23,1,expected
2018-10-25 19:17:19.942997,491,52.46.132.49,443,3.0,0,1,1,23,1,expected
2018-10-25 19:17:19.991100,491,52.46.132.49,443,3.0,0,1,1,23,1,expected
2018-10-25 19:17:20.039553,491,52.46.132.49,443,3.0,0,1,1,23,1,expected
2018-10-25 19:17:20.104441,491,52.46.132.49,443,3.0,0,1,1,23,1,expected
2018-10-25 19:17:20.140199,491,52.46.132.49,443,3.0,0,1,1,23,1,expected
2018-10-25 19:17:20.198723,491,52.46.132.49,443,3.0,0,1,1,23,1,expected
2018-10-25 19:17:20.232863,491,52.46.132.49,443,3.0,0,1,1,23,1,expected
2018-10-25 19:17:20.298255,491,52.46.132.49,443,3.0,0,1,1,23,1,expected
2018-10-25 19:17:20.347331,491,52.46.132.49,443,3.0,0,1,1,23,1,expected
2018-10-25 19:17:20.394827,491,52.46.132.49,443,3.0,0,1,1,23,1,expected
2018-10-25 19:17:20.442614,491,52.46.132.49,443,3.0,0,1,1,23,1,expected
2018-10-25 19:17:20.510276,491,52.46.132.49,443,3.0,0,1,1,23,1,expected
2018-10-25 19:17:20.537904,491,52.46.132.49,443,3.0,0,1,1,23,1,expected
2018-10-25 19:17:20.570809,54,52.46.132.49,443,1.0,3635,1,1,,1,ack
2018-10-25 19:17:20.605079,491,52.46.132.49,443,3.0,0,1,1,23,1,expected
2018-10-25 19:17:20.635473,491,52.46.132.49,443,3.0,0,1,1,23,1,expected
2018-10-25 19:17:20.699096,491,52.46.132.49,443,3.0,0,1,1,23,1,expected
2018-10-25 19:17:20.750582,491,52.46.132.49,443,3.0,0,1,1,23,1,expected
2018-10-25 19:17:20.797914,491,52.46.132.49,443,3.0,0,1,1,23,1,expected
2018-10-25 19:17:20.843339,491,52.46.132.49,443,3.0,0,1,1,23,1,expected
2018-10-25 19:17:20.903885,491,52.46.132.49,443,3.0,0,1,1,23,1,expected
2018-10-25 19:17:20.942398,491,52.46.132.49,443,3.0,0,1,1,23,1,expected
2018-10-25 19:17:21.001070,491,52.46.132.49,443,3.0,0,1,1,23,1,expected
2018-10-25 19:17:21.029131,491,52.46.132.49,443,3.0,0,1,1,23,1,expected
2018-10-25 19:17:21.100754,491,52.46.132.49,443,3.0,0,1,1,23,1,expected
2018-10-25 19:17:21.144991,491,52.46.132.49,443,3.0,0,1,1,23,1,expected
2018-10-25 19:17:21.191558,491,52.46.132.49,443,3.0,0,1,1,23,1,expected
2018-10-25 19:17:21.239444,491,52.46.132.49,443,3.0,0,1,1,23,1,expected
2018-10-25 19:17:21.287010,54,52.46.132.49,443,1.0,716,1,1,,1,ack
2018-10-25 19:17:21.288233,54,52.46.132.49,443,1.0,1,1,1,,1,ack
2018-10-25 19:17:21.288524,54,52.46.132.49,443,1.0,0,1,1,,1,ack
2018-10-25 19:17:21.303207,54,52.46.132.49,443,1.0,14,1,1,,1,ack
2018-10-25 19:17:21.304072,54,52.46.132.49,443,1.0,0,1,1,,1,ack
2018-10-25 19:17:21.304332,54,52.46.132.49,443,1.0,0,1,1,,1,ack
2018-10-25 19:17:21.304873,54,52.46.132.49,443,1.0,0,1,1,,1,ack
2018-10-25 19:17:21.307319,99,52.46.132.49,443,3.0,0,1,1,23,1,expected
2018-10-25 19:17:21.308829,491,52.46.132.49,443,3.0,0,1,1,23,1,expected
2018-10-25 19:17:21.345487,491,52.46.132.49,443,3.0,0,1,1,23,1,expected
2018-10-25 19:17:21.401221,54,52.46.132.49,443,1.0,96,1,1,,1,ack
2018-10-25 19:17:21.401351,54,52.46.132.49,443,1.0,0,1,1,,1,ack
2018-10-25 19:17:21.401490,54,52.46.132.49,443,1.0,0,1,1,,1,ack
2018-10-25 19:17:21.411375,54,52.46.132.49,443,1.0,9,1,1,,1,ack
2018-10-25 19:17:21.411675,54,52.46.132.49,443,1.0,0,1,1,,1,ack
2018-10-25 19:17:21.411803,54,52.46.132.49,443,1.0,0,1,1,,1,ack
2018-10-25 19:17:21.411928,54,52.46.132.49,443,1.0,0,1,1,,1,ack
2018-10-25 19:17:21.423042,491,52.46.132.49,443,3.0,0,1,1,23,1,expected
2018-10-25 19:17:21.430115,91,52.46.132.49,443,3.0,0,1,1,23,1,expected
2018-10-25 19:17:21.430383,91,52.46.132.49,443,3.0,0,1,1,23,1,expected
2018-10-25 19:17:21.444102,301,52.46.132.49,443,3.0,0,1,1,23,1,expected
2018-10-25 19:17:21.445883,54,52.46.132.49,443,1.0,33,1,1,,1,ack
2018-10-25 19:17:21.446031,54,52.46.132.49,443,1.0,0,1,1,,1,ack
2018-10-25 19:17:21.447566,54,52.46.132.49,443,1.0,1,1,1,,1,ack
2018-10-25 19:17:21.448442,54,52.46.132.49,443,1.0,0,1,1,,1,ack
2018-10-25 19:17:21.449495,54,52.46.132.49,443,1.0,1,1,1,,1,ack
2018-10-25 19:17:21.449621,99,52.46.132.49,443,3.0,0,1,1,23,1,expected
2018-10-25 19:17:21.449743,54,52.46.132.49,443,1.0,0,1,1,,1,ack
2018-10-25 19:17:21.449930,99,52.46.132.49,443,3.0,0,1,1,23,1,expected
2018-10-25 19:17:21.454215,54,52.46.132.49,443,1.0,4,1,1,,1,ack
2018-10-25 19:17:21.468847,54,52.46.132.49,443,1.0,14,1,1,,1,ack
2018-10-25 19:17:21.478076,54,52.46.132.49,443,1.0,9,1,1,,1,ack
2018-10-25 19:17:21.479647,54,52.46.132.49,443,1.0,1,1,1,,1,ack
2018-10-25 19:17:21.480511,54,52.46.132.49,443,1.0,0,1,1,,1,ack
2018-10-25 19:17:21.482040,54,52.46.132.49,443,1.0,1,1,1,,1,ack
2018-10-25 19:17:21.483068,54,52.46.132.49,443,1.0,1,1,1,,1,ack
2018-10-25 19:17:21.484051,54,52.46.132.49,443,1.0,0,1,1,,1,ack
2018-10-25 19:17:21.484932,54,52.46.132.49,443,1.0,0,1,1,,1,ack
2018-10-25 19:17:21.486583,54,52.46.132.49,443,1.0,1,1,1,,1,ack
2018-10-25 19:17:21.486995,54,52.46.132.49,443,1.0,0,1,1,,1,ack
2018-10-25 19:17:21.521657,54,52.46.132.49,443,1.0,34,1,1,,1,ack
2018-10-25 19:17:22.290874,54,52.46.132.49,443,1.0,769,1,1,,1,ack
2018-10-25 19:17:22.312408,54,52.46.132.49,443,1.0,21,1,1,,1,ack
2018-10-25 19:17:30.621362,176,52.46.132.49,443,3.0,0,1,1,23,1,expected
2018-10-25 19:17:37.797575,77,104.154.127.141,4070,2.0,0,1,1,,1,syn
2018-10-25 19:17:37.816354,66,104.154.127.141,4070,1.0,29305,1,1,,1,ack
2018-10-25 19:18:00.651140,95,52.46.132.49,443,3.0,0,1,1,23,1,expected
2018-10-25 19:18:00.669078,54,52.46.132.49,443,1.0,38356,1,1,,1,ack
2018-10-25 19:18:02.541418,290,52.46.132.49,443,3.0,0,1,1,23,1,expected
2018-10-25 19:18:02.554002,965,52.46.132.49,443,3.0,0,1,1,23,1,expected
2018-10-25 19:18:02.573546,1291,52.46.132.49,443,3.0,0,1,1,23,1,expected
2018-10-25 19:18:02.575182,231,52.46.132.49,443,3.0,0,1,1,23,1,expected
2018-10-25 19:18:02.575209,491,52.46.132.49,443,3.0,0,1,1,23,1,expected
2018-10-25 19:18:02.575335,491,52.46.132.49,443,3.0,0,1,1,23,1,expected
2018-10-25 19:18:02.595231,491,52.46.132.49,443,3.0,0,1,1,23,1,expected
2018-10-25 19:18:02.596000,491,52.46.132.49,443,3.0,0,1,1,23,1,expected
2018-10-25 19:18:02.634067,491,52.46.132.49,443,3.0,0,1,1,23,1,expected
2018-10-25 19:18:02.635623,491,52.46.132.49,443,3.0,0,1,1,23,1,expected
2018-10-25 19:18:02.635653,491,52.46.132.49,443,3.0,0,1,1,23,1,expected
2018-10-25 19:18:02.651761,491,52.46.132.49,443,3.0,0,1,1,23,1,expected
2018-10-25 19:18:02.654494,491,52.46.132.49,443,3.0,0,1,1,23,1,expected
2018-10-25 19:18:02.654924,491,52.46.132.49,443,3.0,0,1,1,23,1,expected
2018-10-25 19:18:02.655827,491,52.46.132.49,443,3.0,0,1,1,23,1,expected
2018-10-25 19:18:02.656861,491,52.46.132.49,443,3.0,0,1,1,23,1,expected
2018-10-25 19:18:02.657234,491,52.46.132.49,443,3.0,0,1,1,23,1,expected
2018-10-25 19:18:02.665195,1291,52.46.132.49,443,3.0,0,1,1,23,1,expected
2018-10-25 19:18:02.670715,1514,52.46.132.49,443,3.0,0,1,1,23,1,expected
2018-10-25 19:18:02.672077,342,52.46.132.49,443,3.0,0,1,1,23,1,expected
2018-10-25 19:18:02.677925,491,52.46.132.49,443,3.0,0,1,1,23,1,expected
2018-10-25 19:18:02.679871,491,52.46.132.49,443,3.0,0,1,1,23,1,expected
2018-10-25 19:18:02.679900,491,52.46.132.49,443,3.0,0,1,1,23,1,expected
2018-10-25 19:18:02.680087,491,52.46.132.49,443,3.0,0,1,1,23,1,expected
2018-10-25 19:18:02.682974,1514,52.46.132.49,443,3.0,0,1,1,23,1,expected
2018-10-25 19:18:02.684316,342,52.46.132.49,443,3.0,0,1,1,23,1,expected
2018-10-25 19:18:02.692485,1365,52.46.132.49,443,3.0,0,1,1,23,1,expected
2018-10-25 19:18:02.692631,54,52.46.132.49,443,1.0,2023,1,1,,1,ack
2018-10-25 19:18:02.711984,54,52.46.132.49,443,1.0,19,1,1,,1,ack
2018-10-25 19:18:02.714183,491,52.46.132.49,443,3.0,0,1,1,23,1,expected
2018-10-25 19:18:02.779350,491,52.46.132.49,443,3.0,0,1,1,23,1,expected
2018-10-25 19:18:02.824992,491,52.46.132.49,443,3.0,0,1,1,23,1,expected
2018-10-25 19:18:02.874350,491,52.46.132.49,443,3.0,0,1,1,23,1,expected
2018-10-25 19:18:02.923089,491,52.46.132.49,443,3.0,0,1,1,23,1,expected
2018-10-25 19:18:02.994136,491,52.46.132.49,443,3.0,0,1,1,23,1,expected
2018-10-25 19:18:03.018458,491,52.46.132.49,443,3.0,0,1,1,23,1,expected
2018-10-25 19:18:03.084740,491,52.46.132.49,443,3.0,0,1,1,23,1,expected
2018-10-25 19:18:03.110648,491,52.46.132.49,443,3.0,0,1,1,23,1,expected
2018-10-25 19:18:03.179318,491,52.46.132.49,443,3.0,0,1,1,23,1,expected
2018-10-25 19:18:03.241130,491,52.46.132.49,443,3.0,0,1,1,23,1,expected
2018-10-25 19:18:03.274063,491,52.46.132.49,443,3.0,0,1,1,23,1,expected
2018-10-25 19:18:03.331008,491,52.46.132.49,443,3.0,0,1,1,23,1,expected
2018-10-25 19:18:03.384852,491,52.46.132.49,443,3.0,0,1,1,23,1,expected
2018-10-25 19:18:03.419028,491,52.46.132.49,443,3.0,0,1,1,23,1,expected
2018-10-25 19:18:03.483812,491,52.46.132.49,443,3.0,0,1,1,23,1,expected
2018-10-25 19:18:03.510386,491,52.46.132.49,443,3.0,0,1,1,23,1,expected
2018-10-25 19:18:03.581483,491,52.46.132.49,443,3.0,0,1,1,23,1,expected
2018-10-25 19:18:03.620484,491,52.46.132.49,443,3.0,0,1,1,23,1,expected
2018-10-25 19:18:03.668503,491,52.46.132.49,443,3.0,0,1,1,23,1,expected
2018-10-25 19:18:03.717853,491,52.46.132.49,443,3.0,0,1,1,23,1,expected
2018-10-25 19:18:03.789228,491,52.46.132.49,443,3.0,0,1,1,23,1,expected
2018-10-25 19:18:03.815766,491,52.46.132.49,443,3.0,0,1,1,23,1,expected
2018-10-25 19:18:03.884633,491,52.46.132.49,443,3.0,0,1,1,23,1,expected
2018-10-25 19:18:03.908063,491,52.46.132.49,443,3.0,0,1,1,23,1,expected
2018-10-25 19:18:03.980960,491,52.46.132.49,443,3.0,0,1,1,23,1,expected
2018-10-25 19:18:04.024768,491,52.46.132.49,443,3.0,0,1,1,23,1,expected
2018-10-25 19:18:04.072115,491,52.46.132.49,443,3.0,0,1,1,23,1,expected
2018-10-25 19:18:04.118745,491,52.46.132.49,443,3.0,0,1,1,23,1,expected
2018-10-25 19:18:04.183366,491,52.46.132.49,443,3.0,0,1,1,23,1,expected
2018-10-25 19:18:04.213508,491,52.46.132.49,443,3.0,0,1,1,23,1,expected
2018-10-25 19:18:04.278893,491,52.46.132.49,443,3.0,0,1,1,23,1,expected
2018-10-25 19:18:04.311022,491,52.46.132.49,443,3.0,0,1,1,23,1,expected
2018-10-25 19:18:04.377700,491,52.46.132.49,443,3.0,0,1,1,23,1,expected
2018-10-25 19:18:04.430712,491,52.46.132.49,443,3.0,0,1,1,23,1,expected
2018-10-25 19:18:04.468331,491,52.46.132.49,443,3.0,0,1,1,23,1,expected
2018-10-25 19:18:04.517491,491,52.46.132.49,443,3.0,0,1,1,23,1,expected
2018-10-25 19:18:04.589031,491,52.46.132.49,443,3.0,0,1,1,23,1,expected
2018-10-25 19:18:04.643530,491,52.46.132.49,443,3.0,0,1,1,23,1,expected
2018-10-25 19:18:04.682696,491,52.46.132.49,443,3.0,0,1,1,23,1,expected
2018-10-25 19:18:04.710796,491,52.46.132.49,443,3.0,0,1,1,23,1,expected
2018-10-25 19:18:04.770738,54,52.46.132.49,443,1.0,2058,1,1,,1,ack
2018-10-25 19:18:04.796224,491,52.46.132.49,443,3.0,0,1,1,23,1,expected
2018-10-25 19:18:04.866019,491,52.46.132.49,443,3.0,0,1,1,23,1,expected
2018-10-25 19:18:04.873224,491,52.46.132.49,443,3.0,0,1,1,23,1,expected
2018-10-25 19:18:04.891363,54,52.46.132.49,443,1.0,120,1,1,,1,ack
2018-10-25 19:18:04.924854,491,52.46.132.49,443,3.0,0,1,1,23,1,expected
2018-10-25 19:18:04.985647,491,52.46.132.49,443,3.0,0,1,1,23,1,expected
2018-10-25 19:18:05.018250,491,52.46.132.49,443,3.0,0,1,1,23,1,expected
2018-10-25 19:18:05.063679,54,52.46.132.49,443,1.0,172,1,1,,1,ack
2018-10-25 19:18:05.084409,491,52.46.132.49,443,3.0,0,1,1,23,1,expected
2018-10-25 19:18:05.114603,491,52.46.132.49,443,3.0,0,1,1,23,1,expected
2018-10-25 19:18:05.182182,491,52.46.132.49,443,3.0,0,1,1,23,1,expected
2018-10-25 19:18:05.234828,491,52.46.132.49,443,3.0,0,1,1,23,1,expected
2018-10-25 19:18:05.273932,491,52.46.132.49,443,3.0,0,1,1,23,1,expected
2018-10-25 19:18:05.304368,54,52.46.132.49,443,1.0,240,1,1,,1,ack
2018-10-25 19:18:05.304983,54,52.46.132.49,443,1.0,0,1,1,,1,ack
2018-10-25 19:18:05.307302,54,52.46.132.49,443,1.0,2,1,1,,1,ack
2018-10-25 19:18:05.343552,491,52.46.132.49,443,3.0,0,1,1,23,1,expected
2018-10-25 19:18:05.345448,54,52.46.132.49,443,1.0,38,1,1,,1,ack
2018-10-25 19:18:05.352045,54,52.46.132.49,443,1.0,6,1,1,,1,ack
2018-10-25 19:18:05.391066,491,52.46.132.49,443,3.0,0,1,1,23,1,expected
2018-10-25 19:18:05.414026,54,52.46.132.49,443,1.0,61,1,1,,1,ack
2018-10-25 19:18:05.414291,54,52.46.132.49,443,1.0,0,1,1,,1,ack
2018-10-25 19:18:05.414384,54,52.46.132.49,443,1.0,0,1,1,,1,ack
2018-10-25 19:18:05.424934,99,52.46.132.49,443,3.0,0,1,1,23,1,expected
2018-10-25 19:18:05.425089,54,52.46.132.49,443,1.0,10,1,1,,1,ack
2018-10-25 19:18:05.432760,54,52.46.132.49,443,1.0,7,1,1,,1,ack
2018-10-25 19:18:05.433133,54,52.46.132.49,443,1.0,0,1,1,,1,ack
2018-10-25 19:18:05.434561,491,52.46.132.49,443,3.0,0,1,1,23,1,expected
2018-10-25 19:18:05.438729,54,52.46.132.49,443,1.0,5,1,1,,1,ack
2018-10-25 19:18:05.439660,54,52.46.132.49,443,1.0,0,1,1,,1,ack
2018-10-25 19:18:05.440349,54,52.46.132.49,443,1.0,0,1,1,,1,ack
2018-10-25 19:18:05.443628,54,52.46.132.49,443,1.0,3,1,1,,1,ack
2018-10-25 19:18:05.444397,54,52.46.132.49,443,1.0,0,1,1,,1,ack
2018-10-25 19:18:05.444596,99,52.46.132.49,443,3.0,0,1,1,23,1,expected
2018-10-25 19:18:05.444682,54,52.46.132.49,443,1.0,0,1,1,,1,ack
2018-10-25 19:18:05.451355,54,52.46.132.49,443,1.0,6,1,1,,1,ack
2018-10-25 19:18:05.454917,54,52.46.132.49,443,1.0,3,1,1,,1,ack
2018-10-25 19:18:05.456850,99,52.46.132.49,443,3.0,0,1,1,23,1,expected
2018-10-25 19:18:05.471328,91,52.46.132.49,443,3.0,0,1,1,23,1,expected
2018-10-25 19:18:05.471470,91,52.46.132.49,443,3.0,0,1,1,23,1,expected
2018-10-25 19:18:05.535949,304,52.46.132.49,443,3.0,0,1,1,23,1,expected
2018-10-25 19:18:05.887959,54,52.46.132.49,443,1.0,433,1,1,,1,ack
2018-10-25 19:18:08.763222,77,104.154.127.141,4070,2.0,0,1,1,,1,syn
2018-10-25 19:18:08.806210,66,104.154.127.141,4070,1.0,30989,1,1,,1,ack
2018-10-25 19:18:12.341371,177,52.46.132.49,443,3.0,0,1,1,23,1,expected
2018-10-25 19:18:19.264522,295,176.32.101.52,443,3.0,0,1,1,23,1,expected
2018-10-25 19:18:19.283443,54,176.32.101.52,443,1.0,304703586,1,1,,1,ack
2018-10-25 19:18:38.028267,290,52.46.132.49,443,3.0,0,1,1,23,1,expected
2018-10-25 19:18:38.046329,962,52.46.132.49,443,3.0,0,1,1,23,1,expected
2018-10-25 19:18:38.064739,1291,52.46.132.49,443,3.0,0,1,1,23,1,expected
2018-10-25 19:18:38.066107,1291,52.46.132.49,443,3.0,0,1,1,23,1,expected
2018-10-25 19:18:38.079737,1514,52.46.132.49,443,1.0,32191,1,1,,1,not_relevant
2018-10-25 19:18:38.079767,771,52.46.132.49,443,3.0,0,1,1,23,1,expected
2018-10-25 19:18:38.086502,1431,52.46.132.49,443,3.0,0,1,1,23,1,expected
2018-10-25 19:18:38.086532,491,52.46.132.49,443,3.0,0,1,1,23,1,expected
2018-10-25 19:18:38.086556,491,52.46.132.49,443,3.0,0,1,1,23,1,expected
2018-10-25 19:18:38.087213,491,52.46.132.49,443,3.0,0,1,1,23,1,expected
2018-10-25 19:18:38.205615,1514,52.46.132.49,443,3.0,0,1,1,23,1,expected
2018-10-25 19:18:38.206554,1514,52.46.132.49,443,3.0,0,1,1,23,1,expected
2018-10-25 19:18:38.207135,1514,52.46.132.49,443,3.0,0,1,1,23,1,expected
2018-10-25 19:18:38.207168,1514,52.46.132.49,443,3.0,0,1,1,23,1,expected
2018-10-25 19:18:38.208445,332,52.46.132.49,443,3.0,0,1,1,23,1,expected
2018-10-25 19:18:38.338185,491,52.46.132.49,443,3.0,0,1,1,23,1,expected
2018-10-25 19:18:38.338471,491,52.46.132.49,443,3.0,0,1,1,23,1,expected
2018-10-25 19:18:38.338611,66,52.46.132.49,443,1.0,258,1,1,,1,ack
2018-10-25 19:18:38.342910,491,52.46.132.49,443,3.0,0,1,1,23,1,expected
2018-10-25 19:18:38.390590,491,52.46.132.49,443,3.0,0,1,1,23,1,expected
2018-10-25 19:18:38.474271,491,52.46.132.49,443,3.0,0,1,1,23,1,expected
2018-10-25 19:18:38.475725,491,52.46.132.49,443,3.0,0,1,1,23,1,expected
2018-10-25 19:18:38.540586,491,52.46.132.49,443,3.0,0,1,1,23,1,expected
2018-10-25 19:18:38.601104,491,52.46.132.49,443,3.0,0,1,1,23,1,expected
2018-10-25 19:18:38.637392,491,52.46.132.49,443,3.0,0,1,1,23,1,expected
2018-10-25 19:18:38.679408,491,52.46.132.49,443,3.0,0,1,1,23,1,expected
2018-10-25 19:18:38.753336,491,52.46.132.49,443,3.0,0,1,1,23,1,expected
2018-10-25 19:18:38.795318,491,52.46.132.49,443,3.0,0,1,1,23,1,expected
2018-10-25 19:18:38.836824,491,52.46.132.49,443,3.0,0,1,1,23,1,expected
2018-10-25 19:18:38.873199,491,52.46.132.49,443,3.0,0,1,1,23,1,expected
2018-10-25 19:18:38.941897,77,104.154.127.141,4070,2.0,0,1,1,,1,syn
2018-10-25 19:18:38.942109,491,52.46.132.49,443,3.0,0,1,1,23,1,expected
2018-10-25 19:18:38.962398,66,104.154.127.141,4070,1.0,30156,1,1,,1,ack
2018-10-25 19:18:38.982073,491,52.46.132.49,443,3.0,0,1,1,23,1,expected
2018-10-25 19:18:39.028992,491,52.46.132.49,443,3.0,0,1,1,23,1,expected
2018-10-25 19:18:39.077948,491,52.46.132.49,443,3.0,0,1,1,23,1,expected
2018-10-25 19:18:39.146715,491,52.46.132.49,443,3.0,0,1,1,23,1,expected
2018-10-25 19:18:39.177500,491,52.46.132.49,443,3.0,0,1,1,23,1,expected
2018-10-25 19:18:39.241018,491,52.46.132.49,443,3.0,0,1,1,23,1,expected
2018-10-25 19:18:39.271935,491,52.46.132.49,443,3.0,0,1,1,23,1,expected
2018-10-25 19:18:39.335651,491,52.46.132.49,443,3.0,0,1,1,23,1,expected
2018-10-25 19:18:39.386734,491,52.46.132.49,443,3.0,0,1,1,23,1,expected
2018-10-25 19:18:39.433487,491,52.46.132.49,443,3.0,0,1,1,23,1,expected
2018-10-25 19:18:39.480739,491,52.46.132.49,443,3.0,0,1,1,23,1,expected
2018-10-25 19:18:39.543986,491,52.46.132.49,443,3.0,0,1,1,23,1,expected
2018-10-25 19:18:39.582946,491,52.46.132.49,443,3.0,0,1,1,23,1,expected
2018-10-25 19:18:39.641867,491,52.46.132.49,443,3.0,0,1,1,23,1,expected
2018-10-25 19:18:39.670709,491,52.46.132.49,443,3.0,0,1,1,23,1,expected
2018-10-25 19:18:39.735960,491,52.46.132.49,443,3.0,0,1,1,23,1,expected
2018-10-25 19:18:39.781118,491,52.46.132.49,443,3.0,0,1,1,23,1,expected
2018-10-25 19:18:39.835263,491,52.46.132.49,443,3.0,0,1,1,23,1,expected
2018-10-25 19:18:39.882880,491,52.46.132.49,443,3.0,0,1,1,23,1,expected
2018-10-25 19:18:39.952493,491,52.46.132.49,443,3.0,0,1,1,23,1,expected
2018-10-25 19:18:39.976470,491,52.46.132.49,443,3.0,0,1,1,23,1,expected
2018-10-25 19:18:40.040366,491,52.46.132.49,443,3.0,0,1,1,23,1,expected
2018-10-25 19:18:40.070526,491,52.46.132.49,443,3.0,0,1,1,23,1,expected
2018-10-25 19:18:40.141309,491,52.46.132.49,443,3.0,0,1,1,23,1,expected
2018-10-25 19:18:40.186467,491,52.46.132.49,443,3.0,0,1,1,23,1,expected
2018-10-25 19:18:40.239327,491,52.46.132.49,443,3.0,0,1,1,23,1,expected
2018-10-25 19:18:40.277799,491,52.46.132.49,443,3.0,0,1,1,23,1,expected
2018-10-25 19:18:40.350450,491,52.46.132.49,443,3.0,0,1,1,23,1,expected
2018-10-25 19:18:40.375003,491,52.46.132.49,443,3.0,0,1,1,23,1,expected
2018-10-25 19:18:40.445524,491,52.46.132.49,443,3.0,0,1,1,23,1,expected
2018-10-25 19:18:40.470931,491,52.46.132.49,443,3.0,0,1,1,23,1,expected
2018-10-25 19:18:40.539205,491,52.46.132.49,443,3.0,0,1,1,23,1,expected
2018-10-25 19:18:40.582714,491,52.46.132.49,443,3.0,0,1,1,23,1,expected
2018-10-25 19:18:40.630665,491,52.46.132.49,443,3.0,0,1,1,23,1,expected
2018-10-25 19:18:40.679533,491,52.46.132.49,443,3.0,0,1,1,23,1,expected
2018-10-25 19:18:40.749611,491,52.46.132.49,443,3.0,0,1,1,23,1,expected
2018-10-25 19:18:40.774604,491,52.46.132.49,443,3.0,0,1,1,23,1,expected
2018-10-25 19:18:40.844767,491,52.46.132.49,443,3.0,0,1,1,23,1,expected
2018-10-25 19:18:40.870023,491,52.46.132.49,443,3.0,0,1,1,23,1,expected
2018-10-25 19:18:40.941697,491,52.46.132.49,443,3.0,0,1,1,23,1,expected
2018-10-25 19:18:40.985508,491,52.46.132.49,443,3.0,0,1,1,23,1,expected
2018-10-25 19:18:41.041927,491,52.46.132.49,443,3.0,0,1,1,23,1,expected
2018-10-25 19:18:41.081721,491,52.46.132.49,443,3.0,0,1,1,23,1,expected
2018-10-25 19:18:41.145829,491,52.46.132.49,443,3.0,0,1,1,23,1,expected
2018-10-25 19:18:41.176584,491,52.46.132.49,443,3.0,0,1,1,23,1,expected
2018-10-25 19:18:41.241896,491,52.46.132.49,443,3.0,0,1,1,23,1,expected
2018-10-25 19:18:41.276133,491,52.46.132.49,443,3.0,0,1,1,23,1,expected
2018-10-25 19:18:41.340400,491,52.46.132.49,443,3.0,0,1,1,23,1,expected
2018-10-25 19:18:41.385060,491,52.46.132.49,443,3.0,0,1,1,23,1,expected
2018-10-25 19:18:41.433208,491,52.46.132.49,443,3.0,0,1,1,23,1,expected
2018-10-25 19:18:41.484385,54,52.46.132.49,443,1.0,3145,1,1,,1,ack
2018-10-25 19:18:41.485573,491,52.46.132.49,443,3.0,0,1,1,23,1,expected
2018-10-25 19:18:41.557178,491,52.46.132.49,443,3.0,0,1,1,23,1,expected
2018-10-25 19:18:41.580957,491,52.46.132.49,443,3.0,0,1,1,23,1,expected
2018-10-25 19:18:41.651679,491,52.46.132.49,443,3.0,0,1,1,23,1,expected
2018-10-25 19:18:41.681203,491,52.46.132.49,443,3.0,0,1,1,23,1,expected
2018-10-25 19:18:41.699353,54,52.46.132.49,443,1.0,214,1,1,,1,ack
2018-10-25 19:18:41.743483,491,52.46.132.49,443,3.0,0,1,1,23,1,expected
2018-10-25 19:18:41.768452,54,52.46.132.49,443,1.0,69,1,1,,1,ack
2018-10-25 19:18:41.790491,491,52.46.132.49,443,3.0,0,1,1,23,1,expected
2018-10-25 19:18:41.838491,491,52.46.132.49,443,3.0,0,1,1,23,1,expected
2018-10-25 19:18:41.879902,491,52.46.132.49,443,3.0,0,1,1,23,1,expected
2018-10-25 19:18:41.944927,491,52.46.132.49,443,3.0,0,1,1,23,1,expected
2018-10-25 19:18:41.975661,491,52.46.132.49,443,3.0,0,1,1,23,1,expected
2018-10-25 19:18:41.993139,54,52.46.132.49,443,1.0,224,1,1,,1,ack
2018-10-25 19:18:41.999616,54,52.46.132.49,443,1.0,6,1,1,,1,ack
2018-10-25 19:18:41.999811,54,52.46.132.49,443,1.0,0,1,1,,1,ack
2018-10-25 19:18:42.031007,54,52.46.132.49,443,1.0,31,1,1,,1,ack
2018-10-25 19:18:42.038492,491,52.46.132.49,443,3.0,0,1,1,23,1,expected
2018-10-25 19:18:42.048362,54,52.46.132.49,443,1.0,17,1,1,,1,ack
2018-10-25 19:18:42.049507,54,52.46.132.49,443,1.0,1,1,1,,1,ack
2018-10-25 19:18:42.049586,54,52.46.132.49,443,1.0,0,1,1,,1,ack
2018-10-25 19:18:42.051292,54,52.46.132.49,443,1.0,1,1,1,,1,ack
2018-10-25 19:18:42.051690,54,52.46.132.49,443,1.0,0,1,1,,1,ack
2018-10-25 19:18:42.051774,54,52.46.132.49,443,1.0,0,1,1,,1,ack
2018-10-25 19:18:42.053328,54,52.46.132.49,443,1.0,1,1,1,,1,ack
2018-10-25 19:18:42.055008,54,52.46.132.49,443,1.0,1,1,1,,1,ack
2018-10-25 19:18:42.055162,54,52.46.132.49,443,1.0,0,1,1,,1,ack
2018-10-25 19:18:42.061838,54,52.46.132.49,443,1.0,6,1,1,,1,ack
2018-10-25 19:18:42.072244,491,52.46.132.49,443,3.0,0,1,1,23,1,expected
2018-10-25 19:18:42.078112,54,52.46.132.49,443,1.0,16,1,1,,1,ack
2018-10-25 19:18:42.078960,54,52.46.132.49,443,1.0,0,1,1,,1,ack
2018-10-25 19:18:42.080667,54,52.46.132.49,443,1.0,1,1,1,,1,ack
2018-10-25 19:18:42.080795,54,52.46.132.49,443,1.0,0,1,1,,1,ack
2018-10-25 19:18:42.082703,54,52.46.132.49,443,1.0,1,1,1,,1,ack
2018-10-25 19:18:42.082810,99,52.46.132.49,443,3.0,0,1,1,23,1,expected
2018-10-25 19:18:42.082890,99,52.46.132.49,443,3.0,0,1,1,23,1,expected
2018-10-25 19:18:42.083495,54,52.46.132.49,443,1.0,0,1,1,,1,ack
2018-10-25 19:18:42.084522,54,52.46.132.49,443,1.0,1,1,1,,1,ack
2018-10-25 19:18:42.084686,54,52.46.132.49,443,1.0,0,1,1,,1,ack
2018-10-25 19:18:42.086312,54,52.46.132.49,443,1.0,1,1,1,,1,ack
2018-10-25 19:18:42.108581,91,52.46.132.49,443,3.0,0,1,1,23,1,expected
2018-10-25 19:18:42.108721,91,52.46.132.49,443,3.0,0,1,1,23,1,expected
2018-10-25 19:18:42.143415,304,52.46.132.49,443,3.0,0,1,1,23,1,expected
2018-10-25 19:18:42.491592,54,52.46.132.49,443,1.0,405,1,1,,1,ack
2018-10-25 19:18:48.908016,175,52.46.132.49,443,3.0,0,1,1,23,1,expected
2018-10-25 19:18:53.280510,478,52.46.132.49,443,3.0,0,1,1,23,1,expected
2018-10-25 19:19:08.511393,66,104.154.127.141,4070,1.0,29548,1,1,,1,ack
2018-10-25 19:19:08.939000,77,104.154.127.141,4070,2.0,0,1,1,,1,syn
2018-10-25 19:19:08.959045,66,104.154.127.141,4070,1.0,447,1,1,,1,ack
2018-10-25 19:19:14.298880,896,52.46.132.49,443,3.0,0,1,1,23,1,expected
2018-10-25 19:19:14.318048,267,52.46.132.49,443,3.0,0,1,1,23,1,expected
2018-10-25 19:19:14.329794,1291,52.46.132.49,443,3.0,0,1,1,23,1,expected
2018-10-25 19:19:14.331932,491,52.46.132.49,443,3.0,0,1,1,23,1,expected
2018-10-25 19:19:14.334769,491,52.46.132.49,443,3.0,0,1,1,23,1,expected
2018-10-25 19:19:14.337815,491,52.46.132.49,443,3.0,0,1,1,23,1,expected
2018-10-25 19:19:14.343868,491,52.46.132.49,443,3.0,0,1,1,23,1,expected
2018-10-25 19:19:14.345224,491,52.46.132.49,443,3.0,0,1,1,23,1,expected
2018-10-25 19:19:14.385115,491,52.46.132.49,443,3.0,0,1,1,23,1,expected
2018-10-25 19:19:14.386174,1514,52.46.132.49,443,1.0,31894,1,1,,1,not_relevant
2018-10-25 19:19:14.386205,1267,52.46.132.49,443,3.0,0,1,1,23,1,expected
2018-10-25 19:19:14.411191,1514,52.46.132.49,443,1.0,25,1,1,,1,not_relevant
2018-10-25 19:19:14.411224,1267,52.46.132.49,443,3.0,0,1,1,23,1,expected
2018-10-25 19:19:14.411319,1514,52.46.132.49,443,1.0,0,1,1,,1,not_relevant
2018-10-25 19:19:14.411370,579,52.46.132.49,443,3.0,0,1,1,23,1,expected
2018-10-25 19:19:14.449171,491,52.46.132.49,443,3.0,0,1,1,23,1,expected
2018-10-25 19:19:14.514477,54,52.46.132.49,443,1.0,103,1,1,,1,ack
2018-10-25 19:19:14.514638,491,52.46.132.49,443,3.0,0,1,1,23,1,expected
2018-10-25 19:19:14.557023,491,52.46.132.49,443,3.0,0,1,1,23,1,expected
2018-10-25 19:19:14.602511,491,52.46.132.49,443,3.0,0,1,1,23,1,expected
2018-10-25 19:19:14.647748,491,52.46.132.49,443,3.0,0,1,1,23,1,expected
2018-10-25 19:19:14.717764,491,52.46.132.49,443,3.0,0,1,1,23,1,expected
2018-10-25 19:19:14.742303,491,52.46.132.49,443,3.0,0,1,1,23,1,expected
2018-10-25 19:19:14.808053,491,52.46.132.49,443,3.0,0,1,1,23,1,expected
2018-10-25 19:19:14.839838,491,52.46.132.49,443,3.0,0,1,1,23,1,expected
2018-10-25 19:19:14.910503,491,52.46.132.49,443,3.0,0,1,1,23,1,expected
2018-10-25 19:19:14.954360,491,52.46.132.49,443,3.0,0,1,1,23,1,expected
2018-10-25 19:19:15.001599,491,52.46.132.49,443,3.0,0,1,1,23,1,expected
2018-10-25 19:19:15.050097,491,52.46.132.49,443,3.0,0,1,1,23,1,expected
2018-10-25 19:19:15.112065,491,52.46.132.49,443,3.0,0,1,1,23,1,expected
2018-10-25 19:19:15.146571,491,52.46.132.49,443,3.0,0,1,1,23,1,expected
2018-10-25 19:19:15.211427,491,52.46.132.49,443,3.0,0,1,1,23,1,expected
2018-10-25 19:19:15.236714,491,52.46.132.49,443,3.0,0,1,1,23,1,expected
2018-10-25 19:19:15.308863,491,52.46.132.49,443,3.0,0,1,1,23,1,expected
2018-10-25 19:19:15.354408,491,52.46.132.49,443,3.0,0,1,1,23,1,expected
2018-10-25 19:19:15.401692,491,52.46.132.49,443,3.0,0,1,1,23,1,expected
2018-10-25 19:19:15.448847,491,52.46.132.49,443,3.0,0,1,1,23,1,expected
2018-10-25 19:19:15.516690,491,52.46.132.49,443,3.0,0,1,1,23,1,expected
2018-10-25 19:19:15.544703,491,52.46.132.49,443,3.0,0,1,1,23,1,expected
2018-10-25 19:19:15.606476,491,52.46.132.49,443,3.0,0,1,1,23,1,expected
2018-10-25 19:19:15.640754,491,52.46.132.49,443,3.0,0,1,1,23,1,expected
2018-10-25 19:19:15.712137,491,52.46.132.49,443,3.0,0,1,1,23,1,expected
2018-10-25 19:19:15.755431,491,52.46.132.49,443,3.0,0,1,1,23,1,expected
2018-10-25 19:19:15.802649,491,52.46.132.49,443,3.0,0,1,1,23,1,expected
2018-10-25 19:19:15.850757,491,52.46.132.49,443,3.0,0,1,1,23,1,expected
2018-10-25 19:19:15.913681,491,52.46.132.49,443,3.0,0,1,1,23,1,expected
2018-10-25 19:19:15.950690,491,52.46.132.49,443,3.0,0,1,1,23,1,expected
2018-10-25 19:19:16.004934,491,52.46.132.49,443,3.0,0,1,1,23,1,expected
2018-10-25 19:19:16.044698,491,52.46.132.49,443,3.0,0,1,1,23,1,expected
2018-10-25 19:19:16.108789,491,52.46.132.49,443,3.0,0,1,1,23,1,expected
2018-10-25 19:19:16.153440,491,52.46.132.49,443,3.0,0,1,1,23,1,expected
2018-10-25 19:19:16.199573,491,52.46.132.49,443,3.0,0,1,1,23,1,expected
2018-10-25 19:19:16.217099,54,52.46.132.49,443,1.0,1702,1,1,,1,ack
2018-10-25 19:19:16.251451,491,52.46.132.49,443,3.0,0,1,1,23,1,expected
2018-10-25 19:19:16.317649,491,52.46.132.49,443,3.0,0,1,1,23,1,expected
2018-10-25 19:19:16.340715,491,52.46.132.49,443,3.0,0,1,1,23,1,expected
2018-10-25 19:19:16.407526,491,52.46.132.49,443,3.0,0,1,1,23,1,expected
2018-10-25 19:19:16.444023,491,52.46.132.49,443,3.0,0,1,1,23,1,expected
2018-10-25 19:19:16.509013,54,52.46.132.49,443,1.0,291,1,1,,1,ack
2018-10-25 19:19:16.509204,491,52.46.132.49,443,3.0,0,1,1,23,1,expected
2018-10-25 19:19:16.556431,491,52.46.132.49,443,3.0,0,1,1,23,1,expected
2018-10-25 19:19:16.614324,491,52.46.132.49,443,3.0,0,1,1,23,1,expected
2018-10-25 19:19:16.632097,54,52.46.132.49,443,1.0,123,1,1,,1,ack
2018-10-25 19:19:16.648598,491,52.46.132.49,443,3.0,0,1,1,23,1,expected
2018-10-25 19:19:16.710982,491,52.46.132.49,443,3.0,0,1,1,23,1,expected
2018-10-25 19:19:16.744729,491,52.46.132.49,443,3.0,0,1,1,23,1,expected
2018-10-25 19:19:16.811730,491,52.46.132.49,443,3.0,0,1,1,23,1,expected
2018-10-25 19:19:16.841763,491,52.46.132.49,443,3.0,0,1,1,23,1,expected
2018-10-25 19:19:16.913896,491,52.46.132.49,443,3.0,0,1,1,23,1,expected
2018-10-25 19:19:16.962533,491,52.46.132.49,443,3.0,0,1,1,23,1,expected
2018-10-25 19:19:17.009387,491,52.46.132.49,443,3.0,0,1,1,23,1,expected
2018-10-25 19:19:17.050985,491,52.46.132.49,443,3.0,0,1,1,23,1,expected
2018-10-25 19:19:17.111881,491,52.46.132.49,443,3.0,0,1,1,23,1,expected
2018-10-25 19:19:17.144982,491,52.46.132.49,443,3.0,0,1,1,23,1,expected
2018-10-25 19:19:17.207930,491,52.46.132.49,443,3.0,0,1,1,23,1,expected
2018-10-25 19:19:17.238823,491,52.46.132.49,443,3.0,0,1,1,23,1,expected
2018-10-25 19:19:17.310299,491,52.46.132.49,443,3.0,0,1,1,23,1,expected
2018-10-25 19:19:17.356035,491,52.46.132.49,443,3.0,0,1,1,23,1,expected
2018-10-25 19:19:17.401968,491,52.46.132.49,443,3.0,0,1,1,23,1,expected
2018-10-25 19:19:17.445561,491,52.46.132.49,443,3.0,0,1,1,23,1,expected
2018-10-25 19:19:17.518880,491,52.46.132.49,443,3.0,0,1,1,23,1,expected
2018-10-25 19:19:17.524227,54,52.46.132.49,443,1.0,892,1,1,,1,ack
2018-10-25 19:19:17.543666,54,52.46.132.49,443,1.0,19,1,1,,1,ack
2018-10-25 19:19:17.543810,54,52.46.132.49,443,1.0,0,1,1,,1,ack
2018-10-25 19:19:17.584556,54,52.46.132.49,443,1.0,40,1,1,,1,ack
2018-10-25 19:19:17.584794,491,52.46.132.49,443,3.0,0,1,1,23,1,expected
2018-10-25 19:19:17.631418,491,52.46.132.49,443,3.0,0,1,1,23,1,expected
2018-10-25 19:19:17.641556,54,52.46.132.49,443,1.0,57,1,1,,1,ack
2018-10-25 19:19:17.642654,491,52.46.132.49,443,3.0,0,1,1,23,1,expected
2018-10-25 19:19:17.642813,54,52.46.132.49,443,1.0,1,1,1,,1,ack
2018-10-25 19:19:17.642889,54,52.46.132.49,443,1.0,0,1,1,,1,ack
2018-10-25 19:19:17.645497,54,52.46.132.49,443,1.0,2,1,1,,1,ack
2018-10-25 19:19:17.645574,54,52.46.132.49,443,1.0,0,1,1,,1,ack
2018-10-25 19:19:17.646404,54,52.46.132.49,443,1.0,0,1,1,,1,ack
2018-10-25 19:19:17.647187,54,52.46.132.49,443,1.0,0,1,1,,1,ack
2018-10-25 19:19:17.647430,99,52.46.132.49,443,3.0,0,1,1,23,1,expected
2018-10-25 19:19:17.691243,54,52.46.132.49,443,1.0,44,1,1,,1,ack
2018-10-25 19:19:17.698332,54,52.46.132.49,443,1.0,7,1,1,,1,ack
2018-10-25 19:19:17.698477,54,52.46.132.49,443,1.0,0,1,1,,1,ack
2018-10-25 19:19:17.698959,54,52.46.132.49,443,1.0,0,1,1,,1,ack
2018-10-25 19:19:17.699884,54,52.46.132.49,443,1.0,0,1,1,,1,ack
2018-10-25 19:19:17.700042,54,52.46.132.49,443,1.0,0,1,1,,1,ack
2018-10-25 19:19:17.702003,54,52.46.132.49,443,1.0,1,1,1,,1,ack
2018-10-25 19:19:17.702089,99,52.46.132.49,443,3.0,0,1,1,23,1,expected
2018-10-25 19:19:17.702235,54,52.46.132.49,443,1.0,0,1,1,,1,ack
2018-10-25 19:19:17.705735,54,52.46.132.49,443,1.0,3,1,1,,1,ack
2018-10-25 19:19:17.709161,491,52.46.132.49,443,3.0,0,1,1,23,1,expected
2018-10-25 19:19:17.720177,54,52.46.132.49,443,1.0,14,1,1,,1,ack
2018-10-25 19:19:17.721126,54,52.46.132.49,443,1.0,0,1,1,,1,ack
2018-10-25 19:19:17.721802,54,52.46.132.49,443,1.0,0,1,1,,1,ack
2018-10-25 19:19:17.722739,54,52.46.132.49,443,1.0,0,1,1,,1,ack
2018-10-25 19:19:17.724606,54,52.46.132.49,443,1.0,1,1,1,,1,ack
2018-10-25 19:19:17.725013,54,52.46.132.49,443,1.0,0,1,1,,1,ack
2018-10-25 19:19:17.726809,54,52.46.132.49,443,1.0,1,1,1,,1,ack
2018-10-25 19:19:17.727629,99,52.46.132.49,443,3.0,0,1,1,23,1,expected
2018-10-25 19:19:17.728537,54,52.46.132.49,443,1.0,1,1,1,,1,ack
2018-10-25 19:19:17.728683,54,52.46.132.49,443,1.0,0,1,1,,1,ack
2018-10-25 19:19:17.730128,54,52.46.132.49,443,1.0,1,1,1,,1,ack
2018-10-25 19:19:17.753995,91,52.46.132.49,443,3.0,0,1,1,23,1,expected
2018-10-25 19:19:17.754253,91,52.46.132.49,443,3.0,0,1,1,23,1,expected
2018-10-25 19:19:17.778401,351,52.46.132.49,443,3.0,0,1,1,23,1,expected
2018-10-25 19:19:18.254326,54,52.46.132.49,443,1.0,524,1,1,,1,ack
2018-10-25 19:19:27.000968,176,52.46.132.49,443,3.0,0,1,1,23,1,expected
