2018-10-23 07:16:15.394657,295,52.94.228.85,443,3.0,0,1,1,23,1,expected
2018-10-23 07:16:15.638777,295,52.94.228.85,443,1.0,-215324737,1,1,,1,not_relevant
2018-10-23 07:16:19.130492,54,52.94.228.85,443,1.0,3491,1,1,,1,ack
2018-10-23 07:16:23.091590,287,52.46.136.99,443,3.0,0,1,1,23,1,expected
2018-10-23 07:16:23.246567,348,52.46.136.99,443,3.0,0,1,1,23,1,expected
2018-10-23 07:16:23.246649,231,52.46.136.99,443,3.0,0,1,1,23,1,expected
2018-10-23 07:16:23.246691,491,52.46.136.99,443,3.0,0,1,1,23,1,expected
2018-10-23 07:16:23.246767,1514,52.46.136.99,443,3.0,0,1,1,23,1,expected
2018-10-23 07:16:23.348860,1514,52.46.136.99,443,3.0,0,1,1,23,1,expected
2018-10-23 07:16:23.364907,1514,52.46.136.99,443,1.0,77182664,1,1,,1,not_relevant
2018-10-23 07:16:23.365268,1514,52.46.136.99,443,3.0,0,1,1,23,1,expected
2018-10-23 07:16:23.368635,1514,52.46.136.99,443,3.0,0,1,1,23,1,expected
2018-10-23 07:16:23.370048,1514,52.46.136.99,443,3.0,0,1,1,23,1,expected
2018-10-23 07:16:23.371792,1514,52.46.136.99,443,1.0,6,1,1,,1,not_relevant
2018-10-23 07:16:23.375826,1514,52.46.136.99,443,1.0,4,1,1,,1,not_relevant
2018-10-23 07:16:23.383890,1514,52.46.136.99,443,3.0,0,1,1,23,1,expected
2018-10-23 07:16:23.384316,1514,52.46.136.99,443,3.0,0,1,1,23,1,expected
2018-10-23 07:16:23.384347,668,52.46.136.99,443,3.0,0,1,1,23,1,expected
2018-10-23 07:16:23.460405,491,52.46.136.99,443,3.0,0,1,1,23,1,expected
2018-10-23 07:16:23.484416,491,52.46.136.99,443,3.0,0,1,1,23,1,expected
2018-10-23 07:16:23.532904,54,52.46.136.99,443,1.0,157,1,1,,1,ack
2018-10-23 07:16:23.533900,491,52.46.136.99,443,3.0,0,1,1,23,1,expected
2018-10-23 07:16:23.567766,491,52.46.136.99,443,3.0,0,1,1,23,1,expected
2018-10-23 07:16:23.680173,491,52.46.136.99,443,3.0,0,1,1,23,1,expected
2018-10-23 07:16:23.682077,491,52.46.136.99,443,3.0,0,1,1,23,1,expected
2018-10-23 07:16:23.724437,491,52.46.136.99,443,3.0,0,1,1,23,1,expected
2018-10-23 07:16:23.781716,491,52.46.136.99,443,3.0,0,1,1,23,1,expected
2018-10-23 07:16:23.850179,491,52.46.136.99,443,3.0,0,1,1,23,1,expected
2018-10-23 07:16:23.866256,491,52.46.136.99,443,3.0,0,1,1,23,1,expected
2018-10-23 07:16:23.941427,491,52.46.136.99,443,3.0,0,1,1,23,1,expected
2018-10-23 07:16:23.961578,491,52.46.136.99,443,3.0,0,1,1,23,1,expected
2018-10-23 07:16:24.034814,491,52.46.136.99,443,3.0,0,1,1,23,1,expected
2018-10-23 07:16:24.084773,491,52.46.136.99,443,3.0,0,1,1,23,1,expected
2018-10-23 07:16:24.125154,491,52.46.136.99,443,3.0,0,1,1,23,1,expected
2018-10-23 07:16:24.170998,491,52.46.136.99,443,3.0,0,1,1,23,1,expected
2018-10-23 07:16:24.247656,491,52.46.136.99,443,3.0,0,1,1,23,1,expected
2018-10-23 07:16:24.268006,491,52.46.136.99,443,3.0,0,1,1,23,1,expected
2018-10-23 07:16:24.334174,491,52.46.136.99,443,3.0,0,1,1,23,1,expected
2018-10-23 07:16:24.376820,491,52.46.136.99,443,3.0,0,1,1,23,1,expected
2018-10-23 07:16:24.428716,491,52.46.136.99,443,3.0,0,1,1,23,1,expected
2018-10-23 07:16:24.489251,491,52.46.136.99,443,3.0,0,1,1,23,1,expected
2018-10-23 07:16:24.525565,491,52.46.136.99,443,3.0,0,1,1,23,1,expected
2018-10-23 07:16:24.575757,491,52.46.136.99,443,3.0,0,1,1,23,1,expected
2018-10-23 07:16:24.648363,491,52.46.136.99,443,3.0,0,1,1,23,1,expected
2018-10-23 07:16:24.665891,491,52.46.136.99,443,3.0,0,1,1,23,1,expected
2018-10-23 07:16:24.732560,491,52.46.136.99,443,3.0,0,1,1,23,1,expected
2018-10-23 07:16:24.763784,491,52.46.136.99,443,3.0,0,1,1,23,1,expected
2018-10-23 07:16:24.829901,491,52.46.136.99,443,3.0,0,1,1,23,1,expected
2018-10-23 07:16:24.887503,491,52.46.136.99,443,3.0,0,1,1,23,1,expected
2018-10-23 07:16:24.925273,491,52.46.136.99,443,3.0,0,1,1,23,1,expected
2018-10-23 07:16:24.974324,491,52.46.136.99,443,3.0,0,1,1,23,1,expected
2018-10-23 07:16:25.048040,491,52.46.136.99,443,3.0,0,1,1,23,1,expected
2018-10-23 07:16:25.080086,491,52.46.136.99,443,3.0,0,1,1,23,1,expected
2018-10-23 07:16:25.138107,491,52.46.136.99,443,3.0,0,1,1,23,1,expected
2018-10-23 07:16:25.162055,491,52.46.136.99,443,3.0,0,1,1,23,1,expected
2018-10-23 07:16:25.233639,491,52.46.136.99,443,3.0,0,1,1,23,1,expected
2018-10-23 07:16:25.288394,491,52.46.136.99,443,3.0,0,1,1,23,1,expected
2018-10-23 07:16:25.332607,491,52.46.136.99,443,3.0,0,1,1,23,1,expected
2018-10-23 07:16:25.384987,491,52.46.136.99,443,3.0,0,1,1,23,1,expected
2018-10-23 07:16:25.449941,491,52.46.136.99,443,3.0,0,1,1,23,1,expected
2018-10-23 07:16:25.471893,491,52.46.136.99,443,3.0,0,1,1,23,1,expected
2018-10-23 07:16:25.540798,491,52.46.136.99,443,3.0,0,1,1,23,1,expected
2018-10-23 07:16:25.566454,491,52.46.136.99,443,3.0,0,1,1,23,1,expected
2018-10-23 07:16:25.638271,491,52.46.136.99,443,3.0,0,1,1,23,1,expected
2018-10-23 07:16:25.688267,491,52.46.136.99,443,3.0,0,1,1,23,1,expected
2018-10-23 07:16:25.725279,491,52.46.136.99,443,3.0,0,1,1,23,1,expected
2018-10-23 07:16:25.778605,491,52.46.136.99,443,3.0,0,1,1,23,1,expected
2018-10-23 07:16:25.849245,491,52.46.136.99,443,3.0,0,1,1,23,1,expected
2018-10-23 07:16:25.871799,491,52.46.136.99,443,3.0,0,1,1,23,1,expected
2018-10-23 07:16:25.937233,491,52.46.136.99,443,3.0,0,1,1,23,1,expected
2018-10-23 07:16:25.964596,491,52.46.136.99,443,3.0,0,1,1,23,1,expected
2018-10-23 07:16:26.019408,54,52.46.136.99,443,1.0,2486,1,1,,1,ack
2018-10-23 07:16:26.021567,54,52.46.136.99,443,1.0,2,1,1,,1,ack
2018-10-23 07:16:26.035474,491,52.46.136.99,443,3.0,0,1,1,23,1,expected
2018-10-23 07:16:26.044600,54,52.46.136.99,443,1.0,23,1,1,,1,ack
2018-10-23 07:16:26.046451,54,52.46.136.99,443,1.0,1,1,1,,1,ack
2018-10-23 07:16:26.052189,54,52.46.136.99,443,1.0,5,1,1,,1,ack
2018-10-23 07:16:26.052272,54,52.46.136.99,443,1.0,0,1,1,,1,ack
2018-10-23 07:16:26.052439,54,52.46.136.99,443,1.0,0,1,1,,1,ack
2018-10-23 07:16:26.063676,54,52.46.136.99,443,1.0,11,1,1,,1,ack
2018-10-23 07:16:26.064524,54,52.46.136.99,443,1.0,0,1,1,,1,ack
2018-10-23 07:16:26.065910,54,52.46.136.99,443,1.0,1,1,1,,1,ack
2018-10-23 07:16:26.085357,99,52.46.136.99,443,3.0,0,1,1,23,1,expected
2018-10-23 07:16:26.091993,491,52.46.136.99,443,3.0,0,1,1,23,1,expected
2018-10-23 07:16:26.124127,91,52.46.136.99,443,3.0,0,1,1,23,1,expected
2018-10-23 07:16:26.124208,91,52.46.136.99,443,3.0,0,1,1,23,1,expected
2018-10-23 07:16:26.225565,432,52.46.136.99,443,3.0,0,1,1,23,1,expected
2018-10-23 07:16:26.490206,54,52.46.136.99,443,1.0,424,1,1,,1,ack
2018-10-23 07:16:30.048474,177,52.46.136.99,443,3.0,0,1,1,23,1,expected
2018-10-23 07:16:40.649278,77,104.154.127.233,4070,2.0,0,1,1,,1,syn
2018-10-23 07:16:40.668201,66,104.154.127.233,4070,1.0,-215284412,1,1,,1,ack
2018-10-23 07:16:48.808937,287,52.46.136.99,443,3.0,0,1,1,23,1,expected
2018-10-23 07:16:48.835445,346,52.46.136.99,443,3.0,0,1,1,23,1,expected
2018-10-23 07:16:48.837716,1291,52.46.136.99,443,3.0,0,1,1,23,1,expected
2018-10-23 07:16:48.849181,631,52.46.136.99,443,3.0,0,1,1,23,1,expected
2018-10-23 07:16:48.977316,1291,52.46.136.99,443,3.0,0,1,1,23,1,expected
2018-10-23 07:16:48.980778,1514,52.46.136.99,443,3.0,0,1,1,23,1,expected
2018-10-23 07:16:48.982216,1514,52.46.136.99,443,1.0,22492,1,1,,1,not_relevant
2018-10-23 07:16:48.982249,1514,52.46.136.99,443,3.0,0,1,1,23,1,expected
2018-10-23 07:16:48.982275,1514,52.46.136.99,443,1.0,0,1,1,,1,not_relevant
2018-10-23 07:16:48.982333,1514,52.46.136.99,443,1.0,0,1,1,,1,not_relevant
2018-10-23 07:16:48.995529,1514,52.46.136.99,443,3.0,0,1,1,23,1,expected
2018-10-23 07:16:48.998781,1293,52.46.136.99,443,3.0,0,1,1,23,1,expected
2018-10-23 07:16:49.002782,491,52.46.136.99,443,3.0,0,1,1,23,1,expected
2018-10-23 07:16:49.079807,491,52.46.136.99,443,3.0,0,1,1,23,1,expected
2018-10-23 07:16:49.120002,491,52.46.136.99,443,3.0,0,1,1,23,1,expected
2018-10-23 07:16:49.158797,491,52.46.136.99,443,3.0,0,1,1,23,1,expected
2018-10-23 07:16:49.216829,491,52.46.136.99,443,3.0,0,1,1,23,1,expected
2018-10-23 07:16:49.245213,491,52.46.136.99,443,3.0,0,1,1,23,1,expected
2018-10-23 07:16:49.311291,491,52.46.136.99,443,3.0,0,1,1,23,1,expected
2018-10-23 07:16:49.375472,491,52.46.136.99,443,3.0,0,1,1,23,1,expected
2018-10-23 07:16:49.416010,491,52.46.136.99,443,3.0,0,1,1,23,1,expected
2018-10-23 07:16:49.580213,491,52.46.136.99,443,3.0,0,1,1,23,1,expected
2018-10-23 07:16:49.580642,491,52.46.136.99,443,3.0,0,1,1,23,1,expected
2018-10-23 07:16:49.582078,491,52.46.136.99,443,3.0,0,1,1,23,1,expected
2018-10-23 07:16:49.614009,491,52.46.136.99,443,3.0,0,1,1,23,1,expected
2018-10-23 07:16:49.641582,491,52.46.136.99,443,3.0,0,1,1,23,1,expected
2018-10-23 07:16:49.714559,491,52.46.136.99,443,3.0,0,1,1,23,1,expected
2018-10-23 07:16:49.765782,491,52.46.136.99,443,3.0,0,1,1,23,1,expected
2018-10-23 07:16:49.802104,491,52.46.136.99,443,3.0,0,1,1,23,1,expected
2018-10-23 07:16:49.851084,491,52.46.136.99,443,3.0,0,1,1,23,1,expected
2018-10-23 07:16:49.916317,491,52.46.136.99,443,3.0,0,1,1,23,1,expected
2018-10-23 07:16:49.948131,491,52.46.136.99,443,3.0,0,1,1,23,1,expected
2018-10-23 07:16:50.014067,491,52.46.136.99,443,3.0,0,1,1,23,1,expected
2018-10-23 07:16:50.049094,491,52.46.136.99,443,3.0,0,1,1,23,1,expected
2018-10-23 07:16:50.112879,491,52.46.136.99,443,3.0,0,1,1,23,1,expected
2018-10-23 07:16:50.165524,491,52.46.136.99,443,3.0,0,1,1,23,1,expected
2018-10-23 07:16:50.202246,491,52.46.136.99,443,3.0,0,1,1,23,1,expected
2018-10-23 07:16:50.279065,491,52.46.136.99,443,3.0,0,1,1,23,1,expected
2018-10-23 07:16:50.326276,491,52.46.136.99,443,3.0,0,1,1,23,1,expected
2018-10-23 07:16:50.347929,491,52.46.136.99,443,3.0,0,1,1,23,1,expected
2018-10-23 07:16:50.410538,491,52.46.136.99,443,3.0,0,1,1,23,1,expected
2018-10-23 07:16:50.445170,491,52.46.136.99,443,3.0,0,1,1,23,1,expected
2018-10-23 07:16:50.512617,491,52.46.136.99,443,3.0,0,1,1,23,1,expected
2018-10-23 07:16:50.568403,491,52.46.136.99,443,3.0,0,1,1,23,1,expected
2018-10-23 07:16:50.607188,491,52.46.136.99,443,3.0,0,1,1,23,1,expected
2018-10-23 07:16:50.649654,491,52.46.136.99,443,3.0,0,1,1,23,1,expected
2018-10-23 07:16:50.728405,491,52.46.136.99,443,3.0,0,1,1,23,1,expected
2018-10-23 07:16:50.747007,491,52.46.136.99,443,3.0,0,1,1,23,1,expected
2018-10-23 07:16:50.812276,491,52.46.136.99,443,3.0,0,1,1,23,1,expected
2018-10-23 07:16:50.844014,491,52.46.136.99,443,3.0,0,1,1,23,1,expected
2018-10-23 07:16:50.911023,491,52.46.136.99,443,3.0,0,1,1,23,1,expected
2018-10-23 07:16:50.978542,491,52.46.136.99,443,3.0,0,1,1,23,1,expected
2018-10-23 07:16:51.004363,491,52.46.136.99,443,3.0,0,1,1,23,1,expected
2018-10-23 07:16:51.056474,491,52.46.136.99,443,3.0,0,1,1,23,1,expected
2018-10-23 07:16:51.130093,491,52.46.136.99,443,3.0,0,1,1,23,1,expected
2018-10-23 07:16:51.150767,491,52.46.136.99,443,3.0,0,1,1,23,1,expected
2018-10-23 07:16:51.211433,54,52.46.136.99,443,1.0,2229,1,1,,1,ack
2018-10-23 07:16:51.211707,491,52.46.136.99,443,3.0,0,1,1,23,1,expected
2018-10-23 07:16:51.245494,491,52.46.136.99,443,3.0,0,1,1,23,1,expected
2018-10-23 07:16:51.310468,491,52.46.136.99,443,3.0,0,1,1,23,1,expected
2018-10-23 07:16:51.355371,491,52.46.136.99,443,3.0,0,1,1,23,1,expected
2018-10-23 07:16:51.402258,491,52.46.136.99,443,3.0,0,1,1,23,1,expected
2018-10-23 07:16:51.451300,491,52.46.136.99,443,3.0,0,1,1,23,1,expected
2018-10-23 07:16:51.529575,491,52.46.136.99,443,3.0,0,1,1,23,1,expected
2018-10-23 07:16:51.550769,491,52.46.136.99,443,3.0,0,1,1,23,1,expected
2018-10-23 07:16:51.614426,491,52.46.136.99,443,3.0,0,1,1,23,1,expected
2018-10-23 07:16:51.644616,491,52.46.136.99,443,3.0,0,1,1,23,1,expected
2018-10-23 07:16:51.708586,491,52.46.136.99,443,3.0,0,1,1,23,1,expected
2018-10-23 07:16:51.769531,491,52.46.136.99,443,3.0,0,1,1,23,1,expected
2018-10-23 07:16:51.806568,491,52.46.136.99,443,3.0,0,1,1,23,1,expected
2018-10-23 07:16:51.853991,491,52.46.136.99,443,3.0,0,1,1,23,1,expected
2018-10-23 07:16:51.928883,491,52.46.136.99,443,3.0,0,1,1,23,1,expected
2018-10-23 07:16:51.951878,491,52.46.136.99,443,3.0,0,1,1,23,1,expected
2018-10-23 07:16:52.014508,491,52.46.136.99,443,3.0,0,1,1,23,1,expected
2018-10-23 07:16:52.045450,491,52.46.136.99,443,3.0,0,1,1,23,1,expected
2018-10-23 07:16:52.109040,491,52.46.136.99,443,3.0,0,1,1,23,1,expected
2018-10-23 07:16:52.165866,491,52.46.136.99,443,3.0,0,1,1,23,1,expected
2018-10-23 07:16:52.207877,491,52.46.136.99,443,3.0,0,1,1,23,1,expected
2018-10-23 07:16:52.254253,491,52.46.136.99,443,3.0,0,1,1,23,1,expected
2018-10-23 07:16:52.255600,54,52.46.136.99,443,1.0,1044,1,1,,1,ack
2018-10-23 07:16:52.334097,491,52.46.136.99,443,3.0,0,1,1,23,1,expected
2018-10-23 07:16:52.381153,491,52.46.136.99,443,3.0,0,1,1,23,1,expected
2018-10-23 07:16:52.410760,491,52.46.136.99,443,3.0,0,1,1,23,1,expected
2018-10-23 07:16:52.443198,491,52.46.136.99,443,3.0,0,1,1,23,1,expected
2018-10-23 07:16:52.470553,54,52.46.136.99,443,1.0,214,1,1,,1,ack
2018-10-23 07:16:52.518432,491,52.46.136.99,443,3.0,0,1,1,23,1,expected
2018-10-23 07:16:52.568545,491,52.46.136.99,443,3.0,0,1,1,23,1,expected
2018-10-23 07:16:52.606186,491,52.46.136.99,443,3.0,0,1,1,23,1,expected
2018-10-23 07:16:52.655904,491,52.46.136.99,443,3.0,0,1,1,23,1,expected
2018-10-23 07:16:52.716768,491,52.46.136.99,443,3.0,0,1,1,23,1,expected
2018-10-23 07:16:52.761716,491,52.46.136.99,443,3.0,0,1,1,23,1,expected
2018-10-23 07:16:52.780599,54,52.46.136.99,443,1.0,310,1,1,,1,ack
2018-10-23 07:16:52.821728,491,52.46.136.99,443,3.0,0,1,1,23,1,expected
2018-10-23 07:16:52.841725,491,52.46.136.99,443,3.0,0,1,1,23,1,expected
2018-10-23 07:16:52.912604,491,52.46.136.99,443,3.0,0,1,1,23,1,expected
2018-10-23 07:16:52.925033,54,52.46.136.99,443,1.0,144,1,1,,1,ack
2018-10-23 07:16:52.927705,54,52.46.136.99,443,1.0,2,1,1,,1,ack
2018-10-23 07:16:52.927890,54,52.46.136.99,443,1.0,0,1,1,,1,ack
2018-10-23 07:16:52.927968,54,52.46.136.99,443,1.0,0,1,1,,1,ack
2018-10-23 07:16:52.965286,491,52.46.136.99,443,3.0,0,1,1,23,1,expected
2018-10-23 07:16:52.981612,66,52.46.136.99,443,1.0,53,1,1,,1,ack
2018-10-23 07:16:52.981704,66,52.46.136.99,443,1.0,0,1,1,,1,ack
2018-10-23 07:16:52.981871,66,52.46.136.99,443,1.0,0,1,1,,1,ack
2018-10-23 07:16:52.982050,66,52.46.136.99,443,1.0,0,1,1,,1,ack
2018-10-23 07:16:52.982214,66,52.46.136.99,443,1.0,0,1,1,,1,ack
2018-10-23 07:16:52.982291,66,52.46.136.99,443,1.0,0,1,1,,1,ack
2018-10-23 07:16:52.982366,66,52.46.136.99,443,1.0,0,1,1,,1,ack
2018-10-23 07:16:52.982442,66,52.46.136.99,443,1.0,0,1,1,,1,ack
2018-10-23 07:16:52.984107,66,52.46.136.99,443,1.0,1,1,1,,1,ack
2018-10-23 07:16:53.014400,103,52.46.136.99,443,3.0,0,1,1,23,1,expected
2018-10-23 07:16:53.014570,103,52.46.136.99,443,3.0,0,1,1,23,1,expected
2018-10-23 07:16:53.027251,443,52.46.136.99,443,3.0,0,1,1,23,1,expected
2018-10-23 07:16:53.127123,443,52.46.136.99,443,1.0,143,1,1,,1,not_relevant
2018-10-23 07:16:53.379879,954,52.46.136.99,443,1.0,252,1,1,,1,not_relevant
2018-10-23 07:16:53.878937,954,52.46.136.99,443,1.0,499,1,1,,1,not_relevant
2018-10-23 07:16:54.904663,954,52.46.136.99,443,1.0,1025,1,1,,1,not_relevant
2018-10-23 07:16:55.622355,74,52.85.113.9,80,1.0,77186391,0,1,,1,retransmit
2018-10-23 07:16:55.633671,66,52.85.113.9,80,1.0,11,1,1,,1,ack
2018-10-23 07:16:55.633951,150,52.85.113.9,80,3.0,0,1,1,,1,not_relevant
2018-10-23 07:16:55.647433,66,52.85.113.9,80,1.0,13,1,1,,1,ack
2018-10-23 07:16:55.647909,66,52.85.113.9,80,1.0,0,1,1,,1,ack
2018-10-23 07:16:55.652698,54,52.216.106.220,80,1.0,77178082,1,1,,1,ack
2018-10-23 07:16:55.661608,66,52.85.113.9,80,1.0,13,1,1,,1,ack
2018-10-23 07:16:55.663511,74,52.216.160.235,80,1.0,77090972,0,1,,1,retransmit
2018-10-23 07:16:55.691237,54,52.216.160.235,80,1.0,27,1,1,,1,ack
2018-10-23 07:16:55.692631,200,52.216.160.235,80,3.0,0,1,1,,1,not_relevant
2018-10-23 07:16:55.714509,54,52.216.160.235,80,1.0,23,1,1,,1,ack
2018-10-23 07:16:55.716396,54,52.216.160.235,80,1.0,1,1,1,,1,ack
2018-10-23 07:16:55.879679,54,52.216.106.220,80,1.0,226,1,1,,1,ack
2018-10-23 07:16:56.090175,54,52.216.106.220,80,1.0,210,1,1,,1,ack
2018-10-23 07:16:56.528608,54,52.216.106.220,80,1.0,438,1,1,,1,ack
2018-10-23 07:16:56.896365,54,52.46.136.99,443,1.0,1991,1,1,,1,ack
2018-10-23 07:16:56.914539,66,52.46.136.99,443,1.0,18,1,1,,1,ack
2018-10-23 07:16:56.933612,66,52.46.136.99,443,1.0,19,1,1,,1,ack
2018-10-23 07:16:56.933956,66,52.46.136.99,443,1.0,0,1,1,,1,ack
2018-10-23 07:16:56.958547,66,52.46.136.99,443,1.0,24,1,1,,1,ack
2018-10-23 07:16:56.958761,66,52.46.136.99,443,1.0,0,1,1,,1,ack
2018-10-23 07:16:56.958904,66,52.46.136.99,443,1.0,0,1,1,,1,ack
2018-10-23 07:16:56.971489,54,52.46.136.99,443,1.0,12,1,1,,1,ack
2018-10-23 07:16:57.408733,54,52.216.106.220,80,1.0,880,1,1,,1,ack
2018-10-23 07:16:57.928715,176,52.46.136.99,443,3.0,0,1,1,23,1,expected
2018-10-23 07:16:59.168824,54,52.216.106.220,80,1.0,1760,1,1,,1,ack
2018-10-23 07:17:02.696440,54,52.216.106.220,80,1.0,3527,1,1,,1,ack
2018-10-23 07:17:09.748992,54,52.216.106.220,80,1.0,7052,1,1,,1,ack
2018-10-23 07:17:10.687317,77,104.154.127.233,4070,2.0,0,1,1,,1,syn
2018-10-23 07:17:10.706276,66,104.154.127.233,4070,1.0,30038,1,1,,1,ack
2018-10-23 07:17:12.226524,288,52.46.136.99,443,3.0,0,1,1,23,1,expected
2018-10-23 07:17:12.341725,1514,52.46.136.99,443,3.0,0,1,1,23,1,expected
2018-10-23 07:17:12.343407,1514,52.46.136.99,443,3.0,0,1,1,23,1,expected
2018-10-23 07:17:12.343452,1514,52.46.136.99,443,3.0,0,1,1,23,1,expected
2018-10-23 07:17:12.343476,1099,52.46.136.99,443,3.0,0,1,1,23,1,expected
2018-10-23 07:17:12.367979,1514,52.46.136.99,443,3.0,0,1,1,23,1,expected
2018-10-23 07:17:12.368760,1514,52.46.136.99,443,3.0,0,1,1,23,1,expected
2018-10-23 07:17:12.370342,1514,52.46.136.99,443,3.0,0,1,1,23,1,expected
2018-10-23 07:17:12.370376,296,52.46.136.99,443,3.0,0,1,1,23,1,expected
2018-10-23 07:17:12.380349,491,52.46.136.99,443,3.0,0,1,1,23,1,expected
2018-10-23 07:17:12.393675,1514,52.46.136.99,443,3.0,0,1,1,23,1,expected
2018-10-23 07:17:12.395534,1514,52.46.136.99,443,3.0,0,1,1,23,1,expected
2018-10-23 07:17:12.395565,630,52.46.136.99,443,3.0,0,1,1,23,1,expected
2018-10-23 07:17:12.412326,1068,52.46.136.99,443,3.0,0,1,1,23,1,expected
2018-10-23 07:17:12.448011,491,52.46.136.99,443,3.0,0,1,1,23,1,expected
2018-10-23 07:17:12.465752,54,52.46.136.99,443,1.0,15494,1,1,,1,ack
2018-10-23 07:17:12.500146,491,52.46.136.99,443,3.0,0,1,1,23,1,expected
2018-10-23 07:17:12.541430,491,52.46.136.99,443,3.0,0,1,1,23,1,expected
2018-10-23 07:17:12.617376,491,52.46.136.99,443,3.0,0,1,1,23,1,expected
2018-10-23 07:17:12.646093,491,52.46.136.99,443,3.0,0,1,1,23,1,expected
2018-10-23 07:17:12.706030,491,52.46.136.99,443,3.0,0,1,1,23,1,expected
2018-10-23 07:17:12.734493,491,52.46.136.99,443,3.0,0,1,1,23,1,expected
2018-10-23 07:17:12.811213,491,52.46.136.99,443,3.0,0,1,1,23,1,expected
2018-10-23 07:17:12.850433,491,52.46.136.99,443,3.0,0,1,1,23,1,expected
2018-10-23 07:17:12.894205,491,52.46.136.99,443,3.0,0,1,1,23,1,expected
2018-10-23 07:17:12.946245,491,52.46.136.99,443,3.0,0,1,1,23,1,expected
2018-10-23 07:17:13.008864,491,52.46.136.99,443,3.0,0,1,1,23,1,expected
2018-10-23 07:17:13.034042,491,52.46.136.99,443,3.0,0,1,1,23,1,expected
2018-10-23 07:17:13.106067,491,52.46.136.99,443,3.0,0,1,1,23,1,expected
2018-10-23 07:17:13.134171,491,52.46.136.99,443,3.0,0,1,1,23,1,expected
2018-10-23 07:17:13.203550,491,52.46.136.99,443,3.0,0,1,1,23,1,expected
2018-10-23 07:17:13.242606,491,52.46.136.99,443,3.0,0,1,1,23,1,expected
2018-10-23 07:17:13.289250,491,52.46.136.99,443,3.0,0,1,1,23,1,expected
2018-10-23 07:17:13.337609,491,52.46.136.99,443,3.0,0,1,1,23,1,expected
2018-10-23 07:17:13.407160,491,52.46.136.99,443,3.0,0,1,1,23,1,expected
2018-10-23 07:17:13.447224,491,52.46.136.99,443,3.0,0,1,1,23,1,expected
2018-10-23 07:17:13.505263,491,52.46.136.99,443,3.0,0,1,1,23,1,expected
2018-10-23 07:17:13.533400,491,52.46.136.99,443,3.0,0,1,1,23,1,expected
2018-10-23 07:17:13.603494,491,52.46.136.99,443,3.0,0,1,1,23,1,expected
2018-10-23 07:17:13.640735,491,52.46.136.99,443,3.0,0,1,1,23,1,expected
2018-10-23 07:17:13.689853,491,52.46.136.99,443,3.0,0,1,1,23,1,expected
2018-10-23 07:17:13.738926,491,52.46.136.99,443,3.0,0,1,1,23,1,expected
2018-10-23 07:17:13.805594,491,52.46.136.99,443,3.0,0,1,1,23,1,expected
2018-10-23 07:17:13.847719,491,52.46.136.99,443,3.0,0,1,1,23,1,expected
2018-10-23 07:17:13.900068,491,52.46.136.99,443,3.0,0,1,1,23,1,expected
2018-10-23 07:17:13.934264,491,52.46.136.99,443,3.0,0,1,1,23,1,expected
2018-10-23 07:17:14.009075,491,52.46.136.99,443,3.0,0,1,1,23,1,expected
2018-10-23 07:17:14.046169,491,52.46.136.99,443,3.0,0,1,1,23,1,expected
2018-10-23 07:17:14.094745,491,52.46.136.99,443,3.0,0,1,1,23,1,expected
2018-10-23 07:17:14.136363,491,52.46.136.99,443,3.0,0,1,1,23,1,expected
2018-10-23 07:17:14.206898,491,52.46.136.99,443,3.0,0,1,1,23,1,expected
2018-10-23 07:17:14.246723,491,52.46.136.99,443,3.0,0,1,1,23,1,expected
2018-10-23 07:17:14.297834,491,52.46.136.99,443,3.0,0,1,1,23,1,expected
2018-10-23 07:17:14.332585,491,52.46.136.99,443,3.0,0,1,1,23,1,expected
2018-10-23 07:17:14.411074,491,52.46.136.99,443,3.0,0,1,1,23,1,expected
2018-10-23 07:17:14.432682,54,52.46.136.99,443,1.0,1966,1,1,,1,ack
2018-10-23 07:17:14.444731,491,52.46.136.99,443,3.0,0,1,1,23,1,expected
2018-10-23 07:17:14.501739,491,52.46.136.99,443,3.0,0,1,1,23,1,expected
2018-10-23 07:17:14.545678,491,52.46.136.99,443,3.0,0,1,1,23,1,expected
2018-10-23 07:17:14.607826,491,52.46.136.99,443,3.0,0,1,1,23,1,expected
2018-10-23 07:17:14.646430,491,52.46.136.99,443,3.0,0,1,1,23,1,expected
2018-10-23 07:17:14.708532,491,52.46.136.99,443,3.0,0,1,1,23,1,expected
2018-10-23 07:17:14.735931,491,52.46.136.99,443,3.0,0,1,1,23,1,expected
2018-10-23 07:17:14.797372,491,52.46.136.99,443,3.0,0,1,1,23,1,expected
2018-10-23 07:17:14.848158,491,52.46.136.99,443,3.0,0,1,1,23,1,expected
2018-10-23 07:17:14.896480,491,52.46.136.99,443,3.0,0,1,1,23,1,expected
2018-10-23 07:17:14.938883,491,52.46.136.99,443,3.0,0,1,1,23,1,expected
2018-10-23 07:17:15.013559,491,52.46.136.99,443,3.0,0,1,1,23,1,expected
2018-10-23 07:17:15.033922,491,52.46.136.99,443,3.0,0,1,1,23,1,expected
2018-10-23 07:17:15.053472,54,52.46.136.99,443,1.0,620,1,1,,1,ack
2018-10-23 07:17:15.056164,54,52.46.136.99,443,1.0,2,1,1,,1,ack
2018-10-23 07:17:15.083204,54,52.46.136.99,443,1.0,27,1,1,,1,ack
2018-10-23 07:17:15.083356,54,52.46.136.99,443,1.0,0,1,1,,1,ack
2018-10-23 07:17:15.086296,54,52.46.136.99,443,1.0,2,1,1,,1,ack
2018-10-23 07:17:15.102519,54,52.46.136.99,443,1.0,16,1,1,,1,ack
2018-10-23 07:17:15.104774,54,52.46.136.99,443,1.0,2,1,1,,1,ack
2018-10-23 07:17:15.104908,54,52.46.136.99,443,1.0,0,1,1,,1,ack
2018-10-23 07:17:15.107687,491,52.46.136.99,443,3.0,0,1,1,23,1,expected
2018-10-23 07:17:15.107827,99,52.46.136.99,443,3.0,0,1,1,23,1,expected
2018-10-23 07:17:15.132403,54,52.46.136.99,443,1.0,27,1,1,,1,ack
2018-10-23 07:17:15.142217,491,52.46.136.99,443,3.0,0,1,1,23,1,expected
2018-10-23 07:17:15.209627,491,52.46.136.99,443,3.0,0,1,1,23,1,expected
2018-10-23 07:17:15.245531,491,52.46.136.99,443,3.0,0,1,1,23,1,expected
2018-10-23 07:17:15.286904,91,52.46.136.99,443,3.0,0,1,1,23,1,expected
2018-10-23 07:17:15.286978,91,52.46.136.99,443,3.0,0,1,1,23,1,expected
2018-10-23 07:17:15.300107,430,52.46.136.99,443,3.0,0,1,1,23,1,expected
2018-10-23 07:17:15.547570,54,52.46.136.99,443,1.0,415,1,1,,1,ack
2018-10-23 07:17:18.789644,54,52.216.160.235,80,1.0,23073,1,1,,1,ack
2018-10-23 07:17:19.235472,176,52.46.136.99,443,3.0,0,1,1,23,1,expected
2018-10-23 07:17:23.880469,54,52.216.106.220,80,1.0,14131,1,1,,1,ack
2018-10-23 07:17:40.431890,287,52.46.136.99,443,3.0,0,1,1,23,1,expected
2018-10-23 07:17:40.491915,347,52.46.136.99,443,3.0,0,1,1,23,1,expected
2018-10-23 07:17:40.491980,231,52.46.136.99,443,3.0,0,1,1,23,1,expected
2018-10-23 07:17:40.492001,491,52.46.136.99,443,3.0,0,1,1,23,1,expected
2018-10-23 07:17:40.511316,1365,52.46.136.99,443,3.0,0,1,1,23,1,expected
2018-10-23 07:17:40.519664,891,52.46.136.99,443,3.0,0,1,1,23,1,expected
2018-10-23 07:17:40.526813,891,52.46.136.99,443,3.0,0,1,1,23,1,expected
2018-10-23 07:17:40.528177,491,52.46.136.99,443,3.0,0,1,1,23,1,expected
2018-10-23 07:17:40.533161,231,52.46.136.99,443,3.0,0,1,1,23,1,expected
2018-10-23 07:17:40.538448,1291,52.46.136.99,443,3.0,0,1,1,23,1,expected
2018-10-23 07:17:40.545982,1514,52.46.136.99,443,3.0,0,1,1,23,1,expected
2018-10-23 07:17:40.548167,1514,52.46.136.99,443,3.0,0,1,1,23,1,expected
2018-10-23 07:17:40.550434,630,52.46.136.99,443,3.0,0,1,1,23,1,expected
2018-10-23 07:17:40.552133,491,52.46.136.99,443,3.0,0,1,1,23,1,expected
2018-10-23 07:17:40.568697,491,52.46.136.99,443,3.0,0,1,1,23,1,expected
2018-10-23 07:17:40.576206,1514,52.46.136.99,443,1.0,25028,1,1,,1,not_relevant
2018-10-23 07:17:40.576549,771,52.46.136.99,443,3.0,0,1,1,23,1,expected
2018-10-23 07:17:40.589213,491,52.46.136.99,443,3.0,0,1,1,23,1,expected
2018-10-23 07:17:40.680304,54,52.46.136.99,443,1.0,104,1,1,,1,ack
2018-10-23 07:17:40.680469,491,52.46.136.99,443,3.0,0,1,1,23,1,expected
2018-10-23 07:17:40.686566,491,52.46.136.99,443,3.0,0,1,1,23,1,expected
2018-10-23 07:17:40.752271,491,52.46.136.99,443,3.0,0,1,1,23,1,expected
2018-10-23 07:17:40.811402,491,52.46.136.99,443,3.0,0,1,1,23,1,expected
2018-10-23 07:17:40.847348,491,52.46.136.99,443,3.0,0,1,1,23,1,expected
2018-10-23 07:17:40.899846,491,52.46.136.99,443,3.0,0,1,1,23,1,expected
2018-10-23 07:17:40.970366,491,52.46.136.99,443,3.0,0,1,1,23,1,expected
2018-10-23 07:17:40.987626,491,52.46.136.99,443,3.0,0,1,1,23,1,expected
2018-10-23 07:17:41.052416,491,52.46.136.99,443,3.0,0,1,1,23,1,expected
2018-10-23 07:17:41.084116,491,52.46.136.99,443,3.0,0,1,1,23,1,expected
2018-10-23 07:17:41.149630,491,52.46.136.99,443,3.0,0,1,1,23,1,expected
2018-10-23 07:17:41.209876,491,52.46.136.99,443,3.0,0,1,1,23,1,expected
2018-10-23 07:17:41.244207,491,52.46.136.99,443,3.0,0,1,1,23,1,expected
2018-10-23 07:17:41.308615,491,52.46.136.99,443,3.0,0,1,1,23,1,expected
2018-10-23 07:17:41.380569,491,52.46.136.99,443,3.0,0,1,1,23,1,expected
2018-10-23 07:17:41.384717,491,52.46.136.99,443,3.0,0,1,1,23,1,expected
2018-10-23 07:17:41.458482,491,52.46.136.99,443,3.0,0,1,1,23,1,expected
2018-10-23 07:17:41.483117,491,52.46.136.99,443,3.0,0,1,1,23,1,expected
2018-10-23 07:17:41.550903,491,52.46.136.99,443,3.0,0,1,1,23,1,expected
2018-10-23 07:17:41.610763,491,52.46.136.99,443,3.0,0,1,1,23,1,expected
2018-10-23 07:17:41.637986,77,104.154.127.233,4070,2.0,0,1,1,,1,syn
2018-10-23 07:17:41.644434,491,52.46.136.99,443,3.0,0,1,1,23,1,expected
2018-10-23 07:17:41.657387,66,104.154.127.233,4070,1.0,30951,1,1,,1,ack
2018-10-23 07:17:41.696198,491,52.46.136.99,443,3.0,0,1,1,23,1,expected
2018-10-23 07:17:41.768070,491,52.46.136.99,443,3.0,0,1,1,23,1,expected
2018-10-23 07:17:41.790823,491,52.46.136.99,443,3.0,0,1,1,23,1,expected
2018-10-23 07:17:41.858740,491,52.46.136.99,443,3.0,0,1,1,23,1,expected
2018-10-23 07:17:41.877265,54,52.46.136.99,443,1.0,1196,1,1,,1,ack
2018-10-23 07:17:41.886519,491,52.46.136.99,443,3.0,0,1,1,23,1,expected
2018-10-23 07:17:41.954350,491,52.46.136.99,443,3.0,0,1,1,23,1,expected
2018-10-23 07:17:41.994250,491,52.46.136.99,443,3.0,0,1,1,23,1,expected
2018-10-23 07:17:42.043185,491,52.46.136.99,443,3.0,0,1,1,23,1,expected
2018-10-23 07:17:42.094710,491,52.46.136.99,443,3.0,0,1,1,23,1,expected
2018-10-23 07:17:42.157447,491,52.46.136.99,443,3.0,0,1,1,23,1,expected
2018-10-23 07:17:42.195989,491,52.46.136.99,443,3.0,0,1,1,23,1,expected
2018-10-23 07:17:42.256034,491,52.46.136.99,443,3.0,0,1,1,23,1,expected
2018-10-23 07:17:42.287745,491,52.46.136.99,443,3.0,0,1,1,23,1,expected
2018-10-23 07:17:42.352755,491,52.46.136.99,443,3.0,0,1,1,23,1,expected
2018-10-23 07:17:42.410213,491,52.46.136.99,443,3.0,0,1,1,23,1,expected
2018-10-23 07:17:42.441686,491,52.46.136.99,443,3.0,0,1,1,23,1,expected
2018-10-23 07:17:42.490487,491,52.46.136.99,443,3.0,0,1,1,23,1,expected
2018-10-23 07:17:42.570022,491,52.46.136.99,443,3.0,0,1,1,23,1,expected
2018-10-23 07:17:42.588274,491,52.46.136.99,443,3.0,0,1,1,23,1,expected
2018-10-23 07:17:42.654261,491,52.46.136.99,443,3.0,0,1,1,23,1,expected
2018-10-23 07:17:42.684885,491,52.46.136.99,443,3.0,0,1,1,23,1,expected
2018-10-23 07:17:42.735586,54,52.46.136.99,443,1.0,858,1,1,,1,ack
2018-10-23 07:17:42.777060,491,52.46.136.99,443,3.0,0,1,1,23,1,expected
2018-10-23 07:17:42.807173,491,52.46.136.99,443,3.0,0,1,1,23,1,expected
2018-10-23 07:17:42.844660,491,52.46.136.99,443,3.0,0,1,1,23,1,expected
2018-10-23 07:17:42.892075,491,52.46.136.99,443,3.0,0,1,1,23,1,expected
2018-10-23 07:17:42.970585,491,52.46.136.99,443,3.0,0,1,1,23,1,expected
2018-10-23 07:17:42.987004,491,52.46.136.99,443,3.0,0,1,1,23,1,expected
2018-10-23 07:17:43.055946,491,52.46.136.99,443,3.0,0,1,1,23,1,expected
2018-10-23 07:17:43.082025,491,52.46.136.99,443,3.0,0,1,1,23,1,expected
2018-10-23 07:17:43.151547,491,52.46.136.99,443,3.0,0,1,1,23,1,expected
2018-10-23 07:17:43.310253,491,52.46.136.99,443,3.0,0,1,1,23,1,expected
2018-10-23 07:17:43.310522,491,52.46.136.99,443,3.0,0,1,1,23,1,expected
2018-10-23 07:17:43.310537,491,52.46.136.99,443,3.0,0,1,1,23,1,expected
2018-10-23 07:17:43.419463,491,52.46.136.99,443,3.0,0,1,1,23,1,expected
2018-10-23 07:17:43.553088,491,52.46.136.99,443,3.0,0,1,1,23,1,expected
2018-10-23 07:17:43.562159,491,52.46.136.99,443,3.0,0,1,1,23,1,expected
2018-10-23 07:17:43.571801,491,52.46.136.99,443,3.0,0,1,1,23,1,expected
2018-10-23 07:17:43.580952,491,52.46.136.99,443,3.0,0,1,1,23,1,expected
2018-10-23 07:17:43.593263,491,52.46.136.99,443,3.0,0,1,1,23,1,expected
2018-10-23 07:17:43.651047,491,52.46.136.99,443,3.0,0,1,1,23,1,expected
2018-10-23 07:17:43.718807,491,52.46.136.99,443,3.0,0,1,1,23,1,expected
2018-10-23 07:17:43.776163,491,52.46.136.99,443,3.0,0,1,1,23,1,expected
2018-10-23 07:17:43.788361,491,52.46.136.99,443,3.0,0,1,1,23,1,expected
2018-10-23 07:17:43.861863,491,52.46.136.99,443,3.0,0,1,1,23,1,expected
2018-10-23 07:17:43.899441,491,52.46.136.99,443,3.0,0,1,1,23,1,expected
2018-10-23 07:17:43.951855,491,52.46.136.99,443,3.0,0,1,1,23,1,expected
2018-10-23 07:17:44.007910,491,52.46.136.99,443,3.0,0,1,1,23,1,expected
2018-10-23 07:17:44.008645,54,52.46.136.99,443,1.0,1273,1,1,,1,ack
2018-10-23 07:17:44.047910,491,52.46.136.99,443,3.0,0,1,1,23,1,expected
2018-10-23 07:17:44.095535,491,52.46.136.99,443,3.0,0,1,1,23,1,expected
2018-10-23 07:17:44.181921,491,52.46.136.99,443,3.0,0,1,1,23,1,expected
2018-10-23 07:17:44.190948,491,52.46.136.99,443,3.0,0,1,1,23,1,expected
2018-10-23 07:17:44.255516,491,52.46.136.99,443,3.0,0,1,1,23,1,expected
2018-10-23 07:17:44.256952,54,52.46.136.99,443,1.0,248,1,1,,1,ack
2018-10-23 07:17:44.299058,491,52.46.136.99,443,3.0,0,1,1,23,1,expected
2018-10-23 07:17:44.365587,491,52.46.136.99,443,3.0,0,1,1,23,1,expected
2018-10-23 07:17:44.407951,491,52.46.136.99,443,3.0,0,1,1,23,1,expected
2018-10-23 07:17:44.443362,491,52.46.136.99,443,3.0,0,1,1,23,1,expected
2018-10-23 07:17:44.497756,491,52.46.136.99,443,3.0,0,1,1,23,1,expected
2018-10-23 07:17:44.570750,491,52.46.136.99,443,3.0,0,1,1,23,1,expected
2018-10-23 07:17:44.587082,491,52.46.136.99,443,3.0,0,1,1,23,1,expected
2018-10-23 07:17:44.658147,491,52.46.136.99,443,3.0,0,1,1,23,1,expected
2018-10-23 07:17:44.682746,491,52.46.136.99,443,3.0,0,1,1,23,1,expected
2018-10-23 07:17:44.748775,491,52.46.136.99,443,3.0,0,1,1,23,1,expected
2018-10-23 07:17:44.769302,54,52.46.136.99,443,1.0,512,1,1,,1,ack
2018-10-23 07:17:44.769561,54,52.46.136.99,443,1.0,0,1,1,,1,ack
2018-10-23 07:17:44.796925,491,52.46.136.99,443,3.0,0,1,1,23,1,expected
2018-10-23 07:17:44.811841,54,52.46.136.99,443,1.0,42,1,1,,1,ack
2018-10-23 07:17:44.812769,54,52.46.136.99,443,1.0,0,1,1,,1,ack
2018-10-23 07:17:44.814219,54,52.46.136.99,443,1.0,1,1,1,,1,ack
2018-10-23 07:17:44.814762,54,52.46.136.99,443,1.0,0,1,1,,1,ack
2018-10-23 07:17:44.831921,54,52.46.136.99,443,1.0,17,1,1,,1,ack
2018-10-23 07:17:44.832289,99,52.46.136.99,443,3.0,0,1,1,23,1,expected
2018-10-23 07:17:44.833264,54,52.46.136.99,443,1.0,1,1,1,,1,ack
2018-10-23 07:17:44.833512,54,52.46.136.99,443,1.0,0,1,1,,1,ack
2018-10-23 07:17:44.880979,491,52.46.136.99,443,3.0,0,1,1,23,1,expected
2018-10-23 07:17:44.892822,491,52.46.136.99,443,3.0,0,1,1,23,1,expected
2018-10-23 07:17:44.925137,91,52.46.136.99,443,3.0,0,1,1,23,1,expected
2018-10-23 07:17:44.925401,91,52.46.136.99,443,3.0,0,1,1,23,1,expected
2018-10-23 07:17:44.945006,432,52.46.136.99,443,3.0,0,1,1,23,1,expected
2018-10-23 07:17:45.295753,54,52.46.136.99,443,1.0,462,1,1,,1,ack
2018-10-23 07:17:48.887789,175,52.46.136.99,443,3.0,0,1,1,23,1,expected
2018-10-23 07:17:52.101994,54,52.216.106.220,80,1.0,28221,1,1,,1,ack
2018-10-23 07:17:53.752086,66,104.154.127.233,4070,1.0,12094,1,1,,1,ack
2018-10-23 07:18:02.684721,107,52.46.132.96,443,3.0,0,1,1,21,1,handshake
2018-10-23 07:18:02.684874,54,52.46.132.96,443,1.0,-636043,1,1,,1,ack
2018-10-23 07:18:02.693903,74,52.94.229.76,443,1.0,-18807213,0,1,,1,retransmit
2018-10-23 07:18:02.734317,54,52.94.229.76,443,1.0,40,1,1,,1,ack
2018-10-23 07:18:02.734630,571,52.94.229.76,443,3.0,0,1,1,22,1,handshake
2018-10-23 07:18:02.735738,54,52.46.132.96,443,1.0,50,1,1,,1,ack
2018-10-23 07:18:02.755970,54,52.94.229.76,443,1.0,21,1,1,,1,ack
2018-10-23 07:18:02.756850,54,52.94.229.76,443,1.0,0,1,1,,1,ack
2018-10-23 07:18:02.757108,54,52.94.229.76,443,1.0,0,1,1,,1,ack
2018-10-23 07:18:02.757643,54,52.94.229.76,443,1.0,0,1,1,,1,ack
2018-10-23 07:18:02.809424,204,52.94.229.76,443,3.0,0,1,1,22,1,handshake
2018-10-23 07:18:02.828814,54,52.94.229.76,443,1.0,71,1,1,,1,ack
2018-10-23 07:18:02.833158,695,52.94.229.76,443,3.0,0,1,1,23,1,expected
2018-10-23 07:18:02.833758,1514,52.94.229.76,443,3.0,0,1,1,23,1,expected
2018-10-23 07:18:02.833788,1514,52.94.229.76,443,3.0,0,1,1,23,1,expected
2018-10-23 07:18:02.834882,1514,52.94.229.76,443,1.0,6,1,1,,1,not_relevant
2018-10-23 07:18:02.834912,1514,52.94.229.76,443,3.0,0,1,1,23,1,expected
2018-10-23 07:18:02.834934,1514,52.94.229.76,443,3.0,0,1,1,23,1,expected
2018-10-23 07:18:02.834958,1514,52.94.229.76,443,3.0,0,1,1,23,1,expected
2018-10-23 07:18:02.834981,1514,52.94.229.76,443,1.0,0,1,1,,1,not_relevant
2018-10-23 07:18:02.836262,1514,52.94.229.76,443,3.0,0,1,1,23,1,expected
2018-10-23 07:18:02.853798,1514,52.94.229.76,443,3.0,0,1,1,23,1,expected
2018-10-23 07:18:02.855050,1514,52.94.229.76,443,1.0,20,1,1,,1,not_relevant
2018-10-23 07:18:02.855085,1514,52.94.229.76,443,3.0,0,1,1,23,1,expected
2018-10-23 07:18:02.855107,455,52.94.229.76,443,3.0,0,1,1,23,1,expected
2018-10-23 07:18:02.895995,54,52.94.229.76,443,1.0,40,1,1,,1,ack
2018-10-23 07:18:02.970618,107,52.46.132.96,443,1.0,234,1,1,,1,not_relevant
2018-10-23 07:18:03.429574,107,52.46.132.96,443,1.0,458,1,1,,1,not_relevant
2018-10-23 07:18:04.348732,107,52.46.132.96,443,1.0,919,1,1,,1,not_relevant
2018-10-23 07:18:04.551569,286,52.46.136.99,443,3.0,0,1,1,23,1,expected
2018-10-23 07:18:04.666250,345,52.46.136.99,443,3.0,0,1,1,23,1,expected
2018-10-23 07:18:04.667667,1291,52.46.136.99,443,3.0,0,1,1,23,1,expected
2018-10-23 07:18:04.695138,1291,52.46.136.99,443,3.0,0,1,1,23,1,expected
2018-10-23 07:18:04.730309,1514,52.46.136.99,443,3.0,0,1,1,23,1,expected
2018-10-23 07:18:04.730325,1514,52.46.136.99,443,1.0,19434,1,1,,1,not_relevant
2018-10-23 07:18:04.730339,1444,52.46.136.99,443,3.0,0,1,1,23,1,expected
2018-10-23 07:18:04.747254,1514,52.46.136.99,443,1.0,16,1,1,,1,not_relevant
2018-10-23 07:18:04.751012,1514,52.46.136.99,443,3.0,0,1,1,23,1,expected
2018-10-23 07:18:04.751282,1514,52.46.136.99,443,1.0,4,1,1,,1,not_relevant
2018-10-23 07:18:04.752950,1514,52.46.136.99,443,1.0,1,1,1,,1,not_relevant
2018-10-23 07:18:04.752966,1206,52.46.136.99,443,3.0,0,1,1,23,1,expected
2018-10-23 07:18:04.767946,491,52.46.136.99,443,3.0,0,1,1,23,1,expected
2018-10-23 07:18:04.787249,54,52.46.136.99,443,1.0,34,1,1,,1,ack
2018-10-23 07:18:04.834794,491,52.46.136.99,443,3.0,0,1,1,23,1,expected
2018-10-23 07:18:04.894155,491,52.46.136.99,443,3.0,0,1,1,23,1,expected
2018-10-23 07:18:04.911833,491,52.46.136.99,443,3.0,0,1,1,23,1,expected
2018-10-23 07:18:04.977119,491,52.46.136.99,443,3.0,0,1,1,23,1,expected
2018-10-23 07:18:05.002857,491,52.46.136.99,443,3.0,0,1,1,23,1,expected
2018-10-23 07:18:05.075679,491,52.46.136.99,443,3.0,0,1,1,23,1,expected
2018-10-23 07:18:05.129951,491,52.46.136.99,443,3.0,0,1,1,23,1,expected
2018-10-23 07:18:05.178082,491,52.46.136.99,443,3.0,0,1,1,23,1,expected
2018-10-23 07:18:05.212858,491,52.46.136.99,443,3.0,0,1,1,23,1,expected
2018-10-23 07:18:05.290857,491,52.46.136.99,443,3.0,0,1,1,23,1,expected
2018-10-23 07:18:05.305654,491,52.46.136.99,443,3.0,0,1,1,23,1,expected
2018-10-23 07:18:05.376278,491,52.46.136.99,443,3.0,0,1,1,23,1,expected
2018-10-23 07:18:05.407166,491,52.46.136.99,443,3.0,0,1,1,23,1,expected
2018-10-23 07:18:05.470932,491,52.46.136.99,443,3.0,0,1,1,23,1,expected
2018-10-23 07:18:05.514760,491,52.46.136.99,443,3.0,0,1,1,23,1,expected
2018-10-23 07:18:05.562286,491,52.46.136.99,443,3.0,0,1,1,23,1,expected
2018-10-23 07:18:05.615477,491,52.46.136.99,443,3.0,0,1,1,23,1,expected
2018-10-23 07:18:05.691932,491,52.46.136.99,443,3.0,0,1,1,23,1,expected
2018-10-23 07:18:05.706780,491,52.46.136.99,443,3.0,0,1,1,23,1,expected
2018-10-23 07:18:05.779560,491,52.46.136.99,443,3.0,0,1,1,23,1,expected
2018-10-23 07:18:05.807821,491,52.46.136.99,443,3.0,0,1,1,23,1,expected
2018-10-23 07:18:05.882944,491,52.46.136.99,443,3.0,0,1,1,23,1,expected
2018-10-23 07:18:05.915344,491,52.46.136.99,443,3.0,0,1,1,23,1,expected
2018-10-23 07:18:05.966953,491,52.46.136.99,443,3.0,0,1,1,23,1,expected
2018-10-23 07:18:06.035867,491,52.46.136.99,443,3.0,0,1,1,23,1,expected
2018-10-23 07:18:06.088687,491,52.46.136.99,443,3.0,0,1,1,23,1,expected
2018-10-23 07:18:06.186211,491,52.46.136.99,443,3.0,0,1,1,23,1,expected
2018-10-23 07:18:06.204396,491,52.46.136.99,443,3.0,0,1,1,23,1,expected
2018-10-23 07:18:06.204569,107,52.46.132.96,443,1.0,1855,1,1,,1,not_relevant
2018-10-23 07:18:06.206185,491,52.46.136.99,443,3.0,0,1,1,23,1,expected
2018-10-23 07:18:06.277800,491,52.46.136.99,443,3.0,0,1,1,23,1,expected
2018-10-23 07:18:06.333129,491,52.46.136.99,443,3.0,0,1,1,23,1,expected
2018-10-23 07:18:06.363598,491,52.46.136.99,443,3.0,0,1,1,23,1,expected
2018-10-23 07:18:06.418181,491,52.46.136.99,443,3.0,0,1,1,23,1,expected
2018-10-23 07:18:06.507163,491,52.46.136.99,443,3.0,0,1,1,23,1,expected
2018-10-23 07:18:06.527926,491,52.46.136.99,443,3.0,0,1,1,23,1,expected
2018-10-23 07:18:06.630886,491,52.46.136.99,443,3.0,0,1,1,23,1,expected
2018-10-23 07:18:06.663316,491,52.46.136.99,443,3.0,0,1,1,23,1,expected
2018-10-23 07:18:06.669925,491,52.46.136.99,443,3.0,0,1,1,23,1,expected
2018-10-23 07:18:06.728042,491,52.46.136.99,443,3.0,0,1,1,23,1,expected
2018-10-23 07:18:06.767560,491,52.46.136.99,443,3.0,0,1,1,23,1,expected
2018-10-23 07:18:06.813189,491,52.46.136.99,443,3.0,0,1,1,23,1,expected
2018-10-23 07:18:06.893090,491,52.46.136.99,443,3.0,0,1,1,23,1,expected
2018-10-23 07:18:06.905748,491,52.46.136.99,443,3.0,0,1,1,23,1,expected
2018-10-23 07:18:06.977999,491,52.46.136.99,443,3.0,0,1,1,23,1,expected
2018-10-23 07:18:07.008172,491,52.46.136.99,443,3.0,0,1,1,23,1,expected
2018-10-23 07:18:07.072114,491,52.46.136.99,443,3.0,0,1,1,23,1,expected
2018-10-23 07:18:07.118926,491,52.46.136.99,443,3.0,0,1,1,23,1,expected
2018-10-23 07:18:07.163842,491,52.46.136.99,443,3.0,0,1,1,23,1,expected
2018-10-23 07:18:07.210279,491,52.46.136.99,443,3.0,0,1,1,23,1,expected
2018-10-23 07:18:07.282873,491,52.46.136.99,443,3.0,0,1,1,23,1,expected
2018-10-23 07:18:07.286822,54,52.46.136.99,443,1.0,2499,1,1,,1,ack
2018-10-23 07:18:07.286963,54,52.46.136.99,443,1.0,0,1,1,,1,ack
2018-10-23 07:18:07.312326,491,52.46.136.99,443,3.0,0,1,1,23,1,expected
2018-10-23 07:18:07.313471,54,52.46.136.99,443,1.0,26,1,1,,1,ack
2018-10-23 07:18:07.314438,54,52.46.136.99,443,1.0,0,1,1,,1,ack
2018-10-23 07:18:07.315325,54,52.46.136.99,443,1.0,0,1,1,,1,ack
2018-10-23 07:18:07.316218,54,52.46.136.99,443,1.0,0,1,1,,1,ack
2018-10-23 07:18:07.334957,54,52.46.136.99,443,1.0,18,1,1,,1,ack
2018-10-23 07:18:07.335130,54,52.46.136.99,443,1.0,0,1,1,,1,ack
2018-10-23 07:18:07.336820,54,52.46.136.99,443,1.0,1,1,1,,1,ack
2018-10-23 07:18:07.378069,491,52.46.136.99,443,3.0,0,1,1,23,1,expected
2018-10-23 07:18:07.415841,491,52.46.136.99,443,3.0,0,1,1,23,1,expected
2018-10-23 07:18:07.479333,491,52.46.136.99,443,3.0,0,1,1,23,1,expected
2018-10-23 07:18:07.494515,91,52.46.136.99,443,3.0,0,1,1,23,1,expected
2018-10-23 07:18:07.494599,91,52.46.136.99,443,3.0,0,1,1,23,1,expected
2018-10-23 07:18:07.624783,431,52.46.136.99,443,3.0,0,1,1,23,1,expected
2018-10-23 07:18:07.822620,54,52.46.136.99,443,1.0,485,1,1,,1,ack
2018-10-23 07:18:08.940750,54,52.94.229.76,443,1.0,6044,1,1,,1,ack
2018-10-23 07:18:09.879190,107,52.46.132.96,443,1.0,3674,1,1,,1,not_relevant
2018-10-23 07:18:10.948983,54,52.94.229.76,443,1.0,2008,1,1,,1,ack
2018-10-23 07:18:11.451909,177,52.46.136.99,443,3.0,0,1,1,23,1,expected
2018-10-23 07:18:11.782009,77,104.154.127.233,4070,2.0,0,1,1,,1,syn
2018-10-23 07:18:11.801538,66,104.154.127.233,4070,1.0,18049,1,1,,1,ack
