2018-10-23 12:44:30.814275,54,52.94.229.215,443,1.0,91335362,1,1,,1,ack
2018-10-23 12:44:32.854619,54,52.94.229.215,443,1.0,2040,1,1,,1,ack
2018-10-23 12:44:41.404989,291,52.94.240.160,443,3.0,0,1,1,23,1,expected
2018-10-23 12:44:41.421589,385,52.94.240.160,443,3.0,0,1,1,23,1,expected
2018-10-23 12:44:41.452652,1514,52.94.240.160,443,1.0,91351678,1,1,,1,not_relevant
2018-10-23 12:44:41.452684,371,52.94.240.160,443,3.0,0,1,1,23,1,expected
2018-10-23 12:44:41.464570,491,52.94.240.160,443,3.0,0,1,1,23,1,expected
2018-10-23 12:44:41.486485,491,52.94.240.160,443,3.0,0,1,1,23,1,expected
2018-10-23 12:44:41.486837,928,52.94.240.160,443,3.0,0,1,1,23,1,expected
2018-10-23 12:44:41.528679,491,52.94.240.160,443,3.0,0,1,1,23,1,expected
2018-10-23 12:44:41.557263,231,52.94.240.160,443,3.0,0,1,1,23,1,expected
2018-10-23 12:44:41.607547,1431,52.94.240.160,443,3.0,0,1,1,23,1,expected
2018-10-23 12:44:41.609126,491,52.94.240.160,443,3.0,0,1,1,23,1,expected
2018-10-23 12:44:41.609161,491,52.94.240.160,443,3.0,0,1,1,23,1,expected
2018-10-23 12:44:41.609187,491,52.94.240.160,443,3.0,0,1,1,23,1,expected
2018-10-23 12:44:41.609209,1514,52.94.240.160,443,3.0,0,1,1,23,1,expected
2018-10-23 12:44:41.612311,1514,52.94.240.160,443,3.0,0,1,1,23,1,expected
2018-10-23 12:44:41.614600,1514,52.94.240.160,443,3.0,0,1,1,23,1,expected
2018-10-23 12:44:41.614634,1514,52.94.240.160,443,1.0,161,1,1,,1,not_relevant
2018-10-23 12:44:41.614658,1514,52.94.240.160,443,3.0,0,1,1,23,1,expected
2018-10-23 12:44:41.614697,435,52.94.240.160,443,3.0,0,1,1,23,1,expected
2018-10-23 12:44:41.627969,491,52.94.240.160,443,3.0,0,1,1,23,1,expected
2018-10-23 12:44:41.742341,491,52.94.240.160,443,3.0,0,1,1,23,1,expected
2018-10-23 12:44:41.742929,491,52.94.240.160,443,3.0,0,1,1,23,1,expected
2018-10-23 12:44:41.742968,54,52.94.240.160,443,1.0,128,1,1,,1,ack
2018-10-23 12:44:41.797692,491,52.94.240.160,443,3.0,0,1,1,23,1,expected
2018-10-23 12:44:41.822912,491,52.94.240.160,443,3.0,0,1,1,23,1,expected
2018-10-23 12:44:41.894479,491,52.94.240.160,443,3.0,0,1,1,23,1,expected
2018-10-23 12:44:41.933939,491,52.94.240.160,443,3.0,0,1,1,23,1,expected
2018-10-23 12:44:41.978083,491,52.94.240.160,443,3.0,0,1,1,23,1,expected
2018-10-23 12:44:42.031191,491,52.94.240.160,443,3.0,0,1,1,23,1,expected
2018-10-23 12:44:42.092958,491,52.94.240.160,443,3.0,0,1,1,23,1,expected
2018-10-23 12:44:42.126590,491,52.94.240.160,443,3.0,0,1,1,23,1,expected
2018-10-23 12:44:42.190585,491,52.94.240.160,443,3.0,0,1,1,23,1,expected
2018-10-23 12:44:42.222913,491,52.94.240.160,443,3.0,0,1,1,23,1,expected
2018-10-23 12:44:42.288409,491,52.94.240.160,443,3.0,0,1,1,23,1,expected
2018-10-23 12:44:42.332057,491,52.94.240.160,443,3.0,0,1,1,23,1,expected
2018-10-23 12:44:42.384006,491,52.94.240.160,443,3.0,0,1,1,23,1,expected
2018-10-23 12:44:42.428492,491,52.94.240.160,443,3.0,0,1,1,23,1,expected
2018-10-23 12:44:42.493010,491,52.94.240.160,443,3.0,0,1,1,23,1,expected
2018-10-23 12:44:42.527221,491,52.94.240.160,443,3.0,0,1,1,23,1,expected
2018-10-23 12:44:42.595228,491,52.94.240.160,443,3.0,0,1,1,23,1,expected
2018-10-23 12:44:42.618167,491,52.94.240.160,443,3.0,0,1,1,23,1,expected
2018-10-23 12:44:42.685798,491,52.94.240.160,443,3.0,0,1,1,23,1,expected
2018-10-23 12:44:42.733117,491,52.94.240.160,443,3.0,0,1,1,23,1,expected
2018-10-23 12:44:42.780261,491,52.94.240.160,443,3.0,0,1,1,23,1,expected
2018-10-23 12:44:42.828753,491,52.94.240.160,443,3.0,0,1,1,23,1,expected
2018-10-23 12:44:42.893890,491,52.94.240.160,443,3.0,0,1,1,23,1,expected
2018-10-23 12:44:42.924606,491,52.94.240.160,443,3.0,0,1,1,23,1,expected
2018-10-23 12:44:42.988719,491,52.94.240.160,443,3.0,0,1,1,23,1,expected
2018-10-23 12:44:43.018948,491,52.94.240.160,443,3.0,0,1,1,23,1,expected
2018-10-23 12:44:43.089482,491,52.94.240.160,443,3.0,0,1,1,23,1,expected
2018-10-23 12:44:43.134518,491,52.94.240.160,443,3.0,0,1,1,23,1,expected
2018-10-23 12:44:43.182783,491,52.94.240.160,443,3.0,0,1,1,23,1,expected
2018-10-23 12:44:43.233434,491,52.94.240.160,443,3.0,0,1,1,23,1,expected
2018-10-23 12:44:43.297901,491,52.94.240.160,443,3.0,0,1,1,23,1,expected
2018-10-23 12:44:43.327066,491,52.94.240.160,443,3.0,0,1,1,23,1,expected
2018-10-23 12:44:43.391948,491,52.94.240.160,443,3.0,0,1,1,23,1,expected
2018-10-23 12:44:43.417704,491,52.94.240.160,443,3.0,0,1,1,23,1,expected
2018-10-23 12:44:43.484471,54,52.94.240.160,443,1.0,1741,1,1,,1,ack
2018-10-23 12:44:43.487953,491,52.94.240.160,443,3.0,0,1,1,23,1,expected
2018-10-23 12:44:43.533349,491,52.94.240.160,443,3.0,0,1,1,23,1,expected
2018-10-23 12:44:43.578959,491,52.94.240.160,443,3.0,0,1,1,23,1,expected
2018-10-23 12:44:43.629960,491,52.94.240.160,443,3.0,0,1,1,23,1,expected
2018-10-23 12:44:43.699087,491,52.94.240.160,443,3.0,0,1,1,23,1,expected
2018-10-23 12:44:43.724436,491,52.94.240.160,443,3.0,0,1,1,23,1,expected
2018-10-23 12:44:43.793105,491,52.94.240.160,443,3.0,0,1,1,23,1,expected
2018-10-23 12:44:43.819976,491,52.94.240.160,443,3.0,0,1,1,23,1,expected
2018-10-23 12:44:43.901401,491,52.94.240.160,443,3.0,0,1,1,23,1,expected
2018-10-23 12:44:43.934910,491,52.94.240.160,443,3.0,0,1,1,23,1,expected
2018-10-23 12:44:43.997963,491,52.94.240.160,443,3.0,0,1,1,23,1,expected
2018-10-23 12:44:44.035147,491,52.94.240.160,443,3.0,0,1,1,23,1,expected
2018-10-23 12:44:44.092786,491,52.94.240.160,443,3.0,0,1,1,23,1,expected
2018-10-23 12:44:44.126155,491,52.94.240.160,443,3.0,0,1,1,23,1,expected
2018-10-23 12:44:44.190065,491,52.94.240.160,443,3.0,0,1,1,23,1,expected
2018-10-23 12:44:44.220276,491,52.94.240.160,443,3.0,0,1,1,23,1,expected
2018-10-23 12:44:44.291891,491,52.94.240.160,443,3.0,0,1,1,23,1,expected
2018-10-23 12:44:44.310069,54,52.94.240.160,443,1.0,825,1,1,,1,ack
2018-10-23 12:44:44.335110,491,52.94.240.160,443,3.0,0,1,1,23,1,expected
2018-10-23 12:44:44.385188,491,52.94.240.160,443,3.0,0,1,1,23,1,expected
2018-10-23 12:44:44.429753,491,52.94.240.160,443,3.0,0,1,1,23,1,expected
2018-10-23 12:44:44.493917,491,52.94.240.160,443,3.0,0,1,1,23,1,expected
2018-10-23 12:44:44.525461,491,52.94.240.160,443,3.0,0,1,1,23,1,expected
2018-10-23 12:44:44.589968,491,52.94.240.160,443,3.0,0,1,1,23,1,expected
2018-10-23 12:44:44.621301,491,52.94.240.160,443,3.0,0,1,1,23,1,expected
2018-10-23 12:44:44.697293,491,52.94.240.160,443,3.0,0,1,1,23,1,expected
2018-10-23 12:44:44.736250,491,52.94.240.160,443,3.0,0,1,1,23,1,expected
2018-10-23 12:44:44.783119,491,52.94.240.160,443,3.0,0,1,1,23,1,expected
2018-10-23 12:44:44.832287,491,52.94.240.160,443,3.0,0,1,1,23,1,expected
2018-10-23 12:44:44.895026,491,52.94.240.160,443,3.0,0,1,1,23,1,expected
2018-10-23 12:44:44.927876,491,52.94.240.160,443,3.0,0,1,1,23,1,expected
2018-10-23 12:44:44.994480,491,52.94.240.160,443,3.0,0,1,1,23,1,expected
2018-10-23 12:44:45.018704,491,52.94.240.160,443,3.0,0,1,1,23,1,expected
2018-10-23 12:44:45.084592,54,52.94.240.160,443,1.0,774,1,1,,1,ack
2018-10-23 12:44:45.086245,491,52.94.240.160,443,3.0,0,1,1,23,1,expected
2018-10-23 12:44:45.137533,491,52.94.240.160,443,3.0,0,1,1,23,1,expected
2018-10-23 12:44:45.183010,491,52.94.240.160,443,3.0,0,1,1,23,1,expected
2018-10-23 12:44:45.230938,491,52.94.240.160,443,3.0,0,1,1,23,1,expected
2018-10-23 12:44:45.295720,491,52.94.240.160,443,3.0,0,1,1,23,1,expected
2018-10-23 12:44:45.326868,491,52.94.240.160,443,3.0,0,1,1,23,1,expected
2018-10-23 12:44:45.399610,491,52.94.240.160,443,3.0,0,1,1,23,1,expected
2018-10-23 12:44:45.399815,54,52.94.240.160,443,1.0,315,1,1,,1,ack
2018-10-23 12:44:45.420970,491,52.94.240.160,443,3.0,0,1,1,23,1,expected
2018-10-23 12:44:45.501711,491,52.94.240.160,443,3.0,0,1,1,23,1,expected
2018-10-23 12:44:45.535158,491,52.94.240.160,443,3.0,0,1,1,23,1,expected
2018-10-23 12:44:45.586295,491,52.94.240.160,443,3.0,0,1,1,23,1,expected
2018-10-23 12:44:45.638404,491,52.94.240.160,443,3.0,0,1,1,23,1,expected
2018-10-23 12:44:45.696379,491,52.94.240.160,443,3.0,0,1,1,23,1,expected
2018-10-23 12:44:45.727218,491,52.94.240.160,443,3.0,0,1,1,23,1,expected
2018-10-23 12:44:45.787827,491,52.94.240.160,443,3.0,0,1,1,23,1,expected
2018-10-23 12:44:45.828689,491,52.94.240.160,443,3.0,0,1,1,23,1,expected
2018-10-23 12:44:45.872064,54,52.94.240.160,443,1.0,472,1,1,,1,ack
2018-10-23 12:44:45.872211,54,52.94.240.160,443,1.0,0,1,1,,1,ack
2018-10-23 12:44:45.879559,54,52.94.240.160,443,1.0,7,1,1,,1,ack
2018-10-23 12:44:45.882961,54,52.94.240.160,443,1.0,3,1,1,,1,ack
2018-10-23 12:44:45.883103,99,52.94.240.160,443,3.0,0,1,1,23,1,expected
2018-10-23 12:44:45.888968,491,52.94.240.160,443,3.0,0,1,1,23,1,expected
2018-10-23 12:44:45.933990,54,52.94.240.160,443,1.0,51,1,1,,1,ack
2018-10-23 12:44:45.934977,54,52.94.240.160,443,1.0,0,1,1,,1,ack
2018-10-23 12:44:45.936574,54,52.94.240.160,443,1.0,1,1,1,,1,ack
2018-10-23 12:44:45.938717,491,52.94.240.160,443,3.0,0,1,1,23,1,expected
2018-10-23 12:44:45.954690,54,52.94.240.160,443,1.0,18,1,1,,1,ack
2018-10-23 12:44:45.954776,54,52.94.240.160,443,1.0,0,1,1,,1,ack
2018-10-23 12:44:45.954951,54,52.94.240.160,443,1.0,0,1,1,,1,ack
2018-10-23 12:44:45.965397,54,52.94.240.160,443,1.0,10,1,1,,1,ack
2018-10-23 12:44:45.973337,54,52.94.240.160,443,1.0,7,1,1,,1,ack
2018-10-23 12:44:45.974162,54,52.94.240.160,443,1.0,0,1,1,,1,ack
2018-10-23 12:44:45.975029,54,52.94.240.160,443,1.0,0,1,1,,1,ack
2018-10-23 12:44:45.984226,54,52.94.240.160,443,1.0,9,1,1,,1,ack
2018-10-23 12:44:45.984852,99,52.94.240.160,443,3.0,0,1,1,23,1,expected
2018-10-23 12:44:45.984938,99,52.94.240.160,443,3.0,0,1,1,23,1,expected
2018-10-23 12:44:45.987971,491,52.94.240.160,443,3.0,0,1,1,23,1,expected
2018-10-23 12:44:46.012783,54,52.94.240.160,443,1.0,28,1,1,,1,ack
2018-10-23 12:44:46.014859,54,52.94.240.160,443,1.0,2,1,1,,1,ack
2018-10-23 12:44:46.015755,54,52.94.240.160,443,1.0,0,1,1,,1,ack
2018-10-23 12:44:46.016041,54,52.94.240.160,443,1.0,0,1,1,,1,ack
2018-10-23 12:44:46.029449,91,52.94.240.160,443,3.0,0,1,1,23,1,expected
2018-10-23 12:44:46.029584,91,52.94.240.160,443,3.0,0,1,1,23,1,expected
2018-10-23 12:44:46.032235,54,52.94.240.160,443,1.0,16,1,1,,1,ack
2018-10-23 12:44:46.034326,54,52.94.240.160,443,1.0,2,1,1,,1,ack
2018-10-23 12:44:46.035326,54,52.94.240.160,443,1.0,1,1,1,,1,ack
2018-10-23 12:44:46.036624,54,52.94.240.160,443,1.0,1,1,1,,1,ack
2018-10-23 12:44:46.047700,54,52.94.240.160,443,1.0,11,1,1,,1,ack
2018-10-23 12:44:46.051047,54,52.94.240.160,443,1.0,3,1,1,,1,ack
2018-10-23 12:44:46.055566,54,52.94.240.160,443,1.0,4,1,1,,1,ack
2018-10-23 12:44:46.056497,99,52.94.240.160,443,3.0,0,1,1,23,1,expected
2018-10-23 12:44:46.056647,99,52.94.240.160,443,3.0,0,1,1,23,1,expected
2018-10-23 12:44:46.056918,54,52.94.240.160,443,1.0,1,1,1,,1,ack
2018-10-23 12:44:46.066477,54,52.94.240.160,443,1.0,9,1,1,,1,ack
2018-10-23 12:44:46.099448,54,52.94.240.160,443,1.0,32,1,1,,1,ack
2018-10-23 12:44:46.100961,54,52.94.240.160,443,1.0,1,1,1,,1,ack
2018-10-23 12:44:46.105924,54,52.94.240.160,443,1.0,4,1,1,,1,ack
2018-10-23 12:44:46.106053,54,52.94.240.160,443,1.0,0,1,1,,1,ack
2018-10-23 12:44:46.118493,54,52.94.240.160,443,1.0,12,1,1,,1,ack
2018-10-23 12:44:46.119180,54,52.94.240.160,443,1.0,0,1,1,,1,ack
2018-10-23 12:44:46.119511,54,52.94.240.160,443,1.0,0,1,1,,1,ack
2018-10-23 12:44:46.121946,395,52.94.240.160,443,3.0,0,1,1,23,1,expected
2018-10-23 12:44:46.126254,54,52.94.240.160,443,1.0,6,1,1,,1,ack
2018-10-23 12:44:46.126529,54,52.94.240.160,443,1.0,0,1,1,,1,ack
2018-10-23 12:44:46.137786,99,52.94.240.160,443,3.0,0,1,1,23,1,expected
2018-10-23 12:44:46.137919,99,52.94.240.160,443,3.0,0,1,1,23,1,expected
2018-10-23 12:44:46.138745,54,52.94.240.160,443,1.0,12,1,1,,1,ack
2018-10-23 12:44:46.139752,54,52.94.240.160,443,1.0,1,1,1,,1,ack
2018-10-23 12:44:46.144528,54,52.94.240.160,443,1.0,4,1,1,,1,ack
2018-10-23 12:44:46.146218,54,52.94.240.160,443,1.0,1,1,1,,1,ack
2018-10-23 12:44:46.146367,54,52.94.240.160,443,1.0,0,1,1,,1,ack
2018-10-23 12:44:46.173480,54,52.94.240.160,443,1.0,27,1,1,,1,ack
2018-10-23 12:44:46.173766,54,52.94.240.160,443,1.0,0,1,1,,1,ack
2018-10-23 12:44:46.173895,54,52.94.240.160,443,1.0,0,1,1,,1,ack
2018-10-23 12:44:46.174022,54,52.94.240.160,443,1.0,0,1,1,,1,ack
2018-10-23 12:44:46.174148,54,52.94.240.160,443,1.0,0,1,1,,1,ack
2018-10-23 12:44:46.174277,54,52.94.240.160,443,1.0,0,1,1,,1,ack
2018-10-23 12:44:46.208161,99,52.94.240.160,443,3.0,0,1,1,23,1,expected
2018-10-23 12:44:46.208308,99,52.94.240.160,443,3.0,0,1,1,23,1,expected
2018-10-23 12:44:46.209789,54,52.94.240.160,443,1.0,35,1,1,,1,ack
2018-10-23 12:44:46.210047,54,52.94.240.160,443,1.0,0,1,1,,1,ack
2018-10-23 12:44:46.221005,54,52.94.240.160,443,1.0,10,1,1,,1,ack
2018-10-23 12:44:46.221281,54,52.94.240.160,443,1.0,0,1,1,,1,ack
2018-10-23 12:44:46.221409,54,52.94.240.160,443,1.0,0,1,1,,1,ack
2018-10-23 12:44:46.226449,54,52.94.240.160,443,1.0,5,1,1,,1,ack
2018-10-23 12:44:46.229364,54,52.94.240.160,443,1.0,2,1,1,,1,ack
2018-10-23 12:44:46.230923,54,52.94.240.160,443,1.0,1,1,1,,1,ack
2018-10-23 12:44:46.245250,54,52.94.240.160,443,1.0,14,1,1,,1,ack
2018-10-23 12:44:46.258943,54,52.94.240.160,443,1.0,13,1,1,,1,ack
2018-10-23 12:44:46.259234,54,52.94.240.160,443,1.0,0,1,1,,1,ack
2018-10-23 12:44:46.259503,54,52.94.240.160,443,1.0,0,1,1,,1,ack
2018-10-23 12:44:46.259630,54,52.94.240.160,443,1.0,0,1,1,,1,ack
2018-10-23 12:44:46.259761,54,52.94.240.160,443,1.0,0,1,1,,1,ack
2018-10-23 12:44:46.259884,99,52.94.240.160,443,3.0,0,1,1,23,1,expected
2018-10-23 12:44:46.260005,99,52.94.240.160,443,3.0,0,1,1,23,1,expected
2018-10-23 12:44:46.266765,54,52.94.240.160,443,1.0,7,1,1,,1,ack
2018-10-23 12:44:46.277635,54,52.94.240.160,443,1.0,10,1,1,,1,ack
2018-10-23 12:44:46.279283,54,52.94.240.160,443,1.0,1,1,1,,1,ack
2018-10-23 12:44:46.279566,54,52.94.240.160,443,1.0,0,1,1,,1,ack
2018-10-23 12:44:46.291459,54,52.94.240.160,443,1.0,11,1,1,,1,ack
2018-10-23 12:44:46.291738,54,52.94.240.160,443,1.0,0,1,1,,1,ack
2018-10-23 12:44:46.291867,54,52.94.240.160,443,1.0,0,1,1,,1,ack
2018-10-23 12:44:46.295924,54,52.94.240.160,443,1.0,4,1,1,,1,ack
2018-10-23 12:44:46.298401,54,52.94.240.160,443,1.0,2,1,1,,1,ack
2018-10-23 12:44:46.298728,54,52.94.240.160,443,1.0,0,1,1,,1,ack
2018-10-23 12:44:46.299008,99,52.94.240.160,443,3.0,0,1,1,23,1,expected
2018-10-23 12:44:46.299139,99,52.94.240.160,443,3.0,0,1,1,23,1,expected
2018-10-23 12:44:46.310369,54,52.94.240.160,443,1.0,11,1,1,,1,ack
2018-10-23 12:44:46.311103,54,52.94.240.160,443,1.0,0,1,1,,1,ack
2018-10-23 12:44:46.317468,54,52.94.240.160,443,1.0,6,1,1,,1,ack
2018-10-23 12:44:46.330620,54,52.94.240.160,443,1.0,13,1,1,,1,ack
2018-10-23 12:44:46.331486,54,52.94.240.160,443,1.0,0,1,1,,1,ack
2018-10-23 12:44:46.332570,54,52.94.240.160,443,1.0,1,1,1,,1,ack
2018-10-23 12:44:46.333485,54,52.94.240.160,443,1.0,0,1,1,,1,ack
2018-10-23 12:44:46.334693,54,52.94.240.160,443,1.0,1,1,1,,1,ack
2018-10-23 12:44:46.348120,54,52.94.240.160,443,1.0,13,1,1,,1,ack
2018-10-23 12:44:46.348256,54,52.94.240.160,443,1.0,0,1,1,,1,ack
2018-10-23 12:44:46.350204,54,52.94.240.160,443,1.0,1,1,1,,1,ack
2018-10-23 12:44:46.350528,54,52.94.240.160,443,1.0,0,1,1,,1,ack
2018-10-23 12:44:46.350658,99,52.94.240.160,443,3.0,0,1,1,23,1,expected
2018-10-23 12:44:46.350786,99,52.94.240.160,443,3.0,0,1,1,23,1,expected
2018-10-23 12:44:46.352836,54,52.94.240.160,443,1.0,2,1,1,,1,ack
2018-10-23 12:44:46.352974,54,52.94.240.160,443,1.0,0,1,1,,1,ack
2018-10-23 12:44:46.373001,54,52.94.240.160,443,1.0,20,1,1,,1,ack
2018-10-23 12:44:46.374313,54,52.94.240.160,443,1.0,1,1,1,,1,ack
2018-10-23 12:44:46.375289,54,52.94.240.160,443,1.0,0,1,1,,1,ack
2018-10-23 12:44:46.376132,54,52.94.240.160,443,1.0,0,1,1,,1,ack
2018-10-23 12:44:46.379183,54,52.94.240.160,443,1.0,3,1,1,,1,ack
2018-10-23 12:44:46.380060,54,52.94.240.160,443,1.0,0,1,1,,1,ack
2018-10-23 12:44:46.381170,54,52.94.240.160,443,1.0,1,1,1,,1,ack
2018-10-23 12:44:46.411738,54,52.94.240.160,443,1.0,30,1,1,,1,ack
2018-10-23 12:44:46.412903,54,52.94.240.160,443,1.0,1,1,1,,1,ack
2018-10-23 12:44:46.413830,54,52.94.240.160,443,1.0,0,1,1,,1,ack
2018-10-23 12:44:46.414837,54,52.94.240.160,443,1.0,1,1,1,,1,ack
2018-10-23 12:44:46.415967,54,52.94.240.160,443,1.0,1,1,1,,1,ack
2018-10-23 12:44:46.417997,99,52.94.240.160,443,3.0,0,1,1,23,1,expected
2018-10-23 12:44:46.418332,54,52.94.240.160,443,1.0,2,1,1,,1,ack
2018-10-23 12:44:46.418461,99,52.94.240.160,443,3.0,0,1,1,23,1,expected
2018-10-23 12:44:46.418613,54,52.94.240.160,443,1.0,0,1,1,,1,ack
2018-10-23 12:44:46.439904,54,52.94.240.160,443,1.0,21,1,1,,1,ack
2018-10-23 12:44:46.440796,54,52.94.240.160,443,1.0,0,1,1,,1,ack
2018-10-23 12:44:46.441867,54,52.94.240.160,443,1.0,1,1,1,,1,ack
2018-10-23 12:44:46.444867,54,52.94.240.160,443,1.0,3,1,1,,1,ack
2018-10-23 12:44:46.445092,54,52.94.240.160,443,1.0,0,1,1,,1,ack
2018-10-23 12:44:46.445258,54,52.94.240.160,443,1.0,0,1,1,,1,ack
2018-10-23 12:44:46.446280,54,52.94.240.160,443,1.0,1,1,1,,1,ack
2018-10-23 12:44:46.446556,54,52.94.240.160,443,1.0,0,1,1,,1,ack
2018-10-23 12:44:46.466409,54,52.94.240.160,443,1.0,19,1,1,,1,ack
2018-10-23 12:44:46.466571,54,52.94.240.160,443,1.0,0,1,1,,1,ack
2018-10-23 12:44:46.467187,54,52.94.240.160,443,1.0,0,1,1,,1,ack
2018-10-23 12:44:46.468425,99,52.94.240.160,443,3.0,0,1,1,23,1,expected
2018-10-23 12:44:46.468583,99,52.94.240.160,443,3.0,0,1,1,23,1,expected
2018-10-23 12:44:46.468713,54,52.94.240.160,443,1.0,1,1,1,,1,ack
2018-10-23 12:44:46.470174,54,52.94.240.160,443,1.0,1,1,1,,1,ack
2018-10-23 12:44:46.489763,54,52.94.240.160,443,1.0,19,1,1,,1,ack
2018-10-23 12:44:46.490063,54,52.94.240.160,443,1.0,0,1,1,,1,ack
2018-10-23 12:44:46.491139,54,52.94.240.160,443,1.0,1,1,1,,1,ack
2018-10-23 12:44:46.525375,54,52.94.240.160,443,1.0,34,1,1,,1,ack
2018-10-23 12:44:46.525521,99,52.94.240.160,443,1.0,0,1,1,,1,not_relevant
2018-10-23 12:44:46.647727,54,52.94.240.160,443,1.0,122,1,1,,1,ack
2018-10-23 12:44:46.647889,54,52.94.240.160,443,1.0,0,1,1,,1,ack
2018-10-23 12:44:46.648538,54,52.94.240.160,443,1.0,0,1,1,,1,ack
2018-10-23 12:44:47.023871,66,52.94.240.160,443,1.0,375,1,1,,1,ack
2018-10-23 12:44:47.072677,54,52.94.240.160,443,1.0,48,1,1,,1,ack
2018-10-23 12:44:47.449827,54,52.94.240.160,443,1.0,377,1,1,,1,ack
2018-10-23 12:44:47.502643,66,52.94.240.160,443,1.0,52,1,1,,1,ack
2018-10-23 12:44:47.607327,77,104.154.126.169,4070,2.0,0,1,1,,1,syn
2018-10-23 12:44:47.845805,77,104.154.126.169,4070,1.0,91369311,1,1,,1,syn
2018-10-23 12:44:48.084022,77,104.154.126.169,4070,1.0,238,1,1,,1,syn
2018-10-23 12:44:48.569778,77,104.154.126.169,4070,1.0,485,1,1,,1,syn
2018-10-23 12:44:48.627607,66,104.154.126.169,4070,1.0,57,1,1,,1,ack
2018-10-23 12:45:17.474391,95,52.94.240.160,443,3.0,0,1,1,23,1,expected
2018-10-23 12:45:17.492772,54,52.94.240.160,443,1.0,29990,1,1,,1,ack
2018-10-23 12:45:17.665218,77,104.154.126.169,4070,2.0,0,1,1,,1,syn
2018-10-23 12:45:17.686728,66,104.154.126.169,4070,1.0,29059,1,1,,1,ack
2018-10-23 12:45:17.686863,66,104.154.126.169,4070,1.0,0,1,1,,1,ack
2018-10-23 12:45:19.995210,282,52.94.240.160,443,3.0,0,1,1,23,1,expected
2018-10-23 12:45:20.006679,376,52.94.240.160,443,3.0,0,1,1,23,1,expected
2018-10-23 12:45:20.048978,1431,52.94.240.160,443,3.0,0,1,1,23,1,expected
2018-10-23 12:45:20.084969,491,52.94.240.160,443,3.0,0,1,1,23,1,expected
2018-10-23 12:45:20.086316,491,52.94.240.160,443,3.0,0,1,1,23,1,expected
2018-10-23 12:45:20.098195,491,52.94.240.160,443,3.0,0,1,1,23,1,expected
2018-10-23 12:45:20.101635,491,52.94.240.160,443,3.0,0,1,1,23,1,expected
2018-10-23 12:45:20.111611,928,52.94.240.160,443,3.0,0,1,1,23,1,expected
2018-10-23 12:45:20.111936,928,52.94.240.160,443,3.0,0,1,1,23,1,expected
2018-10-23 12:45:20.129234,1291,52.94.240.160,443,3.0,0,1,1,23,1,expected
2018-10-23 12:45:20.130341,54,52.94.240.160,443,1.0,2637,1,1,,1,ack
2018-10-23 12:45:20.133744,491,52.94.240.160,443,3.0,0,1,1,23,1,expected
2018-10-23 12:45:20.135135,491,52.94.240.160,443,3.0,0,1,1,23,1,expected
2018-10-23 12:45:20.145539,491,52.94.240.160,443,3.0,0,1,1,23,1,expected
2018-10-23 12:45:20.147566,1514,52.94.240.160,443,1.0,17,1,1,,1,not_relevant
2018-10-23 12:45:20.147596,371,52.94.240.160,443,3.0,0,1,1,23,1,expected
2018-10-23 12:45:20.156313,491,52.94.240.160,443,3.0,0,1,1,23,1,expected
2018-10-23 12:45:20.157750,402,52.94.240.160,443,3.0,0,1,1,23,1,expected
2018-10-23 12:45:20.172399,1431,52.94.240.160,443,3.0,0,1,1,23,1,expected
2018-10-23 12:45:20.172432,491,52.94.240.160,443,3.0,0,1,1,23,1,expected
2018-10-23 12:45:20.181985,491,52.94.240.160,443,3.0,0,1,1,23,1,expected
2018-10-23 12:45:20.220821,491,52.94.240.160,443,3.0,0,1,1,23,1,expected
2018-10-23 12:45:20.272120,491,52.94.240.160,443,3.0,0,1,1,23,1,expected
2018-10-23 12:45:20.341103,491,52.94.240.160,443,3.0,0,1,1,23,1,expected
2018-10-23 12:45:20.365010,491,52.94.240.160,443,3.0,0,1,1,23,1,expected
2018-10-23 12:45:20.434938,491,52.94.240.160,443,3.0,0,1,1,23,1,expected
2018-10-23 12:45:20.466512,491,52.94.240.160,443,3.0,0,1,1,23,1,expected
2018-10-23 12:45:20.530380,491,52.94.240.160,443,3.0,0,1,1,23,1,expected
2018-10-23 12:45:20.579421,491,52.94.240.160,443,3.0,0,1,1,23,1,expected
2018-10-23 12:45:20.624667,491,52.94.240.160,443,3.0,0,1,1,23,1,expected
2018-10-23 12:45:20.674644,491,52.94.240.160,443,3.0,0,1,1,23,1,expected
2018-10-23 12:45:20.738889,491,52.94.240.160,443,3.0,0,1,1,23,1,expected
2018-10-23 12:45:20.769830,491,52.94.240.160,443,3.0,0,1,1,23,1,expected
2018-10-23 12:45:20.835065,491,52.94.240.160,443,3.0,0,1,1,23,1,expected
2018-10-23 12:45:20.859961,491,52.94.240.160,443,3.0,0,1,1,23,1,expected
2018-10-23 12:45:20.933087,491,52.94.240.160,443,3.0,0,1,1,23,1,expected
2018-10-23 12:45:20.977478,491,52.94.240.160,443,3.0,0,1,1,23,1,expected
2018-10-23 12:45:21.023758,491,52.94.240.160,443,3.0,0,1,1,23,1,expected
2018-10-23 12:45:21.098126,491,52.94.240.160,443,3.0,0,1,1,23,1,expected
2018-10-23 12:45:21.137902,491,52.94.240.160,443,3.0,0,1,1,23,1,expected
2018-10-23 12:45:21.166344,491,52.94.240.160,443,3.0,0,1,1,23,1,expected
2018-10-23 12:45:21.231061,491,52.94.240.160,443,3.0,0,1,1,23,1,expected
2018-10-23 12:45:21.266677,491,52.94.240.160,443,3.0,0,1,1,23,1,expected
2018-10-23 12:45:21.326809,491,52.94.240.160,443,3.0,0,1,1,23,1,expected
2018-10-23 12:45:21.370990,491,52.94.240.160,443,3.0,0,1,1,23,1,expected
2018-10-23 12:45:21.419494,491,52.94.240.160,443,3.0,0,1,1,23,1,expected
2018-10-23 12:45:21.468410,491,52.94.240.160,443,3.0,0,1,1,23,1,expected
2018-10-23 12:45:21.533470,491,52.94.240.160,443,3.0,0,1,1,23,1,expected
2018-10-23 12:45:21.565954,491,52.94.240.160,443,3.0,0,1,1,23,1,expected
2018-10-23 12:45:21.629919,491,52.94.240.160,443,3.0,0,1,1,23,1,expected
2018-10-23 12:45:21.660219,491,52.94.240.160,443,3.0,0,1,1,23,1,expected
2018-10-23 12:45:21.731222,491,52.94.240.160,443,3.0,0,1,1,23,1,expected
2018-10-23 12:45:21.798351,491,52.94.240.160,443,3.0,0,1,1,23,1,expected
2018-10-23 12:45:21.821523,491,52.94.240.160,443,3.0,0,1,1,23,1,expected
2018-10-23 12:45:21.876936,491,52.94.240.160,443,3.0,0,1,1,23,1,expected
2018-10-23 12:45:21.941938,491,52.94.240.160,443,3.0,0,1,1,23,1,expected
2018-10-23 12:45:21.963574,491,52.94.240.160,443,3.0,0,1,1,23,1,expected
2018-10-23 12:45:22.036585,491,52.94.240.160,443,3.0,0,1,1,23,1,expected
2018-10-23 12:45:22.059926,491,52.94.240.160,443,3.0,0,1,1,23,1,expected
2018-10-23 12:45:22.134080,491,52.94.240.160,443,3.0,0,1,1,23,1,expected
2018-10-23 12:45:22.177596,491,52.94.240.160,443,3.0,0,1,1,23,1,expected
2018-10-23 12:45:22.220052,491,52.94.240.160,443,3.0,0,1,1,23,1,expected
2018-10-23 12:45:22.268681,491,52.94.240.160,443,3.0,0,1,1,23,1,expected
2018-10-23 12:45:22.334314,491,52.94.240.160,443,3.0,0,1,1,23,1,expected
2018-10-23 12:45:22.370055,491,52.94.240.160,443,3.0,0,1,1,23,1,expected
2018-10-23 12:45:22.430225,491,52.94.240.160,443,3.0,0,1,1,23,1,expected
2018-10-23 12:45:22.462245,491,52.94.240.160,443,3.0,0,1,1,23,1,expected
2018-10-23 12:45:22.525267,491,52.94.240.160,443,3.0,0,1,1,23,1,expected
2018-10-23 12:45:22.572613,491,52.94.240.160,443,3.0,0,1,1,23,1,expected
2018-10-23 12:45:22.624532,491,52.94.240.160,443,3.0,0,1,1,23,1,expected
2018-10-23 12:45:22.668288,491,52.94.240.160,443,3.0,0,1,1,23,1,expected
2018-10-23 12:45:22.740673,491,52.94.240.160,443,3.0,0,1,1,23,1,expected
2018-10-23 12:45:22.765079,491,52.94.240.160,443,3.0,0,1,1,23,1,expected
2018-10-23 12:45:22.830117,491,52.94.240.160,443,3.0,0,1,1,23,1,expected
2018-10-23 12:45:22.863839,491,52.94.240.160,443,3.0,0,1,1,23,1,expected
2018-10-23 12:45:22.931791,491,52.94.240.160,443,3.0,0,1,1,23,1,expected
2018-10-23 12:45:22.970418,491,52.94.240.160,443,3.0,0,1,1,23,1,expected
2018-10-23 12:45:23.024374,491,52.94.240.160,443,3.0,0,1,1,23,1,expected
2018-10-23 12:45:23.086007,491,52.94.240.160,443,3.0,0,1,1,23,1,expected
2018-10-23 12:45:23.157002,491,52.94.240.160,443,3.0,0,1,1,23,1,expected
2018-10-23 12:45:23.195022,491,52.94.240.160,443,3.0,0,1,1,23,1,expected
2018-10-23 12:45:23.202529,54,52.94.240.160,443,1.0,3054,1,1,,1,ack
2018-10-23 12:45:23.204266,54,52.94.240.160,443,1.0,1,1,1,,1,ack
2018-10-23 12:45:23.210138,54,52.94.240.160,443,1.0,5,1,1,,1,ack
2018-10-23 12:45:23.219239,54,52.94.240.160,443,1.0,9,1,1,,1,ack
2018-10-23 12:45:23.229453,491,52.94.240.160,443,3.0,0,1,1,23,1,expected
2018-10-23 12:45:23.261534,491,52.94.240.160,443,3.0,0,1,1,23,1,expected
2018-10-23 12:45:23.269661,54,52.94.240.160,443,1.0,50,1,1,,1,ack
2018-10-23 12:45:23.270599,99,52.94.240.160,443,3.0,0,1,1,23,1,expected
2018-10-23 12:45:23.270795,54,52.94.240.160,443,1.0,1,1,1,,1,ack
2018-10-23 12:45:23.278034,54,52.94.240.160,443,1.0,7,1,1,,1,ack
2018-10-23 12:45:23.278109,54,52.94.240.160,443,1.0,0,1,1,,1,ack
2018-10-23 12:45:23.290399,54,52.94.240.160,443,1.0,12,1,1,,1,ack
2018-10-23 12:45:23.295846,54,52.94.240.160,443,1.0,5,1,1,,1,ack
2018-10-23 12:45:23.328627,54,52.94.240.160,443,1.0,32,1,1,,1,ack
2018-10-23 12:45:23.328774,54,52.94.240.160,443,1.0,0,1,1,,1,ack
2018-10-23 12:45:23.345430,491,52.94.240.160,443,3.0,0,1,1,23,1,expected
2018-10-23 12:45:23.370954,91,52.94.240.160,443,3.0,0,1,1,23,1,expected
2018-10-23 12:45:23.371088,91,52.94.240.160,443,3.0,0,1,1,23,1,expected
2018-10-23 12:45:23.387598,54,52.94.240.160,443,1.0,58,1,1,,1,ack
2018-10-23 12:45:23.387756,54,52.94.240.160,443,1.0,0,1,1,,1,ack
2018-10-23 12:45:23.387918,54,52.94.240.160,443,1.0,0,1,1,,1,ack
2018-10-23 12:45:23.387993,54,52.94.240.160,443,1.0,0,1,1,,1,ack
2018-10-23 12:45:23.427047,210,52.94.240.160,443,3.0,0,1,1,23,1,expected
2018-10-23 12:45:23.427220,99,52.94.240.160,443,3.0,0,1,1,23,1,expected
2018-10-23 12:45:23.530355,99,52.94.240.160,443,1.0,142,1,1,,1,not_relevant
2018-10-23 12:45:23.775212,766,52.94.240.160,443,1.0,244,1,1,,1,not_relevant
2018-10-23 12:45:24.283697,766,52.94.240.160,443,1.0,508,1,1,,1,not_relevant
2018-10-23 12:45:25.643200,66,52.94.240.160,443,1.0,1359,1,1,,1,ack
2018-10-23 12:45:25.656076,66,52.94.240.160,443,1.0,12,1,1,,1,ack
2018-10-23 12:45:25.662157,66,52.94.240.160,443,1.0,6,1,1,,1,ack
2018-10-23 12:45:25.662467,66,52.94.240.160,443,1.0,0,1,1,,1,ack
2018-10-23 12:45:25.662827,66,52.94.240.160,443,1.0,0,1,1,,1,ack
2018-10-23 12:45:25.690957,66,52.94.240.160,443,1.0,28,1,1,,1,ack
2018-10-23 12:45:25.720957,66,52.94.240.160,443,1.0,30,1,1,,1,ack
2018-10-23 12:45:25.721213,111,52.94.240.160,443,3.0,0,1,1,23,1,expected
2018-10-23 12:45:25.721466,66,52.94.240.160,443,1.0,0,1,1,,1,ack
2018-10-23 12:45:25.721707,66,52.94.240.160,443,1.0,0,1,1,,1,ack
2018-10-23 12:45:25.721828,66,52.94.240.160,443,1.0,0,1,1,,1,ack
2018-10-23 12:45:25.721950,66,52.94.240.160,443,1.0,0,1,1,,1,ack
2018-10-23 12:45:25.722073,66,52.94.240.160,443,1.0,0,1,1,,1,ack
2018-10-23 12:45:25.722194,66,52.94.240.160,443,1.0,0,1,1,,1,ack
2018-10-23 12:45:25.740013,66,52.94.240.160,443,1.0,17,1,1,,1,ack
2018-10-23 12:45:25.740250,66,52.94.240.160,443,1.0,0,1,1,,1,ack
2018-10-23 12:45:25.742293,66,52.94.240.160,443,1.0,2,1,1,,1,ack
2018-10-23 12:45:25.742525,66,52.94.240.160,443,1.0,0,1,1,,1,ack
2018-10-23 12:45:25.742649,66,52.94.240.160,443,1.0,0,1,1,,1,ack
2018-10-23 12:45:25.742771,66,52.94.240.160,443,1.0,0,1,1,,1,ack
2018-10-23 12:45:25.743469,66,52.94.240.160,443,1.0,0,1,1,,1,ack
2018-10-23 12:45:25.743717,54,52.94.240.160,443,1.0,0,1,1,,1,ack
2018-10-23 12:45:25.745166,54,52.94.240.160,443,1.0,1,1,1,,1,ack
2018-10-23 12:45:25.746729,99,52.94.240.160,443,3.0,0,1,1,23,1,expected
2018-10-23 12:45:25.771664,54,52.94.240.160,443,1.0,26,1,1,,1,ack
2018-10-23 12:45:25.772489,54,52.94.240.160,443,1.0,0,1,1,,1,ack
2018-10-23 12:45:25.774111,54,52.94.240.160,443,1.0,1,1,1,,1,ack
2018-10-23 12:45:25.775601,99,52.94.240.160,443,3.0,0,1,1,23,1,expected
2018-10-23 12:45:25.775842,54,52.94.240.160,443,1.0,1,1,1,,1,ack
2018-10-23 12:45:25.775989,54,52.94.240.160,443,1.0,0,1,1,,1,ack
2018-10-23 12:45:25.795815,54,52.94.240.160,443,1.0,19,1,1,,1,ack
2018-10-23 12:45:25.796058,54,52.94.240.160,443,1.0,0,1,1,,1,ack
2018-10-23 12:45:25.796186,54,52.94.240.160,443,1.0,0,1,1,,1,ack
2018-10-23 12:45:25.796312,54,52.94.240.160,443,1.0,0,1,1,,1,ack
2018-10-23 12:45:25.797522,54,52.94.240.160,443,1.0,1,1,1,,1,ack
2018-10-23 12:45:25.809603,99,52.94.240.160,443,3.0,0,1,1,23,1,expected
2018-10-23 12:45:25.845057,54,52.94.240.160,443,1.0,47,1,1,,1,ack
2018-10-23 12:45:25.845327,54,52.94.240.160,443,1.0,0,1,1,,1,ack
2018-10-23 12:45:25.845567,54,52.94.240.160,443,1.0,0,1,1,,1,ack
2018-10-23 12:45:25.845690,54,52.94.240.160,443,1.0,0,1,1,,1,ack
2018-10-23 12:45:25.845813,54,52.94.240.160,443,1.0,0,1,1,,1,ack
2018-10-23 12:45:25.845937,54,52.94.240.160,443,1.0,0,1,1,,1,ack
2018-10-23 12:45:25.846072,99,52.94.240.160,443,3.0,0,1,1,23,1,expected
2018-10-23 12:45:25.865015,54,52.94.240.160,443,1.0,19,1,1,,1,ack
2018-10-23 12:45:25.865939,54,52.94.240.160,443,1.0,0,1,1,,1,ack
2018-10-23 12:45:25.866772,54,52.94.240.160,443,1.0,0,1,1,,1,ack
2018-10-23 12:45:25.867721,54,52.94.240.160,443,1.0,0,1,1,,1,ack
2018-10-23 12:45:25.868554,54,52.94.240.160,443,1.0,0,1,1,,1,ack
2018-10-23 12:45:25.869608,54,52.94.240.160,443,1.0,1,1,1,,1,ack
2018-10-23 12:45:25.890975,99,52.94.240.160,443,3.0,0,1,1,23,1,expected
2018-10-23 12:45:25.891228,54,52.94.240.160,443,1.0,21,1,1,,1,ack
2018-10-23 12:45:25.891458,54,52.94.240.160,443,1.0,0,1,1,,1,ack
2018-10-23 12:45:25.891584,54,52.94.240.160,443,1.0,0,1,1,,1,ack
2018-10-23 12:45:25.891708,54,52.94.240.160,443,1.0,0,1,1,,1,ack
2018-10-23 12:45:25.891831,54,52.94.240.160,443,1.0,0,1,1,,1,ack
2018-10-23 12:45:25.891954,54,52.94.240.160,443,1.0,0,1,1,,1,ack
2018-10-23 12:45:25.907706,99,52.94.240.160,443,3.0,0,1,1,23,1,expected
2018-10-23 12:45:25.910088,54,52.94.240.160,443,1.0,18,1,1,,1,ack
2018-10-23 12:45:25.911359,54,52.94.240.160,443,1.0,1,1,1,,1,ack
2018-10-23 12:45:25.911678,54,52.94.240.160,443,1.0,0,1,1,,1,ack
2018-10-23 12:45:25.918423,54,52.94.240.160,443,1.0,6,1,1,,1,ack
2018-10-23 12:45:25.931286,54,52.94.240.160,443,1.0,12,1,1,,1,ack
2018-10-23 12:45:25.931412,54,52.94.240.160,443,1.0,0,1,1,,1,ack
2018-10-23 12:45:25.931536,99,52.94.240.160,443,3.0,0,1,1,23,1,expected
2018-10-23 12:45:25.962154,54,52.94.240.160,443,1.0,30,1,1,,1,ack
2018-10-23 12:45:26.024921,99,52.94.240.160,443,1.0,62,1,1,,1,not_relevant
2018-10-23 12:45:26.091966,66,52.94.240.160,443,1.0,67,1,1,,1,ack
2018-10-23 12:45:26.092209,66,52.94.240.160,443,1.0,0,1,1,,1,ack
2018-10-23 12:45:26.092334,66,52.94.240.160,443,1.0,0,1,1,,1,ack
2018-10-23 12:45:26.092458,66,52.94.240.160,443,1.0,0,1,1,,1,ack
2018-10-23 12:45:26.092581,66,52.94.240.160,443,1.0,0,1,1,,1,ack
2018-10-23 12:45:26.092703,66,52.94.240.160,443,1.0,0,1,1,,1,ack
2018-10-23 12:45:26.092825,66,52.94.240.160,443,1.0,0,1,1,,1,ack
2018-10-23 12:45:26.092947,66,52.94.240.160,443,1.0,0,1,1,,1,ack
2018-10-23 12:45:26.093069,66,52.94.240.160,443,1.0,0,1,1,,1,ack
2018-10-23 12:45:26.569988,111,52.94.240.160,443,1.0,476,1,1,,1,not_relevant
2018-10-23 12:45:27.103152,111,52.94.240.160,443,1.0,533,1,1,,1,not_relevant
2018-10-23 12:45:28.184913,111,52.94.240.160,443,1.0,1081,1,1,,1,not_relevant
2018-10-23 12:45:28.253833,74,52.94.240.160,443,1.0,68,1,1,,1,ack
2018-10-23 12:45:28.653564,74,52.94.240.160,443,1.0,399,1,1,,1,ack
2018-10-23 12:45:28.674067,66,52.94.240.160,443,1.0,20,1,1,,1,ack
2018-10-23 12:45:28.677843,111,52.94.240.160,443,3.0,0,1,1,23,1,expected
2018-10-23 12:45:28.693011,66,52.94.240.160,443,1.0,18,1,1,,1,ack
2018-10-23 12:45:28.693761,66,52.94.240.160,443,1.0,0,1,1,,1,ack
2018-10-23 12:45:28.730508,66,52.94.240.160,443,1.0,36,1,1,,1,ack
2018-10-23 12:45:28.732084,66,52.94.240.160,443,1.0,1,1,1,,1,ack
2018-10-23 12:45:28.732161,66,52.94.240.160,443,1.0,0,1,1,,1,ack
2018-10-23 12:45:28.732360,66,52.94.240.160,443,1.0,0,1,1,,1,ack
2018-10-23 12:45:28.749740,66,52.94.240.160,443,1.0,17,1,1,,1,ack
2018-10-23 12:45:28.749814,66,52.94.240.160,443,1.0,0,1,1,,1,ack
2018-10-23 12:45:28.751560,66,52.94.240.160,443,1.0,1,1,1,,1,ack
2018-10-23 12:45:28.751637,54,52.94.240.160,443,1.0,0,1,1,,1,ack
2018-10-23 12:45:28.751778,54,52.94.240.160,443,1.0,0,1,1,,1,ack
2018-10-23 12:45:28.751914,54,52.94.240.160,443,1.0,0,1,1,,1,ack
2018-10-23 12:45:28.752048,54,52.94.240.160,443,1.0,0,1,1,,1,ack
2018-10-23 12:45:28.752916,99,52.94.240.160,443,3.0,0,1,1,23,1,expected
2018-10-23 12:45:28.803475,54,52.94.240.160,443,1.0,51,1,1,,1,ack
2018-10-23 12:45:28.803619,99,52.94.240.160,443,3.0,0,1,1,23,1,expected
2018-10-23 12:45:28.803695,54,52.94.240.160,443,1.0,0,1,1,,1,ack
2018-10-23 12:45:28.803771,54,52.94.240.160,443,1.0,0,1,1,,1,ack
2018-10-23 12:45:28.804432,54,52.94.240.160,443,1.0,0,1,1,,1,ack
2018-10-23 12:45:28.805932,54,52.94.240.160,443,1.0,1,1,1,,1,ack
2018-10-23 12:45:28.822033,54,52.94.240.160,443,1.0,16,1,1,,1,ack
2018-10-23 12:45:28.823087,54,52.94.240.160,443,1.0,1,1,1,,1,ack
2018-10-23 12:45:28.823996,54,52.94.240.160,443,1.0,0,1,1,,1,ack
2018-10-23 12:45:28.824805,54,52.94.240.160,443,1.0,0,1,1,,1,ack
2018-10-23 12:45:28.825625,99,52.94.240.160,443,3.0,0,1,1,23,1,expected
2018-10-23 12:45:28.827201,54,52.94.240.160,443,1.0,2,1,1,,1,ack
2018-10-23 12:45:28.843715,54,52.94.240.160,443,1.0,16,1,1,,1,ack
2018-10-23 12:45:28.843815,54,52.94.240.160,443,1.0,0,1,1,,1,ack
2018-10-23 12:45:28.843990,54,52.94.240.160,443,1.0,0,1,1,,1,ack
2018-10-23 12:45:28.858165,99,52.94.240.160,443,3.0,0,1,1,23,1,expected
2018-10-23 12:45:28.858310,54,52.94.240.160,443,1.0,14,1,1,,1,ack
2018-10-23 12:45:28.858385,54,52.94.240.160,443,1.0,0,1,1,,1,ack
2018-10-23 12:45:28.858459,54,52.94.240.160,443,1.0,0,1,1,,1,ack
2018-10-23 12:45:28.863348,54,52.94.240.160,443,1.0,4,1,1,,1,ack
2018-10-23 12:45:28.863707,54,52.94.240.160,443,1.0,0,1,1,,1,ack
2018-10-23 12:45:28.866865,54,52.94.240.160,443,1.0,3,1,1,,1,ack
2018-10-23 12:45:28.893559,54,52.94.240.160,443,1.0,26,1,1,,1,ack
2018-10-23 12:45:28.911934,99,52.94.240.160,443,3.0,0,1,1,23,1,expected
2018-10-23 12:45:28.912019,54,52.94.240.160,443,1.0,18,1,1,,1,ack
2018-10-23 12:45:28.912167,54,52.94.240.160,443,1.0,0,1,1,,1,ack
2018-10-23 12:45:28.912312,54,52.94.240.160,443,1.0,0,1,1,,1,ack
2018-10-23 12:45:28.912388,54,52.94.240.160,443,1.0,0,1,1,,1,ack
2018-10-23 12:45:28.912464,54,52.94.240.160,443,1.0,0,1,1,,1,ack
2018-10-23 12:45:28.914451,99,52.94.240.160,443,3.0,0,1,1,23,1,expected
2018-10-23 12:45:28.930216,54,52.94.240.160,443,1.0,17,1,1,,1,ack
2018-10-23 12:45:28.931189,54,52.94.240.160,443,1.0,0,1,1,,1,ack
2018-10-23 12:45:28.932827,54,52.94.240.160,443,1.0,1,1,1,,1,ack
2018-10-23 12:45:28.932903,54,52.94.240.160,443,1.0,0,1,1,,1,ack
2018-10-23 12:45:28.936754,54,52.94.240.160,443,1.0,3,1,1,,1,ack
2018-10-23 12:45:28.937048,54,52.94.240.160,443,1.0,0,1,1,,1,ack
2018-10-23 12:45:28.948491,54,52.94.240.160,443,1.0,11,1,1,,1,ack
2018-10-23 12:45:28.950211,54,52.94.240.160,443,1.0,1,1,1,,1,ack
2018-10-23 12:45:28.951347,54,52.94.240.160,443,1.0,1,1,1,,1,ack
2018-10-23 12:45:28.951554,54,52.94.240.160,443,1.0,0,1,1,,1,ack
2018-10-23 12:45:28.970489,54,52.94.240.160,443,1.0,18,1,1,,1,ack
2018-10-23 12:45:28.994882,99,52.94.240.160,443,3.0,0,1,1,23,1,expected
2018-10-23 12:45:28.994969,99,52.94.240.160,443,3.0,0,1,1,23,1,expected
2018-10-23 12:45:28.995122,54,52.94.240.160,443,1.0,24,1,1,,1,ack
2018-10-23 12:45:29.431733,54,52.94.240.160,443,1.0,436,1,1,,1,ack
2018-10-23 12:45:48.620280,77,104.154.126.169,4070,2.0,0,1,1,,1,syn
2018-10-23 12:45:48.651406,66,104.154.126.169,4070,1.0,30964,1,1,,1,ack
2018-10-23 12:45:56.249768,292,52.94.240.160,443,3.0,0,1,1,23,1,expected
2018-10-23 12:45:56.283976,364,52.94.240.160,443,3.0,0,1,1,23,1,expected
2018-10-23 12:45:56.303143,1514,52.94.240.160,443,3.0,0,1,1,23,1,expected
2018-10-23 12:45:56.304928,1514,52.94.240.160,443,3.0,0,1,1,23,1,expected
2018-10-23 12:45:56.304959,1514,52.94.240.160,443,3.0,0,1,1,23,1,expected
2018-10-23 12:45:56.333271,1514,52.94.240.160,443,3.0,0,1,1,23,1,expected
2018-10-23 12:45:56.334656,1347,52.94.240.160,443,3.0,0,1,1,23,1,expected
2018-10-23 12:45:56.353142,1514,52.94.240.160,443,1.0,26921,1,1,,1,not_relevant
2018-10-23 12:45:56.370068,1514,52.94.240.160,443,3.0,0,1,1,23,1,expected
2018-10-23 12:45:56.371599,1514,52.94.240.160,443,1.0,18,1,1,,1,not_relevant
2018-10-23 12:45:56.388296,1514,52.94.240.160,443,3.0,0,1,1,23,1,expected
2018-10-23 12:45:56.389397,1361,52.94.240.160,443,3.0,0,1,1,23,1,expected
2018-10-23 12:45:56.416733,491,52.94.240.160,443,3.0,0,1,1,23,1,expected
2018-10-23 12:45:56.420264,54,52.94.240.160,443,1.0,48,1,1,,1,ack
2018-10-23 12:45:56.432645,491,52.94.240.160,443,3.0,0,1,1,23,1,expected
2018-10-23 12:45:56.472350,491,52.94.240.160,443,3.0,0,1,1,23,1,expected
2018-10-23 12:45:56.486120,491,52.94.240.160,443,3.0,0,1,1,23,1,expected
2018-10-23 12:45:56.552271,491,52.94.240.160,443,3.0,0,1,1,23,1,expected
2018-10-23 12:45:56.573007,491,52.94.240.160,443,3.0,0,1,1,23,1,expected
2018-10-23 12:45:56.649225,491,52.94.240.160,443,3.0,0,1,1,23,1,expected
2018-10-23 12:45:56.676574,491,52.94.240.160,443,3.0,0,1,1,23,1,expected
2018-10-23 12:45:56.739651,491,52.94.240.160,443,3.0,0,1,1,23,1,expected
2018-10-23 12:45:56.798984,491,52.94.240.160,443,3.0,0,1,1,23,1,expected
2018-10-23 12:45:56.834483,491,52.94.240.160,443,3.0,0,1,1,23,1,expected
2018-10-23 12:45:56.888492,491,52.94.240.160,443,3.0,0,1,1,23,1,expected
2018-10-23 12:45:56.949919,491,52.94.240.160,443,3.0,0,1,1,23,1,expected
2018-10-23 12:45:56.975063,491,52.94.240.160,443,3.0,0,1,1,23,1,expected
2018-10-23 12:45:57.045804,491,52.94.240.160,443,3.0,0,1,1,23,1,expected
2018-10-23 12:45:57.071126,491,52.94.240.160,443,3.0,0,1,1,23,1,expected
2018-10-23 12:45:57.137095,491,52.94.240.160,443,3.0,0,1,1,23,1,expected
2018-10-23 12:45:57.182185,491,52.94.240.160,443,3.0,0,1,1,23,1,expected
2018-10-23 12:45:57.233286,491,52.94.240.160,443,3.0,0,1,1,23,1,expected
2018-10-23 12:45:57.278032,491,52.94.240.160,443,3.0,0,1,1,23,1,expected
2018-10-23 12:45:57.348843,491,52.94.240.160,443,3.0,0,1,1,23,1,expected
2018-10-23 12:45:57.372670,491,52.94.240.160,443,3.0,0,1,1,23,1,expected
2018-10-23 12:45:57.448996,491,52.94.240.160,443,3.0,0,1,1,23,1,expected
2018-10-23 12:45:57.468697,491,52.94.240.160,443,3.0,0,1,1,23,1,expected
2018-10-23 12:45:57.534102,491,52.94.240.160,443,3.0,0,1,1,23,1,expected
2018-10-23 12:45:57.578449,491,52.94.240.160,443,3.0,0,1,1,23,1,expected
2018-10-23 12:45:57.627430,491,52.94.240.160,443,3.0,0,1,1,23,1,expected
2018-10-23 12:45:57.689999,491,52.94.240.160,443,3.0,0,1,1,23,1,expected
2018-10-23 12:45:57.747820,491,52.94.240.160,443,3.0,0,1,1,23,1,expected
2018-10-23 12:45:57.772250,491,52.94.240.160,443,3.0,0,1,1,23,1,expected
2018-10-23 12:45:57.849243,491,52.94.240.160,443,3.0,0,1,1,23,1,expected
2018-10-23 12:45:57.868673,491,52.94.240.160,443,3.0,0,1,1,23,1,expected
2018-10-23 12:45:57.933966,491,52.94.240.160,443,3.0,0,1,1,23,1,expected
2018-10-23 12:45:57.984377,491,52.94.240.160,443,3.0,0,1,1,23,1,expected
2018-10-23 12:45:58.032865,491,52.94.240.160,443,3.0,0,1,1,23,1,expected
2018-10-23 12:45:58.088850,491,52.94.240.160,443,3.0,0,1,1,23,1,expected
2018-10-23 12:45:58.144934,491,52.94.240.160,443,3.0,0,1,1,23,1,expected
2018-10-23 12:45:58.214926,491,52.94.240.160,443,3.0,0,1,1,23,1,expected
2018-10-23 12:45:58.247750,491,52.94.240.160,443,3.0,0,1,1,23,1,expected
2018-10-23 12:45:58.282276,491,52.94.240.160,443,3.0,0,1,1,23,1,expected
2018-10-23 12:45:58.354317,491,52.94.240.160,443,3.0,0,1,1,23,1,expected
2018-10-23 12:45:58.381534,491,52.94.240.160,443,3.0,0,1,1,23,1,expected
2018-10-23 12:45:58.438933,491,52.94.240.160,443,3.0,0,1,1,23,1,expected
2018-10-23 12:45:58.486070,491,52.94.240.160,443,3.0,0,1,1,23,1,expected
2018-10-23 12:45:58.540341,491,52.94.240.160,443,3.0,0,1,1,23,1,expected
2018-10-23 12:45:58.597945,491,52.94.240.160,443,3.0,0,1,1,23,1,expected
2018-10-23 12:45:58.655435,491,52.94.240.160,443,3.0,0,1,1,23,1,expected
2018-10-23 12:45:58.673294,491,52.94.240.160,443,3.0,0,1,1,23,1,expected
2018-10-23 12:45:58.810977,491,52.94.240.160,443,3.0,0,1,1,23,1,expected
2018-10-23 12:45:58.811921,491,52.94.240.160,443,3.0,0,1,1,23,1,expected
2018-10-23 12:45:58.855329,491,52.94.240.160,443,3.0,0,1,1,23,1,expected
2018-10-23 12:45:58.901436,491,52.94.240.160,443,3.0,0,1,1,23,1,expected
2018-10-23 12:45:58.971447,491,52.94.240.160,443,3.0,0,1,1,23,1,expected
2018-10-23 12:45:58.972591,491,52.94.240.160,443,3.0,0,1,1,23,1,expected
2018-10-23 12:45:59.045908,491,52.94.240.160,443,3.0,0,1,1,23,1,expected
2018-10-23 12:45:59.079317,491,52.94.240.160,443,3.0,0,1,1,23,1,expected
2018-10-23 12:45:59.141649,491,52.94.240.160,443,3.0,0,1,1,23,1,expected
2018-10-23 12:45:59.195267,491,52.94.240.160,443,3.0,0,1,1,23,1,expected
2018-10-23 12:45:59.226563,491,52.94.240.160,443,3.0,0,1,1,23,1,expected
2018-10-23 12:45:59.290154,491,52.94.240.160,443,3.0,0,1,1,23,1,expected
2018-10-23 12:45:59.347035,491,52.94.240.160,443,3.0,0,1,1,23,1,expected
2018-10-23 12:45:59.375131,491,52.94.240.160,443,3.0,0,1,1,23,1,expected
2018-10-23 12:45:59.449088,491,52.94.240.160,443,3.0,0,1,1,23,1,expected
2018-10-23 12:45:59.467063,491,52.94.240.160,443,3.0,0,1,1,23,1,expected
2018-10-23 12:45:59.537893,491,52.94.240.160,443,3.0,0,1,1,23,1,expected
2018-10-23 12:45:59.598911,491,52.94.240.160,443,3.0,0,1,1,23,1,expected
2018-10-23 12:45:59.630881,491,52.94.240.160,443,3.0,0,1,1,23,1,expected
2018-10-23 12:45:59.689105,491,52.94.240.160,443,3.0,0,1,1,23,1,expected
2018-10-23 12:45:59.746593,491,52.94.240.160,443,3.0,0,1,1,23,1,expected
2018-10-23 12:45:59.776427,491,52.94.240.160,443,3.0,0,1,1,23,1,expected
2018-10-23 12:45:59.849150,491,52.94.240.160,443,3.0,0,1,1,23,1,expected
2018-10-23 12:45:59.872326,491,52.94.240.160,443,3.0,0,1,1,23,1,expected
2018-10-23 12:45:59.933083,491,52.94.240.160,443,3.0,0,1,1,23,1,expected
2018-10-23 12:45:59.983664,491,52.94.240.160,443,3.0,0,1,1,23,1,expected
2018-10-23 12:46:00.028095,491,52.94.240.160,443,3.0,0,1,1,23,1,expected
2018-10-23 12:46:00.086197,491,52.94.240.160,443,3.0,0,1,1,23,1,expected
2018-10-23 12:46:00.145907,491,52.94.240.160,443,3.0,0,1,1,23,1,expected
2018-10-23 12:46:00.177731,491,52.94.240.160,443,3.0,0,1,1,23,1,expected
2018-10-23 12:46:00.215070,54,52.94.240.160,443,1.0,3794,1,1,,1,ack
2018-10-23 12:46:00.253745,491,52.94.240.160,443,3.0,0,1,1,23,1,expected
2018-10-23 12:46:00.266854,491,52.94.240.160,443,3.0,0,1,1,23,1,expected
2018-10-23 12:46:00.333074,54,52.94.240.160,443,1.0,118,1,1,,1,ack
2018-10-23 12:46:00.335617,491,52.94.240.160,443,3.0,0,1,1,23,1,expected
2018-10-23 12:46:00.385218,491,52.94.240.160,443,3.0,0,1,1,23,1,expected
2018-10-23 12:46:00.430334,491,52.94.240.160,443,3.0,0,1,1,23,1,expected
2018-10-23 12:46:00.489209,491,52.94.240.160,443,3.0,0,1,1,23,1,expected
2018-10-23 12:46:00.544198,491,52.94.240.160,443,3.0,0,1,1,23,1,expected
2018-10-23 12:46:00.575419,491,52.94.240.160,443,3.0,0,1,1,23,1,expected
2018-10-23 12:46:00.651440,491,52.94.240.160,443,3.0,0,1,1,23,1,expected
2018-10-23 12:46:00.675169,491,52.94.240.160,443,3.0,0,1,1,23,1,expected
2018-10-23 12:46:00.763210,491,52.94.240.160,443,3.0,0,1,1,23,1,expected
2018-10-23 12:46:00.782400,491,52.94.240.160,443,3.0,0,1,1,23,1,expected
2018-10-23 12:46:00.838590,491,52.94.240.160,443,3.0,0,1,1,23,1,expected
2018-10-23 12:46:00.885990,491,52.94.240.160,443,3.0,0,1,1,23,1,expected
2018-10-23 12:46:00.944503,491,52.94.240.160,443,3.0,0,1,1,23,1,expected
2018-10-23 12:46:00.996219,491,52.94.240.160,443,3.0,0,1,1,23,1,expected
2018-10-23 12:46:01.010384,54,52.94.240.160,443,1.0,677,1,1,,1,ack
2018-10-23 12:46:01.013574,54,52.94.240.160,443,1.0,3,1,1,,1,ack
2018-10-23 12:46:01.016511,54,52.94.240.160,443,1.0,2,1,1,,1,ack
2018-10-23 12:46:01.028430,54,52.94.240.160,443,1.0,11,1,1,,1,ack
2018-10-23 12:46:01.046944,491,52.94.240.160,443,3.0,0,1,1,23,1,expected
2018-10-23 12:46:01.069012,491,52.94.240.160,443,3.0,0,1,1,23,1,expected
2018-10-23 12:46:01.069171,54,52.94.240.160,443,1.0,40,1,1,,1,ack
2018-10-23 12:46:01.070248,54,52.94.240.160,443,1.0,1,1,1,,1,ack
2018-10-23 12:46:01.070866,54,52.94.240.160,443,1.0,0,1,1,,1,ack
2018-10-23 12:46:01.071792,54,52.94.240.160,443,1.0,0,1,1,,1,ack
2018-10-23 12:46:01.073892,54,52.94.240.160,443,1.0,2,1,1,,1,ack
2018-10-23 12:46:01.074576,99,52.94.240.160,443,3.0,0,1,1,23,1,expected
2018-10-23 12:46:01.090778,54,52.94.240.160,443,1.0,16,1,1,,1,ack
2018-10-23 12:46:01.091353,54,52.94.240.160,443,1.0,0,1,1,,1,ack
2018-10-23 12:46:01.103227,54,52.94.240.160,443,1.0,11,1,1,,1,ack
2018-10-23 12:46:01.104092,54,52.94.240.160,443,1.0,0,1,1,,1,ack
2018-10-23 12:46:01.106333,54,52.94.240.160,443,1.0,2,1,1,,1,ack
2018-10-23 12:46:01.107165,54,52.94.240.160,443,1.0,0,1,1,,1,ack
2018-10-23 12:46:01.107983,54,52.94.240.160,443,1.0,0,1,1,,1,ack
2018-10-23 12:46:01.109960,99,52.94.240.160,443,3.0,0,1,1,23,1,expected
2018-10-23 12:46:01.110152,54,52.94.240.160,443,1.0,2,1,1,,1,ack
2018-10-23 12:46:01.110239,54,52.94.240.160,443,1.0,0,1,1,,1,ack
2018-10-23 12:46:01.137976,491,52.94.240.160,443,3.0,0,1,1,23,1,expected
2018-10-23 12:46:01.156117,54,52.94.240.160,443,1.0,45,1,1,,1,ack
2018-10-23 12:46:01.156762,54,52.94.240.160,443,1.0,0,1,1,,1,ack
2018-10-23 12:46:01.157525,54,52.94.240.160,443,1.0,0,1,1,,1,ack
2018-10-23 12:46:01.158483,54,52.94.240.160,443,1.0,0,1,1,,1,ack
2018-10-23 12:46:01.159283,54,52.94.240.160,443,1.0,0,1,1,,1,ack
2018-10-23 12:46:01.160166,99,52.94.240.160,443,3.0,0,1,1,23,1,expected
2018-10-23 12:46:01.160314,54,52.94.240.160,443,1.0,1,1,1,,1,ack
2018-10-23 12:46:01.161683,54,52.94.240.160,443,1.0,1,1,1,,1,ack
2018-10-23 12:46:01.161764,54,52.94.240.160,443,1.0,0,1,1,,1,ack
2018-10-23 12:46:01.186491,491,52.94.240.160,443,3.0,0,1,1,23,1,expected
2018-10-23 12:46:01.186575,54,52.94.240.160,443,1.0,24,1,1,,1,ack
2018-10-23 12:46:01.189692,54,52.94.240.160,443,1.0,3,1,1,,1,ack
2018-10-23 12:46:01.196570,54,52.94.240.160,443,1.0,6,1,1,,1,ack
2018-10-23 12:46:01.196647,54,52.94.240.160,443,1.0,0,1,1,,1,ack
2018-10-23 12:46:01.196797,99,52.94.240.160,443,3.0,0,1,1,23,1,expected
2018-10-23 12:46:01.210516,91,52.94.240.160,443,3.0,0,1,1,23,1,expected
2018-10-23 12:46:01.210593,54,52.94.240.160,443,1.0,13,1,1,,1,ack
2018-10-23 12:46:01.219864,54,52.94.240.160,443,1.0,9,1,1,,1,ack
2018-10-23 12:46:01.219947,91,52.94.240.160,443,3.0,0,1,1,23,1,expected
2018-10-23 12:46:01.220097,54,52.94.240.160,443,1.0,0,1,1,,1,ack
2018-10-23 12:46:01.220245,54,52.94.240.160,443,1.0,0,1,1,,1,ack
2018-10-23 12:46:01.220320,54,52.94.240.160,443,1.0,0,1,1,,1,ack
2018-10-23 12:46:01.220395,54,52.94.240.160,443,1.0,0,1,1,,1,ack
2018-10-23 12:46:01.221041,54,52.94.240.160,443,1.0,0,1,1,,1,ack
2018-10-23 12:46:01.228657,99,52.94.240.160,443,3.0,0,1,1,23,1,expected
2018-10-23 12:46:01.229613,54,52.94.240.160,443,1.0,8,1,1,,1,ack
2018-10-23 12:46:01.239352,54,52.94.240.160,443,1.0,9,1,1,,1,ack
2018-10-23 12:46:01.239594,54,52.94.240.160,443,1.0,0,1,1,,1,ack
2018-10-23 12:46:01.241181,54,52.94.240.160,443,1.0,1,1,1,,1,ack
2018-10-23 12:46:01.241375,54,52.94.240.160,443,1.0,0,1,1,,1,ack
2018-10-23 12:46:01.241597,99,52.94.240.160,443,3.0,0,1,1,23,1,expected
2018-10-23 12:46:01.242763,54,52.94.240.160,443,1.0,1,1,1,,1,ack
2018-10-23 12:46:01.250867,211,52.94.240.160,443,3.0,0,1,1,23,1,expected
2018-10-23 12:46:01.298226,54,52.94.240.160,443,1.0,55,1,1,,1,ack
2018-10-23 12:46:01.299114,54,52.94.240.160,443,1.0,0,1,1,,1,ack
2018-10-23 12:46:01.299888,54,52.94.240.160,443,1.0,0,1,1,,1,ack
2018-10-23 12:46:01.300910,54,52.94.240.160,443,1.0,1,1,1,,1,ack
2018-10-23 12:46:01.301746,99,52.94.240.160,443,3.0,0,1,1,23,1,expected
2018-10-23 12:46:01.306851,54,52.94.240.160,443,1.0,5,1,1,,1,ack
2018-10-23 12:46:01.306924,54,52.94.240.160,443,1.0,0,1,1,,1,ack
2018-10-23 12:46:01.321024,54,52.94.240.160,443,1.0,14,1,1,,1,ack
2018-10-23 12:46:01.321173,54,52.94.240.160,443,1.0,0,1,1,,1,ack
2018-10-23 12:46:01.322640,54,52.94.240.160,443,1.0,1,1,1,,1,ack
2018-10-23 12:46:01.323384,54,52.94.240.160,443,1.0,0,1,1,,1,ack
2018-10-23 12:46:01.326318,54,52.94.240.160,443,1.0,2,1,1,,1,ack
2018-10-23 12:46:01.327352,54,52.94.240.160,443,1.0,1,1,1,,1,ack
2018-10-23 12:46:01.328270,54,52.94.240.160,443,1.0,0,1,1,,1,ack
2018-10-23 12:46:01.332656,99,52.94.240.160,443,3.0,0,1,1,23,1,expected
2018-10-23 12:46:01.345724,54,52.94.240.160,443,1.0,17,1,1,,1,ack
2018-10-23 12:46:01.345877,54,52.94.240.160,443,1.0,0,1,1,,1,ack
2018-10-23 12:46:01.345953,54,52.94.240.160,443,1.0,0,1,1,,1,ack
2018-10-23 12:46:01.346539,54,52.94.240.160,443,1.0,0,1,1,,1,ack
2018-10-23 12:46:01.346742,54,52.94.240.160,443,1.0,0,1,1,,1,ack
2018-10-23 12:46:01.347707,54,52.94.240.160,443,1.0,0,1,1,,1,ack
2018-10-23 12:46:01.348469,54,52.94.240.160,443,1.0,0,1,1,,1,ack
2018-10-23 12:46:01.352765,99,52.94.240.160,443,3.0,0,1,1,23,1,expected
2018-10-23 12:46:01.374181,54,52.94.240.160,443,1.0,25,1,1,,1,ack
2018-10-23 12:46:01.375019,54,52.94.240.160,443,1.0,0,1,1,,1,ack
2018-10-23 12:46:01.376115,54,52.94.240.160,443,1.0,1,1,1,,1,ack
2018-10-23 12:46:01.377708,54,52.94.240.160,443,1.0,1,1,1,,1,ack
2018-10-23 12:46:01.377784,99,52.94.240.160,443,3.0,0,1,1,23,1,expected
2018-10-23 12:46:01.378310,54,52.94.240.160,443,1.0,0,1,1,,1,ack
2018-10-23 12:46:01.412030,54,52.94.240.160,443,1.0,33,1,1,,1,ack
2018-10-23 12:46:01.461974,54,52.94.240.160,443,1.0,49,1,1,,1,ack
2018-10-23 12:46:01.462911,54,52.94.240.160,443,1.0,0,1,1,,1,ack
2018-10-23 12:46:01.463797,54,52.94.240.160,443,1.0,0,1,1,,1,ack
2018-10-23 12:46:01.464732,54,52.94.240.160,443,1.0,0,1,1,,1,ack
2018-10-23 12:46:01.465602,54,52.94.240.160,443,1.0,0,1,1,,1,ack
2018-10-23 12:46:01.466621,54,52.94.240.160,443,1.0,1,1,1,,1,ack
2018-10-23 12:46:01.467420,54,52.94.240.160,443,1.0,0,1,1,,1,ack
2018-10-23 12:46:01.468521,54,52.94.240.160,443,1.0,1,1,1,,1,ack
2018-10-23 12:46:01.468603,99,52.94.240.160,443,3.0,0,1,1,23,1,expected
2018-10-23 12:46:01.534992,54,52.94.240.160,443,1.0,66,1,1,,1,ack
2018-10-23 12:46:01.535916,54,52.94.240.160,443,1.0,0,1,1,,1,ack
2018-10-23 12:46:01.540477,54,52.94.240.160,443,1.0,4,1,1,,1,ack
2018-10-23 12:46:01.540651,54,52.94.240.160,443,1.0,0,1,1,,1,ack
2018-10-23 12:46:01.540745,54,52.94.240.160,443,1.0,0,1,1,,1,ack
2018-10-23 12:46:01.540837,99,52.94.240.160,443,3.0,0,1,1,23,1,expected
2018-10-23 12:46:01.541837,54,52.94.240.160,443,1.0,1,1,1,,1,ack
2018-10-23 12:46:01.572215,54,52.94.240.160,443,1.0,30,1,1,,1,ack
2018-10-23 12:46:01.578959,54,52.94.240.160,443,1.0,6,1,1,,1,ack
2018-10-23 12:46:01.579953,54,52.94.240.160,443,1.0,0,1,1,,1,ack
2018-10-23 12:46:01.580704,54,52.94.240.160,443,1.0,0,1,1,,1,ack
2018-10-23 12:46:01.582589,54,52.94.240.160,443,1.0,1,1,1,,1,ack
2018-10-23 12:46:01.582711,54,52.94.240.160,443,1.0,0,1,1,,1,ack
2018-10-23 12:46:01.583331,54,52.94.240.160,443,1.0,0,1,1,,1,ack
2018-10-23 12:46:01.584339,54,52.94.240.160,443,1.0,1,1,1,,1,ack
2018-10-23 12:46:01.594289,54,52.94.240.160,443,1.0,9,1,1,,1,ack
2018-10-23 12:46:01.607014,99,52.94.240.160,443,3.0,0,1,1,23,1,expected
2018-10-23 12:46:01.631444,54,52.94.240.160,443,1.0,37,1,1,,1,ack
2018-10-23 12:46:01.634681,54,52.94.240.160,443,1.0,3,1,1,,1,ack
2018-10-23 12:46:01.634952,54,52.94.240.160,443,1.0,0,1,1,,1,ack
2018-10-23 12:46:01.635970,54,52.94.240.160,443,1.0,1,1,1,,1,ack
2018-10-23 12:46:01.637264,99,52.94.240.160,443,3.0,0,1,1,23,1,expected
2018-10-23 12:46:01.638272,54,52.94.240.160,443,1.0,2,1,1,,1,ack
2018-10-23 12:46:01.647455,54,52.94.240.160,443,1.0,9,1,1,,1,ack
2018-10-23 12:46:01.647532,54,52.94.240.160,443,1.0,0,1,1,,1,ack
2018-10-23 12:46:01.774349,54,52.94.240.160,443,1.0,126,1,1,,1,ack
2018-10-23 12:46:01.775252,54,52.94.240.160,443,1.0,0,1,1,,1,ack
2018-10-23 12:46:01.776169,54,52.94.240.160,443,1.0,0,1,1,,1,ack
2018-10-23 12:46:01.777861,54,52.94.240.160,443,1.0,1,1,1,,1,ack
2018-10-23 12:46:01.777943,54,52.94.240.160,443,1.0,0,1,1,,1,ack
2018-10-23 12:46:01.778692,99,52.94.240.160,443,3.0,0,1,1,23,1,expected
2018-10-23 12:46:01.779284,54,52.94.240.160,443,1.0,1,1,1,,1,ack
2018-10-23 12:46:01.797462,54,52.94.240.160,443,1.0,18,1,1,,1,ack
2018-10-23 12:46:01.798507,54,52.94.240.160,443,1.0,1,1,1,,1,ack
2018-10-23 12:46:01.799513,54,52.94.240.160,443,1.0,1,1,1,,1,ack
2018-10-23 12:46:01.803560,54,52.94.240.160,443,1.0,4,1,1,,1,ack
2018-10-23 12:46:01.803636,54,52.94.240.160,443,1.0,0,1,1,,1,ack
2018-10-23 12:46:01.803784,54,52.94.240.160,443,1.0,0,1,1,,1,ack
2018-10-23 12:46:01.803924,54,52.94.240.160,443,1.0,0,1,1,,1,ack
2018-10-23 12:46:01.804001,99,52.94.240.160,443,3.0,0,1,1,23,1,expected
2018-10-23 12:46:01.806329,54,52.94.240.160,443,1.0,2,1,1,,1,ack
2018-10-23 12:46:01.839299,54,52.94.240.160,443,1.0,32,1,1,,1,ack
2018-10-23 12:46:01.878355,54,52.94.240.160,443,1.0,39,1,1,,1,ack
2018-10-23 12:46:01.878599,54,52.94.240.160,443,1.0,0,1,1,,1,ack
2018-10-23 12:46:01.878734,54,52.94.240.160,443,1.0,0,1,1,,1,ack
2018-10-23 12:46:01.878857,54,52.94.240.160,443,1.0,0,1,1,,1,ack
2018-10-23 12:46:01.878984,99,52.94.240.160,443,3.0,0,1,1,23,1,expected
2018-10-23 12:46:01.879108,54,52.94.240.160,443,1.0,0,1,1,,1,ack
2018-10-23 12:46:01.912168,54,52.94.240.160,443,1.0,33,1,1,,1,ack
2018-10-23 12:46:01.931768,66,104.154.126.169,4070,1.0,13280,1,1,,1,ack
2018-10-23 12:46:01.932022,66,52.94.240.160,443,1.0,19,1,1,,1,ack
2018-10-23 12:46:01.932257,66,52.94.240.160,443,1.0,0,1,1,,1,ack
2018-10-23 12:46:01.932383,66,52.94.240.160,443,1.0,0,1,1,,1,ack
2018-10-23 12:46:01.932510,66,52.94.240.160,443,1.0,0,1,1,,1,ack
2018-10-23 12:46:01.932740,66,52.94.240.160,443,1.0,0,1,1,,1,ack
2018-10-23 12:46:01.932866,66,52.94.240.160,443,1.0,0,1,1,,1,ack
2018-10-23 12:46:01.932989,66,52.94.240.160,443,1.0,0,1,1,,1,ack
2018-10-23 12:46:01.933115,66,52.94.240.160,443,1.0,0,1,1,,1,ack
2018-10-23 12:46:02.096730,74,52.94.240.160,443,1.0,163,1,1,,1,ack
2018-10-23 12:46:02.096944,74,52.94.240.160,443,1.0,0,1,1,,1,ack
2018-10-23 12:46:02.097100,74,52.94.240.160,443,1.0,0,1,1,,1,ack
2018-10-23 12:46:02.097242,74,52.94.240.160,443,1.0,0,1,1,,1,ack
2018-10-23 12:46:02.097375,74,52.94.240.160,443,1.0,0,1,1,,1,ack
2018-10-23 12:46:02.097504,74,52.94.240.160,443,1.0,0,1,1,,1,ack
2018-10-23 12:46:02.254792,66,52.94.240.160,443,1.0,157,1,1,,1,ack
2018-10-23 12:46:02.254927,66,52.94.240.160,443,1.0,0,1,1,,1,ack
2018-10-23 12:46:02.255003,66,52.94.240.160,443,1.0,0,1,1,,1,ack
2018-10-23 12:46:02.255082,111,52.94.240.160,443,3.0,0,1,1,23,1,expected
2018-10-23 12:46:02.255160,66,52.94.240.160,443,1.0,0,1,1,,1,ack
2018-10-23 12:46:02.255235,66,52.94.240.160,443,1.0,0,1,1,,1,ack
2018-10-23 12:46:02.255314,54,52.94.240.160,443,1.0,0,1,1,,1,ack
2018-10-23 12:46:02.892617,54,52.94.240.160,443,1.0,637,1,1,,1,ack
2018-10-23 12:46:02.892785,54,52.94.240.160,443,1.0,0,1,1,,1,ack
2018-10-23 12:46:07.173123,74,99.84.240.54,80,1.0,91434540,0,1,,1,retransmit
2018-10-23 12:46:07.181850,66,99.84.240.54,80,1.0,8,1,1,,1,ack
2018-10-23 12:46:07.182905,150,99.84.240.54,80,3.0,0,1,1,,1,not_relevant
2018-10-23 12:46:07.302520,66,99.84.240.54,80,1.0,120,1,1,,1,ack
2018-10-23 12:46:07.307859,66,99.84.240.54,80,1.0,5,1,1,,1,ack
2018-10-23 12:46:07.312440,200,52.217.1.132,80,3.0,0,1,1,,1,not_relevant
2018-10-23 12:46:07.312635,54,52.217.1.132,80,1.0,91425587,1,1,,1,ack
2018-10-23 12:46:07.323645,66,99.84.240.54,80,1.0,15,1,1,,1,ack
2018-10-23 12:46:07.367149,74,54.231.48.240,80,1.0,91438622,0,1,,1,retransmit
2018-10-23 12:46:07.367325,54,52.217.1.132,80,1.0,54,1,1,,1,ack
2018-10-23 12:46:07.463696,54,54.231.48.240,80,1.0,96,1,1,,1,ack
2018-10-23 12:46:07.463874,200,54.231.48.240,80,3.0,0,1,1,,1,not_relevant
2018-10-23 12:46:07.486054,54,54.231.48.240,80,1.0,22,1,1,,1,ack
2018-10-23 12:46:07.487417,54,54.231.48.240,80,1.0,1,1,1,,1,ack
2018-10-23 12:46:07.607812,200,52.217.1.132,80,1.0,240,1,1,,1,not_relevant
2018-10-23 12:46:08.055892,200,52.217.1.132,80,1.0,448,1,1,,1,not_relevant
2018-10-23 12:46:08.977484,200,52.217.1.132,80,1.0,921,1,1,,1,not_relevant
2018-10-23 12:46:10.815812,200,52.217.1.132,80,1.0,1838,1,1,,1,not_relevant
2018-10-23 12:46:14.506635,200,52.217.1.132,80,1.0,3690,1,1,,1,not_relevant
2018-10-23 12:46:17.507885,74,72.21.214.79,80,1.0,91448794,0,1,,1,retransmit
2018-10-23 12:46:17.508651,74,72.21.214.79,80,1.0,290816852,0,1,,1,retransmit
2018-10-23 12:46:17.536020,54,72.21.214.79,80,1.0,28,1,1,,1,ack
2018-10-23 12:46:17.537613,189,72.21.214.79,80,3.0,0,1,1,,1,not_relevant
2018-10-23 12:46:17.538085,54,72.21.214.79,80,1.0,29,1,1,,1,ack
2018-10-23 12:46:17.539507,211,72.21.214.79,80,3.0,0,1,1,,1,not_relevant
2018-10-23 12:46:17.562660,54,72.21.214.79,80,1.0,26,1,1,,1,ack
2018-10-23 12:46:17.571238,54,72.21.214.79,80,1.0,33,1,1,,1,ack
2018-10-23 12:46:18.596131,77,104.154.126.169,4070,2.0,0,1,1,,1,syn
2018-10-23 12:46:18.647297,66,104.154.126.169,4070,1.0,16715,1,1,,1,ack
2018-10-23 12:46:21.875936,182,52.217.1.132,80,1.0,7369,1,1,,1,not_relevant
2018-10-23 12:46:30.011119,288,52.94.240.160,443,3.0,0,1,1,23,1,expected
2018-10-23 12:46:30.035238,369,52.94.240.160,443,3.0,0,1,1,23,1,expected
2018-10-23 12:46:30.047820,1514,52.94.240.160,443,3.0,0,1,1,23,1,expected
2018-10-23 12:46:30.053355,1514,52.94.240.160,443,3.0,0,1,1,23,1,expected
2018-10-23 12:46:30.054265,1514,52.94.240.160,443,3.0,0,1,1,23,1,expected
2018-10-23 12:46:30.055783,1514,52.94.240.160,443,3.0,0,1,1,23,1,expected
2018-10-23 12:46:30.065939,1514,52.94.240.160,443,3.0,0,1,1,23,1,expected
2018-10-23 12:46:30.071509,612,52.94.240.160,443,3.0,0,1,1,23,1,expected
2018-10-23 12:46:30.086700,491,52.94.240.160,443,3.0,0,1,1,23,1,expected
2018-10-23 12:46:30.088310,491,52.94.240.160,443,3.0,0,1,1,23,1,expected
2018-10-23 12:46:30.088339,891,52.94.240.160,443,3.0,0,1,1,23,1,expected
2018-10-23 12:46:30.088365,491,52.94.240.160,443,3.0,0,1,1,23,1,expected
2018-10-23 12:46:30.088863,1514,52.94.240.160,443,3.0,0,1,1,23,1,expected
2018-10-23 12:46:30.090029,1514,52.94.240.160,443,3.0,0,1,1,23,1,expected
2018-10-23 12:46:30.137353,630,52.94.240.160,443,3.0,0,1,1,23,1,expected
2018-10-23 12:46:30.147305,405,52.94.240.160,443,3.0,0,1,1,23,1,expected
2018-10-23 12:46:30.153113,491,52.94.240.160,443,3.0,0,1,1,23,1,expected
2018-10-23 12:46:30.194804,491,52.94.240.160,443,3.0,0,1,1,23,1,expected
2018-10-23 12:46:30.222487,54,52.94.240.160,443,1.0,27329,1,1,,1,ack
2018-10-23 12:46:30.224614,491,52.94.240.160,443,3.0,0,1,1,23,1,expected
2018-10-23 12:46:30.351227,491,52.94.240.160,443,3.0,0,1,1,23,1,expected
2018-10-23 12:46:30.351710,491,52.94.240.160,443,3.0,0,1,1,23,1,expected
2018-10-23 12:46:30.396960,491,52.94.240.160,443,3.0,0,1,1,23,1,expected
2018-10-23 12:46:30.418097,491,52.94.240.160,443,3.0,0,1,1,23,1,expected
2018-10-23 12:46:30.485558,491,52.94.240.160,443,3.0,0,1,1,23,1,expected
2018-10-23 12:46:30.515238,491,52.94.240.160,443,3.0,0,1,1,23,1,expected
2018-10-23 12:46:30.578655,491,52.94.240.160,443,3.0,0,1,1,23,1,expected
2018-10-23 12:46:30.582281,54,54.231.48.240,80,1.0,23094,1,1,,1,ack
2018-10-23 12:46:30.627670,491,52.94.240.160,443,3.0,0,1,1,23,1,expected
2018-10-23 12:46:30.668331,491,52.94.240.160,443,3.0,0,1,1,23,1,expected
2018-10-23 12:46:30.729674,491,52.94.240.160,443,3.0,0,1,1,23,1,expected
2018-10-23 12:46:30.789843,491,52.94.240.160,443,3.0,0,1,1,23,1,expected
2018-10-23 12:46:30.818185,491,52.94.240.160,443,3.0,0,1,1,23,1,expected
2018-10-23 12:46:30.891311,491,52.94.240.160,443,3.0,0,1,1,23,1,expected
2018-10-23 12:46:30.914211,491,52.94.240.160,443,3.0,0,1,1,23,1,expected
2018-10-23 12:46:30.976866,491,52.94.240.160,443,3.0,0,1,1,23,1,expected
2018-10-23 12:46:31.021981,491,52.94.240.160,443,3.0,0,1,1,23,1,expected
2018-10-23 12:46:31.100523,491,52.94.240.160,443,3.0,0,1,1,23,1,expected
2018-10-23 12:46:31.133804,491,52.94.240.160,443,3.0,0,1,1,23,1,expected
2018-10-23 12:46:31.179400,491,52.94.240.160,443,3.0,0,1,1,23,1,expected
2018-10-23 12:46:31.212547,491,52.94.240.160,443,3.0,0,1,1,23,1,expected
2018-10-23 12:46:31.290215,491,52.94.240.160,443,3.0,0,1,1,23,1,expected
2018-10-23 12:46:31.310526,491,52.94.240.160,443,3.0,0,1,1,23,1,expected
2018-10-23 12:46:31.377681,491,52.94.240.160,443,3.0,0,1,1,23,1,expected
2018-10-23 12:46:31.421791,491,52.94.240.160,443,3.0,0,1,1,23,1,expected
2018-10-23 12:46:31.472194,491,52.94.240.160,443,3.0,0,1,1,23,1,expected
2018-10-23 12:46:31.531979,491,52.94.240.160,443,3.0,0,1,1,23,1,expected
2018-10-23 12:46:31.587263,491,52.94.240.160,443,3.0,0,1,1,23,1,expected
2018-10-23 12:46:31.615276,491,52.94.240.160,443,3.0,0,1,1,23,1,expected
2018-10-23 12:46:31.689703,491,52.94.240.160,443,3.0,0,1,1,23,1,expected
2018-10-23 12:46:31.708891,491,52.94.240.160,443,3.0,0,1,1,23,1,expected
2018-10-23 12:46:31.799698,491,52.94.240.160,443,3.0,0,1,1,23,1,expected
2018-10-23 12:46:31.821055,491,52.94.240.160,443,3.0,0,1,1,23,1,expected
2018-10-23 12:46:31.869303,491,52.94.240.160,443,3.0,0,1,1,23,1,expected
2018-10-23 12:46:31.929695,491,52.94.240.160,443,3.0,0,1,1,23,1,expected
2018-10-23 12:46:31.985212,491,52.94.240.160,443,3.0,0,1,1,23,1,expected
2018-10-23 12:46:32.019899,491,52.94.240.160,443,3.0,0,1,1,23,1,expected
2018-10-23 12:46:32.089708,491,52.94.240.160,443,3.0,0,1,1,23,1,expected
2018-10-23 12:46:32.109726,491,52.94.240.160,443,3.0,0,1,1,23,1,expected
2018-10-23 12:46:32.178169,491,52.94.240.160,443,3.0,0,1,1,23,1,expected
2018-10-23 12:46:32.226203,491,52.94.240.160,443,3.0,0,1,1,23,1,expected
2018-10-23 12:46:32.274431,491,52.94.240.160,443,3.0,0,1,1,23,1,expected
2018-10-23 12:46:32.315870,491,52.94.240.160,443,3.0,0,1,1,23,1,expected
2018-10-23 12:46:32.389642,491,52.94.240.160,443,3.0,0,1,1,23,1,expected
2018-10-23 12:46:32.417761,491,52.94.240.160,443,3.0,0,1,1,23,1,expected
2018-10-23 12:46:32.500250,54,52.94.240.160,443,1.0,2277,1,1,,1,ack
2018-10-23 12:46:32.500573,491,52.94.240.160,443,3.0,0,1,1,23,1,expected
2018-10-23 12:46:32.509849,491,52.94.240.160,443,3.0,0,1,1,23,1,expected
2018-10-23 12:46:32.576841,491,52.94.240.160,443,3.0,0,1,1,23,1,expected
2018-10-23 12:46:32.623605,491,52.94.240.160,443,3.0,0,1,1,23,1,expected
2018-10-23 12:46:32.629848,54,52.94.240.160,443,1.0,129,1,1,,1,ack
2018-10-23 12:46:32.667311,491,52.94.240.160,443,3.0,0,1,1,23,1,expected
2018-10-23 12:46:32.714547,491,52.94.240.160,443,3.0,0,1,1,23,1,expected
2018-10-23 12:46:32.806694,491,52.94.240.160,443,3.0,0,1,1,23,1,expected
2018-10-23 12:46:32.818056,491,52.94.240.160,443,3.0,0,1,1,23,1,expected
2018-10-23 12:46:32.887177,491,52.94.240.160,443,3.0,0,1,1,23,1,expected
2018-10-23 12:46:32.908359,491,52.94.240.160,443,3.0,0,1,1,23,1,expected
2018-10-23 12:46:32.979980,491,52.94.240.160,443,3.0,0,1,1,23,1,expected
2018-10-23 12:46:32.987086,54,52.94.240.160,443,1.0,357,1,1,,1,ack
2018-10-23 12:46:33.026955,491,52.94.240.160,443,3.0,0,1,1,23,1,expected
2018-10-23 12:46:33.070711,491,52.94.240.160,443,3.0,0,1,1,23,1,expected
2018-10-23 12:46:33.129746,491,52.94.240.160,443,3.0,0,1,1,23,1,expected
2018-10-23 12:46:33.200092,491,52.94.240.160,443,3.0,0,1,1,23,1,expected
2018-10-23 12:46:33.221710,491,52.94.240.160,443,3.0,0,1,1,23,1,expected
2018-10-23 12:46:33.290288,491,52.94.240.160,443,3.0,0,1,1,23,1,expected
2018-10-23 12:46:33.314302,491,52.94.240.160,443,3.0,0,1,1,23,1,expected
2018-10-23 12:46:33.377132,54,52.94.240.160,443,1.0,390,1,1,,1,ack
2018-10-23 12:46:33.378580,491,52.94.240.160,443,3.0,0,1,1,23,1,expected
2018-10-23 12:46:33.378833,54,52.94.240.160,443,1.0,1,1,1,,1,ack
2018-10-23 12:46:33.379891,54,52.94.240.160,443,1.0,1,1,1,,1,ack
2018-10-23 12:46:33.380813,54,52.94.240.160,443,1.0,0,1,1,,1,ack
2018-10-23 12:46:33.412365,54,52.94.240.160,443,1.0,31,1,1,,1,ack
2018-10-23 12:46:33.421152,54,52.94.240.160,443,1.0,8,1,1,,1,ack
2018-10-23 12:46:33.421295,54,52.94.240.160,443,1.0,0,1,1,,1,ack
2018-10-23 12:46:33.421515,54,52.94.240.160,443,1.0,0,1,1,,1,ack
2018-10-23 12:46:33.422472,54,52.94.240.160,443,1.0,0,1,1,,1,ack
2018-10-23 12:46:33.422704,54,52.94.240.160,443,1.0,0,1,1,,1,ack
2018-10-23 12:46:33.423500,54,52.94.240.160,443,1.0,0,1,1,,1,ack
2018-10-23 12:46:33.424324,54,52.94.240.160,443,1.0,0,1,1,,1,ack
2018-10-23 12:46:33.424926,54,52.94.240.160,443,1.0,0,1,1,,1,ack
2018-10-23 12:46:33.425050,54,52.94.240.160,443,1.0,0,1,1,,1,ack
2018-10-23 12:46:33.425545,54,52.94.240.160,443,1.0,0,1,1,,1,ack
2018-10-23 12:46:33.427990,491,52.94.240.160,443,3.0,0,1,1,23,1,expected
2018-10-23 12:46:33.428221,99,52.94.240.160,443,3.0,0,1,1,23,1,expected
2018-10-23 12:46:33.468062,54,52.94.240.160,443,1.0,42,1,1,,1,ack
2018-10-23 12:46:33.468191,54,52.94.240.160,443,1.0,0,1,1,,1,ack
2018-10-23 12:46:33.470190,54,52.94.240.160,443,1.0,1,1,1,,1,ack
2018-10-23 12:46:33.471106,54,52.94.240.160,443,1.0,0,1,1,,1,ack
2018-10-23 12:46:33.474056,54,52.94.240.160,443,1.0,2,1,1,,1,ack
2018-10-23 12:46:33.476237,54,52.94.240.160,443,1.0,2,1,1,,1,ack
2018-10-23 12:46:33.476654,491,52.94.240.160,443,3.0,0,1,1,23,1,expected
2018-10-23 12:46:33.476683,54,52.94.240.160,443,1.0,0,1,1,,1,ack
2018-10-23 12:46:33.477131,99,52.94.240.160,443,3.0,0,1,1,23,1,expected
2018-10-23 12:46:33.477258,99,52.94.240.160,443,3.0,0,1,1,23,1,expected
2018-10-23 12:46:33.489429,54,52.94.240.160,443,1.0,12,1,1,,1,ack
2018-10-23 12:46:33.490111,54,52.94.240.160,443,1.0,0,1,1,,1,ack
2018-10-23 12:46:33.527561,491,52.94.240.160,443,3.0,0,1,1,23,1,expected
2018-10-23 12:46:33.529950,54,52.94.240.160,443,1.0,39,1,1,,1,ack
2018-10-23 12:46:33.530319,54,52.94.240.160,443,1.0,0,1,1,,1,ack
2018-10-23 12:46:33.530596,54,52.94.240.160,443,1.0,0,1,1,,1,ack
2018-10-23 12:46:33.531032,54,52.94.240.160,443,1.0,0,1,1,,1,ack
2018-10-23 12:46:33.531327,54,52.94.240.160,443,1.0,0,1,1,,1,ack
2018-10-23 12:46:33.534131,54,52.94.240.160,443,1.0,2,1,1,,1,ack
2018-10-23 12:46:33.535894,54,52.94.240.160,443,1.0,1,1,1,,1,ack
2018-10-23 12:46:33.551015,54,52.94.240.160,443,1.0,15,1,1,,1,ack
2018-10-23 12:46:33.553135,54,52.94.240.160,443,1.0,2,1,1,,1,ack
2018-10-23 12:46:33.555707,54,52.94.240.160,443,1.0,2,1,1,,1,ack
2018-10-23 12:46:33.555849,54,52.94.240.160,443,1.0,0,1,1,,1,ack
2018-10-23 12:46:33.555942,54,52.94.240.160,443,1.0,0,1,1,,1,ack
2018-10-23 12:46:33.556607,99,52.94.240.160,443,3.0,0,1,1,23,1,expected
2018-10-23 12:46:33.556783,54,52.94.240.160,443,1.0,0,1,1,,1,ack
2018-10-23 12:46:33.557215,99,52.94.240.160,443,3.0,0,1,1,23,1,expected
2018-10-23 12:46:33.569574,54,52.94.240.160,443,1.0,12,1,1,,1,ack
2018-10-23 12:46:33.577605,91,52.94.240.160,443,3.0,0,1,1,23,1,expected
2018-10-23 12:46:33.577759,54,52.94.240.160,443,1.0,8,1,1,,1,ack
2018-10-23 12:46:33.577858,91,52.94.240.160,443,3.0,0,1,1,23,1,expected
2018-10-23 12:46:33.577940,54,52.94.240.160,443,1.0,0,1,1,,1,ack
2018-10-23 12:46:33.578022,54,52.94.240.160,443,1.0,0,1,1,,1,ack
2018-10-23 12:46:33.578611,54,52.94.240.160,443,1.0,0,1,1,,1,ack
2018-10-23 12:46:33.612842,54,52.94.240.160,443,1.0,34,1,1,,1,ack
2018-10-23 12:46:33.613011,54,52.94.240.160,443,1.0,0,1,1,,1,ack
2018-10-23 12:46:33.613116,54,52.94.240.160,443,1.0,0,1,1,,1,ack
2018-10-23 12:46:33.613283,54,52.94.240.160,443,1.0,0,1,1,,1,ack
2018-10-23 12:46:33.613467,54,52.94.240.160,443,1.0,0,1,1,,1,ack
2018-10-23 12:46:33.613565,99,52.94.240.160,443,3.0,0,1,1,23,1,expected
2018-10-23 12:46:33.613668,99,52.94.240.160,443,3.0,0,1,1,23,1,expected
2018-10-23 12:46:33.613808,210,52.94.240.160,443,3.0,0,1,1,23,1,expected
2018-10-23 12:46:33.613823,54,52.94.240.160,443,1.0,0,1,1,,1,ack
2018-10-23 12:46:33.693346,66,52.94.240.160,443,1.0,79,1,1,,1,ack
2018-10-23 12:46:33.693665,66,52.94.240.160,443,1.0,0,1,1,,1,ack
2018-10-23 12:46:33.693885,66,52.94.240.160,443,1.0,0,1,1,,1,ack
2018-10-23 12:46:33.694060,66,52.94.240.160,443,1.0,0,1,1,,1,ack
2018-10-23 12:46:33.694246,66,52.94.240.160,443,1.0,0,1,1,,1,ack
2018-10-23 12:46:33.694391,66,52.94.240.160,443,1.0,0,1,1,,1,ack
2018-10-23 12:46:33.694538,66,52.94.240.160,443,1.0,0,1,1,,1,ack
2018-10-23 12:46:33.694677,66,52.94.240.160,443,1.0,0,1,1,,1,ack
2018-10-23 12:46:33.694818,66,52.94.240.160,443,1.0,0,1,1,,1,ack
2018-10-23 12:46:36.615922,118,52.217.1.132,80,1.0,14739,1,1,,1,not_relevant
2018-10-23 12:46:36.657185,66,52.94.240.160,443,1.0,2962,1,1,,1,ack
2018-10-23 12:46:36.657336,74,52.94.240.160,443,1.0,0,1,1,,1,ack
2018-10-23 12:46:36.657409,74,52.94.240.160,443,1.0,0,1,1,,1,ack
2018-10-23 12:46:36.699166,74,52.94.240.160,443,1.0,41,1,1,,1,ack
2018-10-23 12:46:36.699523,74,52.94.240.160,443,1.0,0,1,1,,1,ack
2018-10-23 12:46:36.732101,74,52.94.240.160,443,1.0,32,1,1,,1,ack
2018-10-23 12:46:36.733489,74,52.94.240.160,443,1.0,1,1,1,,1,ack
2018-10-23 12:46:36.733569,66,52.94.240.160,443,1.0,0,1,1,,1,ack
2018-10-23 12:46:36.738830,66,52.94.240.160,443,1.0,5,1,1,,1,ack
2018-10-23 12:46:36.751578,66,52.94.240.160,443,1.0,12,1,1,,1,ack
2018-10-23 12:46:36.752527,66,52.94.240.160,443,1.0,0,1,1,,1,ack
2018-10-23 12:46:36.752604,66,52.94.240.160,443,1.0,0,1,1,,1,ack
2018-10-23 12:46:36.755524,66,52.94.240.160,443,1.0,2,1,1,,1,ack
2018-10-23 12:46:36.755714,66,52.94.240.160,443,1.0,0,1,1,,1,ack
2018-10-23 12:46:36.755784,54,52.94.240.160,443,1.0,0,1,1,,1,ack
2018-10-23 12:46:36.757762,99,52.94.240.160,443,3.0,0,1,1,23,1,expected
2018-10-23 12:46:36.757840,99,52.94.240.160,443,3.0,0,1,1,23,1,expected
2018-10-23 12:46:36.770968,54,52.94.240.160,443,1.0,15,1,1,,1,ack
2018-10-23 12:46:36.771212,54,52.94.240.160,443,1.0,0,1,1,,1,ack
2018-10-23 12:46:36.772818,54,52.94.240.160,443,1.0,1,1,1,,1,ack
2018-10-23 12:46:36.775103,54,52.94.240.160,443,1.0,2,1,1,,1,ack
2018-10-23 12:46:36.776017,54,52.94.240.160,443,1.0,0,1,1,,1,ack
2018-10-23 12:46:36.790226,54,52.94.240.160,443,1.0,14,1,1,,1,ack
2018-10-23 12:46:36.790989,54,52.94.240.160,443,1.0,0,1,1,,1,ack
2018-10-23 12:46:36.791837,54,52.94.240.160,443,1.0,0,1,1,,1,ack
2018-10-23 12:46:36.799602,54,52.94.240.160,443,1.0,7,1,1,,1,ack
2018-10-23 12:46:36.813024,54,52.94.240.160,443,1.0,13,1,1,,1,ack
2018-10-23 12:46:36.816082,54,52.94.240.160,443,1.0,3,1,1,,1,ack
2018-10-23 12:46:36.816844,99,52.94.240.160,443,3.0,0,1,1,23,1,expected
2018-10-23 12:46:36.816928,54,52.94.240.160,443,1.0,0,1,1,,1,ack
2018-10-23 12:46:36.818514,99,52.94.240.160,443,3.0,0,1,1,23,1,expected
2018-10-23 12:46:36.818591,54,52.94.240.160,443,1.0,1,1,1,,1,ack
2018-10-23 12:46:36.843014,54,52.94.240.160,443,1.0,24,1,1,,1,ack
2018-10-23 12:46:36.843091,54,52.94.240.160,443,1.0,0,1,1,,1,ack
2018-10-23 12:46:36.843244,54,52.94.240.160,443,1.0,0,1,1,,1,ack
2018-10-23 12:46:36.843385,54,52.94.240.160,443,1.0,0,1,1,,1,ack
2018-10-23 12:46:36.843455,54,52.94.240.160,443,1.0,0,1,1,,1,ack
2018-10-23 12:46:36.865148,54,52.94.240.160,443,1.0,21,1,1,,1,ack
2018-10-23 12:46:36.865304,54,52.94.240.160,443,1.0,0,1,1,,1,ack
2018-10-23 12:46:36.865448,54,52.94.240.160,443,1.0,0,1,1,,1,ack
2018-10-23 12:46:36.865519,54,52.94.240.160,443,1.0,0,1,1,,1,ack
2018-10-23 12:46:36.893452,99,52.94.240.160,443,3.0,0,1,1,23,1,expected
2018-10-23 12:46:36.893612,54,52.94.240.160,443,1.0,28,1,1,,1,ack
2018-10-23 12:46:36.893686,99,52.94.240.160,443,3.0,0,1,1,23,1,expected
2018-10-23 12:46:36.895710,54,52.94.240.160,443,1.0,2,1,1,,1,ack
2018-10-23 12:46:36.896732,54,52.94.240.160,443,1.0,1,1,1,,1,ack
2018-10-23 12:46:36.898820,54,52.94.240.160,443,1.0,2,1,1,,1,ack
2018-10-23 12:46:36.899061,54,52.94.240.160,443,1.0,0,1,1,,1,ack
2018-10-23 12:46:36.912582,54,52.94.240.160,443,1.0,13,1,1,,1,ack
2018-10-23 12:46:36.942506,54,52.94.240.160,443,1.0,29,1,1,,1,ack
2018-10-23 12:46:36.942758,54,52.94.240.160,443,1.0,0,1,1,,1,ack
2018-10-23 12:46:36.942989,54,52.94.240.160,443,1.0,0,1,1,,1,ack
2018-10-23 12:46:36.943113,54,52.94.240.160,443,1.0,0,1,1,,1,ack
2018-10-23 12:46:36.943245,54,52.94.240.160,443,1.0,0,1,1,,1,ack
2018-10-23 12:46:36.943487,54,52.94.240.160,443,1.0,0,1,1,,1,ack
2018-10-23 12:46:36.943717,99,52.94.240.160,443,3.0,0,1,1,23,1,expected
2018-10-23 12:46:36.943869,99,52.94.240.160,443,3.0,0,1,1,23,1,expected
2018-10-23 12:46:36.977352,54,52.94.240.160,443,1.0,33,1,1,,1,ack
2018-10-23 12:46:36.978194,54,52.94.240.160,443,1.0,0,1,1,,1,ack
2018-10-23 12:46:36.981794,54,52.94.240.160,443,1.0,3,1,1,,1,ack
2018-10-23 12:46:36.982041,54,52.94.240.160,443,1.0,0,1,1,,1,ack
2018-10-23 12:46:36.982159,54,52.94.240.160,443,1.0,0,1,1,,1,ack
2018-10-23 12:46:36.982280,54,52.94.240.160,443,1.0,0,1,1,,1,ack
2018-10-23 12:46:36.996136,54,52.94.240.160,443,1.0,13,1,1,,1,ack
2018-10-23 12:46:36.997247,54,52.94.240.160,443,1.0,1,1,1,,1,ack
2018-10-23 12:46:37.000582,54,52.94.240.160,443,1.0,3,1,1,,1,ack
2018-10-23 12:46:37.001432,54,52.94.240.160,443,1.0,0,1,1,,1,ack
2018-10-23 12:46:37.001674,99,52.94.240.160,443,3.0,0,1,1,23,1,expected
2018-10-23 12:46:37.001802,99,52.94.240.160,443,3.0,0,1,1,23,1,expected
2018-10-23 12:46:37.001926,54,52.94.240.160,443,1.0,0,1,1,,1,ack
2018-10-23 12:46:37.003202,54,52.94.240.160,443,1.0,1,1,1,,1,ack
2018-10-23 12:46:37.015061,54,52.94.240.160,443,1.0,11,1,1,,1,ack
2018-10-23 12:46:37.015303,54,52.94.240.160,443,1.0,0,1,1,,1,ack
2018-10-23 12:46:37.016320,54,52.94.240.160,443,1.0,1,1,1,,1,ack
2018-10-23 12:46:37.021626,54,52.94.240.160,443,1.0,5,1,1,,1,ack
2018-10-23 12:46:37.021884,54,52.94.240.160,443,1.0,0,1,1,,1,ack
2018-10-23 12:46:37.022015,54,52.94.240.160,443,1.0,0,1,1,,1,ack
2018-10-23 12:46:37.022995,54,52.94.240.160,443,1.0,0,1,1,,1,ack
2018-10-23 12:46:37.034064,54,52.94.240.160,443,1.0,11,1,1,,1,ack
2018-10-23 12:46:37.034978,54,52.94.240.160,443,1.0,0,1,1,,1,ack
2018-10-23 12:46:37.048439,99,52.94.240.160,443,3.0,0,1,1,23,1,expected
2018-10-23 12:46:37.048566,99,52.94.240.160,443,3.0,0,1,1,23,1,expected
2018-10-23 12:46:37.054161,54,52.94.240.160,443,1.0,19,1,1,,1,ack
2018-10-23 12:46:37.055031,54,52.94.240.160,443,1.0,0,1,1,,1,ack
2018-10-23 12:46:37.058851,54,52.94.240.160,443,1.0,3,1,1,,1,ack
2018-10-23 12:46:37.060537,54,52.94.240.160,443,1.0,1,1,1,,1,ack
2018-10-23 12:46:37.060788,54,52.94.240.160,443,1.0,0,1,1,,1,ack
2018-10-23 12:46:37.092466,54,52.94.240.160,443,1.0,31,1,1,,1,ack
2018-10-23 12:46:37.614252,54,52.94.240.160,443,1.0,521,1,1,,1,ack
2018-10-23 12:46:37.932347,54,52.94.240.160,443,1.0,318,1,1,,1,ack
2018-10-23 12:46:48.663633,77,104.154.126.169,4070,2.0,0,1,1,,1,syn
2018-10-23 12:46:48.682402,66,104.154.126.169,4070,1.0,30035,1,1,,1,ack
2018-10-23 12:47:00.259348,199,52.94.240.160,443,3.0,0,1,1,23,1,expected
2018-10-23 12:47:00.303548,491,52.94.240.160,443,3.0,0,1,1,23,1,expected
2018-10-23 12:47:00.306572,1514,52.94.240.160,443,1.0,22374,1,1,,1,not_relevant
2018-10-23 12:47:00.306603,1267,52.94.240.160,443,3.0,0,1,1,23,1,expected
2018-10-23 12:47:00.309819,1514,52.94.240.160,443,1.0,3,1,1,,1,not_relevant
2018-10-23 12:47:00.334113,1514,52.94.240.160,443,3.0,0,1,1,23,1,expected
2018-10-23 12:47:00.334450,1514,52.94.240.160,443,1.0,24,1,1,,1,not_relevant
2018-10-23 12:47:00.335335,1514,52.94.240.160,443,1.0,0,1,1,,1,not_relevant
2018-10-23 12:47:00.337293,1514,52.94.240.160,443,3.0,0,1,1,23,1,expected
2018-10-23 12:47:00.337323,1514,52.94.240.160,443,3.0,0,1,1,23,1,expected
2018-10-23 12:47:00.337346,1009,52.94.240.160,443,3.0,0,1,1,23,1,expected
2018-10-23 12:47:00.352381,491,52.94.240.160,443,3.0,0,1,1,23,1,expected
2018-10-23 12:47:00.363584,426,52.94.240.160,443,3.0,0,1,1,23,1,expected
2018-10-23 12:47:00.370530,54,52.94.240.160,443,1.0,35,1,1,,1,ack
2018-10-23 12:47:00.387837,491,52.94.240.160,443,3.0,0,1,1,23,1,expected
2018-10-23 12:47:00.434859,491,52.94.240.160,443,3.0,0,1,1,23,1,expected
2018-10-23 12:47:00.501607,491,52.94.240.160,443,3.0,0,1,1,23,1,expected
2018-10-23 12:47:00.542833,491,52.94.240.160,443,3.0,0,1,1,23,1,expected
2018-10-23 12:47:00.584390,491,52.94.240.160,443,3.0,0,1,1,23,1,expected
2018-10-23 12:47:00.650961,491,52.94.240.160,443,3.0,0,1,1,23,1,expected
2018-10-23 12:47:00.675234,491,52.94.240.160,443,3.0,0,1,1,23,1,expected
2018-10-23 12:47:00.741416,491,52.94.240.160,443,3.0,0,1,1,23,1,expected
2018-10-23 12:47:00.789268,491,52.94.240.160,443,3.0,0,1,1,23,1,expected
2018-10-23 12:47:00.836083,491,52.94.240.160,443,3.0,0,1,1,23,1,expected
2018-10-23 12:47:00.887382,491,52.94.240.160,443,3.0,0,1,1,23,1,expected
2018-10-23 12:47:00.950416,491,52.94.240.160,443,3.0,0,1,1,23,1,expected
2018-10-23 12:47:00.978358,491,52.94.240.160,443,3.0,0,1,1,23,1,expected
2018-10-23 12:47:01.066247,491,52.94.240.160,443,3.0,0,1,1,23,1,expected
2018-10-23 12:47:01.071801,491,52.94.240.160,443,3.0,0,1,1,23,1,expected
2018-10-23 12:47:01.136996,491,52.94.240.160,443,3.0,0,1,1,23,1,expected
2018-10-23 12:47:01.202222,491,52.94.240.160,443,3.0,0,1,1,23,1,expected
2018-10-23 12:47:01.239444,491,52.94.240.160,443,3.0,0,1,1,23,1,expected
2018-10-23 12:47:01.287398,491,52.94.240.160,443,3.0,0,1,1,23,1,expected
2018-10-23 12:47:01.345329,491,52.94.240.160,443,3.0,0,1,1,23,1,expected
2018-10-23 12:47:01.377026,491,52.94.240.160,443,3.0,0,1,1,23,1,expected
2018-10-23 12:47:01.449930,491,52.94.240.160,443,3.0,0,1,1,23,1,expected
2018-10-23 12:47:01.473188,491,52.94.240.160,443,3.0,0,1,1,23,1,expected
2018-10-23 12:47:01.536556,491,52.94.240.160,443,3.0,0,1,1,23,1,expected
2018-10-23 12:47:01.580494,491,52.94.240.160,443,3.0,0,1,1,23,1,expected
2018-10-23 12:47:01.637397,491,52.94.240.160,443,3.0,0,1,1,23,1,expected
2018-10-23 12:47:01.682171,491,52.94.240.160,443,3.0,0,1,1,23,1,expected
2018-10-23 12:47:01.745298,491,52.94.240.160,443,3.0,0,1,1,23,1,expected
2018-10-23 12:47:01.774887,491,52.94.240.160,443,3.0,0,1,1,23,1,expected
2018-10-23 12:47:01.851103,491,52.94.240.160,443,3.0,0,1,1,23,1,expected
2018-10-23 12:47:01.898044,491,52.94.240.160,443,3.0,0,1,1,23,1,expected
2018-10-23 12:47:01.933047,491,52.94.240.160,443,3.0,0,1,1,23,1,expected
2018-10-23 12:47:01.980470,491,52.94.240.160,443,3.0,0,1,1,23,1,expected
2018-10-23 12:47:02.029149,491,52.94.240.160,443,3.0,0,1,1,23,1,expected
2018-10-23 12:47:02.075014,491,52.94.240.160,443,3.0,0,1,1,23,1,expected
2018-10-23 12:47:02.145561,491,52.94.240.160,443,3.0,0,1,1,23,1,expected
2018-10-23 12:47:02.176024,491,52.94.240.160,443,3.0,0,1,1,23,1,expected
2018-10-23 12:47:02.252101,491,52.94.240.160,443,3.0,0,1,1,23,1,expected
2018-10-23 12:47:02.270373,491,52.94.240.160,443,3.0,0,1,1,23,1,expected
2018-10-23 12:47:02.335244,491,52.94.240.160,443,3.0,0,1,1,23,1,expected
2018-10-23 12:47:02.381055,491,52.94.240.160,443,3.0,0,1,1,23,1,expected
2018-10-23 12:47:02.457295,491,52.94.240.160,443,3.0,0,1,1,23,1,expected
2018-10-23 12:47:02.487577,491,52.94.240.160,443,3.0,0,1,1,23,1,expected
2018-10-23 12:47:02.544492,491,52.94.240.160,443,3.0,0,1,1,23,1,expected
2018-10-23 12:47:02.599908,491,52.94.240.160,443,3.0,0,1,1,23,1,expected
2018-10-23 12:47:02.647727,491,52.94.240.160,443,3.0,0,1,1,23,1,expected
2018-10-23 12:47:02.671745,491,52.94.240.160,443,3.0,0,1,1,23,1,expected
2018-10-23 12:47:02.738348,491,52.94.240.160,443,3.0,0,1,1,23,1,expected
2018-10-23 12:47:02.782049,491,52.94.240.160,443,3.0,0,1,1,23,1,expected
2018-10-23 12:47:02.833174,491,52.94.240.160,443,3.0,0,1,1,23,1,expected
2018-10-23 12:47:02.887452,491,52.94.240.160,443,3.0,0,1,1,23,1,expected
2018-10-23 12:47:02.949348,491,52.94.240.160,443,3.0,0,1,1,23,1,expected
2018-10-23 12:47:02.971894,491,52.94.240.160,443,3.0,0,1,1,23,1,expected
2018-10-23 12:47:03.038146,491,52.94.240.160,443,3.0,0,1,1,23,1,expected
2018-10-23 12:47:03.069678,491,52.94.240.160,443,3.0,0,1,1,23,1,expected
2018-10-23 12:47:03.134241,491,52.94.240.160,443,3.0,0,1,1,23,1,expected
2018-10-23 12:47:03.186481,491,52.94.240.160,443,3.0,0,1,1,23,1,expected
2018-10-23 12:47:03.233333,491,52.94.240.160,443,3.0,0,1,1,23,1,expected
2018-10-23 12:47:03.307267,491,52.94.240.160,443,3.0,0,1,1,23,1,expected
2018-10-23 12:47:03.342167,491,52.94.240.160,443,3.0,0,1,1,23,1,expected
2018-10-23 12:47:03.376644,491,52.94.240.160,443,3.0,0,1,1,23,1,expected
2018-10-23 12:47:03.450620,491,52.94.240.160,443,3.0,0,1,1,23,1,expected
2018-10-23 12:47:03.467228,491,52.94.240.160,443,3.0,0,1,1,23,1,expected
2018-10-23 12:47:03.540053,491,52.94.240.160,443,3.0,0,1,1,23,1,expected
2018-10-23 12:47:03.586874,491,52.94.240.160,443,3.0,0,1,1,23,1,expected
2018-10-23 12:47:03.634457,491,52.94.240.160,443,3.0,0,1,1,23,1,expected
2018-10-23 12:47:03.687813,491,52.94.240.160,443,3.0,0,1,1,23,1,expected
2018-10-23 12:47:03.742990,491,52.94.240.160,443,3.0,0,1,1,23,1,expected
2018-10-23 12:47:03.778925,491,52.94.240.160,443,3.0,0,1,1,23,1,expected
2018-10-23 12:47:03.889306,491,52.94.240.160,443,3.0,0,1,1,23,1,expected
2018-10-23 12:47:03.891300,491,52.94.240.160,443,3.0,0,1,1,23,1,expected
2018-10-23 12:47:04.006672,491,52.94.240.160,443,3.0,0,1,1,23,1,expected
2018-10-23 12:47:04.021914,491,52.94.240.160,443,3.0,0,1,1,23,1,expected
2018-10-23 12:47:04.028389,491,52.94.240.160,443,3.0,0,1,1,23,1,expected
2018-10-23 12:47:04.093644,491,52.94.240.160,443,3.0,0,1,1,23,1,expected
2018-10-23 12:47:04.149031,491,52.94.240.160,443,3.0,0,1,1,23,1,expected
2018-10-23 12:47:04.180725,491,52.94.240.160,443,3.0,0,1,1,23,1,expected
2018-10-23 12:47:04.253753,491,52.94.240.160,443,3.0,0,1,1,23,1,expected
2018-10-23 12:47:04.303157,491,52.94.240.160,443,3.0,0,1,1,23,1,expected
2018-10-23 12:47:04.344615,491,52.94.240.160,443,3.0,0,1,1,23,1,expected
2018-10-23 12:47:04.472899,491,52.94.240.160,443,3.0,0,1,1,23,1,expected
2018-10-23 12:47:04.473402,491,52.94.240.160,443,3.0,0,1,1,23,1,expected
2018-10-23 12:47:04.487625,491,52.94.240.160,443,3.0,0,1,1,23,1,expected
2018-10-23 12:47:04.522789,54,52.94.240.160,443,1.0,4152,1,1,,1,ack
2018-10-23 12:47:04.547472,491,52.94.240.160,443,3.0,0,1,1,23,1,expected
2018-10-23 12:47:04.572885,54,52.94.240.160,443,1.0,50,1,1,,1,ack
2018-10-23 12:47:04.581681,491,52.94.240.160,443,3.0,0,1,1,23,1,expected
2018-10-23 12:47:04.650563,491,52.94.240.160,443,3.0,0,1,1,23,1,expected
2018-10-23 12:47:04.697635,491,52.94.240.160,443,3.0,0,1,1,23,1,expected
2018-10-23 12:47:04.733354,491,52.94.240.160,443,3.0,0,1,1,23,1,expected
2018-10-23 12:47:04.786427,491,52.94.240.160,443,3.0,0,1,1,23,1,expected
2018-10-23 12:47:04.843031,491,52.94.240.160,443,3.0,0,1,1,23,1,expected
2018-10-23 12:47:04.888403,491,52.94.240.160,443,3.0,0,1,1,23,1,expected
2018-10-23 12:47:04.968815,491,52.94.240.160,443,3.0,0,1,1,23,1,expected
2018-10-23 12:47:04.972854,54,52.94.240.160,443,1.0,399,1,1,,1,ack
2018-10-23 12:47:04.973013,54,52.94.240.160,443,1.0,0,1,1,,1,ack
2018-10-23 12:47:04.973089,54,52.94.240.160,443,1.0,0,1,1,,1,ack
2018-10-23 12:47:05.013859,54,52.94.240.160,443,1.0,40,1,1,,1,ack
2018-10-23 12:47:05.028479,491,52.94.240.160,443,3.0,0,1,1,23,1,expected
2018-10-23 12:47:05.035270,491,52.94.240.160,443,3.0,0,1,1,23,1,expected
2018-10-23 12:47:05.054435,54,52.94.240.160,443,1.0,40,1,1,,1,ack
2018-10-23 12:47:05.054519,54,52.94.240.160,443,1.0,0,1,1,,1,ack
2018-10-23 12:47:05.054692,54,52.94.240.160,443,1.0,0,1,1,,1,ack
2018-10-23 12:47:05.054854,54,52.94.240.160,443,1.0,0,1,1,,1,ack
2018-10-23 12:47:05.054936,54,52.94.240.160,443,1.0,0,1,1,,1,ack
2018-10-23 12:47:05.063132,54,52.94.240.160,443,1.0,8,1,1,,1,ack
2018-10-23 12:47:05.063217,54,52.94.240.160,443,1.0,0,1,1,,1,ack
2018-10-23 12:47:05.063378,54,52.94.240.160,443,1.0,0,1,1,,1,ack
2018-10-23 12:47:05.063540,54,52.94.240.160,443,1.0,0,1,1,,1,ack
2018-10-23 12:47:05.063618,54,52.94.240.160,443,1.0,0,1,1,,1,ack
2018-10-23 12:47:05.063694,54,52.94.240.160,443,1.0,0,1,1,,1,ack
2018-10-23 12:47:05.064142,99,52.94.240.160,443,3.0,0,1,1,23,1,expected
2018-10-23 12:47:05.074397,54,52.94.240.160,443,1.0,10,1,1,,1,ack
2018-10-23 12:47:05.080014,491,52.94.240.160,443,3.0,0,1,1,23,1,expected
2018-10-23 12:47:05.090909,54,52.94.240.160,443,1.0,16,1,1,,1,ack
2018-10-23 12:47:05.092943,54,52.94.240.160,443,1.0,2,1,1,,1,ack
2018-10-23 12:47:05.093216,54,52.94.240.160,443,1.0,0,1,1,,1,ack
2018-10-23 12:47:05.096408,54,52.94.240.160,443,1.0,3,1,1,,1,ack
2018-10-23 12:47:05.096680,54,52.94.240.160,443,1.0,0,1,1,,1,ack
2018-10-23 12:47:05.096808,54,52.94.240.160,443,1.0,0,1,1,,1,ack
2018-10-23 12:47:05.097154,99,52.94.240.160,443,3.0,0,1,1,23,1,expected
2018-10-23 12:47:05.132610,54,52.94.240.160,443,1.0,35,1,1,,1,ack
2018-10-23 12:47:05.136351,491,52.94.240.160,443,3.0,0,1,1,23,1,expected
2018-10-23 12:47:05.141701,54,52.94.240.160,443,1.0,9,1,1,,1,ack
2018-10-23 12:47:05.141958,54,52.94.240.160,443,1.0,0,1,1,,1,ack
2018-10-23 12:47:05.144662,54,52.94.240.160,443,1.0,2,1,1,,1,ack
2018-10-23 12:47:05.144912,54,52.94.240.160,443,1.0,0,1,1,,1,ack
2018-10-23 12:47:05.145030,54,52.94.240.160,443,1.0,0,1,1,,1,ack
2018-10-23 12:47:05.148571,99,52.94.240.160,443,3.0,0,1,1,23,1,expected
2018-10-23 12:47:05.148819,54,52.94.240.160,443,1.0,3,1,1,,1,ack
2018-10-23 12:47:05.152317,54,52.94.240.160,443,1.0,3,1,1,,1,ack
2018-10-23 12:47:05.158396,91,52.94.240.160,443,3.0,0,1,1,23,1,expected
2018-10-23 12:47:05.158650,91,52.94.240.160,443,3.0,0,1,1,23,1,expected
2018-10-23 12:47:05.163244,54,52.94.240.160,443,1.0,10,1,1,,1,ack
2018-10-23 12:47:05.163506,54,52.94.240.160,443,1.0,0,1,1,,1,ack
2018-10-23 12:47:05.165300,54,52.94.240.160,443,1.0,1,1,1,,1,ack
2018-10-23 12:47:05.166627,54,52.94.240.160,443,1.0,1,1,1,,1,ack
2018-10-23 12:47:05.166749,54,52.94.240.160,443,1.0,0,1,1,,1,ack
2018-10-23 12:47:05.167703,99,52.94.240.160,443,3.0,0,1,1,23,1,expected
2018-10-23 12:47:05.167952,54,52.94.240.160,443,1.0,1,1,1,,1,ack
2018-10-23 12:47:05.170596,54,52.94.240.160,443,1.0,2,1,1,,1,ack
2018-10-23 12:47:05.189228,54,52.94.240.160,443,1.0,18,1,1,,1,ack
2018-10-23 12:47:05.192799,209,52.94.240.160,443,3.0,0,1,1,23,1,expected
2018-10-23 12:47:05.193059,54,52.94.240.160,443,1.0,3,1,1,,1,ack
2018-10-23 12:47:05.193182,54,52.94.240.160,443,1.0,0,1,1,,1,ack
2018-10-23 12:47:05.194065,54,52.94.240.160,443,1.0,0,1,1,,1,ack
2018-10-23 12:47:05.200572,99,52.94.240.160,443,3.0,0,1,1,23,1,expected
2018-10-23 12:47:05.213233,54,52.94.240.160,443,1.0,19,1,1,,1,ack
2018-10-23 12:47:05.213405,54,52.94.240.160,443,1.0,0,1,1,,1,ack
2018-10-23 12:47:05.213531,54,52.94.240.160,443,1.0,0,1,1,,1,ack
2018-10-23 12:47:05.272804,99,52.94.240.160,443,1.0,59,1,1,,1,not_relevant
2018-10-23 12:47:05.513114,254,52.94.240.160,443,1.0,240,1,1,,1,not_relevant
2018-10-23 12:47:05.996275,254,52.94.240.160,443,1.0,483,1,1,,1,not_relevant
2018-10-23 12:47:06.100768,102,52.217.1.132,80,1.0,29484,1,1,,1,not_relevant
2018-10-23 12:47:06.974100,254,52.94.240.160,443,1.0,977,1,1,,1,not_relevant
2018-10-23 12:47:08.897811,254,52.94.240.160,443,1.0,1923,1,1,,1,not_relevant
2018-10-23 12:47:08.977192,54,52.94.240.160,443,1.0,79,1,1,,1,ack
2018-10-23 12:47:08.995761,66,52.94.240.160,443,1.0,18,1,1,,1,ack
2018-10-23 12:47:08.996001,66,52.94.240.160,443,1.0,0,1,1,,1,ack
2018-10-23 12:47:09.014018,66,52.94.240.160,443,1.0,18,1,1,,1,ack
2018-10-23 12:47:09.014805,66,52.94.240.160,443,1.0,0,1,1,,1,ack
2018-10-23 12:47:09.019383,66,52.94.240.160,443,1.0,4,1,1,,1,ack
2018-10-23 12:47:09.019622,66,52.94.240.160,443,1.0,0,1,1,,1,ack
2018-10-23 12:47:09.032515,66,52.94.240.160,443,1.0,12,1,1,,1,ack
2018-10-23 12:47:09.032750,66,52.94.240.160,443,1.0,0,1,1,,1,ack
2018-10-23 12:47:09.033972,66,52.94.240.160,443,1.0,1,1,1,,1,ack
2018-10-23 12:47:09.034211,66,52.94.240.160,443,1.0,0,1,1,,1,ack
2018-10-23 12:47:09.053131,66,52.94.240.160,443,1.0,18,1,1,,1,ack
2018-10-23 12:47:09.053263,111,52.94.240.160,443,3.0,0,1,1,23,1,expected
2018-10-23 12:47:09.054751,66,52.94.240.160,443,1.0,1,1,1,,1,ack
2018-10-23 12:47:09.054986,66,52.94.240.160,443,1.0,0,1,1,,1,ack
2018-10-23 12:47:09.058952,66,52.94.240.160,443,1.0,3,1,1,,1,ack
2018-10-23 12:47:09.059191,66,52.94.240.160,443,1.0,0,1,1,,1,ack
2018-10-23 12:47:09.059422,66,52.94.240.160,443,1.0,0,1,1,,1,ack
2018-10-23 12:47:09.059547,66,52.94.240.160,443,1.0,0,1,1,,1,ack
2018-10-23 12:47:09.059671,66,52.94.240.160,443,1.0,0,1,1,,1,ack
2018-10-23 12:47:09.059806,54,52.94.240.160,443,1.0,0,1,1,,1,ack
2018-10-23 12:47:09.059926,54,52.94.240.160,443,1.0,0,1,1,,1,ack
2018-10-23 12:47:09.072254,99,52.94.240.160,443,3.0,0,1,1,23,1,expected
2018-10-23 12:47:09.075151,54,52.94.240.160,443,1.0,15,1,1,,1,ack
2018-10-23 12:47:09.077997,54,52.94.240.160,443,1.0,2,1,1,,1,ack
2018-10-23 12:47:09.078863,54,52.94.240.160,443,1.0,0,1,1,,1,ack
2018-10-23 12:47:09.088763,54,52.94.240.160,443,1.0,9,1,1,,1,ack
2018-10-23 12:47:09.089041,54,52.94.240.160,443,1.0,0,1,1,,1,ack
2018-10-23 12:47:09.091171,99,52.94.240.160,443,3.0,0,1,1,23,1,expected
2018-10-23 12:47:09.102887,54,52.94.240.160,443,1.0,13,1,1,,1,ack
2018-10-23 12:47:09.103126,54,52.94.240.160,443,1.0,0,1,1,,1,ack
2018-10-23 12:47:09.103253,54,52.94.240.160,443,1.0,0,1,1,,1,ack
2018-10-23 12:47:09.107649,54,52.94.240.160,443,1.0,4,1,1,,1,ack
2018-10-23 12:47:09.111821,54,52.94.240.160,443,1.0,4,1,1,,1,ack
2018-10-23 12:47:09.112167,54,52.94.240.160,443,1.0,0,1,1,,1,ack
2018-10-23 12:47:09.112596,99,52.94.240.160,443,3.0,0,1,1,23,1,expected
2018-10-23 12:47:09.186287,54,52.94.240.160,443,1.0,74,1,1,,1,ack
2018-10-23 12:47:09.186530,54,52.94.240.160,443,1.0,0,1,1,,1,ack
2018-10-23 12:47:09.186656,54,52.94.240.160,443,1.0,0,1,1,,1,ack
2018-10-23 12:47:09.186785,54,52.94.240.160,443,1.0,0,1,1,,1,ack
2018-10-23 12:47:09.187019,54,52.94.240.160,443,1.0,0,1,1,,1,ack
2018-10-23 12:47:09.187144,54,52.94.240.160,443,1.0,0,1,1,,1,ack
2018-10-23 12:47:09.187272,99,52.94.240.160,443,3.0,0,1,1,23,1,expected
2018-10-23 12:47:09.214988,54,52.94.240.160,443,1.0,27,1,1,,1,ack
2018-10-23 12:47:09.217137,54,52.94.240.160,443,1.0,2,1,1,,1,ack
2018-10-23 12:47:09.218268,54,52.94.240.160,443,1.0,1,1,1,,1,ack
2018-10-23 12:47:09.219202,54,52.94.240.160,443,1.0,0,1,1,,1,ack
2018-10-23 12:47:09.219438,54,52.94.240.160,443,1.0,0,1,1,,1,ack
2018-10-23 12:47:09.220730,54,52.94.240.160,443,1.0,1,1,1,,1,ack
2018-10-23 12:47:09.233696,54,52.94.240.160,443,1.0,12,1,1,,1,ack
2018-10-23 12:47:09.236971,54,52.94.240.160,443,1.0,3,1,1,,1,ack
2018-10-23 12:47:09.238044,54,52.94.240.160,443,1.0,1,1,1,,1,ack
2018-10-23 12:47:09.238637,54,52.94.240.160,443,1.0,0,1,1,,1,ack
2018-10-23 12:47:09.239473,54,52.94.240.160,443,1.0,0,1,1,,1,ack
2018-10-23 12:47:09.240348,54,52.94.240.160,443,1.0,0,1,1,,1,ack
2018-10-23 12:47:09.252570,54,52.94.240.160,443,1.0,12,1,1,,1,ack
2018-10-23 12:47:09.288662,54,52.94.240.160,443,1.0,36,1,1,,1,ack
2018-10-23 12:47:09.288904,54,52.94.240.160,443,1.0,0,1,1,,1,ack
2018-10-23 12:47:09.289043,54,52.94.240.160,443,1.0,0,1,1,,1,ack
2018-10-23 12:47:09.289167,54,52.94.240.160,443,1.0,0,1,1,,1,ack
2018-10-23 12:47:09.301297,99,52.94.240.160,443,3.0,0,1,1,23,1,expected
2018-10-23 12:47:09.301541,99,52.94.240.160,443,3.0,0,1,1,23,1,expected
2018-10-23 12:47:09.321388,99,52.94.240.160,443,3.0,0,1,1,23,1,expected
2018-10-23 12:47:09.321517,54,52.94.240.160,443,1.0,32,1,1,,1,ack
2018-10-23 12:47:09.323246,54,52.94.240.160,443,1.0,1,1,1,,1,ack
2018-10-23 12:47:09.323939,54,52.94.240.160,443,1.0,0,1,1,,1,ack
2018-10-23 12:47:09.324864,54,52.94.240.160,443,1.0,0,1,1,,1,ack
2018-10-23 12:47:09.324989,54,52.94.240.160,443,1.0,0,1,1,,1,ack
2018-10-23 12:47:09.326438,54,52.94.240.160,443,1.0,1,1,1,,1,ack
2018-10-23 12:47:09.326765,54,52.94.240.160,443,1.0,0,1,1,,1,ack
2018-10-23 12:47:09.341280,99,52.94.240.160,443,3.0,0,1,1,23,1,expected
2018-10-23 12:47:09.341408,54,52.94.240.160,443,1.0,14,1,1,,1,ack
2018-10-23 12:47:09.347100,54,52.94.240.160,443,1.0,5,1,1,,1,ack
2018-10-23 12:47:09.347344,54,52.94.240.160,443,1.0,0,1,1,,1,ack
2018-10-23 12:47:09.347580,54,52.94.240.160,443,1.0,0,1,1,,1,ack
2018-10-23 12:47:09.347705,54,52.94.240.160,443,1.0,0,1,1,,1,ack
2018-10-23 12:47:09.347829,54,52.94.240.160,443,1.0,0,1,1,,1,ack
2018-10-23 12:47:09.347953,54,52.94.240.160,443,1.0,0,1,1,,1,ack
2018-10-23 12:47:09.348079,99,52.94.240.160,443,3.0,0,1,1,23,1,expected
2018-10-23 12:47:09.376308,54,52.94.240.160,443,1.0,28,1,1,,1,ack
2018-10-23 12:47:09.378391,54,52.94.240.160,443,1.0,2,1,1,,1,ack
2018-10-23 12:47:09.378643,54,52.94.240.160,443,1.0,0,1,1,,1,ack
2018-10-23 12:47:09.381517,54,52.94.240.160,443,1.0,2,1,1,,1,ack
2018-10-23 12:47:09.381800,54,52.94.240.160,443,1.0,0,1,1,,1,ack
2018-10-23 12:47:09.381962,54,52.94.240.160,443,1.0,0,1,1,,1,ack
2018-10-23 12:47:09.382542,54,52.94.240.160,443,1.0,0,1,1,,1,ack
2018-10-23 12:47:09.383440,54,52.94.240.160,443,1.0,0,1,1,,1,ack
2018-10-23 12:47:09.396171,54,52.94.240.160,443,1.0,12,1,1,,1,ack
2018-10-23 12:47:09.397285,54,52.94.240.160,443,1.0,1,1,1,,1,ack
2018-10-23 12:47:09.399960,54,52.94.240.160,443,1.0,2,1,1,,1,ack
2018-10-23 12:47:09.401221,54,52.94.240.160,443,1.0,1,1,1,,1,ack
2018-10-23 12:47:09.402081,54,52.94.240.160,443,1.0,0,1,1,,1,ack
2018-10-23 12:47:09.403090,54,52.94.240.160,443,1.0,1,1,1,,1,ack
2018-10-23 12:47:09.405594,54,52.94.240.160,443,1.0,2,1,1,,1,ack
2018-10-23 12:47:09.405744,54,52.94.240.160,443,1.0,0,1,1,,1,ack
2018-10-23 12:47:09.410878,99,52.94.240.160,443,3.0,0,1,1,23,1,expected
2018-10-23 12:47:09.411070,144,52.94.240.160,443,3.0,0,1,1,23,1,expected
2018-10-23 12:47:09.430571,54,52.94.240.160,443,1.0,24,1,1,,1,ack
2018-10-23 12:47:09.433315,54,52.94.240.160,443,1.0,2,1,1,,1,ack
2018-10-23 12:47:09.434131,54,52.94.240.160,443,1.0,0,1,1,,1,ack
2018-10-23 12:47:09.435218,54,52.94.240.160,443,1.0,1,1,1,,1,ack
2018-10-23 12:47:09.439577,54,52.94.240.160,443,1.0,4,1,1,,1,ack
2018-10-23 12:47:09.448867,54,52.94.240.160,443,1.0,9,1,1,,1,ack
2018-10-23 12:47:09.450360,54,52.94.240.160,443,1.0,1,1,1,,1,ack
2018-10-23 12:47:09.450538,99,52.94.240.160,443,3.0,0,1,1,23,1,expected
2018-10-23 12:47:09.450669,54,52.94.240.160,443,1.0,0,1,1,,1,ack
2018-10-23 12:47:09.452256,54,52.94.240.160,443,1.0,1,1,1,,1,ack
2018-10-23 12:47:10.031369,54,52.94.240.160,443,1.0,579,1,1,,1,ack
2018-10-23 12:47:10.037907,66,52.94.240.160,443,1.0,6,1,1,,1,ack
2018-10-23 12:47:19.664445,77,104.154.126.169,4070,2.0,0,1,1,,1,syn
2018-10-23 12:47:19.693782,66,104.154.126.169,4070,1.0,31011,1,1,,1,ack
