2018-10-22 05:38:27.780892,74,54.239.19.125,443,1.0,-308124467,0,1,,1,retransmit
2018-10-22 05:38:27.798313,54,54.239.19.125,443,1.0,17,1,1,,1,ack
2018-10-22 05:38:27.800031,571,54.239.19.125,443,3.0,0,1,1,22,1,handshake
2018-10-22 05:38:27.820459,54,54.239.19.125,443,1.0,22,1,1,,1,ack
2018-10-22 05:38:27.820602,54,54.239.19.125,443,1.0,0,1,1,,1,ack
2018-10-22 05:38:27.820876,54,54.239.19.125,443,1.0,0,1,1,,1,ack
2018-10-22 05:38:27.821352,54,54.239.19.125,443,1.0,0,1,1,,1,ack
2018-10-22 05:38:27.866224,204,54.239.19.125,443,3.0,0,1,1,22,1,handshake
2018-10-22 05:38:27.884382,54,54.239.19.125,443,1.0,63,1,1,,1,ack
2018-10-22 05:38:27.887392,695,54.239.19.125,443,3.0,0,1,1,23,1,expected
2018-10-22 05:38:27.887421,1514,54.239.19.125,443,3.0,0,1,1,23,1,expected
2018-10-22 05:38:27.887444,1514,54.239.19.125,443,3.0,0,1,1,23,1,expected
2018-10-22 05:38:27.887466,1514,54.239.19.125,443,1.0,3,1,1,,1,not_relevant
2018-10-22 05:38:27.888349,1514,54.239.19.125,443,3.0,0,1,1,23,1,expected
2018-10-22 05:38:27.888379,1514,54.239.19.125,443,3.0,0,1,1,23,1,expected
2018-10-22 05:38:27.888402,1514,54.239.19.125,443,3.0,0,1,1,23,1,expected
2018-10-22 05:38:27.888426,1514,54.239.19.125,443,1.0,0,1,1,,1,not_relevant
2018-10-22 05:38:27.889902,1514,54.239.19.125,443,3.0,0,1,1,23,1,expected
2018-10-22 05:38:27.906530,1514,54.239.19.125,443,3.0,0,1,1,23,1,expected
2018-10-22 05:38:27.907357,1514,54.239.19.125,443,1.0,18,1,1,,1,not_relevant
2018-10-22 05:38:27.907398,1514,54.239.19.125,443,3.0,0,1,1,23,1,expected
2018-10-22 05:38:27.907421,1514,54.239.19.125,443,3.0,0,1,1,23,1,expected
2018-10-22 05:38:27.907443,584,54.239.19.125,443,3.0,0,1,1,23,1,expected
2018-10-22 05:38:27.948495,54,54.239.19.125,443,1.0,41,1,1,,1,ack
2018-10-22 05:38:29.794311,284,52.94.240.174,443,3.0,0,1,1,23,1,expected
2018-10-22 05:38:29.825070,978,52.94.240.174,443,3.0,0,1,1,23,1,expected
2018-10-22 05:38:29.827858,491,52.94.240.174,443,3.0,0,1,1,23,1,expected
2018-10-22 05:38:29.835255,891,52.94.240.174,443,3.0,0,1,1,23,1,expected
2018-10-22 05:38:29.836004,491,52.94.240.174,443,3.0,0,1,1,23,1,expected
2018-10-22 05:38:29.838166,491,52.94.240.174,443,3.0,0,1,1,23,1,expected
2018-10-22 05:38:29.840507,491,52.94.240.174,443,3.0,0,1,1,23,1,expected
2018-10-22 05:38:29.856930,491,52.94.240.174,443,3.0,0,1,1,23,1,expected
2018-10-22 05:38:29.870686,491,52.94.240.174,443,3.0,0,1,1,23,1,expected
2018-10-22 05:38:29.872516,631,52.94.240.174,443,3.0,0,1,1,23,1,expected
2018-10-22 05:38:29.885845,491,52.94.240.174,443,3.0,0,1,1,23,1,expected
2018-10-22 05:38:29.887391,631,52.94.240.174,443,3.0,0,1,1,23,1,expected
2018-10-22 05:38:29.887944,491,52.94.240.174,443,3.0,0,1,1,23,1,expected
2018-10-22 05:38:29.900452,491,52.94.240.174,443,3.0,0,1,1,23,1,expected
2018-10-22 05:38:29.901697,491,52.94.240.174,443,3.0,0,1,1,23,1,expected
2018-10-22 05:38:29.903222,491,52.94.240.174,443,3.0,0,1,1,23,1,expected
2018-10-22 05:38:29.911483,491,52.94.240.174,443,3.0,0,1,1,23,1,expected
2018-10-22 05:38:29.914088,491,52.94.240.174,443,3.0,0,1,1,23,1,expected
2018-10-22 05:38:29.915889,491,52.94.240.174,443,3.0,0,1,1,23,1,expected
2018-10-22 05:38:29.915918,491,52.94.240.174,443,3.0,0,1,1,23,1,expected
2018-10-22 05:38:29.916099,491,52.94.240.174,443,3.0,0,1,1,23,1,expected
2018-10-22 05:38:29.916567,491,52.94.240.174,443,3.0,0,1,1,23,1,expected
2018-10-22 05:38:29.918037,491,52.94.240.174,443,3.0,0,1,1,23,1,expected
2018-10-22 05:38:29.918954,491,52.94.240.174,443,3.0,0,1,1,23,1,expected
2018-10-22 05:38:29.920461,491,52.94.240.174,443,3.0,0,1,1,23,1,expected
2018-10-22 05:38:29.923856,491,52.94.240.174,443,3.0,0,1,1,23,1,expected
2018-10-22 05:38:29.930114,928,52.94.240.174,443,3.0,0,1,1,23,1,expected
2018-10-22 05:38:29.947758,491,52.94.240.174,443,3.0,0,1,1,23,1,expected
2018-10-22 05:38:29.981473,491,52.94.240.174,443,3.0,0,1,1,23,1,expected
2018-10-22 05:38:29.981624,54,52.94.240.174,443,1.0,-307981257,1,1,,1,ack
2018-10-22 05:38:30.044901,491,52.94.240.174,443,3.0,0,1,1,23,1,expected
2018-10-22 05:38:30.077053,491,52.94.240.174,443,3.0,0,1,1,23,1,expected
2018-10-22 05:38:30.094907,54,52.94.240.174,443,1.0,113,1,1,,1,ack
2018-10-22 05:38:30.141890,491,52.94.240.174,443,3.0,0,1,1,23,1,expected
2018-10-22 05:38:30.198215,491,52.94.240.174,443,3.0,0,1,1,23,1,expected
2018-10-22 05:38:30.232767,491,52.94.240.174,443,3.0,0,1,1,23,1,expected
2018-10-22 05:38:30.295440,491,52.94.240.174,443,3.0,0,1,1,23,1,expected
2018-10-22 05:38:30.350889,491,52.94.240.174,443,3.0,0,1,1,23,1,expected
2018-10-22 05:38:30.375246,491,52.94.240.174,443,3.0,0,1,1,23,1,expected
2018-10-22 05:38:30.441267,491,52.94.240.174,443,3.0,0,1,1,23,1,expected
2018-10-22 05:38:30.472057,491,52.94.240.174,443,3.0,0,1,1,23,1,expected
2018-10-22 05:38:30.542306,491,52.94.240.174,443,3.0,0,1,1,23,1,expected
2018-10-22 05:38:30.590263,491,52.94.240.174,443,3.0,0,1,1,23,1,expected
2018-10-22 05:38:30.634882,491,52.94.240.174,443,3.0,0,1,1,23,1,expected
2018-10-22 05:38:30.680582,491,52.94.240.174,443,3.0,0,1,1,23,1,expected
2018-10-22 05:38:30.745960,491,52.94.240.174,443,3.0,0,1,1,23,1,expected
2018-10-22 05:38:30.775658,491,52.94.240.174,443,3.0,0,1,1,23,1,expected
2018-10-22 05:38:30.846011,491,52.94.240.174,443,3.0,0,1,1,23,1,expected
2018-10-22 05:38:30.895241,491,52.94.240.174,443,3.0,0,1,1,23,1,expected
2018-10-22 05:38:30.937070,491,52.94.240.174,443,3.0,0,1,1,23,1,expected
2018-10-22 05:38:30.984911,491,52.94.240.174,443,3.0,0,1,1,23,1,expected
2018-10-22 05:38:31.031345,491,52.94.240.174,443,3.0,0,1,1,23,1,expected
2018-10-22 05:38:31.079216,491,52.94.240.174,443,3.0,0,1,1,23,1,expected
2018-10-22 05:38:31.148866,491,52.94.240.174,443,3.0,0,1,1,23,1,expected
2018-10-22 05:38:31.180512,491,52.94.240.174,443,3.0,0,1,1,23,1,expected
2018-10-22 05:38:31.245424,491,52.94.240.174,443,3.0,0,1,1,23,1,expected
2018-10-22 05:38:31.270211,491,52.94.240.174,443,3.0,0,1,1,23,1,expected
2018-10-22 05:38:31.343450,491,52.94.240.174,443,3.0,0,1,1,23,1,expected
2018-10-22 05:38:31.381639,491,52.94.240.174,443,3.0,0,1,1,23,1,expected
2018-10-22 05:38:31.439625,491,52.94.240.174,443,3.0,0,1,1,23,1,expected
2018-10-22 05:38:31.484095,491,52.94.240.174,443,3.0,0,1,1,23,1,expected
2018-10-22 05:38:31.549465,491,52.94.240.174,443,3.0,0,1,1,23,1,expected
2018-10-22 05:38:31.595130,491,52.94.240.174,443,3.0,0,1,1,23,1,expected
2018-10-22 05:38:31.640985,491,52.94.240.174,443,3.0,0,1,1,23,1,expected
2018-10-22 05:38:31.676719,491,52.94.240.174,443,3.0,0,1,1,23,1,expected
2018-10-22 05:38:31.740574,491,52.94.240.174,443,3.0,0,1,1,23,1,expected
2018-10-22 05:38:31.786957,491,52.94.240.174,443,3.0,0,1,1,23,1,expected
2018-10-22 05:38:31.837255,491,52.94.240.174,443,3.0,0,1,1,23,1,expected
2018-10-22 05:38:31.883584,491,52.94.240.174,443,3.0,0,1,1,23,1,expected
2018-10-22 05:38:32.003450,491,52.94.240.174,443,3.0,0,1,1,23,1,expected
2018-10-22 05:38:32.003670,491,52.94.240.174,443,3.0,0,1,1,23,1,expected
2018-10-22 05:38:32.014270,491,52.94.240.174,443,1.0,1919,1,1,,1,not_relevant
2018-10-22 05:38:32.111668,491,52.94.240.174,443,3.0,0,1,1,23,1,expected
2018-10-22 05:38:32.140945,491,52.94.240.174,443,3.0,0,1,1,23,1,expected
2018-10-22 05:38:32.142370,491,52.94.240.174,443,1.0,128,1,1,,1,not_relevant
2018-10-22 05:38:32.142419,491,52.94.240.174,443,3.0,0,1,1,23,1,expected
2018-10-22 05:38:32.165746,54,52.94.240.174,443,1.0,23,1,1,,1,ack
2018-10-22 05:38:32.199449,491,52.94.240.174,443,3.0,0,1,1,23,1,expected
2018-10-22 05:38:32.255406,491,52.94.240.174,443,3.0,0,1,1,23,1,expected
2018-10-22 05:38:32.295409,491,52.94.240.174,443,3.0,0,1,1,23,1,expected
2018-10-22 05:38:32.337751,54,52.94.240.174,443,1.0,172,1,1,,1,ack
2018-10-22 05:38:32.350764,491,52.94.240.174,443,3.0,0,1,1,23,1,expected
2018-10-22 05:38:32.388518,491,52.94.240.174,443,3.0,0,1,1,23,1,expected
2018-10-22 05:38:32.451408,491,52.94.240.174,443,3.0,0,1,1,23,1,expected
2018-10-22 05:38:32.475100,491,52.94.240.174,443,3.0,0,1,1,23,1,expected
2018-10-22 05:38:32.541817,491,52.94.240.174,443,3.0,0,1,1,23,1,expected
2018-10-22 05:38:32.603885,491,52.94.240.174,443,3.0,0,1,1,23,1,expected
2018-10-22 05:38:32.604062,54,52.94.240.174,443,1.0,266,1,1,,1,ack
2018-10-22 05:38:32.635766,491,52.94.240.174,443,3.0,0,1,1,23,1,expected
2018-10-22 05:38:32.688160,491,52.94.240.174,443,3.0,0,1,1,23,1,expected
2018-10-22 05:38:32.752677,491,52.94.240.174,443,3.0,0,1,1,23,1,expected
2018-10-22 05:38:32.774857,491,52.94.240.174,443,3.0,0,1,1,23,1,expected
2018-10-22 05:38:32.845682,491,52.94.240.174,443,3.0,0,1,1,23,1,expected
2018-10-22 05:38:32.870535,491,52.94.240.174,443,3.0,0,1,1,23,1,expected
2018-10-22 05:38:32.885648,54,52.94.240.174,443,1.0,281,1,1,,1,ack
2018-10-22 05:38:32.889058,54,52.94.240.174,443,1.0,3,1,1,,1,ack
2018-10-22 05:38:32.889262,54,52.94.240.174,443,1.0,0,1,1,,1,ack
2018-10-22 05:38:32.889340,54,52.94.240.174,443,1.0,0,1,1,,1,ack
2018-10-22 05:38:32.930734,99,52.94.240.174,443,3.0,0,1,1,23,1,expected
2018-10-22 05:38:32.931543,54,52.94.240.174,443,1.0,42,1,1,,1,ack
2018-10-22 05:38:32.932581,54,52.94.240.174,443,1.0,1,1,1,,1,ack
2018-10-22 05:38:32.932768,54,52.94.240.174,443,1.0,0,1,1,,1,ack
2018-10-22 05:38:32.933767,54,52.94.240.174,443,1.0,0,1,1,,1,ack
2018-10-22 05:38:32.933947,54,52.94.240.174,443,1.0,0,1,1,,1,ack
2018-10-22 05:38:32.934497,54,52.94.240.174,443,1.0,0,1,1,,1,ack
2018-10-22 05:38:32.934801,54,52.94.240.174,443,1.0,0,1,1,,1,ack
2018-10-22 05:38:32.937092,54,52.94.240.174,443,1.0,2,1,1,,1,ack
2018-10-22 05:38:32.937224,54,52.94.240.174,443,1.0,0,1,1,,1,ack
2018-10-22 05:38:32.939426,54,52.94.240.174,443,1.0,2,1,1,,1,ack
2018-10-22 05:38:32.942897,491,52.94.240.174,443,3.0,0,1,1,23,1,expected
2018-10-22 05:38:32.954623,54,52.94.240.174,443,1.0,15,1,1,,1,ack
2018-10-22 05:38:32.954811,54,52.94.240.174,443,1.0,0,1,1,,1,ack
2018-10-22 05:38:32.954890,54,52.94.240.174,443,1.0,0,1,1,,1,ack
2018-10-22 05:38:32.954963,54,52.94.240.174,443,1.0,0,1,1,,1,ack
2018-10-22 05:38:32.957434,54,52.94.240.174,443,1.0,2,1,1,,1,ack
2018-10-22 05:38:32.960736,54,52.94.240.174,443,1.0,3,1,1,,1,ack
2018-10-22 05:38:32.962745,54,52.94.240.174,443,1.0,2,1,1,,1,ack
2018-10-22 05:38:32.962871,54,52.94.240.174,443,1.0,0,1,1,,1,ack
2018-10-22 05:38:32.963448,99,52.94.240.174,443,3.0,0,1,1,23,1,expected
2018-10-22 05:38:32.963624,99,52.94.240.174,443,3.0,0,1,1,23,1,expected
2018-10-22 05:38:33.003491,54,52.94.240.174,443,1.0,40,1,1,,1,ack
2018-10-22 05:38:33.004322,491,52.94.240.174,443,3.0,0,1,1,23,1,expected
2018-10-22 05:38:33.004455,54,52.94.240.174,443,1.0,0,1,1,,1,ack
2018-10-22 05:38:33.004801,54,52.94.240.174,443,1.0,0,1,1,,1,ack
2018-10-22 05:38:33.007122,54,52.94.240.174,443,1.0,2,1,1,,1,ack
2018-10-22 05:38:33.010171,54,52.94.240.174,443,1.0,3,1,1,,1,ack
2018-10-22 05:38:33.010314,54,52.94.240.174,443,1.0,0,1,1,,1,ack
2018-10-22 05:38:33.011809,54,52.94.240.174,443,1.0,1,1,1,,1,ack
2018-10-22 05:38:33.012114,54,52.94.240.174,443,1.0,0,1,1,,1,ack
2018-10-22 05:38:33.020918,54,52.94.240.174,443,1.0,8,1,1,,1,ack
2018-10-22 05:38:33.025035,54,52.94.240.174,443,1.0,4,1,1,,1,ack
2018-10-22 05:38:33.029150,54,52.94.240.174,443,1.0,4,1,1,,1,ack
2018-10-22 05:38:33.029234,54,52.94.240.174,443,1.0,0,1,1,,1,ack
2018-10-22 05:38:33.029314,54,52.94.240.174,443,1.0,0,1,1,,1,ack
2018-10-22 05:38:33.029460,54,52.94.240.174,443,1.0,0,1,1,,1,ack
2018-10-22 05:38:33.029588,99,52.94.240.174,443,3.0,0,1,1,23,1,expected
2018-10-22 05:38:33.032299,54,52.94.240.174,443,1.0,2,1,1,,1,ack
2018-10-22 05:38:33.032475,99,52.94.240.174,443,3.0,0,1,1,23,1,expected
2018-10-22 05:38:33.035014,54,52.94.240.174,443,1.0,2,1,1,,1,ack
2018-10-22 05:38:33.035156,54,52.94.240.174,443,1.0,0,1,1,,1,ack
2018-10-22 05:38:33.035306,54,52.94.240.174,443,1.0,0,1,1,,1,ack
2018-10-22 05:38:33.036899,54,52.94.240.174,443,1.0,1,1,1,,1,ack
2018-10-22 05:38:33.037956,491,52.94.240.174,443,3.0,0,1,1,23,1,expected
2018-10-22 05:38:33.039477,54,52.94.240.174,443,1.0,2,1,1,,1,ack
2018-10-22 05:38:33.043997,54,52.94.240.174,443,1.0,4,1,1,,1,ack
2018-10-22 05:38:33.087204,54,52.94.240.174,443,1.0,43,1,1,,1,ack
2018-10-22 05:38:33.087466,491,52.94.240.174,443,3.0,0,1,1,23,1,expected
2018-10-22 05:38:33.141968,91,52.94.240.174,443,3.0,0,1,1,23,1,expected
2018-10-22 05:38:33.142113,91,52.94.240.174,443,3.0,0,1,1,23,1,expected
2018-10-22 05:38:33.180853,314,52.94.240.174,443,3.0,0,1,1,23,1,expected
2018-10-22 05:38:33.412176,54,52.94.240.174,443,1.0,324,1,1,,1,ack
2018-10-22 05:38:33.472934,54,52.94.240.174,443,1.0,60,1,1,,1,ack
2018-10-22 05:38:33.997291,54,54.239.19.125,443,1.0,6048,1,1,,1,ack
2018-10-22 05:38:36.008889,54,54.239.19.125,443,1.0,2011,1,1,,1,ack
2018-10-22 05:38:36.361964,66,104.154.127.184,443,1.0,-308007819,1,1,,1,ack
2018-10-22 05:38:47.222037,176,52.94.240.174,443,3.0,0,1,1,23,1,expected
2018-10-22 05:39:00.419628,286,52.94.240.174,443,3.0,0,1,1,23,1,expected
2018-10-22 05:39:00.438912,968,52.94.240.174,443,3.0,0,1,1,23,1,expected
2018-10-22 05:39:00.439370,231,52.94.240.174,443,3.0,0,1,1,23,1,expected
2018-10-22 05:39:00.440768,491,52.94.240.174,443,3.0,0,1,1,23,1,expected
2018-10-22 05:39:00.440796,491,52.94.240.174,443,3.0,0,1,1,23,1,expected
2018-10-22 05:39:00.441860,491,52.94.240.174,443,3.0,0,1,1,23,1,expected
2018-10-22 05:39:00.442289,491,52.94.240.174,443,3.0,0,1,1,23,1,expected
2018-10-22 05:39:00.442318,491,52.94.240.174,443,3.0,0,1,1,23,1,expected
2018-10-22 05:39:00.452078,491,52.94.240.174,443,3.0,0,1,1,23,1,expected
2018-10-22 05:39:00.452940,491,52.94.240.174,443,3.0,0,1,1,23,1,expected
2018-10-22 05:39:00.461845,491,52.94.240.174,443,3.0,0,1,1,23,1,expected
2018-10-22 05:39:00.605381,231,52.94.240.174,443,3.0,0,1,1,23,1,expected
2018-10-22 05:39:00.606578,1031,52.94.240.174,443,3.0,0,1,1,23,1,expected
2018-10-22 05:39:00.606601,891,52.94.240.174,443,3.0,0,1,1,23,1,expected
2018-10-22 05:39:00.606622,491,52.94.240.174,443,3.0,0,1,1,23,1,expected
2018-10-22 05:39:00.606647,491,52.94.240.174,443,3.0,0,1,1,23,1,expected
2018-10-22 05:39:00.606666,491,52.94.240.174,443,3.0,0,1,1,23,1,expected
2018-10-22 05:39:00.606698,491,52.94.240.174,443,3.0,0,1,1,23,1,expected
2018-10-22 05:39:00.607071,1514,52.94.240.174,443,3.0,0,1,1,23,1,expected
2018-10-22 05:39:00.608518,1514,52.94.240.174,443,1.0,27135,1,1,,1,not_relevant
2018-10-22 05:39:00.623242,1282,52.94.240.174,443,3.0,0,1,1,23,1,expected
2018-10-22 05:39:00.715688,928,52.94.240.174,443,3.0,0,1,1,23,1,expected
2018-10-22 05:39:00.718085,66,52.94.240.174,443,1.0,109,1,1,,1,ack
2018-10-22 05:39:00.718856,74,52.94.240.174,443,1.0,0,1,1,,1,ack
2018-10-22 05:39:00.743285,503,52.94.240.174,443,3.0,0,1,1,23,1,expected
2018-10-22 05:39:00.792300,503,52.94.240.174,443,3.0,0,1,1,23,1,expected
2018-10-22 05:39:00.855781,503,52.94.240.174,443,3.0,0,1,1,23,1,expected
2018-10-22 05:39:00.901305,503,52.94.240.174,443,3.0,0,1,1,23,1,expected
2018-10-22 05:39:00.902483,54,52.94.240.174,443,1.0,183,1,1,,1,ack
2018-10-22 05:39:01.035728,491,52.94.240.174,443,3.0,0,1,1,23,1,expected
2018-10-22 05:39:01.036012,491,52.94.240.174,443,3.0,0,1,1,23,1,expected
2018-10-22 05:39:01.050799,491,52.94.240.174,443,3.0,0,1,1,23,1,expected
2018-10-22 05:39:01.078826,491,52.94.240.174,443,3.0,0,1,1,23,1,expected
2018-10-22 05:39:01.152659,491,52.94.240.174,443,3.0,0,1,1,23,1,expected
2018-10-22 05:39:01.192297,491,52.94.240.174,443,3.0,0,1,1,23,1,expected
2018-10-22 05:39:01.239970,491,52.94.240.174,443,3.0,0,1,1,23,1,expected
2018-10-22 05:39:01.291766,491,52.94.240.174,443,3.0,0,1,1,23,1,expected
2018-10-22 05:39:01.359106,491,52.94.240.174,443,3.0,0,1,1,23,1,expected
2018-10-22 05:39:01.382344,491,52.94.240.174,443,3.0,0,1,1,23,1,expected
2018-10-22 05:39:01.452714,491,52.94.240.174,443,3.0,0,1,1,23,1,expected
2018-10-22 05:39:01.484252,491,52.94.240.174,443,3.0,0,1,1,23,1,expected
2018-10-22 05:39:01.548631,491,52.94.240.174,443,3.0,0,1,1,23,1,expected
2018-10-22 05:39:01.596922,491,52.94.240.174,443,3.0,0,1,1,23,1,expected
2018-10-22 05:39:01.638871,491,52.94.240.174,443,3.0,0,1,1,23,1,expected
2018-10-22 05:39:01.698725,491,52.94.240.174,443,3.0,0,1,1,23,1,expected
2018-10-22 05:39:01.757287,491,52.94.240.174,443,3.0,0,1,1,23,1,expected
2018-10-22 05:39:01.787764,491,52.94.240.174,443,3.0,0,1,1,23,1,expected
2018-10-22 05:39:01.852526,491,52.94.240.174,443,3.0,0,1,1,23,1,expected
2018-10-22 05:39:01.883015,491,52.94.240.174,443,3.0,0,1,1,23,1,expected
2018-10-22 05:39:01.945323,491,52.94.240.174,443,3.0,0,1,1,23,1,expected
2018-10-22 05:39:01.989738,491,52.94.240.174,443,3.0,0,1,1,23,1,expected
2018-10-22 05:39:02.038233,491,52.94.240.174,443,3.0,0,1,1,23,1,expected
2018-10-22 05:39:02.086635,491,52.94.240.174,443,3.0,0,1,1,23,1,expected
2018-10-22 05:39:02.158170,491,52.94.240.174,443,3.0,0,1,1,23,1,expected
2018-10-22 05:39:02.188163,491,52.94.240.174,443,3.0,0,1,1,23,1,expected
2018-10-22 05:39:02.251565,491,52.94.240.174,443,3.0,0,1,1,23,1,expected
2018-10-22 05:39:02.283454,491,52.94.240.174,443,3.0,0,1,1,23,1,expected
2018-10-22 05:39:02.348313,491,52.94.240.174,443,3.0,0,1,1,23,1,expected
2018-10-22 05:39:02.395644,491,52.94.240.174,443,3.0,0,1,1,23,1,expected
2018-10-22 05:39:02.461778,491,52.94.240.174,443,3.0,0,1,1,23,1,expected
2018-10-22 05:39:02.487914,491,52.94.240.174,443,3.0,0,1,1,23,1,expected
2018-10-22 05:39:02.562937,491,52.94.240.174,443,3.0,0,1,1,23,1,expected
2018-10-22 05:39:02.585278,491,52.94.240.174,443,3.0,0,1,1,23,1,expected
2018-10-22 05:39:02.659218,491,52.94.240.174,443,3.0,0,1,1,23,1,expected
2018-10-22 05:39:02.692832,491,52.94.240.174,443,3.0,0,1,1,23,1,expected
2018-10-22 05:39:02.715330,54,52.94.240.174,443,1.0,1812,1,1,,1,ack
2018-10-22 05:39:02.757603,491,52.94.240.174,443,3.0,0,1,1,23,1,expected
2018-10-22 05:39:02.799632,491,52.94.240.174,443,3.0,0,1,1,23,1,expected
2018-10-22 05:39:02.817500,54,52.94.240.174,443,1.0,102,1,1,,1,ack
2018-10-22 05:39:02.845737,491,52.94.240.174,443,3.0,0,1,1,23,1,expected
2018-10-22 05:39:02.892965,491,52.94.240.174,443,3.0,0,1,1,23,1,expected
2018-10-22 05:39:02.954557,491,52.94.240.174,443,3.0,0,1,1,23,1,expected
2018-10-22 05:39:02.986044,491,52.94.240.174,443,3.0,0,1,1,23,1,expected
2018-10-22 05:39:03.052215,491,52.94.240.174,443,3.0,0,1,1,23,1,expected
2018-10-22 05:39:03.095971,491,52.94.240.174,443,3.0,0,1,1,23,1,expected
2018-10-22 05:39:03.134515,54,52.94.240.174,443,1.0,317,1,1,,1,ack
2018-10-22 05:39:03.145840,491,52.94.240.174,443,3.0,0,1,1,23,1,expected
2018-10-22 05:39:03.191156,491,52.94.240.174,443,3.0,0,1,1,23,1,expected
2018-10-22 05:39:03.248236,491,52.94.240.174,443,3.0,0,1,1,23,1,expected
2018-10-22 05:39:03.292925,491,52.94.240.174,443,3.0,0,1,1,23,1,expected
2018-10-22 05:39:03.357014,491,52.94.240.174,443,3.0,0,1,1,23,1,expected
2018-10-22 05:39:03.382769,54,52.94.240.174,443,1.0,248,1,1,,1,ack
2018-10-22 05:39:03.384619,54,52.94.240.174,443,1.0,1,1,1,,1,ack
2018-10-22 05:39:03.391844,491,52.94.240.174,443,3.0,0,1,1,23,1,expected
2018-10-22 05:39:03.415323,54,52.94.240.174,443,1.0,30,1,1,,1,ack
2018-10-22 05:39:03.449109,491,52.94.240.174,443,3.0,0,1,1,23,1,expected
2018-10-22 05:39:03.483218,54,52.94.240.174,443,1.0,67,1,1,,1,ack
2018-10-22 05:39:03.483788,54,52.94.240.174,443,1.0,0,1,1,,1,ack
2018-10-22 05:39:03.484204,54,52.94.240.174,443,1.0,0,1,1,,1,ack
2018-10-22 05:39:03.484582,491,52.94.240.174,443,3.0,0,1,1,23,1,expected
2018-10-22 05:39:03.501719,54,52.94.240.174,443,1.0,17,1,1,,1,ack
2018-10-22 05:39:03.503084,54,52.94.240.174,443,1.0,1,1,1,,1,ack
2018-10-22 05:39:03.503954,99,52.94.240.174,443,3.0,0,1,1,23,1,expected
2018-10-22 05:39:03.515464,54,52.94.240.174,443,1.0,12,1,1,,1,ack
2018-10-22 05:39:03.520435,54,52.94.240.174,443,1.0,4,1,1,,1,ack
2018-10-22 05:39:03.521511,54,52.94.240.174,443,1.0,1,1,1,,1,ack
2018-10-22 05:39:03.533619,54,52.94.240.174,443,1.0,12,1,1,,1,ack
2018-10-22 05:39:03.549734,54,52.94.240.174,443,1.0,16,1,1,,1,ack
2018-10-22 05:39:03.549814,54,52.94.240.174,443,1.0,0,1,1,,1,ack
2018-10-22 05:39:03.549967,54,52.94.240.174,443,1.0,0,1,1,,1,ack
2018-10-22 05:39:03.550174,491,52.94.240.174,443,3.0,0,1,1,23,1,expected
2018-10-22 05:39:03.550188,99,52.94.240.174,443,3.0,0,1,1,23,1,expected
2018-10-22 05:39:03.617431,491,52.94.240.174,443,3.0,0,1,1,23,1,expected
2018-10-22 05:39:03.617539,128,52.94.240.174,443,3.0,0,1,1,23,1,expected
2018-10-22 05:39:03.632268,303,52.94.240.174,443,3.0,0,1,1,23,1,expected
2018-10-22 05:39:03.632534,54,52.94.240.174,443,1.0,82,1,1,,1,ack
2018-10-22 05:39:03.632630,54,52.94.240.174,443,1.0,0,1,1,,1,ack
2018-10-22 05:39:03.632708,54,52.94.240.174,443,1.0,0,1,1,,1,ack
2018-10-22 05:39:03.632786,54,52.94.240.174,443,1.0,0,1,1,,1,ack
2018-10-22 05:39:03.653364,54,52.94.240.174,443,1.0,20,1,1,,1,ack
2018-10-22 05:39:03.653588,99,52.94.240.174,443,3.0,0,1,1,23,1,expected
2018-10-22 05:39:03.653686,54,52.94.240.174,443,1.0,0,1,1,,1,ack
2018-10-22 05:39:03.653771,54,52.94.240.174,443,1.0,0,1,1,,1,ack
2018-10-22 05:39:03.671240,54,52.94.240.174,443,1.0,17,1,1,,1,ack
2018-10-22 05:39:03.675297,54,52.94.240.174,443,1.0,4,1,1,,1,ack
2018-10-22 05:39:03.676541,54,52.94.240.174,443,1.0,1,1,1,,1,ack
2018-10-22 05:39:03.677283,54,52.94.240.174,443,1.0,0,1,1,,1,ack
2018-10-22 05:39:03.691346,54,52.94.240.174,443,1.0,14,1,1,,1,ack
2018-10-22 05:39:03.691701,99,52.94.240.174,443,3.0,0,1,1,23,1,expected
2018-10-22 05:39:03.695350,54,52.94.240.174,443,1.0,4,1,1,,1,ack
2018-10-22 05:39:03.696279,54,52.94.240.174,443,1.0,0,1,1,,1,ack
2018-10-22 05:39:03.696676,54,52.94.240.174,443,1.0,0,1,1,,1,ack
2018-10-22 05:39:03.710448,54,52.94.240.174,443,1.0,13,1,1,,1,ack
2018-10-22 05:39:03.710965,99,52.94.240.174,443,3.0,0,1,1,23,1,expected
2018-10-22 05:39:03.716461,54,52.94.240.174,443,1.0,6,1,1,,1,ack
2018-10-22 05:39:03.716589,54,52.94.240.174,443,1.0,0,1,1,,1,ack
2018-10-22 05:39:04.103211,54,52.94.240.174,443,1.0,386,1,1,,1,ack
2018-10-22 05:39:07.351995,66,104.154.127.184,443,1.0,30990,1,1,,1,ack
2018-10-22 05:39:17.745967,178,52.94.240.174,443,3.0,0,1,1,23,1,expected
2018-10-22 05:39:30.214485,287,52.94.240.174,443,3.0,0,1,1,23,1,expected
2018-10-22 05:39:30.254342,961,52.94.240.174,443,3.0,0,1,1,23,1,expected
2018-10-22 05:39:30.278350,231,52.94.240.174,443,3.0,0,1,1,23,1,expected
2018-10-22 05:39:30.302306,231,52.94.240.174,443,3.0,0,1,1,23,1,expected
2018-10-22 05:39:30.314104,491,52.94.240.174,443,3.0,0,1,1,23,1,expected
2018-10-22 05:39:30.315775,231,52.94.240.174,443,3.0,0,1,1,23,1,expected
2018-10-22 05:39:30.321185,491,52.94.240.174,443,3.0,0,1,1,23,1,expected
2018-10-22 05:39:30.321670,491,52.94.240.174,443,3.0,0,1,1,23,1,expected
2018-10-22 05:39:30.322495,491,52.94.240.174,443,3.0,0,1,1,23,1,expected
2018-10-22 05:39:30.323024,491,52.94.240.174,443,3.0,0,1,1,23,1,expected
2018-10-22 05:39:30.330537,1431,52.94.240.174,443,3.0,0,1,1,23,1,expected
2018-10-22 05:39:30.401805,491,52.94.240.174,443,3.0,0,1,1,23,1,expected
2018-10-22 05:39:30.403919,491,52.94.240.174,443,3.0,0,1,1,23,1,expected
2018-10-22 05:39:30.403949,491,52.94.240.174,443,3.0,0,1,1,23,1,expected
2018-10-22 05:39:30.403997,231,52.94.240.174,443,3.0,0,1,1,23,1,expected
2018-10-22 05:39:30.404031,491,52.94.240.174,443,3.0,0,1,1,23,1,expected
2018-10-22 05:39:30.404052,491,52.94.240.174,443,3.0,0,1,1,23,1,expected
2018-10-22 05:39:30.404071,491,52.94.240.174,443,3.0,0,1,1,23,1,expected
2018-10-22 05:39:30.404092,491,52.94.240.174,443,3.0,0,1,1,23,1,expected
2018-10-22 05:39:30.404122,491,52.94.240.174,443,3.0,0,1,1,23,1,expected
2018-10-22 05:39:30.421458,491,52.94.240.174,443,3.0,0,1,1,23,1,expected
2018-10-22 05:39:30.455904,491,52.94.240.174,443,3.0,0,1,1,23,1,expected
2018-10-22 05:39:30.507823,491,52.94.240.174,443,3.0,0,1,1,23,1,expected
2018-10-22 05:39:30.553892,491,52.94.240.174,443,3.0,0,1,1,23,1,expected
2018-10-22 05:39:30.606249,491,52.94.240.174,443,3.0,0,1,1,23,1,expected
2018-10-22 05:39:30.669094,491,52.94.240.174,443,3.0,0,1,1,23,1,expected
2018-10-22 05:39:30.700837,491,52.94.240.174,443,3.0,0,1,1,23,1,expected
2018-10-22 05:39:30.770666,491,52.94.240.174,443,3.0,0,1,1,23,1,expected
2018-10-22 05:39:30.791699,491,52.94.240.174,443,3.0,0,1,1,23,1,expected
2018-10-22 05:39:30.857578,491,52.94.240.174,443,3.0,0,1,1,23,1,expected
2018-10-22 05:39:30.903624,491,52.94.240.174,443,3.0,0,1,1,23,1,expected
2018-10-22 05:39:30.958446,491,52.94.240.174,443,3.0,0,1,1,23,1,expected
2018-10-22 05:39:31.026742,491,52.94.240.174,443,3.0,0,1,1,23,1,expected
2018-10-22 05:39:31.064873,491,52.94.240.174,443,3.0,0,1,1,23,1,expected
2018-10-22 05:39:31.101553,491,52.94.240.174,443,3.0,0,1,1,23,1,expected
2018-10-22 05:39:31.163969,491,52.94.240.174,443,3.0,0,1,1,23,1,expected
2018-10-22 05:39:31.195173,491,52.94.240.174,443,3.0,0,1,1,23,1,expected
2018-10-22 05:39:31.258742,491,52.94.240.174,443,3.0,0,1,1,23,1,expected
2018-10-22 05:39:31.314521,491,52.94.240.174,443,3.0,0,1,1,23,1,expected
2018-10-22 05:39:31.356877,491,52.94.240.174,443,3.0,0,1,1,23,1,expected
2018-10-22 05:39:31.403104,491,52.94.240.174,443,3.0,0,1,1,23,1,expected
2018-10-22 05:39:31.470576,491,52.94.240.174,443,3.0,0,1,1,23,1,expected
2018-10-22 05:39:31.501884,491,52.94.240.174,443,3.0,0,1,1,23,1,expected
2018-10-22 05:39:31.564794,491,52.94.240.174,443,3.0,0,1,1,23,1,expected
2018-10-22 05:39:31.595296,491,52.94.240.174,443,3.0,0,1,1,23,1,expected
2018-10-22 05:39:31.658949,491,52.94.240.174,443,3.0,0,1,1,23,1,expected
2018-10-22 05:39:31.711857,491,52.94.240.174,443,3.0,0,1,1,23,1,expected
2018-10-22 05:39:31.756723,491,52.94.240.174,443,3.0,0,1,1,23,1,expected
2018-10-22 05:39:31.802085,491,52.94.240.174,443,3.0,0,1,1,23,1,expected
2018-10-22 05:39:31.865386,491,52.94.240.174,443,3.0,0,1,1,23,1,expected
2018-10-22 05:39:31.897470,491,52.94.240.174,443,3.0,0,1,1,23,1,expected
2018-10-22 05:39:32.006345,491,52.94.240.174,443,3.0,0,1,1,23,1,expected
2018-10-22 05:39:32.006552,491,52.94.240.174,443,3.0,0,1,1,23,1,expected
2018-10-22 05:39:32.098215,491,52.94.240.174,443,3.0,0,1,1,23,1,expected
2018-10-22 05:39:32.144571,491,52.94.240.174,443,3.0,0,1,1,23,1,expected
2018-10-22 05:39:32.154779,491,52.94.240.174,443,3.0,0,1,1,23,1,expected
2018-10-22 05:39:32.222441,491,52.94.240.174,443,3.0,0,1,1,23,1,expected
2018-10-22 05:39:32.285493,491,52.94.240.174,443,3.0,0,1,1,23,1,expected
2018-10-22 05:39:32.299392,491,52.94.240.174,443,3.0,0,1,1,23,1,expected
2018-10-22 05:39:32.361216,491,52.94.240.174,443,3.0,0,1,1,23,1,expected
2018-10-22 05:39:32.416885,491,52.94.240.174,443,3.0,0,1,1,23,1,expected
2018-10-22 05:39:32.465624,491,52.94.240.174,443,3.0,0,1,1,23,1,expected
2018-10-22 05:39:32.503961,491,52.94.240.174,443,3.0,0,1,1,23,1,expected
2018-10-22 05:39:32.604076,491,52.94.240.174,443,3.0,0,1,1,23,1,expected
2018-10-22 05:39:32.605134,491,52.94.240.174,443,3.0,0,1,1,23,1,expected
2018-10-22 05:39:32.672004,491,52.94.240.174,443,3.0,0,1,1,23,1,expected
2018-10-22 05:39:32.704997,491,52.94.240.174,443,3.0,0,1,1,23,1,expected
2018-10-22 05:39:32.766957,491,52.94.240.174,443,3.0,0,1,1,23,1,expected
2018-10-22 05:39:32.798937,491,52.94.240.174,443,3.0,0,1,1,23,1,expected
2018-10-22 05:39:32.873167,491,52.94.240.174,443,3.0,0,1,1,23,1,expected
2018-10-22 05:39:32.911500,491,52.94.240.174,443,3.0,0,1,1,23,1,expected
2018-10-22 05:39:32.954023,491,52.94.240.174,443,3.0,0,1,1,23,1,expected
2018-10-22 05:39:33.006460,491,52.94.240.174,443,3.0,0,1,1,23,1,expected
2018-10-22 05:39:33.067187,491,52.94.240.174,443,3.0,0,1,1,23,1,expected
2018-10-22 05:39:33.085030,54,52.94.240.174,443,1.0,28981,1,1,,1,ack
2018-10-22 05:39:33.114875,491,52.94.240.174,443,3.0,0,1,1,23,1,expected
2018-10-22 05:39:33.169548,491,52.94.240.174,443,3.0,0,1,1,23,1,expected
2018-10-22 05:39:33.201673,491,52.94.240.174,443,3.0,0,1,1,23,1,expected
2018-10-22 05:39:33.267874,491,52.94.240.174,443,3.0,0,1,1,23,1,expected
2018-10-22 05:39:33.308623,491,52.94.240.174,443,3.0,0,1,1,23,1,expected
2018-10-22 05:39:33.321315,54,52.94.240.174,443,1.0,236,1,1,,1,ack
2018-10-22 05:39:33.322597,54,52.94.240.174,443,1.0,1,1,1,,1,ack
2018-10-22 05:39:33.376083,491,52.94.240.174,443,3.0,0,1,1,23,1,expected
2018-10-22 05:39:33.409245,491,52.94.240.174,443,3.0,0,1,1,23,1,expected
2018-10-22 05:39:33.417165,54,52.94.240.174,443,1.0,94,1,1,,1,ack
2018-10-22 05:39:33.419180,54,52.94.240.174,443,1.0,2,1,1,,1,ack
2018-10-22 05:39:33.419321,54,52.94.240.174,443,1.0,0,1,1,,1,ack
2018-10-22 05:39:33.420288,54,52.94.240.174,443,1.0,0,1,1,,1,ack
2018-10-22 05:39:33.421246,54,52.94.240.174,443,1.0,0,1,1,,1,ack
2018-10-22 05:39:33.437208,54,52.94.240.174,443,1.0,15,1,1,,1,ack
2018-10-22 05:39:33.437286,54,52.94.240.174,443,1.0,0,1,1,,1,ack
2018-10-22 05:39:33.456000,54,52.94.240.174,443,1.0,18,1,1,,1,ack
2018-10-22 05:39:33.457126,54,52.94.240.174,443,1.0,1,1,1,,1,ack
2018-10-22 05:39:33.457785,54,52.94.240.174,443,1.0,0,1,1,,1,ack
2018-10-22 05:39:33.458724,54,52.94.240.174,443,1.0,0,1,1,,1,ack
2018-10-22 05:39:33.459491,54,52.94.240.174,443,1.0,0,1,1,,1,ack
2018-10-22 05:39:33.460250,99,52.94.240.174,443,3.0,0,1,1,23,1,expected
2018-10-22 05:39:33.460326,54,52.94.240.174,443,1.0,0,1,1,,1,ack
2018-10-22 05:39:33.460705,99,52.94.240.174,443,3.0,0,1,1,23,1,expected
2018-10-22 05:39:33.467090,491,52.94.240.174,443,3.0,0,1,1,23,1,expected
2018-10-22 05:39:33.474922,54,52.94.240.174,443,1.0,14,1,1,,1,ack
2018-10-22 05:39:33.501702,491,52.94.240.174,443,3.0,0,1,1,23,1,expected
2018-10-22 05:39:33.539133,91,52.94.240.174,443,3.0,0,1,1,23,1,expected
2018-10-22 05:39:33.539263,91,52.94.240.174,443,3.0,0,1,1,23,1,expected
2018-10-22 05:39:33.555475,54,52.94.240.174,443,1.0,80,1,1,,1,ack
2018-10-22 05:39:33.556093,54,52.94.240.174,443,1.0,0,1,1,,1,ack
2018-10-22 05:39:33.556337,54,52.94.240.174,443,1.0,0,1,1,,1,ack
2018-10-22 05:39:33.668755,54,52.94.240.174,443,1.0,112,1,1,,1,ack
2018-10-22 05:39:33.669026,91,52.94.240.174,443,1.0,0,1,1,,1,not_relevant
2018-10-22 05:39:33.669160,54,52.94.240.174,443,1.0,0,1,1,,1,ack
2018-10-22 05:39:33.669347,302,52.94.240.174,443,3.0,0,1,1,23,1,expected
2018-10-22 05:39:33.669374,54,52.94.240.174,443,1.0,0,1,1,,1,ack
2018-10-22 05:39:33.669531,54,52.94.240.174,443,1.0,0,1,1,,1,ack
2018-10-22 05:39:33.669654,54,52.94.240.174,443,1.0,0,1,1,,1,ack
2018-10-22 05:39:33.669779,54,52.94.240.174,443,1.0,0,1,1,,1,ack
2018-10-22 05:39:33.674458,54,52.94.240.174,443,1.0,4,1,1,,1,ack
2018-10-22 05:39:33.688727,54,52.94.240.174,443,1.0,14,1,1,,1,ack
2018-10-22 05:39:33.688860,99,52.94.240.174,443,3.0,0,1,1,23,1,expected
2018-10-22 05:39:33.689552,54,52.94.240.174,443,1.0,0,1,1,,1,ack
2018-10-22 05:39:33.689686,99,52.94.240.174,443,3.0,0,1,1,23,1,expected
2018-10-22 05:39:33.689929,54,52.94.240.174,443,1.0,0,1,1,,1,ack
2018-10-22 05:39:33.691730,54,52.94.240.174,443,1.0,1,1,1,,1,ack
2018-10-22 05:39:33.693264,54,52.94.240.174,443,1.0,1,1,1,,1,ack
2018-10-22 05:39:33.693501,54,52.94.240.174,443,1.0,0,1,1,,1,ack
2018-10-22 05:39:33.707339,54,52.94.240.174,443,1.0,13,1,1,,1,ack
2018-10-22 05:39:33.709530,54,52.94.240.174,443,1.0,2,1,1,,1,ack
2018-10-22 05:39:33.747759,54,52.94.240.174,443,1.0,38,1,1,,1,ack
2018-10-22 05:39:33.999666,54,52.94.240.174,443,1.0,251,1,1,,1,ack
2018-10-22 05:39:34.022363,54,52.94.240.174,443,1.0,22,1,1,,1,ack
2018-10-22 05:39:38.310687,66,104.154.127.184,443,1.0,30958,1,1,,1,ack
2018-10-22 05:39:47.595091,178,52.94.240.174,443,3.0,0,1,1,23,1,expected
2018-10-22 05:40:00.335922,288,52.94.240.174,443,3.0,0,1,1,23,1,expected
2018-10-22 05:40:00.416351,968,52.94.240.174,443,3.0,0,1,1,23,1,expected
2018-10-22 05:40:00.444100,631,52.94.240.174,443,3.0,0,1,1,23,1,expected
2018-10-22 05:40:00.445025,1031,52.94.240.174,443,3.0,0,1,1,23,1,expected
2018-10-22 05:40:00.445044,491,52.94.240.174,443,3.0,0,1,1,23,1,expected
2018-10-22 05:40:00.445055,1365,52.94.240.174,443,3.0,0,1,1,23,1,expected
2018-10-22 05:40:00.445070,491,52.94.240.174,443,3.0,0,1,1,23,1,expected
2018-10-22 05:40:00.450981,1514,52.94.240.174,443,3.0,0,1,1,23,1,expected
2018-10-22 05:40:00.563985,1514,52.94.240.174,443,1.0,26541,1,1,,1,not_relevant
2018-10-22 05:40:00.604608,1514,52.94.240.174,443,1.0,40,1,1,,1,not_relevant
2018-10-22 05:40:00.605181,622,52.94.240.174,443,3.0,0,1,1,23,1,expected
2018-10-22 05:40:00.606745,1514,52.94.240.174,443,1.0,2,1,1,,1,not_relevant
2018-10-22 05:40:00.606793,371,52.94.240.174,443,3.0,0,1,1,23,1,expected
2018-10-22 05:40:00.606804,491,52.94.240.174,443,3.0,0,1,1,23,1,expected
2018-10-22 05:40:00.606816,491,52.94.240.174,443,3.0,0,1,1,23,1,expected
2018-10-22 05:40:00.607879,54,52.94.240.174,443,1.0,1,1,1,,1,ack
2018-10-22 05:40:00.608548,491,52.94.240.174,443,3.0,0,1,1,23,1,expected
2018-10-22 05:40:00.658190,491,52.94.240.174,443,3.0,0,1,1,23,1,expected
2018-10-22 05:40:00.725696,491,52.94.240.174,443,3.0,0,1,1,23,1,expected
2018-10-22 05:40:00.745609,491,52.94.240.174,443,3.0,0,1,1,23,1,expected
2018-10-22 05:40:00.793748,491,52.94.240.174,443,3.0,0,1,1,23,1,expected
2018-10-22 05:40:00.848719,491,52.94.240.174,443,3.0,0,1,1,23,1,expected
2018-10-22 05:40:00.894117,491,52.94.240.174,443,3.0,0,1,1,23,1,expected
2018-10-22 05:40:00.957723,491,52.94.240.174,443,3.0,0,1,1,23,1,expected
2018-10-22 05:40:01.060050,491,52.94.240.174,443,3.0,0,1,1,23,1,expected
2018-10-22 05:40:01.061757,491,52.94.240.174,443,3.0,0,1,1,23,1,expected
2018-10-22 05:40:01.082685,491,52.94.240.174,443,3.0,0,1,1,23,1,expected
2018-10-22 05:40:01.148678,491,52.94.240.174,443,3.0,0,1,1,23,1,expected
2018-10-22 05:40:01.196798,491,52.94.240.174,443,3.0,0,1,1,23,1,expected
2018-10-22 05:40:01.257154,491,52.94.240.174,443,3.0,0,1,1,23,1,expected
2018-10-22 05:40:01.287593,491,52.94.240.174,443,3.0,0,1,1,23,1,expected
2018-10-22 05:40:01.360593,491,52.94.240.174,443,3.0,0,1,1,23,1,expected
2018-10-22 05:40:01.382530,491,52.94.240.174,443,3.0,0,1,1,23,1,expected
2018-10-22 05:40:01.453121,491,52.94.240.174,443,3.0,0,1,1,23,1,expected
2018-10-22 05:40:01.479392,491,52.94.240.174,443,3.0,0,1,1,23,1,expected
2018-10-22 05:40:01.555723,491,52.94.240.174,443,3.0,0,1,1,23,1,expected
2018-10-22 05:40:01.595025,491,52.94.240.174,443,3.0,0,1,1,23,1,expected
2018-10-22 05:40:01.642633,491,52.94.240.174,443,3.0,0,1,1,23,1,expected
2018-10-22 05:40:01.688784,491,52.94.240.174,443,3.0,0,1,1,23,1,expected
2018-10-22 05:40:01.760884,491,52.94.240.174,443,3.0,0,1,1,23,1,expected
2018-10-22 05:40:01.783920,491,52.94.240.174,443,3.0,0,1,1,23,1,expected
2018-10-22 05:40:01.854750,491,52.94.240.174,443,3.0,0,1,1,23,1,expected
2018-10-22 05:40:01.897125,491,52.94.240.174,443,3.0,0,1,1,23,1,expected
2018-10-22 05:40:01.945748,491,52.94.240.174,443,3.0,0,1,1,23,1,expected
2018-10-22 05:40:01.992200,491,52.94.240.174,443,3.0,0,1,1,23,1,expected
2018-10-22 05:40:02.046684,491,52.94.240.174,443,3.0,0,1,1,23,1,expected
2018-10-22 05:40:02.087280,491,52.94.240.174,443,3.0,0,1,1,23,1,expected
2018-10-22 05:40:02.157539,491,52.94.240.174,443,3.0,0,1,1,23,1,expected
2018-10-22 05:40:02.188398,491,52.94.240.174,443,3.0,0,1,1,23,1,expected
2018-10-22 05:40:02.253539,491,52.94.240.174,443,3.0,0,1,1,23,1,expected
2018-10-22 05:40:02.284325,491,52.94.240.174,443,3.0,0,1,1,23,1,expected
2018-10-22 05:40:02.339226,54,52.94.240.174,443,1.0,1731,1,1,,1,ack
2018-10-22 05:40:02.345951,491,52.94.240.174,443,3.0,0,1,1,23,1,expected
2018-10-22 05:40:02.397019,491,52.94.240.174,443,3.0,0,1,1,23,1,expected
2018-10-22 05:40:02.442291,491,52.94.240.174,443,3.0,0,1,1,23,1,expected
2018-10-22 05:40:02.489566,491,52.94.240.174,443,3.0,0,1,1,23,1,expected
2018-10-22 05:40:02.555731,491,52.94.240.174,443,3.0,0,1,1,23,1,expected
2018-10-22 05:40:02.606303,491,52.94.240.174,443,3.0,0,1,1,23,1,expected
2018-10-22 05:40:02.607518,54,52.94.240.174,443,1.0,268,1,1,,1,ack
2018-10-22 05:40:02.651459,491,52.94.240.174,443,3.0,0,1,1,23,1,expected
2018-10-22 05:40:02.692194,491,52.94.240.174,443,3.0,0,1,1,23,1,expected
2018-10-22 05:40:02.764188,491,52.94.240.174,443,3.0,0,1,1,23,1,expected
2018-10-22 05:40:02.781912,54,52.94.240.174,443,1.0,174,1,1,,1,ack
2018-10-22 05:40:02.802531,491,52.94.240.174,443,3.0,0,1,1,23,1,expected
2018-10-22 05:40:02.848455,491,52.94.240.174,443,3.0,0,1,1,23,1,expected
2018-10-22 05:40:02.890810,491,52.94.240.174,443,3.0,0,1,1,23,1,expected
2018-10-22 05:40:02.955380,491,52.94.240.174,443,3.0,0,1,1,23,1,expected
2018-10-22 05:40:02.986447,491,52.94.240.174,443,3.0,0,1,1,23,1,expected
2018-10-22 05:40:03.057530,491,52.94.240.174,443,3.0,0,1,1,23,1,expected
2018-10-22 05:40:03.084957,491,52.94.240.174,443,3.0,0,1,1,23,1,expected
2018-10-22 05:40:03.153693,491,52.94.240.174,443,3.0,0,1,1,23,1,expected
2018-10-22 05:40:03.196256,491,52.94.240.174,443,3.0,0,1,1,23,1,expected
2018-10-22 05:40:03.246631,491,52.94.240.174,443,3.0,0,1,1,23,1,expected
2018-10-22 05:40:03.300092,491,52.94.240.174,443,3.0,0,1,1,23,1,expected
2018-10-22 05:40:03.303247,54,52.94.240.174,443,1.0,521,1,1,,1,ack
2018-10-22 05:40:03.303421,54,52.94.240.174,443,1.0,0,1,1,,1,ack
2018-10-22 05:40:03.366237,491,52.94.240.174,443,3.0,0,1,1,23,1,expected
2018-10-22 05:40:03.388571,491,52.94.240.174,443,3.0,0,1,1,23,1,expected
2018-10-22 05:40:03.395989,54,52.94.240.174,443,1.0,92,1,1,,1,ack
2018-10-22 05:40:03.396968,54,52.94.240.174,443,1.0,0,1,1,,1,ack
2018-10-22 05:40:03.397734,54,52.94.240.174,443,1.0,0,1,1,,1,ack
2018-10-22 05:40:03.398655,99,52.94.240.174,443,3.0,0,1,1,23,1,expected
2018-10-22 05:40:03.398911,54,52.94.240.174,443,1.0,1,1,1,,1,ack
2018-10-22 05:40:03.417926,54,52.94.240.174,443,1.0,19,1,1,,1,ack
2018-10-22 05:40:03.419152,54,52.94.240.174,443,1.0,1,1,1,,1,ack
2018-10-22 05:40:03.443963,54,52.94.240.174,443,1.0,24,1,1,,1,ack
2018-10-22 05:40:03.451650,54,52.94.240.174,443,1.0,7,1,1,,1,ack
2018-10-22 05:40:03.451860,54,52.94.240.174,443,1.0,0,1,1,,1,ack
2018-10-22 05:40:03.451936,54,52.94.240.174,443,1.0,0,1,1,,1,ack
2018-10-22 05:40:03.452012,54,52.94.240.174,443,1.0,0,1,1,,1,ack
2018-10-22 05:40:03.452489,491,52.94.240.174,443,3.0,0,1,1,23,1,expected
2018-10-22 05:40:03.529639,54,52.94.240.174,443,1.0,77,1,1,,1,ack
2018-10-22 05:40:03.529808,99,52.94.240.174,443,3.0,0,1,1,23,1,expected
2018-10-22 05:40:03.531535,491,52.94.240.174,443,3.0,0,1,1,23,1,expected
2018-10-22 05:40:03.535155,66,52.94.240.174,443,1.0,5,1,1,,1,ack
2018-10-22 05:40:03.562281,491,52.94.240.174,443,3.0,0,1,1,23,1,expected
2018-10-22 05:40:03.562523,128,52.94.240.174,443,3.0,0,1,1,23,1,expected
2018-10-22 05:40:03.562691,54,52.94.240.174,443,1.0,27,1,1,,1,ack
2018-10-22 05:40:03.562771,54,52.94.240.174,443,1.0,0,1,1,,1,ack
2018-10-22 05:40:03.562846,54,52.94.240.174,443,1.0,0,1,1,,1,ack
2018-10-22 05:40:03.562919,54,52.94.240.174,443,1.0,0,1,1,,1,ack
2018-10-22 05:40:03.562991,54,52.94.240.174,443,1.0,0,1,1,,1,ack
2018-10-22 05:40:03.563067,54,52.94.240.174,443,1.0,0,1,1,,1,ack
2018-10-22 05:40:03.565533,54,52.94.240.174,443,1.0,2,1,1,,1,ack
2018-10-22 05:40:03.565737,99,52.94.240.174,443,3.0,0,1,1,23,1,expected
2018-10-22 05:40:03.581536,54,52.94.240.174,443,1.0,16,1,1,,1,ack
2018-10-22 05:40:03.597660,304,52.94.240.174,443,3.0,0,1,1,23,1,expected
2018-10-22 05:40:03.600008,54,52.94.240.174,443,1.0,18,1,1,,1,ack
2018-10-22 05:40:03.623881,54,52.94.240.174,443,1.0,23,1,1,,1,ack
2018-10-22 05:40:03.624100,54,52.94.240.174,443,1.0,0,1,1,,1,ack
2018-10-22 05:40:03.624177,54,52.94.240.174,443,1.0,0,1,1,,1,ack
2018-10-22 05:40:03.624258,54,52.94.240.174,443,1.0,0,1,1,,1,ack
2018-10-22 05:40:03.624334,54,52.94.240.174,443,1.0,0,1,1,,1,ack
2018-10-22 05:40:03.629157,99,52.94.240.174,443,3.0,0,1,1,23,1,expected
2018-10-22 05:40:03.645095,54,52.94.240.174,443,1.0,20,1,1,,1,ack
2018-10-22 05:40:03.647746,54,52.94.240.174,443,1.0,2,1,1,,1,ack
2018-10-22 05:40:03.647968,54,52.94.240.174,443,1.0,0,1,1,,1,ack
2018-10-22 05:40:03.648057,54,52.94.240.174,443,1.0,0,1,1,,1,ack
2018-10-22 05:40:03.648139,54,52.94.240.174,443,1.0,0,1,1,,1,ack
2018-10-22 05:40:03.659899,99,52.94.240.174,443,3.0,0,1,1,23,1,expected
2018-10-22 05:40:03.664490,54,52.94.240.174,443,1.0,16,1,1,,1,ack
2018-10-22 05:40:04.074914,54,52.94.240.174,443,1.0,410,1,1,,1,ack
2018-10-22 05:40:04.079375,54,52.94.240.174,443,1.0,4,1,1,,1,ack
2018-10-22 05:40:06.429433,66,104.154.127.184,443,1.0,28118,1,1,,1,ack
2018-10-22 05:40:07.077152,74,13.35.87.201,80,1.0,-308015705,0,1,,1,retransmit
2018-10-22 05:40:07.109575,66,13.35.87.201,80,1.0,32,1,1,,1,ack
2018-10-22 05:40:07.109793,150,13.35.87.201,80,3.0,0,1,1,,1,not_relevant
2018-10-22 05:40:07.156206,66,13.35.87.201,80,1.0,46,1,1,,1,ack
2018-10-22 05:40:07.156360,66,13.35.87.201,80,1.0,0,1,1,,1,ack
2018-10-22 05:40:07.160933,200,52.216.226.128,80,3.0,0,1,1,,1,not_relevant
2018-10-22 05:40:07.171193,54,52.216.226.128,80,1.0,-308030601,1,1,,1,ack
2018-10-22 05:40:07.194355,66,13.35.87.201,80,1.0,37,1,1,,1,ack
2018-10-22 05:40:07.204935,54,52.216.226.128,80,1.0,33,1,1,,1,ack
2018-10-22 05:40:07.214135,74,52.216.131.83,80,1.0,-108680815,0,1,,1,retransmit
2018-10-22 05:40:07.231597,54,52.216.131.83,80,1.0,17,1,1,,1,ack
2018-10-22 05:40:07.232080,200,52.216.131.83,80,3.0,0,1,1,,1,not_relevant
2018-10-22 05:40:07.254435,54,52.216.131.83,80,1.0,22,1,1,,1,ack
2018-10-22 05:40:07.254683,54,52.216.131.83,80,1.0,0,1,1,,1,ack
2018-10-22 05:40:07.428277,200,52.216.226.128,80,1.0,223,1,1,,1,not_relevant
2018-10-22 05:40:07.865371,200,52.216.226.128,80,1.0,437,1,1,,1,not_relevant
2018-10-22 05:40:08.748412,200,52.216.226.128,80,1.0,883,1,1,,1,not_relevant
2018-10-22 05:40:09.316263,66,104.154.127.184,443,1.0,2886,1,1,,1,ack
2018-10-22 05:40:10.508586,200,52.216.226.128,80,1.0,1760,1,1,,1,not_relevant
2018-10-22 05:40:14.035293,200,52.216.226.128,80,1.0,3526,1,1,,1,not_relevant
2018-10-22 05:40:17.320913,74,52.94.241.86,80,1.0,-108657676,0,1,,1,retransmit
2018-10-22 05:40:17.325166,74,52.94.241.86,80,1.0,-108657728,0,1,,1,retransmit
2018-10-22 05:40:17.338429,54,52.94.241.86,80,1.0,17,1,1,,1,ack
2018-10-22 05:40:17.339084,189,52.94.241.86,80,3.0,0,1,1,,1,not_relevant
2018-10-22 05:40:17.344077,54,52.94.241.86,80,1.0,18,1,1,,1,ack
2018-10-22 05:40:17.344574,211,52.94.241.86,80,3.0,0,1,1,,1,not_relevant
2018-10-22 05:40:17.361025,54,52.94.241.86,80,1.0,22,1,1,,1,ack
2018-10-22 05:40:17.368527,54,52.94.241.86,80,1.0,24,1,1,,1,ack
2018-10-22 05:40:17.517610,178,52.94.240.174,443,3.0,0,1,1,23,1,expected
2018-10-22 05:40:21.088567,182,52.216.226.128,80,1.0,7053,1,1,,1,not_relevant
2018-10-22 05:40:30.306364,54,52.216.131.83,80,1.0,23051,1,1,,1,ack
2018-10-22 05:40:35.188723,118,52.216.226.128,80,1.0,14100,1,1,,1,not_relevant
2018-10-22 05:40:35.634616,289,52.94.240.174,443,3.0,0,1,1,23,1,expected
2018-10-22 05:40:35.644004,966,52.94.240.174,443,3.0,0,1,1,23,1,expected
2018-10-22 05:40:35.654706,1291,52.94.240.174,443,3.0,0,1,1,23,1,expected
2018-10-22 05:40:35.655047,928,52.94.240.174,443,3.0,0,1,1,23,1,expected
2018-10-22 05:40:35.663169,231,52.94.240.174,443,3.0,0,1,1,23,1,expected
2018-10-22 05:40:35.665125,491,52.94.240.174,443,3.0,0,1,1,23,1,expected
2018-10-22 05:40:35.681769,231,52.94.240.174,443,3.0,0,1,1,23,1,expected
2018-10-22 05:40:35.688905,491,52.94.240.174,443,3.0,0,1,1,23,1,expected
2018-10-22 05:40:35.690290,491,52.94.240.174,443,3.0,0,1,1,23,1,expected
2018-10-22 05:40:35.692089,491,52.94.240.174,443,3.0,0,1,1,23,1,expected
2018-10-22 05:40:35.694564,491,52.94.240.174,443,3.0,0,1,1,23,1,expected
2018-10-22 05:40:35.695692,491,52.94.240.174,443,3.0,0,1,1,23,1,expected
2018-10-22 05:40:35.698611,491,52.94.240.174,443,3.0,0,1,1,23,1,expected
2018-10-22 05:40:35.711388,1514,52.94.240.174,443,1.0,31632,1,1,,1,not_relevant
2018-10-22 05:40:35.711420,371,52.94.240.174,443,3.0,0,1,1,23,1,expected
2018-10-22 05:40:35.723789,1291,52.94.240.174,443,3.0,0,1,1,23,1,expected
2018-10-22 05:40:35.724896,491,52.94.240.174,443,3.0,0,1,1,23,1,expected
2018-10-22 05:40:35.724925,491,52.94.240.174,443,3.0,0,1,1,23,1,expected
2018-10-22 05:40:35.726788,491,52.94.240.174,443,3.0,0,1,1,23,1,expected
2018-10-22 05:40:35.736291,891,52.94.240.174,443,3.0,0,1,1,23,1,expected
2018-10-22 05:40:35.769722,54,52.94.240.174,443,1.0,58,1,1,,1,ack
2018-10-22 05:40:35.806540,491,52.94.240.174,443,3.0,0,1,1,23,1,expected
2018-10-22 05:40:35.833025,491,52.94.240.174,443,3.0,0,1,1,23,1,expected
2018-10-22 05:40:35.867903,491,52.94.240.174,443,3.0,0,1,1,23,1,expected
2018-10-22 05:40:35.932241,491,52.94.240.174,443,3.0,0,1,1,23,1,expected
2018-10-22 05:40:35.962325,491,52.94.240.174,443,3.0,0,1,1,23,1,expected
2018-10-22 05:40:36.027774,491,52.94.240.174,443,3.0,0,1,1,23,1,expected
2018-10-22 05:40:36.074364,491,52.94.240.174,443,3.0,0,1,1,23,1,expected
2018-10-22 05:40:36.126098,491,52.94.240.174,443,3.0,0,1,1,23,1,expected
2018-10-22 05:40:36.200512,491,52.94.240.174,443,3.0,0,1,1,23,1,expected
2018-10-22 05:40:36.233860,491,52.94.240.174,443,3.0,0,1,1,23,1,expected
2018-10-22 05:40:36.273513,491,52.94.240.174,443,3.0,0,1,1,23,1,expected
2018-10-22 05:40:36.334975,491,52.94.240.174,443,3.0,0,1,1,23,1,expected
2018-10-22 05:40:36.360248,491,52.94.240.174,443,3.0,0,1,1,23,1,expected
2018-10-22 05:40:36.426986,491,52.94.240.174,443,3.0,0,1,1,23,1,expected
2018-10-22 05:40:36.471339,491,52.94.240.174,443,3.0,0,1,1,23,1,expected
2018-10-22 05:40:36.520633,491,52.94.240.174,443,3.0,0,1,1,23,1,expected
2018-10-22 05:40:36.569971,491,52.94.240.174,443,3.0,0,1,1,23,1,expected
2018-10-22 05:40:36.639213,491,52.94.240.174,443,3.0,0,1,1,23,1,expected
2018-10-22 05:40:36.662397,491,52.94.240.174,443,3.0,0,1,1,23,1,expected
2018-10-22 05:40:36.734295,491,52.94.240.174,443,3.0,0,1,1,23,1,expected
2018-10-22 05:40:36.764268,491,52.94.240.174,443,3.0,0,1,1,23,1,expected
2018-10-22 05:40:36.828218,54,52.94.240.174,443,1.0,1058,1,1,,1,ack
2018-10-22 05:40:36.829104,491,52.94.240.174,443,3.0,0,1,1,23,1,expected
2018-10-22 05:40:36.902828,491,52.94.240.174,443,3.0,0,1,1,23,1,expected
2018-10-22 05:40:36.918479,491,52.94.240.174,443,3.0,0,1,1,23,1,expected
2018-10-22 05:40:36.976615,491,52.94.240.174,443,3.0,0,1,1,23,1,expected
2018-10-22 05:40:37.037198,491,52.94.240.174,443,3.0,0,1,1,23,1,expected
2018-10-22 05:40:37.083401,491,52.94.240.174,443,3.0,0,1,1,23,1,expected
2018-10-22 05:40:37.129397,491,52.94.240.174,443,3.0,0,1,1,23,1,expected
2018-10-22 05:40:37.168777,491,52.94.240.174,443,3.0,0,1,1,23,1,expected
2018-10-22 05:40:37.222295,491,52.94.240.174,443,3.0,0,1,1,23,1,expected
2018-10-22 05:40:37.279819,491,52.94.240.174,443,3.0,0,1,1,23,1,expected
2018-10-22 05:40:37.323937,491,52.94.240.174,443,3.0,0,1,1,23,1,expected
2018-10-22 05:40:37.372084,491,52.94.240.174,443,3.0,0,1,1,23,1,expected
2018-10-22 05:40:37.435164,491,52.94.240.174,443,3.0,0,1,1,23,1,expected
2018-10-22 05:40:37.466408,491,52.94.240.174,443,3.0,0,1,1,23,1,expected
2018-10-22 05:40:37.531763,491,52.94.240.174,443,3.0,0,1,1,23,1,expected
2018-10-22 05:40:37.562756,491,52.94.240.174,443,3.0,0,1,1,23,1,expected
2018-10-22 05:40:37.651876,491,52.94.240.174,443,3.0,0,1,1,23,1,expected
2018-10-22 05:40:37.684392,491,52.94.240.174,443,1.0,856,1,1,,1,not_relevant
2018-10-22 05:40:37.684622,491,52.94.240.174,443,3.0,0,1,1,23,1,expected
2018-10-22 05:40:37.764688,491,52.94.240.174,443,3.0,0,1,1,23,1,expected
2018-10-22 05:40:37.788901,491,52.94.240.174,443,3.0,0,1,1,23,1,expected
2018-10-22 05:40:37.836551,491,52.94.240.174,443,3.0,0,1,1,23,1,expected
2018-10-22 05:40:37.870981,491,52.94.240.174,443,3.0,0,1,1,23,1,expected
2018-10-22 05:40:37.956402,491,52.94.240.174,443,3.0,0,1,1,23,1,expected
2018-10-22 05:40:37.962971,491,52.94.240.174,443,3.0,0,1,1,23,1,expected
2018-10-22 05:40:38.031701,491,52.94.240.174,443,3.0,0,1,1,23,1,expected
2018-10-22 05:40:38.081826,491,52.94.240.174,443,3.0,0,1,1,23,1,expected
2018-10-22 05:40:38.144842,491,52.94.240.174,443,3.0,0,1,1,23,1,expected
2018-10-22 05:40:38.144989,54,52.94.240.174,443,1.0,460,1,1,,1,ack
2018-10-22 05:40:38.145073,54,52.94.240.174,443,1.0,0,1,1,,1,ack
2018-10-22 05:40:38.167379,491,52.94.240.174,443,3.0,0,1,1,23,1,expected
2018-10-22 05:40:38.301915,491,52.94.240.174,443,3.0,0,1,1,23,1,expected
2018-10-22 05:40:38.302518,491,52.94.240.174,443,3.0,0,1,1,23,1,expected
2018-10-22 05:40:38.329659,491,52.94.240.174,443,3.0,0,1,1,23,1,expected
2018-10-22 05:40:38.362882,491,52.94.240.174,443,3.0,0,1,1,23,1,expected
2018-10-22 05:40:38.426586,491,52.94.240.174,443,3.0,0,1,1,23,1,expected
2018-10-22 05:40:38.472009,491,52.94.240.174,443,3.0,0,1,1,23,1,expected
2018-10-22 05:40:38.520353,491,52.94.240.174,443,3.0,0,1,1,23,1,expected
2018-10-22 05:40:38.577394,491,52.94.240.174,443,3.0,0,1,1,23,1,expected
2018-10-22 05:40:38.638148,491,52.94.240.174,443,3.0,0,1,1,23,1,expected
2018-10-22 05:40:38.669677,491,52.94.240.174,443,3.0,0,1,1,23,1,expected
2018-10-22 05:40:38.734754,491,52.94.240.174,443,3.0,0,1,1,23,1,expected
2018-10-22 05:40:38.765674,491,52.94.240.174,443,3.0,0,1,1,23,1,expected
2018-10-22 05:40:38.829892,491,52.94.240.174,443,3.0,0,1,1,23,1,expected
2018-10-22 05:40:38.875247,491,52.94.240.174,443,3.0,0,1,1,23,1,expected
2018-10-22 05:40:38.926463,491,52.94.240.174,443,3.0,0,1,1,23,1,expected
2018-10-22 05:40:38.971096,491,52.94.240.174,443,3.0,0,1,1,23,1,expected
2018-10-22 05:40:39.033210,491,52.94.240.174,443,3.0,0,1,1,23,1,expected
2018-10-22 05:40:39.037434,54,52.94.240.174,443,1.0,892,1,1,,1,ack
2018-10-22 05:40:39.037618,54,52.94.240.174,443,1.0,0,1,1,,1,ack
2018-10-22 05:40:39.064996,491,52.94.240.174,443,3.0,0,1,1,23,1,expected
2018-10-22 05:40:39.104429,66,104.154.127.184,443,1.0,29788,1,1,,1,ack
2018-10-22 05:40:39.135210,491,52.94.240.174,443,3.0,0,1,1,23,1,expected
2018-10-22 05:40:39.135363,54,52.94.240.174,443,1.0,97,1,1,,1,ack
2018-10-22 05:40:39.137849,54,52.94.240.174,443,1.0,2,1,1,,1,ack
2018-10-22 05:40:39.138013,54,52.94.240.174,443,1.0,0,1,1,,1,ack
2018-10-22 05:40:39.140787,54,52.94.240.174,443,1.0,2,1,1,,1,ack
2018-10-22 05:40:39.140981,54,52.94.240.174,443,1.0,0,1,1,,1,ack
2018-10-22 05:40:39.156773,54,52.94.240.174,443,1.0,15,1,1,,1,ack
2018-10-22 05:40:39.158665,54,52.94.240.174,443,1.0,1,1,1,,1,ack
2018-10-22 05:40:39.166209,491,52.94.240.174,443,3.0,0,1,1,23,1,expected
2018-10-22 05:40:39.168638,54,52.94.240.174,443,1.0,9,1,1,,1,ack
2018-10-22 05:40:39.169652,99,52.94.240.174,443,3.0,0,1,1,23,1,expected
2018-10-22 05:40:39.170058,54,52.94.240.174,443,1.0,1,1,1,,1,ack
2018-10-22 05:40:39.170249,54,52.94.240.174,443,1.0,0,1,1,,1,ack
2018-10-22 05:40:39.179642,54,52.94.240.174,443,1.0,9,1,1,,1,ack
2018-10-22 05:40:39.179816,54,52.94.240.174,443,1.0,0,1,1,,1,ack
2018-10-22 05:40:39.189287,99,52.94.240.174,443,3.0,0,1,1,23,1,expected
2018-10-22 05:40:39.191669,54,52.94.240.174,443,1.0,11,1,1,,1,ack
2018-10-22 05:40:39.206988,91,52.94.240.174,443,3.0,0,1,1,23,1,expected
2018-10-22 05:40:39.207122,91,52.94.240.174,443,3.0,0,1,1,23,1,expected
2018-10-22 05:40:39.215392,54,52.94.240.174,443,1.0,23,1,1,,1,ack
2018-10-22 05:40:39.215616,54,52.94.240.174,443,1.0,0,1,1,,1,ack
2018-10-22 05:40:39.215697,54,52.94.240.174,443,1.0,0,1,1,,1,ack
2018-10-22 05:40:39.215777,54,52.94.240.174,443,1.0,0,1,1,,1,ack
2018-10-22 05:40:39.258822,54,52.94.240.174,443,1.0,43,1,1,,1,ack
2018-10-22 05:40:39.259208,302,52.94.240.174,443,3.0,0,1,1,23,1,expected
2018-10-22 05:40:39.259228,54,52.94.240.174,443,1.0,0,1,1,,1,ack
2018-10-22 05:40:39.259327,54,52.94.240.174,443,1.0,0,1,1,,1,ack
2018-10-22 05:40:39.259478,54,52.94.240.174,443,1.0,0,1,1,,1,ack
2018-10-22 05:40:39.259553,54,52.94.240.174,443,1.0,0,1,1,,1,ack
2018-10-22 05:40:39.259630,54,52.94.240.174,443,1.0,0,1,1,,1,ack
2018-10-22 05:40:39.259708,54,52.94.240.174,443,1.0,0,1,1,,1,ack
2018-10-22 05:40:39.259779,99,52.94.240.174,443,3.0,0,1,1,23,1,expected
2018-10-22 05:40:39.277397,54,52.94.240.174,443,1.0,17,1,1,,1,ack
2018-10-22 05:40:39.280319,54,52.94.240.174,443,1.0,2,1,1,,1,ack
2018-10-22 05:40:39.284506,54,52.94.240.174,443,1.0,4,1,1,,1,ack
2018-10-22 05:40:39.284720,54,52.94.240.174,443,1.0,0,1,1,,1,ack
2018-10-22 05:40:39.285546,99,52.94.240.174,443,3.0,0,1,1,23,1,expected
2018-10-22 05:40:39.286912,54,52.94.240.174,443,1.0,2,1,1,,1,ack
2018-10-22 05:40:39.296141,54,52.94.240.174,443,1.0,9,1,1,,1,ack
2018-10-22 05:40:39.298450,54,52.94.240.174,443,1.0,2,1,1,,1,ack
2018-10-22 05:40:39.302628,54,52.94.240.174,443,1.0,4,1,1,,1,ack
2018-10-22 05:40:39.341453,54,52.94.240.174,443,1.0,38,1,1,,1,ack
2018-10-22 05:40:39.763681,54,52.94.240.174,443,1.0,422,1,1,,1,ack
2018-10-22 05:40:39.793727,54,52.94.240.174,443,1.0,30,1,1,,1,ack
2018-10-22 05:40:53.363199,177,52.94.240.174,443,3.0,0,1,1,23,1,expected
