2018-10-25 19:11:28.103964,95,52.46.132.49,443,3.0,0,1,1,23,1,expected
2018-10-25 19:11:28.127925,54,52.46.132.49,443,1.0,676851,1,1,,1,ack
2018-10-25 19:11:31.239098,66,52.216.176.75,80,1.0,802984,1,1,,1,ack
2018-10-25 19:11:31.239248,66,52.216.176.75,80,1.0,0,1,1,,1,ack
2018-10-25 19:11:32.747288,290,52.46.132.49,443,3.0,0,1,1,23,1,expected
2018-10-25 19:11:32.771574,956,52.46.132.49,443,3.0,0,1,1,23,1,expected
2018-10-25 19:11:32.783025,231,52.46.132.49,443,3.0,0,1,1,23,1,expected
2018-10-25 19:11:32.788891,631,52.46.132.49,443,3.0,0,1,1,23,1,expected
2018-10-25 19:11:32.796192,491,52.46.132.49,443,3.0,0,1,1,23,1,expected
2018-10-25 19:11:32.797489,491,52.46.132.49,443,3.0,0,1,1,23,1,expected
2018-10-25 19:11:32.798698,491,52.46.132.49,443,3.0,0,1,1,23,1,expected
2018-10-25 19:11:32.799705,491,52.46.132.49,443,3.0,0,1,1,23,1,expected
2018-10-25 19:11:32.801117,491,52.46.132.49,443,3.0,0,1,1,23,1,expected
2018-10-25 19:11:32.801978,491,52.46.132.49,443,3.0,0,1,1,23,1,expected
2018-10-25 19:11:32.803855,491,52.46.132.49,443,3.0,0,1,1,23,1,expected
2018-10-25 19:11:32.804770,491,52.46.132.49,443,3.0,0,1,1,23,1,expected
2018-10-25 19:11:32.806307,491,52.46.132.49,443,3.0,0,1,1,23,1,expected
2018-10-25 19:11:32.807303,491,52.46.132.49,443,3.0,0,1,1,23,1,expected
2018-10-25 19:11:32.808612,491,52.46.132.49,443,3.0,0,1,1,23,1,expected
2018-10-25 19:11:32.815434,1514,52.46.132.49,443,3.0,0,1,1,23,1,expected
2018-10-25 19:11:32.816415,1514,52.46.132.49,443,3.0,0,1,1,23,1,expected
2018-10-25 19:11:32.817323,630,52.46.132.49,443,3.0,0,1,1,23,1,expected
2018-10-25 19:11:32.818308,491,52.46.132.49,443,3.0,0,1,1,23,1,expected
2018-10-25 19:11:32.819627,491,52.46.132.49,443,3.0,0,1,1,23,1,expected
2018-10-25 19:11:32.820380,491,52.46.132.49,443,3.0,0,1,1,23,1,expected
2018-10-25 19:11:32.822424,928,52.46.132.49,443,3.0,0,1,1,23,1,expected
2018-10-25 19:11:32.823527,491,52.46.132.49,443,3.0,0,1,1,23,1,expected
2018-10-25 19:11:32.825031,491,52.46.132.49,443,3.0,0,1,1,23,1,expected
2018-10-25 19:11:32.825817,491,52.46.132.49,443,3.0,0,1,1,23,1,expected
2018-10-25 19:11:32.833375,491,52.46.132.49,443,3.0,0,1,1,23,1,expected
2018-10-25 19:11:32.853110,491,52.46.132.49,443,3.0,0,1,1,23,1,expected
2018-10-25 19:11:32.900471,491,52.46.132.49,443,3.0,0,1,1,23,1,expected
2018-10-25 19:11:32.904970,54,52.46.132.49,443,1.0,4777,1,1,,1,ack
2018-10-25 19:11:32.950419,491,52.46.132.49,443,3.0,0,1,1,23,1,expected
2018-10-25 19:11:32.995091,491,52.46.132.49,443,3.0,0,1,1,23,1,expected
2018-10-25 19:11:33.065228,491,52.46.132.49,443,3.0,0,1,1,23,1,expected
2018-10-25 19:11:33.097932,491,52.46.132.49,443,3.0,0,1,1,23,1,expected
2018-10-25 19:11:33.160417,491,52.46.132.49,443,3.0,0,1,1,23,1,expected
2018-10-25 19:11:33.191378,491,52.46.132.49,443,3.0,0,1,1,23,1,expected
2018-10-25 19:11:33.254905,491,52.46.132.49,443,3.0,0,1,1,23,1,expected
2018-10-25 19:11:33.298141,491,52.46.132.49,443,3.0,0,1,1,23,1,expected
2018-10-25 19:11:33.344968,491,52.46.132.49,443,3.0,0,1,1,23,1,expected
2018-10-25 19:11:33.405445,491,52.46.132.49,443,3.0,0,1,1,23,1,expected
2018-10-25 19:11:33.469869,491,52.46.132.49,443,3.0,0,1,1,23,1,expected
2018-10-25 19:11:33.492740,491,52.46.132.49,443,3.0,0,1,1,23,1,expected
2018-10-25 19:11:33.556350,491,52.46.132.49,443,3.0,0,1,1,23,1,expected
2018-10-25 19:11:33.573864,54,52.46.132.49,443,1.0,668,1,1,,1,ack
2018-10-25 19:11:33.589492,491,52.46.132.49,443,3.0,0,1,1,23,1,expected
2018-10-25 19:11:33.653735,491,52.46.132.49,443,3.0,0,1,1,23,1,expected
2018-10-25 19:11:33.700031,491,52.46.132.49,443,3.0,0,1,1,23,1,expected
2018-10-25 19:11:33.749012,491,52.46.132.49,443,3.0,0,1,1,23,1,expected
2018-10-25 19:11:33.797421,491,52.46.132.49,443,3.0,0,1,1,23,1,expected
2018-10-25 19:11:33.863227,491,52.46.132.49,443,3.0,0,1,1,23,1,expected
2018-10-25 19:11:33.896745,491,52.46.132.49,443,3.0,0,1,1,23,1,expected
2018-10-25 19:11:33.960631,491,52.46.132.49,443,3.0,0,1,1,23,1,expected
2018-10-25 19:11:33.996526,491,52.46.132.49,443,3.0,0,1,1,23,1,expected
2018-10-25 19:11:34.059234,491,52.46.132.49,443,3.0,0,1,1,23,1,expected
2018-10-25 19:11:34.097753,491,52.46.132.49,443,3.0,0,1,1,23,1,expected
2018-10-25 19:11:34.149948,491,52.46.132.49,443,3.0,0,1,1,23,1,expected
2018-10-25 19:11:34.196255,491,52.46.132.49,443,3.0,0,1,1,23,1,expected
2018-10-25 19:11:34.261894,491,52.46.132.49,443,3.0,0,1,1,23,1,expected
2018-10-25 19:11:34.293326,491,52.46.132.49,443,3.0,0,1,1,23,1,expected
2018-10-25 19:11:34.365725,491,52.46.132.49,443,3.0,0,1,1,23,1,expected
2018-10-25 19:11:34.390575,491,52.46.132.49,443,3.0,0,1,1,23,1,expected
2018-10-25 19:11:34.456629,491,52.46.132.49,443,3.0,0,1,1,23,1,expected
2018-10-25 19:11:34.506332,491,52.46.132.49,443,3.0,0,1,1,23,1,expected
2018-10-25 19:11:34.548153,491,52.46.132.49,443,3.0,0,1,1,23,1,expected
2018-10-25 19:11:34.593822,491,52.46.132.49,443,3.0,0,1,1,23,1,expected
2018-10-25 19:11:34.673125,491,52.46.132.49,443,3.0,0,1,1,23,1,expected
2018-10-25 19:11:34.691732,491,52.46.132.49,443,3.0,0,1,1,23,1,expected
2018-10-25 19:11:34.758105,491,52.46.132.49,443,3.0,0,1,1,23,1,expected
2018-10-25 19:11:34.797421,491,52.46.132.49,443,3.0,0,1,1,23,1,expected
2018-10-25 19:11:34.855676,491,52.46.132.49,443,3.0,0,1,1,23,1,expected
2018-10-25 19:11:34.904338,491,52.46.132.49,443,3.0,0,1,1,23,1,expected
2018-10-25 19:11:35.035881,491,52.46.132.49,443,3.0,0,1,1,23,1,expected
2018-10-25 19:11:35.036237,491,52.46.132.49,443,3.0,0,1,1,23,1,expected
2018-10-25 19:11:35.047798,491,52.46.132.49,443,1.0,1473,1,1,,1,not_relevant
2018-10-25 19:11:35.060584,491,52.46.132.49,443,3.0,0,1,1,23,1,expected
2018-10-25 19:11:35.134018,491,52.46.132.49,443,3.0,0,1,1,23,1,expected
2018-10-25 19:11:35.179550,491,52.46.132.49,443,3.0,0,1,1,23,1,expected
2018-10-25 19:11:35.192320,491,52.46.132.49,443,3.0,0,1,1,23,1,expected
2018-10-25 19:11:35.270946,491,52.46.132.49,443,3.0,0,1,1,23,1,expected
2018-10-25 19:11:35.305144,491,52.46.132.49,443,3.0,0,1,1,23,1,expected
2018-10-25 19:11:35.351467,491,52.46.132.49,443,3.0,0,1,1,23,1,expected
2018-10-25 19:11:35.400061,491,52.46.132.49,443,3.0,0,1,1,23,1,expected
2018-10-25 19:11:35.476666,491,52.46.132.49,443,3.0,0,1,1,23,1,expected
2018-10-25 19:11:35.490237,491,52.46.132.49,443,3.0,0,1,1,23,1,expected
2018-10-25 19:11:35.568393,491,52.46.132.49,443,3.0,0,1,1,23,1,expected
2018-10-25 19:11:35.630359,491,52.46.132.49,443,3.0,0,1,1,23,1,expected
2018-10-25 19:11:35.656038,491,52.46.132.49,443,3.0,0,1,1,23,1,expected
2018-10-25 19:11:35.704224,491,52.46.132.49,443,3.0,0,1,1,23,1,expected
2018-10-25 19:11:35.755213,491,52.46.132.49,443,3.0,0,1,1,23,1,expected
2018-10-25 19:11:35.799520,491,52.46.132.49,443,3.0,0,1,1,23,1,expected
2018-10-25 19:11:35.863180,491,52.46.132.49,443,3.0,0,1,1,23,1,expected
2018-10-25 19:11:35.894459,491,52.46.132.49,443,3.0,0,1,1,23,1,expected
2018-10-25 19:11:35.945244,54,52.216.130.43,80,1.0,677830,1,1,,1,ack
2018-10-25 19:11:35.956092,491,52.46.132.49,443,3.0,0,1,1,23,1,expected
2018-10-25 19:11:35.991358,54,52.46.132.49,443,1.0,943,1,1,,1,ack
2018-10-25 19:11:35.992389,491,52.46.132.49,443,3.0,0,1,1,23,1,expected
2018-10-25 19:11:36.038746,204,52.46.132.49,443,3.0,0,1,1,23,1,expected
2018-10-25 19:11:36.051142,491,52.46.132.49,443,3.0,0,1,1,23,1,expected
2018-10-25 19:11:36.097337,491,52.46.132.49,443,3.0,0,1,1,23,1,expected
2018-10-25 19:11:36.154418,491,52.46.132.49,443,3.0,0,1,1,23,1,expected
2018-10-25 19:11:36.199069,491,52.46.132.49,443,3.0,0,1,1,23,1,expected
2018-10-25 19:11:36.213477,54,52.46.132.49,443,1.0,222,1,1,,1,ack
2018-10-25 19:11:36.214694,54,52.46.132.49,443,1.0,1,1,1,,1,ack
2018-10-25 19:11:36.214959,54,52.46.132.49,443,1.0,0,1,1,,1,ack
2018-10-25 19:11:36.225125,54,52.46.132.49,443,1.0,10,1,1,,1,ack
2018-10-25 19:11:36.225443,54,52.46.132.49,443,1.0,0,1,1,,1,ack
2018-10-25 19:11:36.225569,54,52.46.132.49,443,1.0,0,1,1,,1,ack
2018-10-25 19:11:36.226768,54,52.46.132.49,443,1.0,1,1,1,,1,ack
2018-10-25 19:11:36.272779,491,52.46.132.49,443,3.0,0,1,1,23,1,expected
2018-10-25 19:11:36.288194,91,52.46.132.49,443,3.0,0,1,1,23,1,expected
2018-10-25 19:11:36.288419,91,52.46.132.49,443,3.0,0,1,1,23,1,expected
2018-10-25 19:11:36.298514,54,52.46.132.49,443,1.0,71,1,1,,1,ack
2018-10-25 19:11:36.299451,54,52.46.132.49,443,1.0,0,1,1,,1,ack
2018-10-25 19:11:36.299600,54,52.46.132.49,443,1.0,0,1,1,,1,ack
2018-10-25 19:11:36.300332,54,52.46.132.49,443,1.0,0,1,1,,1,ack
2018-10-25 19:11:36.300467,54,52.46.132.49,443,1.0,0,1,1,,1,ack
2018-10-25 19:11:36.300595,54,52.46.132.49,443,1.0,0,1,1,,1,ack
2018-10-25 19:11:36.304206,54,52.46.132.49,443,1.0,3,1,1,,1,ack
2018-10-25 19:11:36.304415,54,52.46.132.49,443,1.0,0,1,1,,1,ack
2018-10-25 19:11:36.304550,54,52.46.132.49,443,1.0,0,1,1,,1,ack
2018-10-25 19:11:36.304792,54,52.46.132.49,443,1.0,0,1,1,,1,ack
2018-10-25 19:11:36.314651,338,52.46.132.49,443,3.0,0,1,1,23,1,expected
2018-10-25 19:11:36.315219,99,52.46.132.49,443,3.0,0,1,1,23,1,expected
2018-10-25 19:11:36.326077,54,52.46.132.49,443,1.0,21,1,1,,1,ack
2018-10-25 19:11:36.326318,54,52.46.132.49,443,1.0,0,1,1,,1,ack
2018-10-25 19:11:36.326393,54,52.46.132.49,443,1.0,0,1,1,,1,ack
2018-10-25 19:11:36.376580,54,52.46.132.49,443,1.0,50,1,1,,1,ack
2018-10-25 19:11:36.376740,99,52.46.132.49,443,1.0,0,1,1,,1,not_relevant
2018-10-25 19:11:36.838175,54,52.46.132.49,443,1.0,461,1,1,,1,ack
2018-10-25 19:11:36.842530,54,52.46.132.49,443,1.0,4,1,1,,1,ack
2018-10-25 19:11:41.068030,174,52.46.132.49,443,3.0,0,1,1,23,1,expected
2018-10-25 19:11:41.735712,77,104.154.127.141,4070,2.0,0,1,1,,1,syn
2018-10-25 19:11:41.754149,66,104.154.127.141,4070,1.0,199236988,1,1,,1,ack
2018-10-25 19:12:04.181599,54,52.216.130.43,80,1.0,28236,1,1,,1,ack
2018-10-25 19:12:07.579899,290,52.46.132.49,443,3.0,0,1,1,23,1,expected
2018-10-25 19:12:07.692101,960,52.46.132.49,443,3.0,0,1,1,23,1,expected
2018-10-25 19:12:07.693120,1291,52.46.132.49,443,3.0,0,1,1,23,1,expected
2018-10-25 19:12:07.700929,1031,52.46.132.49,443,3.0,0,1,1,23,1,expected
2018-10-25 19:12:07.710095,891,52.46.132.49,443,3.0,0,1,1,23,1,expected
2018-10-25 19:12:07.719493,1514,52.46.132.49,443,1.0,30876,1,1,,1,not_relevant
2018-10-25 19:12:07.719523,371,52.46.132.49,443,3.0,0,1,1,23,1,expected
2018-10-25 19:12:07.726755,1514,52.46.132.49,443,1.0,7,1,1,,1,not_relevant
2018-10-25 19:12:07.726784,771,52.46.132.49,443,3.0,0,1,1,23,1,expected
2018-10-25 19:12:07.738193,1514,52.46.132.49,443,1.0,11,1,1,,1,not_relevant
2018-10-25 19:12:07.739594,1171,52.46.132.49,443,3.0,0,1,1,23,1,expected
2018-10-25 19:12:07.749202,491,52.46.132.49,443,3.0,0,1,1,23,1,expected
2018-10-25 19:12:07.749447,54,52.46.132.49,443,1.0,11,1,1,,1,ack
2018-10-25 19:12:07.821070,491,52.46.132.49,443,3.0,0,1,1,23,1,expected
2018-10-25 19:12:07.835265,54,52.46.132.49,443,1.0,85,1,1,,1,ack
2018-10-25 19:12:07.875720,491,52.46.132.49,443,3.0,0,1,1,23,1,expected
2018-10-25 19:12:07.906249,491,52.46.132.49,443,3.0,0,1,1,23,1,expected
2018-10-25 19:12:07.971167,491,52.46.132.49,443,3.0,0,1,1,23,1,expected
2018-10-25 19:12:08.030804,491,52.46.132.49,443,3.0,0,1,1,23,1,expected
2018-10-25 19:12:08.053733,491,52.46.132.49,443,3.0,0,1,1,23,1,expected
2018-10-25 19:12:08.116238,491,52.46.132.49,443,3.0,0,1,1,23,1,expected
2018-10-25 19:12:08.147764,491,52.46.132.49,443,3.0,0,1,1,23,1,expected
2018-10-25 19:12:08.215528,491,52.46.132.49,443,3.0,0,1,1,23,1,expected
2018-10-25 19:12:08.271436,491,52.46.132.49,443,3.0,0,1,1,23,1,expected
2018-10-25 19:12:08.336309,491,52.46.132.49,443,3.0,0,1,1,23,1,expected
2018-10-25 19:12:08.358244,491,52.46.132.49,443,3.0,0,1,1,23,1,expected
2018-10-25 19:12:08.422012,491,52.46.132.49,443,3.0,0,1,1,23,1,expected
2018-10-25 19:12:08.452649,491,52.46.132.49,443,3.0,0,1,1,23,1,expected
2018-10-25 19:12:08.529184,491,52.46.132.49,443,3.0,0,1,1,23,1,expected
2018-10-25 19:12:08.547009,491,52.46.132.49,443,3.0,0,1,1,23,1,expected
2018-10-25 19:12:08.617153,491,52.46.132.49,443,3.0,0,1,1,23,1,expected
2018-10-25 19:12:08.663029,491,52.46.132.49,443,3.0,0,1,1,23,1,expected
2018-10-25 19:12:08.719506,491,52.46.132.49,443,3.0,0,1,1,23,1,expected
2018-10-25 19:12:08.757483,491,52.46.132.49,443,3.0,0,1,1,23,1,expected
2018-10-25 19:12:08.817838,491,52.46.132.49,443,3.0,0,1,1,23,1,expected
2018-10-25 19:12:08.859190,491,52.46.132.49,443,3.0,0,1,1,23,1,expected
2018-10-25 19:12:08.914112,491,52.46.132.49,443,3.0,0,1,1,23,1,expected
2018-10-25 19:12:08.948353,491,52.46.132.49,443,3.0,0,1,1,23,1,expected
2018-10-25 19:12:09.036203,491,52.46.132.49,443,3.0,0,1,1,23,1,expected
2018-10-25 19:12:09.062780,491,52.46.132.49,443,3.0,0,1,1,23,1,expected
2018-10-25 19:12:09.110319,491,52.46.132.49,443,3.0,0,1,1,23,1,expected
2018-10-25 19:12:09.159065,491,52.46.132.49,443,3.0,0,1,1,23,1,expected
2018-10-25 19:12:09.224634,491,52.46.132.49,443,3.0,0,1,1,23,1,expected
2018-10-25 19:12:09.249127,491,52.46.132.49,443,3.0,0,1,1,23,1,expected
2018-10-25 19:12:09.318629,491,52.46.132.49,443,3.0,0,1,1,23,1,expected
2018-10-25 19:12:09.346763,491,52.46.132.49,443,3.0,0,1,1,23,1,expected
2018-10-25 19:12:09.419859,491,52.46.132.49,443,3.0,0,1,1,23,1,expected
2018-10-25 19:12:09.470893,491,52.46.132.49,443,3.0,0,1,1,23,1,expected
2018-10-25 19:12:09.510879,491,52.46.132.49,443,3.0,0,1,1,23,1,expected
2018-10-25 19:12:09.571885,491,52.46.132.49,443,3.0,0,1,1,23,1,expected
2018-10-25 19:12:09.622730,491,52.46.132.49,443,3.0,0,1,1,23,1,expected
2018-10-25 19:12:09.653917,491,52.46.132.49,443,3.0,0,1,1,23,1,expected
2018-10-25 19:12:09.736091,491,52.46.132.49,443,3.0,0,1,1,23,1,expected
2018-10-25 19:12:09.755111,491,52.46.132.49,443,3.0,0,1,1,23,1,expected
2018-10-25 19:12:09.767695,54,52.46.132.49,443,1.0,1932,1,1,,1,ack
2018-10-25 19:12:09.772857,54,52.46.132.49,443,1.0,5,1,1,,1,ack
2018-10-25 19:12:09.773812,54,52.46.132.49,443,1.0,0,1,1,,1,ack
2018-10-25 19:12:09.813647,54,52.46.132.49,443,1.0,39,1,1,,1,ack
2018-10-25 19:12:09.815075,54,52.46.132.49,443,1.0,1,1,1,,1,ack
2018-10-25 19:12:09.815265,54,52.46.132.49,443,1.0,0,1,1,,1,ack
2018-10-25 19:12:09.815407,54,52.46.132.49,443,1.0,0,1,1,,1,ack
2018-10-25 19:12:09.816474,54,52.46.132.49,443,1.0,1,1,1,,1,ack
2018-10-25 19:12:09.816584,54,52.46.132.49,443,1.0,0,1,1,,1,ack
2018-10-25 19:12:09.817213,54,52.46.132.49,443,1.0,0,1,1,,1,ack
2018-10-25 19:12:09.817381,54,52.46.132.49,443,1.0,0,1,1,,1,ack
2018-10-25 19:12:09.827431,54,52.46.132.49,443,1.0,10,1,1,,1,ack
2018-10-25 19:12:09.827568,99,52.46.132.49,443,3.0,0,1,1,23,1,expected
2018-10-25 19:12:09.827716,491,52.46.132.49,443,3.0,0,1,1,23,1,expected
2018-10-25 19:12:09.827730,54,52.46.132.49,443,1.0,0,1,1,,1,ack
2018-10-25 19:12:09.833380,54,52.46.132.49,443,1.0,5,1,1,,1,ack
2018-10-25 19:12:09.834333,54,52.46.132.49,443,1.0,0,1,1,,1,ack
2018-10-25 19:12:09.834428,54,52.46.132.49,443,1.0,0,1,1,,1,ack
2018-10-25 19:12:09.835081,54,52.46.132.49,443,1.0,0,1,1,,1,ack
2018-10-25 19:12:09.836698,54,52.46.132.49,443,1.0,1,1,1,,1,ack
2018-10-25 19:12:09.836867,54,52.46.132.49,443,1.0,0,1,1,,1,ack
2018-10-25 19:12:09.839661,54,52.46.132.49,443,1.0,2,1,1,,1,ack
2018-10-25 19:12:09.844443,99,52.46.132.49,443,3.0,0,1,1,23,1,expected
2018-10-25 19:12:09.847272,54,52.46.132.49,443,1.0,7,1,1,,1,ack
2018-10-25 19:12:09.865240,491,52.46.132.49,443,3.0,0,1,1,23,1,expected
2018-10-25 19:12:09.914394,91,52.46.132.49,443,3.0,0,1,1,23,1,expected
2018-10-25 19:12:09.914728,91,52.46.132.49,443,3.0,0,1,1,23,1,expected
2018-10-25 19:12:10.011220,304,52.46.132.49,443,3.0,0,1,1,23,1,expected
2018-10-25 19:12:10.269231,54,52.46.132.49,443,1.0,421,1,1,,1,ack
2018-10-25 19:12:12.592886,77,104.154.127.141,4070,2.0,0,1,1,,1,syn
2018-10-25 19:12:12.611598,66,104.154.127.141,4070,1.0,30857,1,1,,1,ack
2018-10-25 19:12:16.700309,175,52.46.132.49,443,3.0,0,1,1,23,1,expected
2018-10-25 19:12:37.259528,286,52.46.132.49,443,3.0,0,1,1,23,1,expected
2018-10-25 19:12:37.271746,956,52.46.132.49,443,3.0,0,1,1,23,1,expected
2018-10-25 19:12:37.288590,631,52.46.132.49,443,3.0,0,1,1,23,1,expected
2018-10-25 19:12:37.289382,491,52.46.132.49,443,3.0,0,1,1,23,1,expected
2018-10-25 19:12:37.290770,491,52.46.132.49,443,3.0,0,1,1,23,1,expected
2018-10-25 19:12:37.291574,491,52.46.132.49,443,3.0,0,1,1,23,1,expected
2018-10-25 19:12:37.304351,491,52.46.132.49,443,3.0,0,1,1,23,1,expected
2018-10-25 19:12:37.305404,491,52.46.132.49,443,3.0,0,1,1,23,1,expected
2018-10-25 19:12:37.324144,491,52.46.132.49,443,3.0,0,1,1,23,1,expected
2018-10-25 19:12:37.325571,491,52.46.132.49,443,3.0,0,1,1,23,1,expected
2018-10-25 19:12:37.331233,491,52.46.132.49,443,3.0,0,1,1,23,1,expected
2018-10-25 19:12:37.332605,491,52.46.132.49,443,3.0,0,1,1,23,1,expected
2018-10-25 19:12:37.334733,491,52.46.132.49,443,3.0,0,1,1,23,1,expected
2018-10-25 19:12:37.335579,491,52.46.132.49,443,3.0,0,1,1,23,1,expected
2018-10-25 19:12:37.339567,491,52.46.132.49,443,3.0,0,1,1,23,1,expected
2018-10-25 19:12:37.341286,491,52.46.132.49,443,3.0,0,1,1,23,1,expected
2018-10-25 19:12:37.343840,491,52.46.132.49,443,3.0,0,1,1,23,1,expected
2018-10-25 19:12:37.348471,491,52.46.132.49,443,3.0,0,1,1,23,1,expected
2018-10-25 19:12:37.349294,491,52.46.132.49,443,3.0,0,1,1,23,1,expected
2018-10-25 19:12:37.352990,491,52.46.132.49,443,3.0,0,1,1,23,1,expected
2018-10-25 19:12:37.366462,1031,52.46.132.49,443,3.0,0,1,1,23,1,expected
2018-10-25 19:12:37.399492,491,52.46.132.49,443,3.0,0,1,1,23,1,expected
2018-10-25 19:12:37.401026,491,52.46.132.49,443,3.0,0,1,1,23,1,expected
2018-10-25 19:12:37.401055,891,52.46.132.49,443,3.0,0,1,1,23,1,expected
2018-10-25 19:12:37.429839,491,52.46.132.49,443,3.0,0,1,1,23,1,expected
2018-10-25 19:12:37.430554,491,52.46.132.49,443,3.0,0,1,1,23,1,expected
2018-10-25 19:12:37.431396,491,52.46.132.49,443,3.0,0,1,1,23,1,expected
2018-10-25 19:12:37.432045,491,52.46.132.49,443,3.0,0,1,1,23,1,expected
2018-10-25 19:12:37.432993,491,52.46.132.49,443,3.0,0,1,1,23,1,expected
2018-10-25 19:12:37.433640,491,52.46.132.49,443,3.0,0,1,1,23,1,expected
2018-10-25 19:12:37.434548,491,52.46.132.49,443,3.0,0,1,1,23,1,expected
2018-10-25 19:12:37.448826,891,52.46.132.49,443,3.0,0,1,1,23,1,expected
2018-10-25 19:12:37.477142,491,52.46.132.49,443,3.0,0,1,1,23,1,expected
2018-10-25 19:12:37.539349,491,52.46.132.49,443,3.0,0,1,1,23,1,expected
2018-10-25 19:12:37.573055,491,52.46.132.49,443,3.0,0,1,1,23,1,expected
2018-10-25 19:12:37.638152,491,52.46.132.49,443,3.0,0,1,1,23,1,expected
2018-10-25 19:12:37.681031,491,52.46.132.49,443,3.0,0,1,1,23,1,expected
2018-10-25 19:12:37.733689,491,52.46.132.49,443,3.0,0,1,1,23,1,expected
2018-10-25 19:12:37.790951,491,52.46.132.49,443,3.0,0,1,1,23,1,expected
2018-10-25 19:12:37.830886,491,52.46.132.49,443,3.0,0,1,1,23,1,expected
2018-10-25 19:12:37.878016,491,52.46.132.49,443,3.0,0,1,1,23,1,expected
2018-10-25 19:12:37.941867,491,52.46.132.49,443,3.0,0,1,1,23,1,expected
2018-10-25 19:12:37.972245,491,52.46.132.49,443,3.0,0,1,1,23,1,expected
2018-10-25 19:12:38.043896,491,52.46.132.49,443,3.0,0,1,1,23,1,expected
2018-10-25 19:12:38.066517,491,52.46.132.49,443,3.0,0,1,1,23,1,expected
2018-10-25 19:12:38.186910,491,52.46.132.49,443,3.0,0,1,1,23,1,expected
2018-10-25 19:12:38.187100,491,52.46.132.49,443,3.0,0,1,1,23,1,expected
2018-10-25 19:12:38.279616,491,52.46.132.49,443,3.0,0,1,1,23,1,expected
2018-10-25 19:12:38.325229,491,52.46.132.49,443,3.0,0,1,1,23,1,expected
2018-10-25 19:12:38.342602,491,52.46.132.49,443,3.0,0,1,1,23,1,expected
2018-10-25 19:12:38.375619,491,52.46.132.49,443,3.0,0,1,1,23,1,expected
2018-10-25 19:12:38.444188,491,52.46.132.49,443,3.0,0,1,1,23,1,expected
2018-10-25 19:12:38.470694,491,52.46.132.49,443,3.0,0,1,1,23,1,expected
2018-10-25 19:12:38.534611,491,52.46.132.49,443,3.0,0,1,1,23,1,expected
2018-10-25 19:12:38.591085,491,52.46.132.49,443,3.0,0,1,1,23,1,expected
2018-10-25 19:12:38.639294,491,52.46.132.49,443,3.0,0,1,1,23,1,expected
2018-10-25 19:12:38.684968,491,52.46.132.49,443,3.0,0,1,1,23,1,expected
2018-10-25 19:12:38.781718,491,52.46.132.49,443,3.0,0,1,1,23,1,expected
2018-10-25 19:12:38.782169,491,52.46.132.49,443,3.0,0,1,1,23,1,expected
2018-10-25 19:12:38.840792,491,52.46.132.49,443,3.0,0,1,1,23,1,expected
2018-10-25 19:12:38.871071,491,52.46.132.49,443,3.0,0,1,1,23,1,expected
2018-10-25 19:12:38.937289,491,52.46.132.49,443,3.0,0,1,1,23,1,expected
2018-10-25 19:12:38.981076,491,52.46.132.49,443,3.0,0,1,1,23,1,expected
2018-10-25 19:12:39.028298,491,52.46.132.49,443,3.0,0,1,1,23,1,expected
2018-10-25 19:12:39.079556,491,52.46.132.49,443,3.0,0,1,1,23,1,expected
2018-10-25 19:12:39.141804,491,52.46.132.49,443,3.0,0,1,1,23,1,expected
2018-10-25 19:12:39.173061,491,52.46.132.49,443,3.0,0,1,1,23,1,expected
2018-10-25 19:12:39.239127,491,52.46.132.49,443,3.0,0,1,1,23,1,expected
2018-10-25 19:12:39.269485,491,52.46.132.49,443,3.0,0,1,1,23,1,expected
2018-10-25 19:12:39.333889,491,52.46.132.49,443,3.0,0,1,1,23,1,expected
2018-10-25 19:12:39.378684,491,52.46.132.49,443,3.0,0,1,1,23,1,expected
2018-10-25 19:12:39.429877,491,52.46.132.49,443,3.0,0,1,1,23,1,expected
2018-10-25 19:12:39.475779,491,52.46.132.49,443,3.0,0,1,1,23,1,expected
2018-10-25 19:12:39.532041,54,52.46.132.49,443,1.0,29262,1,1,,1,ack
2018-10-25 19:12:39.547137,491,52.46.132.49,443,3.0,0,1,1,23,1,expected
2018-10-25 19:12:39.574940,491,52.46.132.49,443,3.0,0,1,1,23,1,expected
2018-10-25 19:12:39.638035,491,52.46.132.49,443,3.0,0,1,1,23,1,expected
2018-10-25 19:12:39.668595,491,52.46.132.49,443,3.0,0,1,1,23,1,expected
2018-10-25 19:12:39.739736,491,52.46.132.49,443,3.0,0,1,1,23,1,expected
2018-10-25 19:12:39.786285,491,52.46.132.49,443,3.0,0,1,1,23,1,expected
2018-10-25 19:12:39.833667,491,52.46.132.49,443,3.0,0,1,1,23,1,expected
2018-10-25 19:12:39.880519,491,52.46.132.49,443,3.0,0,1,1,23,1,expected
2018-10-25 19:12:39.941540,491,52.46.132.49,443,3.0,0,1,1,23,1,expected
2018-10-25 19:12:39.972197,491,52.46.132.49,443,3.0,0,1,1,23,1,expected
2018-10-25 19:12:40.043602,491,52.46.132.49,443,3.0,0,1,1,23,1,expected
2018-10-25 19:12:40.068658,491,52.46.132.49,443,3.0,0,1,1,23,1,expected
2018-10-25 19:12:40.125745,54,52.46.132.49,443,1.0,593,1,1,,1,ack
2018-10-25 19:12:40.131120,491,52.46.132.49,443,3.0,0,1,1,23,1,expected
2018-10-25 19:12:40.198040,491,52.46.132.49,443,3.0,0,1,1,23,1,expected
2018-10-25 19:12:40.236673,491,52.46.132.49,443,3.0,0,1,1,23,1,expected
2018-10-25 19:12:40.283550,491,52.46.132.49,443,3.0,0,1,1,23,1,expected
2018-10-25 19:12:40.344887,491,52.46.132.49,443,3.0,0,1,1,23,1,expected
2018-10-25 19:12:40.380384,491,52.46.132.49,443,3.0,0,1,1,23,1,expected
2018-10-25 19:12:40.441500,491,52.46.132.49,443,3.0,0,1,1,23,1,expected
2018-10-25 19:12:40.472223,491,52.46.132.49,443,3.0,0,1,1,23,1,expected
2018-10-25 19:12:40.538892,491,52.46.132.49,443,3.0,0,1,1,23,1,expected
2018-10-25 19:12:40.585952,491,52.46.132.49,443,3.0,0,1,1,23,1,expected
2018-10-25 19:12:40.621964,54,52.46.132.49,443,1.0,496,1,1,,1,ack
2018-10-25 19:12:40.627831,54,52.46.132.49,443,1.0,5,1,1,,1,ack
2018-10-25 19:12:40.629146,54,52.46.132.49,443,1.0,1,1,1,,1,ack
2018-10-25 19:12:40.644291,491,52.46.132.49,443,3.0,0,1,1,23,1,expected
2018-10-25 19:12:40.644591,99,52.46.132.49,443,3.0,0,1,1,23,1,expected
2018-10-25 19:12:40.676594,491,52.46.132.49,443,3.0,0,1,1,23,1,expected
2018-10-25 19:12:40.690940,54,52.46.132.49,443,1.0,61,1,1,,1,ack
2018-10-25 19:12:40.692125,54,52.46.132.49,443,1.0,1,1,1,,1,ack
2018-10-25 19:12:40.693184,54,52.46.132.49,443,1.0,1,1,1,,1,ack
2018-10-25 19:12:40.694229,54,52.46.132.49,443,1.0,1,1,1,,1,ack
2018-10-25 19:12:40.695418,54,52.46.132.49,443,1.0,1,1,1,,1,ack
2018-10-25 19:12:40.696293,54,52.46.132.49,443,1.0,0,1,1,,1,ack
2018-10-25 19:12:40.697149,54,52.46.132.49,443,1.0,0,1,1,,1,ack
2018-10-25 19:12:40.710803,54,52.46.132.49,443,1.0,13,1,1,,1,ack
2018-10-25 19:12:40.745071,491,52.46.132.49,443,3.0,0,1,1,23,1,expected
2018-10-25 19:12:40.756034,91,52.46.132.49,443,3.0,0,1,1,23,1,expected
2018-10-25 19:12:40.759334,91,52.46.132.49,443,3.0,0,1,1,23,1,expected
2018-10-25 19:12:40.803392,304,52.46.132.49,443,3.0,0,1,1,23,1,expected
2018-10-25 19:12:41.026857,54,52.46.132.49,443,1.0,316,1,1,,1,ack
2018-10-25 19:12:42.656504,77,104.154.127.141,4070,2.0,0,1,1,,1,syn
2018-10-25 19:12:42.675179,66,104.154.127.141,4070,1.0,30063,1,1,,1,ack
2018-10-25 19:12:44.758732,176,52.46.132.49,443,3.0,0,1,1,23,1,expected
2018-10-25 19:13:08.543365,66,104.154.127.141,4070,1.0,25868,1,1,,1,ack
2018-10-25 19:13:09.959652,286,52.46.132.49,443,3.0,0,1,1,23,1,expected
2018-10-25 19:13:09.967615,952,52.46.132.49,443,3.0,0,1,1,23,1,expected
2018-10-25 19:13:09.988833,1514,52.46.132.49,443,3.0,0,1,1,23,1,expected
2018-10-25 19:13:09.988864,408,52.46.132.49,443,3.0,0,1,1,23,1,expected
2018-10-25 19:13:10.012957,631,52.46.132.49,443,3.0,0,1,1,23,1,expected
2018-10-25 19:13:10.014138,491,52.46.132.49,443,3.0,0,1,1,23,1,expected
2018-10-25 19:13:10.015405,491,52.46.132.49,443,3.0,0,1,1,23,1,expected
2018-10-25 19:13:10.030560,1031,52.46.132.49,443,3.0,0,1,1,23,1,expected
2018-10-25 19:13:10.037660,491,52.46.132.49,443,3.0,0,1,1,23,1,expected
2018-10-25 19:13:10.050864,491,52.46.132.49,443,3.0,0,1,1,23,1,expected
2018-10-25 19:13:10.056978,1291,52.46.132.49,443,3.0,0,1,1,23,1,expected
2018-10-25 19:13:10.070132,491,52.46.132.49,443,3.0,0,1,1,23,1,expected
2018-10-25 19:13:10.070433,491,52.46.132.49,443,3.0,0,1,1,23,1,expected
2018-10-25 19:13:10.071775,491,52.46.132.49,443,3.0,0,1,1,23,1,expected
2018-10-25 19:13:10.072441,491,52.46.132.49,443,3.0,0,1,1,23,1,expected
2018-10-25 19:13:10.078946,491,52.46.132.49,443,3.0,0,1,1,23,1,expected
2018-10-25 19:13:10.079618,491,52.46.132.49,443,3.0,0,1,1,23,1,expected
2018-10-25 19:13:10.087272,491,52.46.132.49,443,3.0,0,1,1,23,1,expected
2018-10-25 19:13:10.087748,491,52.46.132.49,443,3.0,0,1,1,23,1,expected
2018-10-25 19:13:10.089012,491,52.46.132.49,443,3.0,0,1,1,23,1,expected
2018-10-25 19:13:10.089510,491,52.46.132.49,443,3.0,0,1,1,23,1,expected
2018-10-25 19:13:10.090533,491,52.46.132.49,443,3.0,0,1,1,23,1,expected
2018-10-25 19:13:10.108182,491,52.46.132.49,443,3.0,0,1,1,23,1,expected
2018-10-25 19:13:10.150146,491,52.46.132.49,443,3.0,0,1,1,23,1,expected
2018-10-25 19:13:10.197437,491,52.46.132.49,443,3.0,0,1,1,23,1,expected
2018-10-25 19:13:10.263771,491,52.46.132.49,443,3.0,0,1,1,23,1,expected
2018-10-25 19:13:10.296486,491,52.46.132.49,443,3.0,0,1,1,23,1,expected
2018-10-25 19:13:10.361228,491,52.46.132.49,443,3.0,0,1,1,23,1,expected
2018-10-25 19:13:10.385608,491,52.46.132.49,443,3.0,0,1,1,23,1,expected
2018-10-25 19:13:10.458611,491,52.46.132.49,443,3.0,0,1,1,23,1,expected
2018-10-25 19:13:10.497687,491,52.46.132.49,443,3.0,0,1,1,23,1,expected
2018-10-25 19:13:10.550067,491,52.46.132.49,443,3.0,0,1,1,23,1,expected
2018-10-25 19:13:10.596091,491,52.46.132.49,443,3.0,0,1,1,23,1,expected
2018-10-25 19:13:10.669379,491,52.46.132.49,443,3.0,0,1,1,23,1,expected
2018-10-25 19:13:10.693815,491,52.46.132.49,443,3.0,0,1,1,23,1,expected
2018-10-25 19:13:10.759905,491,52.46.132.49,443,3.0,0,1,1,23,1,expected
2018-10-25 19:13:10.792132,491,52.46.132.49,443,3.0,0,1,1,23,1,expected
2018-10-25 19:13:10.856104,491,52.46.132.49,443,3.0,0,1,1,23,1,expected
2018-10-25 19:13:10.911703,491,52.46.132.49,443,3.0,0,1,1,23,1,expected
2018-10-25 19:13:10.947570,491,52.46.132.49,443,3.0,0,1,1,23,1,expected
2018-10-25 19:13:10.999475,491,52.46.132.49,443,3.0,0,1,1,23,1,expected
2018-10-25 19:13:11.064831,491,52.46.132.49,443,3.0,0,1,1,23,1,expected
2018-10-25 19:13:11.090951,491,52.46.132.49,443,3.0,0,1,1,23,1,expected
2018-10-25 19:13:11.162488,491,52.46.132.49,443,3.0,0,1,1,23,1,expected
2018-10-25 19:13:11.186764,491,52.46.132.49,443,3.0,0,1,1,23,1,expected
2018-10-25 19:13:11.257948,491,52.46.132.49,443,3.0,0,1,1,23,1,expected
2018-10-25 19:13:11.300695,491,52.46.132.49,443,3.0,0,1,1,23,1,expected
2018-10-25 19:13:11.352674,491,52.46.132.49,443,3.0,0,1,1,23,1,expected
2018-10-25 19:13:11.404063,491,52.46.132.49,443,3.0,0,1,1,23,1,expected
2018-10-25 19:13:11.464438,491,52.46.132.49,443,3.0,0,1,1,23,1,expected
2018-10-25 19:13:11.489955,491,52.46.132.49,443,3.0,0,1,1,23,1,expected
2018-10-25 19:13:11.562680,491,52.46.132.49,443,3.0,0,1,1,23,1,expected
2018-10-25 19:13:11.587364,491,52.46.132.49,443,3.0,0,1,1,23,1,expected
2018-10-25 19:13:11.657318,491,52.46.132.49,443,3.0,0,1,1,23,1,expected
2018-10-25 19:13:11.701888,491,52.46.132.49,443,3.0,0,1,1,23,1,expected
2018-10-25 19:13:11.752329,54,52.46.132.49,443,1.0,30725,1,1,,1,ack
2018-10-25 19:13:11.752863,491,52.46.132.49,443,3.0,0,1,1,23,1,expected
2018-10-25 19:13:11.813997,491,52.46.132.49,443,3.0,0,1,1,23,1,expected
2018-10-25 19:13:11.871708,491,52.46.132.49,443,3.0,0,1,1,23,1,expected
2018-10-25 19:13:11.893984,491,52.46.132.49,443,3.0,0,1,1,23,1,expected
2018-10-25 19:13:11.928443,54,52.46.132.49,443,1.0,176,1,1,,1,ack
2018-10-25 19:13:11.953735,491,52.46.132.49,443,3.0,0,1,1,23,1,expected
2018-10-25 19:13:11.990799,491,52.46.132.49,443,3.0,0,1,1,23,1,expected
2018-10-25 19:13:12.058531,491,52.46.132.49,443,3.0,0,1,1,23,1,expected
2018-10-25 19:13:12.111397,491,52.46.132.49,443,3.0,0,1,1,23,1,expected
2018-10-25 19:13:12.152797,491,52.46.132.49,443,3.0,0,1,1,23,1,expected
2018-10-25 19:13:12.198399,491,52.46.132.49,443,3.0,0,1,1,23,1,expected
2018-10-25 19:13:12.215241,54,52.46.132.49,443,1.0,286,1,1,,1,ack
2018-10-25 19:13:12.215388,54,52.46.132.49,443,1.0,0,1,1,,1,ack
2018-10-25 19:13:12.216343,54,52.46.132.49,443,1.0,0,1,1,,1,ack
2018-10-25 19:13:12.315624,54,52.46.132.49,443,1.0,99,1,1,,1,ack
2018-10-25 19:13:12.315860,491,52.46.132.49,443,3.0,0,1,1,23,1,expected
2018-10-25 19:13:12.315880,491,52.46.132.49,443,3.0,0,1,1,23,1,expected
2018-10-25 19:13:12.315908,54,52.46.132.49,443,1.0,0,1,1,,1,ack
2018-10-25 19:13:12.316116,91,52.46.132.49,443,3.0,0,1,1,23,1,expected
2018-10-25 19:13:12.316199,91,52.46.132.49,443,3.0,0,1,1,23,1,expected
2018-10-25 19:13:12.317001,54,52.46.132.49,443,1.0,1,1,1,,1,ack
2018-10-25 19:13:12.407024,54,52.46.132.49,443,1.0,90,1,1,,1,ack
2018-10-25 19:13:12.451380,91,52.46.132.49,443,1.0,44,1,1,,1,not_relevant
2018-10-25 19:13:12.451473,54,52.46.132.49,443,1.0,0,1,1,,1,ack
2018-10-25 19:13:12.451545,54,52.46.132.49,443,1.0,0,1,1,,1,ack
2018-10-25 19:13:12.451616,54,52.46.132.49,443,1.0,0,1,1,,1,ack
2018-10-25 19:13:12.451686,54,52.46.132.49,443,1.0,0,1,1,,1,ack
2018-10-25 19:13:12.451757,54,52.46.132.49,443,1.0,0,1,1,,1,ack
2018-10-25 19:13:12.451842,54,52.46.132.49,443,1.0,0,1,1,,1,ack
2018-10-25 19:13:12.451913,54,52.46.132.49,443,1.0,0,1,1,,1,ack
2018-10-25 19:13:12.451983,54,52.46.132.49,443,1.0,0,1,1,,1,ack
2018-10-25 19:13:12.452055,54,52.46.132.49,443,1.0,0,1,1,,1,ack
2018-10-25 19:13:12.452126,54,52.46.132.49,443,1.0,0,1,1,,1,ack
2018-10-25 19:13:12.452198,99,52.46.132.49,443,3.0,0,1,1,23,1,expected
2018-10-25 19:13:12.452286,303,52.46.132.49,443,3.0,0,1,1,23,1,expected
2018-10-25 19:13:12.599495,54,52.46.132.49,443,1.0,147,1,1,,1,ack
2018-10-25 19:13:12.743318,77,104.154.127.141,4070,2.0,0,1,1,,1,syn
2018-10-25 19:13:12.763089,66,104.154.127.141,4070,1.0,4219,1,1,,1,ack
2018-10-25 19:13:17.233860,175,52.46.132.49,443,3.0,0,1,1,23,1,expected
2018-10-25 19:13:42.763528,77,104.154.127.141,4070,2.0,0,1,1,,1,syn
2018-10-25 19:13:42.782304,66,104.154.127.141,4070,1.0,30019,1,1,,1,ack
2018-10-25 19:13:47.254349,95,52.46.132.49,443,3.0,0,1,1,23,1,expected
2018-10-25 19:13:47.311835,54,52.46.132.49,443,1.0,34712,1,1,,1,ack
2018-10-25 19:13:48.782131,285,52.46.132.49,443,3.0,0,1,1,23,1,expected
2018-10-25 19:13:48.784965,937,52.46.132.49,443,3.0,0,1,1,23,1,expected
2018-10-25 19:13:48.798700,231,52.46.132.49,443,3.0,0,1,1,23,1,expected
2018-10-25 19:13:48.841317,891,52.46.132.49,443,3.0,0,1,1,23,1,expected
2018-10-25 19:13:48.843955,1514,52.46.132.49,443,1.0,1532,1,1,,1,not_relevant
2018-10-25 19:13:48.843987,1514,52.46.132.49,443,3.0,0,1,1,23,1,expected
2018-10-25 19:13:48.844009,948,52.46.132.49,443,3.0,0,1,1,23,1,expected
2018-10-25 19:13:48.844062,491,52.46.132.49,443,3.0,0,1,1,23,1,expected
2018-10-25 19:13:48.844157,491,52.46.132.49,443,3.0,0,1,1,23,1,expected
2018-10-25 19:13:48.844484,491,52.46.132.49,443,3.0,0,1,1,23,1,expected
2018-10-25 19:13:48.863318,1031,52.46.132.49,443,3.0,0,1,1,23,1,expected
2018-10-25 19:13:48.863348,54,52.46.132.49,443,1.0,19,1,1,,1,ack
2018-10-25 19:13:48.881817,1291,52.46.132.49,443,3.0,0,1,1,23,1,expected
2018-10-25 19:13:48.882535,1514,52.46.132.49,443,3.0,0,1,1,23,1,expected
2018-10-25 19:13:48.882569,1514,52.46.132.49,443,3.0,0,1,1,23,1,expected
2018-10-25 19:13:48.882592,1245,52.46.132.49,443,3.0,0,1,1,23,1,expected
2018-10-25 19:13:48.884909,891,52.46.132.49,443,3.0,0,1,1,23,1,expected
2018-10-25 19:13:48.885249,491,52.46.132.49,443,3.0,0,1,1,23,1,expected
2018-10-25 19:13:48.945522,54,52.46.132.49,443,1.0,82,1,1,,1,ack
2018-10-25 19:13:48.952377,491,52.46.132.49,443,3.0,0,1,1,23,1,expected
2018-10-25 19:13:48.988833,491,52.46.132.49,443,3.0,0,1,1,23,1,expected
2018-10-25 19:13:49.051707,491,52.46.132.49,443,3.0,0,1,1,23,1,expected
2018-10-25 19:13:49.078058,491,52.46.132.49,443,3.0,0,1,1,23,1,expected
2018-10-25 19:13:49.147711,491,52.46.132.49,443,3.0,0,1,1,23,1,expected
2018-10-25 19:13:49.195241,491,52.46.132.49,443,3.0,0,1,1,23,1,expected
2018-10-25 19:13:49.240366,491,52.46.132.49,443,3.0,0,1,1,23,1,expected
2018-10-25 19:13:49.293289,491,52.46.132.49,443,3.0,0,1,1,23,1,expected
2018-10-25 19:13:49.360519,491,52.46.132.49,443,3.0,0,1,1,23,1,expected
2018-10-25 19:13:49.379391,74,54.239.25.214,443,1.0,199305629,0,1,,1,retransmit
2018-10-25 19:13:49.381963,491,52.46.132.49,443,3.0,0,1,1,23,1,expected
2018-10-25 19:13:49.397378,54,54.239.25.214,443,1.0,17,1,1,,1,ack
2018-10-25 19:13:49.398954,571,54.239.25.214,443,3.0,0,1,1,22,1,handshake
2018-10-25 19:13:49.421112,54,54.239.25.214,443,1.0,23,1,1,,1,ack
2018-10-25 19:13:49.421340,54,54.239.25.214,443,1.0,0,1,1,,1,ack
2018-10-25 19:13:49.421491,54,54.239.25.214,443,1.0,0,1,1,,1,ack
2018-10-25 19:13:49.422063,54,54.239.25.214,443,1.0,0,1,1,,1,ack
2018-10-25 19:13:49.444726,491,52.46.132.49,443,3.0,0,1,1,23,1,expected
2018-10-25 19:13:49.544424,204,54.239.25.214,443,3.0,0,1,1,22,1,handshake
2018-10-25 19:13:49.544776,491,52.46.132.49,443,3.0,0,1,1,23,1,expected
2018-10-25 19:13:49.549510,491,52.46.132.49,443,3.0,0,1,1,23,1,expected
2018-10-25 19:13:49.566392,695,54.239.25.214,443,3.0,0,1,1,23,1,expected
2018-10-25 19:13:49.566407,1514,54.239.25.214,443,3.0,0,1,1,23,1,expected
2018-10-25 19:13:49.566419,1514,54.239.25.214,443,3.0,0,1,1,23,1,expected
2018-10-25 19:13:49.566430,1514,54.239.25.214,443,1.0,144,1,1,,1,not_relevant
2018-10-25 19:13:49.567609,1514,54.239.25.214,443,3.0,0,1,1,23,1,expected
2018-10-25 19:13:49.567626,1514,54.239.25.214,443,3.0,0,1,1,23,1,expected
2018-10-25 19:13:49.567638,1514,54.239.25.214,443,3.0,0,1,1,23,1,expected
2018-10-25 19:13:49.567651,1514,54.239.25.214,443,1.0,1,1,1,,1,not_relevant
2018-10-25 19:13:49.567661,1514,54.239.25.214,443,3.0,0,1,1,23,1,expected
2018-10-25 19:13:49.639992,491,52.46.132.49,443,3.0,0,1,1,23,1,expected
2018-10-25 19:13:49.684585,185,54.239.25.214,443,3.0,0,1,1,23,1,expected
2018-10-25 19:13:49.685466,491,52.46.132.49,443,3.0,0,1,1,23,1,expected
2018-10-25 19:13:49.685480,491,52.46.132.49,443,3.0,0,1,1,23,1,expected
2018-10-25 19:13:49.718477,54,54.239.25.214,443,1.0,150,1,1,,1,ack
2018-10-25 19:13:49.763547,491,52.46.132.49,443,3.0,0,1,1,23,1,expected
2018-10-25 19:13:49.796234,491,52.46.132.49,443,3.0,0,1,1,23,1,expected
2018-10-25 19:13:49.849931,491,52.46.132.49,443,3.0,0,1,1,23,1,expected
2018-10-25 19:13:49.879630,491,52.46.132.49,443,3.0,0,1,1,23,1,expected
2018-10-25 19:13:49.952741,491,52.46.132.49,443,3.0,0,1,1,23,1,expected
2018-10-25 19:13:49.999452,491,52.46.132.49,443,3.0,0,1,1,23,1,expected
2018-10-25 19:13:50.037250,491,52.46.132.49,443,3.0,0,1,1,23,1,expected
2018-10-25 19:13:50.138310,491,52.46.132.49,443,3.0,0,1,1,23,1,expected
2018-10-25 19:13:50.145978,491,52.46.132.49,443,3.0,0,1,1,23,1,expected
2018-10-25 19:13:50.180657,491,52.46.132.49,443,3.0,0,1,1,23,1,expected
2018-10-25 19:13:50.245971,491,52.46.132.49,443,3.0,0,1,1,23,1,expected
2018-10-25 19:13:50.277337,491,52.46.132.49,443,3.0,0,1,1,23,1,expected
2018-10-25 19:13:50.341347,491,52.46.132.49,443,3.0,0,1,1,23,1,expected
2018-10-25 19:13:50.386341,491,52.46.132.49,443,3.0,0,1,1,23,1,expected
2018-10-25 19:13:50.435512,491,52.46.132.49,443,3.0,0,1,1,23,1,expected
2018-10-25 19:13:50.490713,491,52.46.132.49,443,3.0,0,1,1,23,1,expected
2018-10-25 19:13:50.549579,491,52.46.132.49,443,3.0,0,1,1,23,1,expected
2018-10-25 19:13:50.580718,491,52.46.132.49,443,3.0,0,1,1,23,1,expected
2018-10-25 19:13:50.646951,491,52.46.132.49,443,3.0,0,1,1,23,1,expected
2018-10-25 19:13:50.679416,491,52.46.132.49,443,3.0,0,1,1,23,1,expected
2018-10-25 19:13:50.744491,491,52.46.132.49,443,3.0,0,1,1,23,1,expected
2018-10-25 19:13:50.789557,491,52.46.132.49,443,3.0,0,1,1,23,1,expected
2018-10-25 19:13:50.806982,54,52.46.132.49,443,1.0,1861,1,1,,1,ack
2018-10-25 19:13:50.835697,491,52.46.132.49,443,3.0,0,1,1,23,1,expected
2018-10-25 19:13:50.884656,491,52.46.132.49,443,3.0,0,1,1,23,1,expected
2018-10-25 19:13:50.950519,491,52.46.132.49,443,3.0,0,1,1,23,1,expected
2018-10-25 19:13:50.980730,491,52.46.132.49,443,3.0,0,1,1,23,1,expected
2018-10-25 19:13:51.051232,491,52.46.132.49,443,3.0,0,1,1,23,1,expected
2018-10-25 19:13:51.075074,491,52.46.132.49,443,3.0,0,1,1,23,1,expected
2018-10-25 19:13:51.150030,491,52.46.132.49,443,3.0,0,1,1,23,1,expected
2018-10-25 19:13:51.194328,491,52.46.132.49,443,3.0,0,1,1,23,1,expected
2018-10-25 19:13:51.244017,491,52.46.132.49,443,3.0,0,1,1,23,1,expected
2018-10-25 19:13:51.291338,491,52.46.132.49,443,3.0,0,1,1,23,1,expected
2018-10-25 19:13:51.352224,491,52.46.132.49,443,3.0,0,1,1,23,1,expected
2018-10-25 19:13:51.382437,491,52.46.132.49,443,3.0,0,1,1,23,1,expected
2018-10-25 19:13:51.445271,491,52.46.132.49,443,3.0,0,1,1,23,1,expected
2018-10-25 19:13:51.479929,491,52.46.132.49,443,3.0,0,1,1,23,1,expected
2018-10-25 19:13:51.547272,491,52.46.132.49,443,3.0,0,1,1,23,1,expected
2018-10-25 19:13:51.598751,491,52.46.132.49,443,3.0,0,1,1,23,1,expected
2018-10-25 19:13:51.651851,491,52.46.132.49,443,3.0,0,1,1,23,1,expected
2018-10-25 19:13:51.670379,54,52.46.132.49,443,1.0,863,1,1,,1,ack
2018-10-25 19:13:51.689142,491,52.46.132.49,443,3.0,0,1,1,23,1,expected
2018-10-25 19:13:51.759948,491,52.46.132.49,443,3.0,0,1,1,23,1,expected
2018-10-25 19:13:51.780334,491,52.46.132.49,443,3.0,0,1,1,23,1,expected
2018-10-25 19:13:51.853185,491,52.46.132.49,443,3.0,0,1,1,23,1,expected
2018-10-25 19:13:51.879928,54,52.46.132.49,443,1.0,209,1,1,,1,ack
2018-10-25 19:13:51.884750,54,52.46.132.49,443,1.0,4,1,1,,1,ack
2018-10-25 19:13:51.885714,54,52.46.132.49,443,1.0,0,1,1,,1,ack
2018-10-25 19:13:51.934602,491,52.46.132.49,443,3.0,0,1,1,23,1,expected
2018-10-25 19:13:51.937577,54,52.46.132.49,443,1.0,51,1,1,,1,ack
2018-10-25 19:13:51.937703,54,52.46.132.49,443,1.0,0,1,1,,1,ack
2018-10-25 19:13:51.938369,54,52.46.132.49,443,1.0,0,1,1,,1,ack
2018-10-25 19:13:51.939451,99,52.46.132.49,443,3.0,0,1,1,23,1,expected
2018-10-25 19:13:51.939567,54,52.46.132.49,443,1.0,1,1,1,,1,ack
2018-10-25 19:13:51.941165,54,52.46.132.49,443,1.0,1,1,1,,1,ack
2018-10-25 19:13:51.941510,54,52.46.132.49,443,1.0,0,1,1,,1,ack
2018-10-25 19:13:51.954076,54,52.46.132.49,443,1.0,12,1,1,,1,ack
2018-10-25 19:13:51.966653,491,52.46.132.49,443,3.0,0,1,1,23,1,expected
2018-10-25 19:13:52.004527,491,52.46.132.49,443,3.0,0,1,1,23,1,expected
2018-10-25 19:13:52.027034,91,52.46.132.49,443,3.0,0,1,1,23,1,expected
2018-10-25 19:13:52.027312,91,52.46.132.49,443,3.0,0,1,1,23,1,expected
2018-10-25 19:13:52.070074,303,52.46.132.49,443,3.0,0,1,1,23,1,expected
2018-10-25 19:13:52.248229,54,52.46.132.49,443,1.0,294,1,1,,1,ack
2018-10-25 19:13:56.018598,176,52.46.132.49,443,3.0,0,1,1,23,1,expected
2018-10-25 19:13:56.018863,66,54.239.25.214,443,1.0,6300,1,1,,1,ack
2018-10-25 19:13:57.772587,54,54.239.25.214,443,1.0,1753,1,1,,1,ack
