2018-10-22 11:15:30.683450,95,52.46.136.77,443,3.0,0,1,1,23,1,expected
2018-10-22 11:15:30.724503,54,52.46.136.77,443,1.0,0,1,1,,1,ack
2018-10-22 11:15:32.561949,288,52.46.136.77,443,3.0,0,1,1,23,1,expected
2018-10-22 11:15:32.620218,936,52.46.136.77,443,3.0,0,1,1,23,1,expected
2018-10-22 11:15:32.642518,1291,52.46.136.77,443,3.0,0,1,1,23,1,expected
2018-10-22 11:15:32.644253,491,52.46.136.77,443,3.0,0,1,1,23,1,expected
2018-10-22 11:15:32.644284,491,52.46.136.77,443,3.0,0,1,1,23,1,expected
2018-10-22 11:15:32.644352,491,52.46.136.77,443,3.0,0,1,1,23,1,expected
2018-10-22 11:15:32.649096,491,52.46.136.77,443,3.0,0,1,1,23,1,expected
2018-10-22 11:15:32.650429,491,52.46.136.77,443,3.0,0,1,1,23,1,expected
2018-10-22 11:15:32.659794,491,52.46.136.77,443,3.0,0,1,1,23,1,expected
2018-10-22 11:15:32.662186,1031,52.46.136.77,443,3.0,0,1,1,23,1,expected
2018-10-22 11:15:32.675734,491,52.46.136.77,443,3.0,0,1,1,23,1,expected
2018-10-22 11:15:32.676446,1431,52.46.136.77,443,3.0,0,1,1,23,1,expected
2018-10-22 11:15:32.677937,491,52.46.136.77,443,3.0,0,1,1,23,1,expected
2018-10-22 11:15:32.681343,491,52.46.136.77,443,3.0,0,1,1,23,1,expected
2018-10-22 11:15:32.681722,891,52.46.136.77,443,3.0,0,1,1,23,1,expected
2018-10-22 11:15:32.687767,491,52.46.136.77,443,3.0,0,1,1,23,1,expected
2018-10-22 11:15:32.691374,491,52.46.136.77,443,3.0,0,1,1,23,1,expected
2018-10-22 11:15:32.692629,491,52.46.136.77,443,3.0,0,1,1,23,1,expected
2018-10-22 11:15:32.693355,491,52.46.136.77,443,3.0,0,1,1,23,1,expected
2018-10-22 11:15:32.695807,491,52.46.136.77,443,3.0,0,1,1,23,1,expected
2018-10-22 11:15:32.696546,491,52.46.136.77,443,3.0,0,1,1,23,1,expected
2018-10-22 11:15:32.697219,491,52.46.136.77,443,3.0,0,1,1,23,1,expected
2018-10-22 11:15:32.697717,491,52.46.136.77,443,3.0,0,1,1,23,1,expected
2018-10-22 11:15:32.726639,491,52.46.136.77,443,3.0,0,1,1,23,1,expected
2018-10-22 11:15:32.741714,491,52.46.136.77,443,3.0,0,1,1,23,1,expected
2018-10-22 11:15:32.806120,491,52.46.136.77,443,3.0,0,1,1,23,1,expected
2018-10-22 11:15:32.807433,54,52.46.136.77,443,1.0,2082,1,1,,1,ack
2018-10-22 11:15:32.851719,491,52.46.136.77,443,3.0,0,1,1,23,1,expected
2018-10-22 11:15:32.903924,491,52.46.136.77,443,3.0,0,1,1,23,1,expected
2018-10-22 11:15:32.957227,491,52.46.136.77,443,3.0,0,1,1,23,1,expected
2018-10-22 11:15:33.015802,491,52.46.136.77,443,3.0,0,1,1,23,1,expected
2018-10-22 11:15:33.046465,491,52.46.136.77,443,3.0,0,1,1,23,1,expected
2018-10-22 11:15:33.112676,491,52.46.136.77,443,3.0,0,1,1,23,1,expected
2018-10-22 11:15:33.148836,491,52.46.136.77,443,3.0,0,1,1,23,1,expected
2018-10-22 11:15:33.209702,491,52.46.136.77,443,3.0,0,1,1,23,1,expected
2018-10-22 11:15:33.255654,491,52.46.136.77,443,3.0,0,1,1,23,1,expected
2018-10-22 11:15:33.308183,491,52.46.136.77,443,3.0,0,1,1,23,1,expected
2018-10-22 11:15:33.347178,491,52.46.136.77,443,3.0,0,1,1,23,1,expected
2018-10-22 11:15:33.417949,491,52.46.136.77,443,3.0,0,1,1,23,1,expected
2018-10-22 11:15:33.444147,491,52.46.136.77,443,3.0,0,1,1,23,1,expected
2018-10-22 11:15:33.462551,54,52.46.136.77,443,1.0,655,1,1,,1,ack
2018-10-22 11:15:33.509825,491,52.46.136.77,443,3.0,0,1,1,23,1,expected
2018-10-22 11:15:33.539043,491,52.46.136.77,443,3.0,0,1,1,23,1,expected
2018-10-22 11:15:33.609828,491,52.46.136.77,443,3.0,0,1,1,23,1,expected
2018-10-22 11:15:33.658703,491,52.46.136.77,443,3.0,0,1,1,23,1,expected
2018-10-22 11:15:33.697413,491,52.46.136.77,443,3.0,0,1,1,23,1,expected
2018-10-22 11:15:33.769911,491,52.46.136.77,443,3.0,0,1,1,23,1,expected
2018-10-22 11:15:33.846108,491,52.46.136.77,443,3.0,0,1,1,23,1,expected
2018-10-22 11:15:33.846337,491,52.46.136.77,443,3.0,0,1,1,23,1,expected
2018-10-22 11:15:33.946038,491,52.46.136.77,443,3.0,0,1,1,23,1,expected
2018-10-22 11:15:34.013609,491,52.46.136.77,443,3.0,0,1,1,23,1,expected
2018-10-22 11:15:34.014764,491,52.46.136.77,443,3.0,0,1,1,23,1,expected
2018-10-22 11:15:34.098333,491,52.46.136.77,443,3.0,0,1,1,23,1,expected
2018-10-22 11:15:34.110527,491,52.46.136.77,443,3.0,0,1,1,23,1,expected
2018-10-22 11:15:34.157495,491,52.46.136.77,443,3.0,0,1,1,23,1,expected
2018-10-22 11:15:34.245184,491,52.46.136.77,443,3.0,0,1,1,23,1,expected
2018-10-22 11:15:34.258100,491,52.46.136.77,443,3.0,0,1,1,23,1,expected
2018-10-22 11:15:34.305657,491,52.46.136.77,443,3.0,0,1,1,23,1,expected
2018-10-22 11:15:34.352628,491,52.46.136.77,443,3.0,0,1,1,23,1,expected
2018-10-22 11:15:34.436667,491,52.46.136.77,443,3.0,0,1,1,23,1,expected
2018-10-22 11:15:34.457390,491,52.46.136.77,443,3.0,0,1,1,23,1,expected
2018-10-22 11:15:34.501814,491,52.46.136.77,443,3.0,0,1,1,23,1,expected
2018-10-22 11:15:34.563830,491,52.46.136.77,443,3.0,0,1,1,23,1,expected
2018-10-22 11:15:34.564154,54,52.46.136.77,443,1.0,1101,1,1,,1,ack
2018-10-22 11:15:34.622472,491,52.46.136.77,443,3.0,0,1,1,23,1,expected
2018-10-22 11:15:34.643004,491,52.46.136.77,443,3.0,0,1,1,23,1,expected
2018-10-22 11:15:34.712942,491,52.46.136.77,443,3.0,0,1,1,23,1,expected
2018-10-22 11:15:34.740151,491,52.46.136.77,443,3.0,0,1,1,23,1,expected
2018-10-22 11:15:34.805226,491,52.46.136.77,443,3.0,0,1,1,23,1,expected
2018-10-22 11:15:34.826155,54,52.46.136.77,443,1.0,262,1,1,,1,ack
2018-10-22 11:15:34.851567,491,52.46.136.77,443,3.0,0,1,1,23,1,expected
2018-10-22 11:15:34.906493,491,52.46.136.77,443,3.0,0,1,1,23,1,expected
2018-10-22 11:15:34.910471,204,52.46.136.77,443,3.0,0,1,1,23,1,expected
2018-10-22 11:15:34.958290,491,52.46.136.77,443,3.0,0,1,1,23,1,expected
2018-10-22 11:15:35.014348,491,52.46.136.77,443,3.0,0,1,1,23,1,expected
2018-10-22 11:15:35.053745,491,52.46.136.77,443,3.0,0,1,1,23,1,expected
2018-10-22 11:15:35.120924,491,52.46.136.77,443,3.0,0,1,1,23,1,expected
2018-10-22 11:15:35.142540,491,52.46.136.77,443,3.0,0,1,1,23,1,expected
2018-10-22 11:15:35.208781,491,52.46.136.77,443,3.0,0,1,1,23,1,expected
2018-10-22 11:15:35.254337,491,52.46.136.77,443,3.0,0,1,1,23,1,expected
2018-10-22 11:15:35.304102,491,52.46.136.77,443,3.0,0,1,1,23,1,expected
2018-10-22 11:15:35.357090,491,52.46.136.77,443,3.0,0,1,1,23,1,expected
2018-10-22 11:15:35.358104,54,52.46.136.77,443,1.0,531,1,1,,1,ack
2018-10-22 11:15:35.358976,54,52.46.136.77,443,1.0,0,1,1,,1,ack
2018-10-22 11:15:35.414165,54,52.46.136.77,443,1.0,55,1,1,,1,ack
2018-10-22 11:15:35.422977,54,52.46.136.77,443,1.0,8,1,1,,1,ack
2018-10-22 11:15:35.423130,54,52.46.136.77,443,1.0,0,1,1,,1,ack
2018-10-22 11:15:35.423221,54,52.46.136.77,443,1.0,0,1,1,,1,ack
2018-10-22 11:15:35.423338,491,52.46.136.77,443,3.0,0,1,1,23,1,expected
2018-10-22 11:15:35.443577,91,52.46.136.77,443,3.0,0,1,1,23,1,expected
2018-10-22 11:15:35.453552,91,52.46.136.77,443,3.0,0,1,1,23,1,expected
2018-10-22 11:15:35.453712,54,52.46.136.77,443,1.0,30,1,1,,1,ack
2018-10-22 11:15:35.457150,335,52.46.136.77,443,3.0,0,1,1,23,1,expected
2018-10-22 11:15:35.969253,54,52.46.136.77,443,1.0,515,1,1,,1,ack
2018-10-22 11:15:35.976922,54,52.46.136.77,443,1.0,7,1,1,,1,ack
2018-10-22 11:15:38.685522,175,52.46.136.77,443,3.0,0,1,1,23,1,expected
2018-10-22 11:15:54.733132,77,104.154.127.232,4070,2.0,0,1,1,,1,syn
2018-10-22 11:15:54.751643,66,104.154.127.232,4070,1.0,0,1,1,,1,ack
2018-10-22 11:15:58.090029,283,52.46.136.77,443,3.0,0,1,1,23,1,expected
2018-10-22 11:15:58.124802,930,52.46.136.77,443,3.0,0,1,1,23,1,expected
2018-10-22 11:15:58.147697,231,52.46.136.77,443,3.0,0,1,1,23,1,expected
2018-10-22 11:15:58.147761,631,52.46.136.77,443,3.0,0,1,1,23,1,expected
2018-10-22 11:15:58.170397,1291,52.46.136.77,443,3.0,0,1,1,23,1,expected
2018-10-22 11:15:58.181775,1291,52.46.136.77,443,3.0,0,1,1,23,1,expected
2018-10-22 11:15:58.212259,1514,52.46.136.77,443,1.0,22235,1,1,,1,not_relevant
2018-10-22 11:15:58.212290,1171,52.46.136.77,443,3.0,0,1,1,23,1,expected
2018-10-22 11:15:58.213480,491,52.46.136.77,443,3.0,0,1,1,23,1,expected
2018-10-22 11:15:58.214635,491,52.46.136.77,443,3.0,0,1,1,23,1,expected
2018-10-22 11:15:58.215606,491,52.46.136.77,443,3.0,0,1,1,23,1,expected
2018-10-22 11:15:58.219128,491,52.46.136.77,443,3.0,0,1,1,23,1,expected
2018-10-22 11:15:58.220602,491,52.46.136.77,443,3.0,0,1,1,23,1,expected
2018-10-22 11:15:58.220629,491,52.46.136.77,443,3.0,0,1,1,23,1,expected
2018-10-22 11:15:58.220649,491,52.46.136.77,443,3.0,0,1,1,23,1,expected
2018-10-22 11:15:58.243816,491,52.46.136.77,443,3.0,0,1,1,23,1,expected
2018-10-22 11:15:58.248014,54,52.46.136.77,443,1.0,35,1,1,,1,ack
2018-10-22 11:15:58.299253,491,52.46.136.77,443,3.0,0,1,1,23,1,expected
2018-10-22 11:15:58.324196,491,52.46.136.77,443,3.0,0,1,1,23,1,expected
2018-10-22 11:15:58.399814,491,52.46.136.77,443,3.0,0,1,1,23,1,expected
2018-10-22 11:15:58.421893,491,52.46.136.77,443,3.0,0,1,1,23,1,expected
2018-10-22 11:15:58.515579,491,52.46.136.77,443,3.0,0,1,1,23,1,expected
2018-10-22 11:15:58.532667,491,52.46.136.77,443,3.0,0,1,1,23,1,expected
2018-10-22 11:15:58.586008,491,52.46.136.77,443,3.0,0,1,1,23,1,expected
2018-10-22 11:15:58.638371,491,52.46.136.77,443,3.0,0,1,1,23,1,expected
2018-10-22 11:15:58.696815,491,52.46.136.77,443,3.0,0,1,1,23,1,expected
2018-10-22 11:15:58.725341,491,52.46.136.77,443,3.0,0,1,1,23,1,expected
2018-10-22 11:15:58.743547,54,52.46.136.77,443,1.0,495,1,1,,1,ack
2018-10-22 11:15:58.801222,491,52.46.136.77,443,3.0,0,1,1,23,1,expected
2018-10-22 11:15:58.826829,491,52.46.136.77,443,3.0,0,1,1,23,1,expected
2018-10-22 11:15:58.888701,491,52.46.136.77,443,3.0,0,1,1,23,1,expected
2018-10-22 11:15:58.934736,491,52.46.136.77,443,3.0,0,1,1,23,1,expected
2018-10-22 11:15:58.979435,491,52.46.136.77,443,3.0,0,1,1,23,1,expected
2018-10-22 11:15:59.041608,491,52.46.136.77,443,3.0,0,1,1,23,1,expected
2018-10-22 11:15:59.100690,491,52.46.136.77,443,3.0,0,1,1,23,1,expected
2018-10-22 11:15:59.128218,491,52.46.136.77,443,3.0,0,1,1,23,1,expected
2018-10-22 11:15:59.215062,491,52.46.136.77,443,3.0,0,1,1,23,1,expected
2018-10-22 11:15:59.222108,491,52.46.136.77,443,3.0,0,1,1,23,1,expected
2018-10-22 11:15:59.285862,491,52.46.136.77,443,3.0,0,1,1,23,1,expected
2018-10-22 11:15:59.330155,491,52.46.136.77,443,3.0,0,1,1,23,1,expected
2018-10-22 11:15:59.377740,491,52.46.136.77,443,3.0,0,1,1,23,1,expected
2018-10-22 11:15:59.443358,491,52.46.136.77,443,3.0,0,1,1,23,1,expected
2018-10-22 11:15:59.492259,491,52.46.136.77,443,3.0,0,1,1,23,1,expected
2018-10-22 11:15:59.525668,491,52.46.136.77,443,3.0,0,1,1,23,1,expected
2018-10-22 11:15:59.601182,491,52.46.136.77,443,3.0,0,1,1,23,1,expected
2018-10-22 11:15:59.620376,491,52.46.136.77,443,3.0,0,1,1,23,1,expected
2018-10-22 11:15:59.690150,491,52.46.136.77,443,3.0,0,1,1,23,1,expected
2018-10-22 11:15:59.734610,491,52.46.136.77,443,3.0,0,1,1,23,1,expected
2018-10-22 11:15:59.782193,491,52.46.136.77,443,3.0,0,1,1,23,1,expected
2018-10-22 11:15:59.841236,491,52.46.136.77,443,3.0,0,1,1,23,1,expected
2018-10-22 11:15:59.915053,491,52.46.136.77,443,3.0,0,1,1,23,1,expected
2018-10-22 11:15:59.923508,491,52.46.136.77,443,3.0,0,1,1,23,1,expected
2018-10-22 11:16:00.002636,491,52.46.136.77,443,3.0,0,1,1,23,1,expected
2018-10-22 11:16:00.022614,491,52.46.136.77,443,3.0,0,1,1,23,1,expected
2018-10-22 11:16:00.090555,491,52.46.136.77,443,3.0,0,1,1,23,1,expected
2018-10-22 11:16:00.133975,491,52.46.136.77,443,3.0,0,1,1,23,1,expected
2018-10-22 11:16:00.181207,491,52.46.136.77,443,3.0,0,1,1,23,1,expected
2018-10-22 11:16:00.240780,491,52.46.136.77,443,3.0,0,1,1,23,1,expected
2018-10-22 11:16:00.295392,491,52.46.136.77,443,3.0,0,1,1,23,1,expected
2018-10-22 11:16:00.327718,491,52.46.136.77,443,3.0,0,1,1,23,1,expected
2018-10-22 11:16:00.402512,491,52.46.136.77,443,3.0,0,1,1,23,1,expected
2018-10-22 11:16:00.425899,491,52.46.136.77,443,3.0,0,1,1,23,1,expected
2018-10-22 11:16:00.489822,491,52.46.136.77,443,3.0,0,1,1,23,1,expected
2018-10-22 11:16:00.535994,491,52.46.136.77,443,3.0,0,1,1,23,1,expected
2018-10-22 11:16:00.615496,491,52.46.136.77,443,3.0,0,1,1,23,1,expected
2018-10-22 11:16:00.637972,491,52.46.136.77,443,3.0,0,1,1,23,1,expected
2018-10-22 11:16:00.696290,491,52.46.136.77,443,3.0,0,1,1,23,1,expected
2018-10-22 11:16:00.724767,54,52.46.136.77,443,1.0,1981,1,1,,1,ack
2018-10-22 11:16:00.728786,491,52.46.136.77,443,3.0,0,1,1,23,1,expected
2018-10-22 11:16:00.803261,491,52.46.136.77,443,3.0,0,1,1,23,1,expected
2018-10-22 11:16:00.818809,491,52.46.136.77,443,3.0,0,1,1,23,1,expected
2018-10-22 11:16:00.890273,491,52.46.136.77,443,3.0,0,1,1,23,1,expected
2018-10-22 11:16:00.935341,491,52.46.136.77,443,3.0,0,1,1,23,1,expected
2018-10-22 11:16:00.984670,491,52.46.136.77,443,3.0,0,1,1,23,1,expected
2018-10-22 11:16:01.043546,491,52.46.136.77,443,3.0,0,1,1,23,1,expected
2018-10-22 11:16:01.096016,491,52.46.136.77,443,3.0,0,1,1,23,1,expected
2018-10-22 11:16:01.124662,491,52.46.136.77,443,3.0,0,1,1,23,1,expected
2018-10-22 11:16:01.204337,491,52.46.136.77,443,3.0,0,1,1,23,1,expected
2018-10-22 11:16:01.221408,491,52.46.136.77,443,3.0,0,1,1,23,1,expected
2018-10-22 11:16:01.312652,491,52.46.136.77,443,3.0,0,1,1,23,1,expected
2018-10-22 11:16:01.331718,491,52.46.136.77,443,3.0,0,1,1,23,1,expected
2018-10-22 11:16:01.379847,491,52.46.136.77,443,3.0,0,1,1,23,1,expected
2018-10-22 11:16:01.442008,491,52.46.136.77,443,3.0,0,1,1,23,1,expected
2018-10-22 11:16:01.493119,491,52.46.136.77,443,3.0,0,1,1,23,1,expected
2018-10-22 11:16:01.528963,491,52.46.136.77,443,3.0,0,1,1,23,1,expected
2018-10-22 11:16:01.601400,491,52.46.136.77,443,3.0,0,1,1,23,1,expected
2018-10-22 11:16:01.622352,491,52.46.136.77,443,3.0,0,1,1,23,1,expected
2018-10-22 11:16:01.702814,491,52.46.136.77,443,3.0,0,1,1,23,1,expected
2018-10-22 11:16:01.737424,491,52.46.136.77,443,3.0,0,1,1,23,1,expected
2018-10-22 11:16:01.784495,491,52.46.136.77,443,3.0,0,1,1,23,1,expected
2018-10-22 11:16:01.838634,491,52.46.136.77,443,3.0,0,1,1,23,1,expected
2018-10-22 11:16:01.894559,491,52.46.136.77,443,3.0,0,1,1,23,1,expected
2018-10-22 11:16:01.930635,491,52.46.136.77,443,3.0,0,1,1,23,1,expected
2018-10-22 11:16:02.009327,491,52.46.136.77,443,3.0,0,1,1,23,1,expected
2018-10-22 11:16:02.023476,491,52.46.136.77,443,3.0,0,1,1,23,1,expected
2018-10-22 11:16:02.089081,491,52.46.136.77,443,3.0,0,1,1,23,1,expected
2018-10-22 11:16:02.134455,491,52.46.136.77,443,3.0,0,1,1,23,1,expected
2018-10-22 11:16:02.182335,491,52.46.136.77,443,3.0,0,1,1,23,1,expected
2018-10-22 11:16:02.249185,491,52.46.136.77,443,3.0,0,1,1,23,1,expected
2018-10-22 11:16:02.326090,491,52.46.136.77,443,3.0,0,1,1,23,1,expected
2018-10-22 11:16:02.326442,491,52.46.136.77,443,3.0,0,1,1,23,1,expected
2018-10-22 11:16:02.331298,66,52.46.136.77,443,1.0,1606,1,1,,1,ack
2018-10-22 11:16:02.331389,66,52.46.136.77,443,1.0,0,1,1,,1,ack
2018-10-22 11:16:02.331557,66,52.46.136.77,443,1.0,0,1,1,,1,ack
2018-10-22 11:16:02.331711,66,52.46.136.77,443,1.0,0,1,1,,1,ack
2018-10-22 11:16:02.331781,66,52.46.136.77,443,1.0,0,1,1,,1,ack
2018-10-22 11:16:02.331852,66,52.46.136.77,443,1.0,0,1,1,,1,ack
2018-10-22 11:16:02.331923,66,52.46.136.77,443,1.0,0,1,1,,1,ack
2018-10-22 11:16:02.414536,503,52.46.136.77,443,3.0,0,1,1,23,1,expected
2018-10-22 11:16:02.448001,503,52.46.136.77,443,3.0,0,1,1,23,1,expected
2018-10-22 11:16:02.505807,503,52.46.136.77,443,3.0,0,1,1,23,1,expected
2018-10-22 11:16:02.591001,503,52.46.136.77,443,1.0,259,1,1,,1,not_relevant
2018-10-22 11:16:02.592474,503,52.46.136.77,443,3.0,0,1,1,23,1,expected
2018-10-22 11:16:02.592525,503,52.46.136.77,443,3.0,0,1,1,23,1,expected
2018-10-22 11:16:02.645323,503,52.46.136.77,443,3.0,0,1,1,23,1,expected
2018-10-22 11:16:02.730928,503,52.46.136.77,443,3.0,0,1,1,23,1,expected
2018-10-22 11:16:02.784032,503,52.46.136.77,443,3.0,0,1,1,23,1,expected
2018-10-22 11:16:02.799542,503,52.46.136.77,443,3.0,0,1,1,23,1,expected
2018-10-22 11:16:03.044302,1377,52.46.136.77,443,1.0,453,1,1,,1,not_relevant
2018-10-22 11:16:03.366234,1514,52.46.136.77,443,3.0,0,1,1,23,1,expected
2018-10-22 11:16:03.366519,1514,52.46.136.77,443,3.0,0,1,1,23,1,expected
2018-10-22 11:16:03.366535,1514,52.46.136.77,443,3.0,0,1,1,23,1,expected
2018-10-22 11:16:03.366547,529,52.46.136.77,443,3.0,0,1,1,23,1,expected
2018-10-22 11:16:03.419666,503,52.46.136.77,443,3.0,0,1,1,23,1,expected
2018-10-22 11:16:03.439971,503,52.46.136.77,443,3.0,0,1,1,23,1,expected
2018-10-22 11:16:03.526526,503,52.46.136.77,443,3.0,0,1,1,23,1,expected
2018-10-22 11:16:03.606838,940,52.46.136.77,443,3.0,0,1,1,23,1,expected
2018-10-22 11:16:03.607180,54,52.46.136.77,443,1.0,562,1,1,,1,ack
2018-10-22 11:16:03.623999,491,52.46.136.77,443,3.0,0,1,1,23,1,expected
2018-10-22 11:16:03.668875,91,52.46.136.77,443,3.0,0,1,1,23,1,expected
2018-10-22 11:16:03.979946,337,52.46.136.77,443,3.0,0,1,1,23,1,expected
2018-10-22 11:16:05.299426,99,52.46.136.77,443,3.0,0,1,1,23,1,expected
2018-10-22 11:16:05.318989,54,52.46.136.77,443,1.0,1711,1,1,,1,ack
2018-10-22 11:16:05.338821,54,52.46.136.77,443,1.0,19,1,1,,1,ack
2018-10-22 11:16:05.361132,54,52.46.136.77,443,1.0,22,1,1,,1,ack
2018-10-22 11:16:05.442353,54,52.46.136.77,443,1.0,81,1,1,,1,ack
2018-10-22 11:16:06.912942,174,52.46.136.77,443,3.0,0,1,1,23,1,expected
2018-10-22 11:16:25.247292,77,104.154.127.232,4070,2.0,0,1,1,,1,syn
2018-10-22 11:16:25.283712,66,104.154.127.232,4070,1.0,30532,1,1,,1,ack
2018-10-22 11:16:29.122628,287,52.46.136.77,443,3.0,0,1,1,23,1,expected
2018-10-22 11:16:29.131609,944,52.46.136.77,443,3.0,0,1,1,23,1,expected
2018-10-22 11:16:29.186473,231,52.46.136.77,443,3.0,0,1,1,23,1,expected
2018-10-22 11:16:29.215722,631,52.46.136.77,443,3.0,0,1,1,23,1,expected
2018-10-22 11:16:29.215750,491,52.46.136.77,443,3.0,0,1,1,23,1,expected
2018-10-22 11:16:29.215771,491,52.46.136.77,443,3.0,0,1,1,23,1,expected
2018-10-22 11:16:29.215794,491,52.46.136.77,443,3.0,0,1,1,23,1,expected
2018-10-22 11:16:29.215815,491,52.46.136.77,443,3.0,0,1,1,23,1,expected
2018-10-22 11:16:29.215835,491,52.46.136.77,443,3.0,0,1,1,23,1,expected
2018-10-22 11:16:29.215867,491,52.46.136.77,443,3.0,0,1,1,23,1,expected
2018-10-22 11:16:29.215887,491,52.46.136.77,443,3.0,0,1,1,23,1,expected
2018-10-22 11:16:29.215907,491,52.46.136.77,443,3.0,0,1,1,23,1,expected
2018-10-22 11:16:29.235681,1514,52.46.136.77,443,3.0,0,1,1,23,1,expected
2018-10-22 11:16:29.236101,1514,52.46.136.77,443,3.0,0,1,1,23,1,expected
2018-10-22 11:16:29.237477,1319,52.46.136.77,443,3.0,0,1,1,23,1,expected
2018-10-22 11:16:29.263045,491,52.46.136.77,443,3.0,0,1,1,23,1,expected
2018-10-22 11:16:29.263538,491,52.46.136.77,443,3.0,0,1,1,23,1,expected
2018-10-22 11:16:29.264356,491,52.46.136.77,443,3.0,0,1,1,23,1,expected
2018-10-22 11:16:29.265191,491,52.46.136.77,443,3.0,0,1,1,23,1,expected
2018-10-22 11:16:29.284688,491,52.46.136.77,443,3.0,0,1,1,23,1,expected
2018-10-22 11:16:29.290632,1291,52.46.136.77,443,3.0,0,1,1,23,1,expected
2018-10-22 11:16:29.290661,491,52.46.136.77,443,3.0,0,1,1,23,1,expected
2018-10-22 11:16:29.315918,54,52.46.136.77,443,1.0,23873,1,1,,1,ack
2018-10-22 11:16:29.316208,491,52.46.136.77,443,3.0,0,1,1,23,1,expected
2018-10-22 11:16:29.367785,491,52.46.136.77,443,3.0,0,1,1,23,1,expected
2018-10-22 11:16:29.394891,491,52.46.136.77,443,3.0,0,1,1,23,1,expected
2018-10-22 11:16:29.457640,491,52.46.136.77,443,3.0,0,1,1,23,1,expected
2018-10-22 11:16:29.495198,491,52.46.136.77,443,3.0,0,1,1,23,1,expected
2018-10-22 11:16:29.562903,491,52.46.136.77,443,3.0,0,1,1,23,1,expected
2018-10-22 11:16:29.611423,491,52.46.136.77,443,3.0,0,1,1,23,1,expected
2018-10-22 11:16:29.666177,491,52.46.136.77,443,3.0,0,1,1,23,1,expected
2018-10-22 11:16:29.697740,491,52.46.136.77,443,3.0,0,1,1,23,1,expected
2018-10-22 11:16:29.775113,491,52.46.136.77,443,3.0,0,1,1,23,1,expected
2018-10-22 11:16:29.794677,491,52.46.136.77,443,3.0,0,1,1,23,1,expected
2018-10-22 11:16:29.866350,491,52.46.136.77,443,3.0,0,1,1,23,1,expected
2018-10-22 11:16:29.890505,491,52.46.136.77,443,3.0,0,1,1,23,1,expected
2018-10-22 11:16:29.963371,491,52.46.136.77,443,3.0,0,1,1,23,1,expected
2018-10-22 11:16:30.012764,491,52.46.136.77,443,3.0,0,1,1,23,1,expected
2018-10-22 11:16:30.049976,491,52.46.136.77,443,3.0,0,1,1,23,1,expected
2018-10-22 11:16:30.105881,491,52.46.136.77,443,3.0,0,1,1,23,1,expected
2018-10-22 11:16:30.172013,491,52.46.136.77,443,3.0,0,1,1,23,1,expected
2018-10-22 11:16:30.196369,491,52.46.136.77,443,3.0,0,1,1,23,1,expected
2018-10-22 11:16:30.273943,491,52.46.136.77,443,3.0,0,1,1,23,1,expected
2018-10-22 11:16:30.292050,491,52.46.136.77,443,3.0,0,1,1,23,1,expected
2018-10-22 11:16:30.357969,491,52.46.136.77,443,3.0,0,1,1,23,1,expected
2018-10-22 11:16:30.403331,491,52.46.136.77,443,3.0,0,1,1,23,1,expected
2018-10-22 11:16:30.453069,491,52.46.136.77,443,3.0,0,1,1,23,1,expected
2018-10-22 11:16:30.506552,491,52.46.136.77,443,3.0,0,1,1,23,1,expected
2018-10-22 11:16:30.567384,491,52.46.136.77,443,3.0,0,1,1,23,1,expected
2018-10-22 11:16:30.599836,491,52.46.136.77,443,3.0,0,1,1,23,1,expected
2018-10-22 11:16:30.665736,491,52.46.136.77,443,3.0,0,1,1,23,1,expected
2018-10-22 11:16:30.715389,491,52.46.136.77,443,3.0,0,1,1,23,1,expected
2018-10-22 11:16:30.761696,491,52.46.136.77,443,3.0,0,1,1,23,1,expected
2018-10-22 11:16:30.803386,491,52.46.136.77,443,3.0,0,1,1,23,1,expected
2018-10-22 11:16:30.852340,491,52.46.136.77,443,3.0,0,1,1,23,1,expected
2018-10-22 11:16:30.903744,491,52.46.136.77,443,3.0,0,1,1,23,1,expected
2018-10-22 11:16:30.967245,491,52.46.136.77,443,3.0,0,1,1,23,1,expected
2018-10-22 11:16:30.999113,491,52.46.136.77,443,3.0,0,1,1,23,1,expected
2018-10-22 11:16:31.062030,491,52.46.136.77,443,3.0,0,1,1,23,1,expected
2018-10-22 11:16:31.089947,491,52.46.136.77,443,3.0,0,1,1,23,1,expected
2018-10-22 11:16:31.167524,491,52.46.136.77,443,3.0,0,1,1,23,1,expected
2018-10-22 11:16:31.205311,491,52.46.136.77,443,3.0,0,1,1,23,1,expected
2018-10-22 11:16:31.251437,491,52.46.136.77,443,3.0,0,1,1,23,1,expected
2018-10-22 11:16:31.318480,491,52.46.136.77,443,3.0,0,1,1,23,1,expected
2018-10-22 11:16:31.366258,491,52.46.136.77,443,3.0,0,1,1,23,1,expected
2018-10-22 11:16:31.416088,491,52.46.136.77,443,3.0,0,1,1,23,1,expected
2018-10-22 11:16:31.462993,491,52.46.136.77,443,3.0,0,1,1,23,1,expected
2018-10-22 11:16:31.494443,491,52.46.136.77,443,3.0,0,1,1,23,1,expected
2018-10-22 11:16:31.565976,491,52.46.136.77,443,3.0,0,1,1,23,1,expected
2018-10-22 11:16:31.607890,491,52.46.136.77,443,3.0,0,1,1,23,1,expected
2018-10-22 11:16:31.658772,491,52.46.136.77,443,3.0,0,1,1,23,1,expected
2018-10-22 11:16:31.706912,491,52.46.136.77,443,3.0,0,1,1,23,1,expected
2018-10-22 11:16:31.775154,491,52.46.136.77,443,3.0,0,1,1,23,1,expected
2018-10-22 11:16:31.785102,54,52.46.136.77,443,1.0,2469,1,1,,1,ack
2018-10-22 11:16:31.786139,54,52.46.136.77,443,1.0,1,1,1,,1,ack
2018-10-22 11:16:31.800079,491,52.46.136.77,443,3.0,0,1,1,23,1,expected
2018-10-22 11:16:31.817521,54,52.46.136.77,443,1.0,31,1,1,,1,ack
2018-10-22 11:16:31.817672,54,52.46.136.77,443,1.0,0,1,1,,1,ack
2018-10-22 11:16:31.848406,54,52.46.136.77,443,1.0,30,1,1,,1,ack
2018-10-22 11:16:31.848560,54,52.46.136.77,443,1.0,0,1,1,,1,ack
2018-10-22 11:16:31.858726,491,52.46.136.77,443,3.0,0,1,1,23,1,expected
2018-10-22 11:16:31.867506,54,52.46.136.77,443,1.0,18,1,1,,1,ack
2018-10-22 11:16:31.894796,491,52.46.136.77,443,3.0,0,1,1,23,1,expected
2018-10-22 11:16:31.904549,91,52.46.136.77,443,3.0,0,1,1,23,1,expected
2018-10-22 11:16:31.906485,91,52.46.136.77,443,3.0,0,1,1,23,1,expected
2018-10-22 11:16:31.918339,303,52.46.136.77,443,3.0,0,1,1,23,1,expected
2018-10-22 11:16:32.398667,54,52.46.136.77,443,1.0,531,1,1,,1,ack
2018-10-22 11:16:35.166151,176,52.46.136.77,443,3.0,0,1,1,23,1,expected
2018-10-22 11:16:55.485068,77,104.154.127.232,4070,2.0,0,1,1,,1,syn
2018-10-22 11:16:55.503853,66,104.154.127.232,4070,1.0,30220,1,1,,1,ack
2018-10-22 11:16:57.745826,286,52.46.136.77,443,3.0,0,1,1,23,1,expected
2018-10-22 11:16:57.808653,936,52.46.136.77,443,3.0,0,1,1,23,1,expected
2018-10-22 11:16:57.847131,231,52.46.136.77,443,3.0,0,1,1,23,1,expected
2018-10-22 11:16:57.847160,491,52.46.136.77,443,3.0,0,1,1,23,1,expected
2018-10-22 11:16:57.847193,491,52.46.136.77,443,3.0,0,1,1,23,1,expected
2018-10-22 11:16:57.847214,491,52.46.136.77,443,3.0,0,1,1,23,1,expected
2018-10-22 11:16:57.847242,491,52.46.136.77,443,3.0,0,1,1,23,1,expected
2018-10-22 11:16:57.855903,1031,52.46.136.77,443,3.0,0,1,1,23,1,expected
2018-10-22 11:16:57.864115,1291,52.46.136.77,443,3.0,0,1,1,23,1,expected
2018-10-22 11:16:57.880129,1031,52.46.136.77,443,3.0,0,1,1,23,1,expected
2018-10-22 11:16:57.880560,1291,52.46.136.77,443,3.0,0,1,1,23,1,expected
2018-10-22 11:16:57.881396,231,52.46.136.77,443,3.0,0,1,1,23,1,expected
2018-10-22 11:16:57.881423,891,52.46.136.77,443,3.0,0,1,1,23,1,expected
2018-10-22 11:16:57.882681,491,52.46.136.77,443,3.0,0,1,1,23,1,expected
2018-10-22 11:16:57.882709,491,52.46.136.77,443,3.0,0,1,1,23,1,expected
2018-10-22 11:16:57.883107,491,52.46.136.77,443,3.0,0,1,1,23,1,expected
2018-10-22 11:16:57.883283,491,52.46.136.77,443,3.0,0,1,1,23,1,expected
2018-10-22 11:16:57.897122,928,52.46.136.77,443,3.0,0,1,1,23,1,expected
2018-10-22 11:16:57.898856,491,52.46.136.77,443,3.0,0,1,1,23,1,expected
2018-10-22 11:16:57.899681,491,52.46.136.77,443,3.0,0,1,1,23,1,expected
2018-10-22 11:16:57.901323,491,52.46.136.77,443,3.0,0,1,1,23,1,expected
2018-10-22 11:16:57.903108,491,52.46.136.77,443,3.0,0,1,1,23,1,expected
2018-10-22 11:16:57.939733,491,52.46.136.77,443,3.0,0,1,1,23,1,expected
2018-10-22 11:16:57.979980,54,52.46.136.77,443,1.0,25581,1,1,,1,ack
2018-10-22 11:16:58.021194,491,52.46.136.77,443,3.0,0,1,1,23,1,expected
2018-10-22 11:16:58.055365,491,52.46.136.77,443,3.0,0,1,1,23,1,expected
2018-10-22 11:16:58.085134,491,52.46.136.77,443,3.0,0,1,1,23,1,expected
2018-10-22 11:16:58.155597,491,52.46.136.77,443,3.0,0,1,1,23,1,expected
2018-10-22 11:16:58.183078,491,52.46.136.77,443,3.0,0,1,1,23,1,expected
2018-10-22 11:16:58.202837,74,99.84.240.57,80,1.0,0,0,1,,1,retransmit
2018-10-22 11:16:58.211555,66,99.84.240.57,80,1.0,8,1,1,,1,ack
2018-10-22 11:16:58.211814,150,99.84.240.57,80,3.0,0,1,1,,1,not_relevant
2018-10-22 11:16:58.251654,491,52.46.136.77,443,3.0,0,1,1,23,1,expected
2018-10-22 11:16:58.258201,66,99.84.240.57,80,1.0,46,1,1,,1,ack
2018-10-22 11:16:58.258347,66,99.84.240.57,80,1.0,0,1,1,,1,ack
2018-10-22 11:16:58.263794,54,52.216.224.248,80,1.0,0,1,1,,1,ack
2018-10-22 11:16:58.267346,74,52.216.80.184,80,1.0,0,0,1,,1,retransmit
2018-10-22 11:16:58.267610,66,99.84.240.57,80,1.0,9,1,1,,1,ack
2018-10-22 11:16:58.284701,54,52.216.80.184,80,1.0,17,1,1,,1,ack
2018-10-22 11:16:58.285403,200,52.216.80.184,80,3.0,0,1,1,,1,not_relevant
2018-10-22 11:16:58.293363,491,52.46.136.77,443,3.0,0,1,1,23,1,expected
2018-10-22 11:16:58.326397,54,52.216.80.184,80,1.0,41,1,1,,1,ack
2018-10-22 11:16:58.326653,54,52.216.80.184,80,1.0,0,1,1,,1,ack
2018-10-22 11:16:58.335359,66,52.216.80.184,80,1.0,8,1,1,,1,ack
2018-10-22 11:16:58.350388,491,52.46.136.77,443,3.0,0,1,1,23,1,expected
2018-10-22 11:16:58.399205,491,52.46.136.77,443,3.0,0,1,1,23,1,expected
2018-10-22 11:16:58.450486,491,52.46.136.77,443,3.0,0,1,1,23,1,expected
2018-10-22 11:16:58.489814,491,52.46.136.77,443,3.0,0,1,1,23,1,expected
2018-10-22 11:16:58.490055,54,52.216.224.248,80,1.0,226,1,1,,1,ack
2018-10-22 11:16:58.494509,66,104.154.127.232,4070,1.0,2990,1,1,,1,ack
2018-10-22 11:16:58.563608,491,52.46.136.77,443,3.0,0,1,1,23,1,expected
2018-10-22 11:16:58.580885,491,52.46.136.77,443,3.0,0,1,1,23,1,expected
2018-10-22 11:16:58.648327,491,52.46.136.77,443,3.0,0,1,1,23,1,expected
2018-10-22 11:16:58.714009,491,52.46.136.77,443,3.0,0,1,1,23,1,expected
2018-10-22 11:16:58.719849,54,52.216.224.248,80,1.0,229,1,1,,1,ack
2018-10-22 11:16:58.741409,491,52.46.136.77,443,3.0,0,1,1,23,1,expected
2018-10-22 11:16:58.765662,54,52.46.136.77,443,1.0,785,1,1,,1,ack
2018-10-22 11:16:58.799588,491,52.46.136.77,443,3.0,0,1,1,23,1,expected
2018-10-22 11:16:58.863880,491,52.46.136.77,443,3.0,0,1,1,23,1,expected
2018-10-22 11:16:58.886742,491,52.46.136.77,443,3.0,0,1,1,23,1,expected
2018-10-22 11:16:58.954260,491,52.46.136.77,443,3.0,0,1,1,23,1,expected
2018-10-22 11:16:58.981004,491,52.46.136.77,443,3.0,0,1,1,23,1,expected
2018-10-22 11:16:59.050713,491,52.46.136.77,443,3.0,0,1,1,23,1,expected
2018-10-22 11:16:59.097695,491,52.46.136.77,443,3.0,0,1,1,23,1,expected
2018-10-22 11:16:59.144270,491,52.46.136.77,443,3.0,0,1,1,23,1,expected
2018-10-22 11:16:59.179980,54,52.216.224.248,80,1.0,460,1,1,,1,ack
2018-10-22 11:16:59.200002,491,52.46.136.77,443,3.0,0,1,1,23,1,expected
2018-10-22 11:16:59.255183,491,52.46.136.77,443,3.0,0,1,1,23,1,expected
2018-10-22 11:16:59.285596,491,52.46.136.77,443,3.0,0,1,1,23,1,expected
2018-10-22 11:16:59.350393,491,52.46.136.77,443,3.0,0,1,1,23,1,expected
2018-10-22 11:16:59.381909,491,52.46.136.77,443,3.0,0,1,1,23,1,expected
2018-10-22 11:16:59.447149,491,52.46.136.77,443,3.0,0,1,1,23,1,expected
2018-10-22 11:16:59.492373,491,52.46.136.77,443,3.0,0,1,1,23,1,expected
2018-10-22 11:16:59.540027,491,52.46.136.77,443,3.0,0,1,1,23,1,expected
2018-10-22 11:16:59.602957,491,52.46.136.77,443,3.0,0,1,1,23,1,expected
2018-10-22 11:16:59.654979,491,52.46.136.77,443,3.0,0,1,1,23,1,expected
2018-10-22 11:16:59.688240,491,52.46.136.77,443,3.0,0,1,1,23,1,expected
2018-10-22 11:16:59.753743,491,52.46.136.77,443,3.0,0,1,1,23,1,expected
2018-10-22 11:16:59.782302,491,52.46.136.77,443,3.0,0,1,1,23,1,expected
2018-10-22 11:16:59.850561,491,52.46.136.77,443,3.0,0,1,1,23,1,expected
2018-10-22 11:16:59.890250,491,52.46.136.77,443,3.0,0,1,1,23,1,expected
2018-10-22 11:16:59.944310,491,52.46.136.77,443,3.0,0,1,1,23,1,expected
2018-10-22 11:16:59.970305,54,52.46.136.77,443,1.0,1204,1,1,,1,ack
2018-10-22 11:16:59.999739,491,52.46.136.77,443,3.0,0,1,1,23,1,expected
2018-10-22 11:17:00.056456,491,52.46.136.77,443,3.0,0,1,1,23,1,expected
2018-10-22 11:17:00.117805,491,52.46.136.77,443,3.0,0,1,1,23,1,expected
2018-10-22 11:17:00.117964,54,52.216.224.248,80,1.0,937,1,1,,1,ack
2018-10-22 11:17:00.154248,491,52.46.136.77,443,3.0,0,1,1,23,1,expected
2018-10-22 11:17:00.208630,491,52.46.136.77,443,3.0,0,1,1,23,1,expected
2018-10-22 11:17:00.250256,491,52.46.136.77,443,3.0,0,1,1,23,1,expected
2018-10-22 11:17:00.295295,491,52.46.136.77,443,3.0,0,1,1,23,1,expected
2018-10-22 11:17:00.343782,491,52.46.136.77,443,3.0,0,1,1,23,1,expected
2018-10-22 11:17:00.403564,491,52.46.136.77,443,3.0,0,1,1,23,1,expected
2018-10-22 11:17:00.456596,491,52.46.136.77,443,3.0,0,1,1,23,1,expected
2018-10-22 11:17:00.488962,491,52.46.136.77,443,3.0,0,1,1,23,1,expected
2018-10-22 11:17:00.565719,491,52.46.136.77,443,3.0,0,1,1,23,1,expected
2018-10-22 11:17:00.581947,491,52.46.136.77,443,3.0,0,1,1,23,1,expected
2018-10-22 11:17:00.646795,491,52.46.136.77,443,3.0,0,1,1,23,1,expected
2018-10-22 11:17:00.692770,491,52.46.136.77,443,3.0,0,1,1,23,1,expected
2018-10-22 11:17:00.737747,54,52.46.136.77,443,1.0,767,1,1,,1,ack
2018-10-22 11:17:00.743026,491,52.46.136.77,443,3.0,0,1,1,23,1,expected
2018-10-22 11:17:00.813835,491,52.46.136.77,443,3.0,0,1,1,23,1,expected
2018-10-22 11:17:00.857241,491,52.46.136.77,443,3.0,0,1,1,23,1,expected
2018-10-22 11:17:00.887528,491,52.46.136.77,443,3.0,0,1,1,23,1,expected
2018-10-22 11:17:00.970336,491,52.46.136.77,443,3.0,0,1,1,23,1,expected
2018-10-22 11:17:00.983443,491,52.46.136.77,443,3.0,0,1,1,23,1,expected
2018-10-22 11:17:01.051760,491,52.46.136.77,443,3.0,0,1,1,23,1,expected
2018-10-22 11:17:01.097039,491,52.46.136.77,443,3.0,0,1,1,23,1,expected
2018-10-22 11:17:01.151843,491,52.46.136.77,443,3.0,0,1,1,23,1,expected
2018-10-22 11:17:01.205355,491,52.46.136.77,443,3.0,0,1,1,23,1,expected
2018-10-22 11:17:01.257063,491,52.46.136.77,443,3.0,0,1,1,23,1,expected
2018-10-22 11:17:01.291393,491,52.46.136.77,443,3.0,0,1,1,23,1,expected
2018-10-22 11:17:01.346694,491,52.46.136.77,443,3.0,0,1,1,23,1,expected
2018-10-22 11:17:01.381768,491,52.46.136.77,443,3.0,0,1,1,23,1,expected
2018-10-22 11:17:01.451365,491,52.46.136.77,443,3.0,0,1,1,23,1,expected
2018-10-22 11:17:01.515461,491,52.46.136.77,443,3.0,0,1,1,23,1,expected
2018-10-22 11:17:01.541385,491,52.46.136.77,443,3.0,0,1,1,23,1,expected
2018-10-22 11:17:01.602456,491,52.46.136.77,443,3.0,0,1,1,23,1,expected
2018-10-22 11:17:01.616827,54,52.46.136.77,443,1.0,879,1,1,,1,ack
2018-10-22 11:17:01.637362,54,52.46.136.77,443,1.0,20,1,1,,1,ack
2018-10-22 11:17:01.645518,54,52.46.136.77,443,1.0,8,1,1,,1,ack
2018-10-22 11:17:01.658610,54,52.46.136.77,443,1.0,13,1,1,,1,ack
2018-10-22 11:17:01.685779,491,52.46.136.77,443,3.0,0,1,1,23,1,expected
2018-10-22 11:17:01.685953,99,52.46.136.77,443,3.0,0,1,1,23,1,expected
2018-10-22 11:17:01.687534,54,52.46.136.77,443,1.0,28,1,1,,1,ack
2018-10-22 11:17:01.717302,491,52.46.136.77,443,3.0,0,1,1,23,1,expected
2018-10-22 11:17:01.717458,54,52.46.136.77,443,1.0,29,1,1,,1,ack
2018-10-22 11:17:01.760792,54,52.46.136.77,443,1.0,43,1,1,,1,ack
2018-10-22 11:17:01.760942,91,52.46.136.77,443,3.0,0,1,1,23,1,expected
2018-10-22 11:17:01.761019,91,52.46.136.77,443,3.0,0,1,1,23,1,expected
2018-10-22 11:17:01.819419,303,52.46.136.77,443,3.0,0,1,1,23,1,expected
2018-10-22 11:17:01.942901,54,52.216.224.248,80,1.0,1824,1,1,,1,ack
2018-10-22 11:17:02.565766,54,52.46.136.77,443,1.0,804,1,1,,1,ack
2018-10-22 11:17:02.565868,54,52.46.136.77,443,1.0,0,1,1,,1,ack
2018-10-22 11:17:02.566983,66,52.46.136.77,443,1.0,1,1,1,,1,ack
2018-10-22 11:17:04.860773,176,52.46.136.77,443,3.0,0,1,1,23,1,expected
2018-10-22 11:17:05.636118,54,52.216.224.248,80,1.0,3693,1,1,,1,ack
2018-10-22 11:17:08.432654,74,72.21.214.79,80,1.0,0,0,1,,1,retransmit
2018-10-22 11:17:08.433039,74,72.21.214.79,80,1.0,0,0,1,,1,retransmit
2018-10-22 11:17:08.452703,54,72.21.214.79,80,1.0,20,1,1,,1,ack
2018-10-22 11:17:08.452865,54,72.21.214.79,80,1.0,19,1,1,,1,ack
2018-10-22 11:17:08.454593,189,72.21.214.79,80,3.0,0,1,1,,1,not_relevant
2018-10-22 11:17:08.454870,211,72.21.214.79,80,3.0,0,1,1,,1,not_relevant
2018-10-22 11:17:08.565721,54,72.21.214.79,80,1.0,113,1,1,,1,ack
2018-10-22 11:17:08.565891,54,72.21.214.79,80,1.0,113,1,1,,1,ack
2018-10-22 11:17:08.808023,54,72.21.214.79,80,1.0,242,1,1,,1,ack
2018-10-22 11:17:08.808211,54,72.21.214.79,80,1.0,242,1,1,,1,ack
2018-10-22 11:17:09.043718,54,72.21.214.79,80,1.0,235,1,1,,1,ack
2018-10-22 11:17:09.043872,54,72.21.214.79,80,1.0,235,1,1,,1,ack
2018-10-22 11:17:09.523695,54,72.21.214.79,80,1.0,479,1,1,,1,ack
2018-10-22 11:17:09.523816,54,72.21.214.79,80,1.0,479,1,1,,1,ack
2018-10-22 11:17:10.484201,54,72.21.214.79,80,1.0,960,1,1,,1,ack
2018-10-22 11:17:10.484290,54,72.21.214.79,80,1.0,960,1,1,,1,ack
2018-10-22 11:17:12.404579,54,72.21.214.79,80,1.0,1920,1,1,,1,ack
2018-10-22 11:17:13.013847,54,52.216.224.248,80,1.0,7377,1,1,,1,ack
2018-10-22 11:17:15.968791,77,104.154.127.232,4070,2.0,0,1,1,,1,syn
2018-10-22 11:17:16.086562,66,104.154.127.232,4070,1.0,17592,1,1,,1,ack
2018-10-22 11:17:21.373259,54,52.216.80.184,80,1.0,23037,1,1,,1,ack
2018-10-22 11:17:22.993673,284,52.46.136.77,443,3.0,0,1,1,23,1,expected
2018-10-22 11:17:23.059492,939,52.46.136.77,443,3.0,0,1,1,23,1,expected
2018-10-22 11:17:23.081998,631,52.46.136.77,443,3.0,0,1,1,23,1,expected
2018-10-22 11:17:23.095309,491,52.46.136.77,443,3.0,0,1,1,23,1,expected
2018-10-22 11:17:23.097047,491,52.46.136.77,443,3.0,0,1,1,23,1,expected
2018-10-22 11:17:23.100410,491,52.46.136.77,443,3.0,0,1,1,23,1,expected
2018-10-22 11:17:23.154164,491,52.46.136.77,443,3.0,0,1,1,23,1,expected
2018-10-22 11:17:23.154735,1514,52.46.136.77,443,1.0,20587,1,1,,1,not_relevant
2018-10-22 11:17:23.154757,1514,52.46.136.77,443,3.0,0,1,1,23,1,expected
2018-10-22 11:17:23.154811,1514,52.46.136.77,443,3.0,0,1,1,23,1,expected
2018-10-22 11:17:23.154836,1514,52.46.136.77,443,3.0,0,1,1,23,1,expected
2018-10-22 11:17:23.155249,1514,52.46.136.77,443,3.0,0,1,1,23,1,expected
2018-10-22 11:17:23.155279,1514,52.46.136.77,443,3.0,0,1,1,23,1,expected
2018-10-22 11:17:23.155301,1263,52.46.136.77,443,3.0,0,1,1,23,1,expected
2018-10-22 11:17:23.175558,491,52.46.136.77,443,3.0,0,1,1,23,1,expected
2018-10-22 11:17:23.216583,66,52.46.136.77,443,1.0,61,1,1,,1,ack
2018-10-22 11:17:23.236828,503,52.46.136.77,443,3.0,0,1,1,23,1,expected
2018-10-22 11:17:23.287436,503,52.46.136.77,443,3.0,0,1,1,23,1,expected
2018-10-22 11:17:23.332610,503,52.46.136.77,443,3.0,0,1,1,23,1,expected
2018-10-22 11:17:23.379842,503,52.46.136.77,443,3.0,0,1,1,23,1,expected
2018-10-22 11:17:23.450211,503,52.46.136.77,443,3.0,0,1,1,23,1,expected
2018-10-22 11:17:23.474644,503,52.46.136.77,443,3.0,0,1,1,23,1,expected
2018-10-22 11:17:23.542197,503,52.46.136.77,443,3.0,0,1,1,23,1,expected
2018-10-22 11:17:23.550665,54,52.46.136.77,443,1.0,334,1,1,,1,ack
2018-10-22 11:17:23.578778,491,52.46.136.77,443,3.0,0,1,1,23,1,expected
2018-10-22 11:17:23.639898,491,52.46.136.77,443,3.0,0,1,1,23,1,expected
2018-10-22 11:17:23.684337,491,52.46.136.77,443,3.0,0,1,1,23,1,expected
2018-10-22 11:17:23.733736,491,52.46.136.77,443,3.0,0,1,1,23,1,expected
2018-10-22 11:17:23.781849,491,52.46.136.77,443,3.0,0,1,1,23,1,expected
2018-10-22 11:17:23.846876,491,52.46.136.77,443,3.0,0,1,1,23,1,expected
2018-10-22 11:17:23.878613,491,52.46.136.77,443,3.0,0,1,1,23,1,expected
2018-10-22 11:17:23.942272,491,52.46.136.77,443,3.0,0,1,1,23,1,expected
2018-10-22 11:17:23.972530,491,52.46.136.77,443,3.0,0,1,1,23,1,expected
2018-10-22 11:17:24.043553,491,52.46.136.77,443,3.0,0,1,1,23,1,expected
2018-10-22 11:17:24.088409,491,52.46.136.77,443,3.0,0,1,1,23,1,expected
2018-10-22 11:17:24.130473,491,52.46.136.77,443,3.0,0,1,1,23,1,expected
2018-10-22 11:17:24.178392,491,52.46.136.77,443,3.0,0,1,1,23,1,expected
2018-10-22 11:17:24.245415,491,52.46.136.77,443,3.0,0,1,1,23,1,expected
2018-10-22 11:17:24.279122,491,52.46.136.77,443,3.0,0,1,1,23,1,expected
2018-10-22 11:17:24.343393,491,52.46.136.77,443,3.0,0,1,1,23,1,expected
2018-10-22 11:17:24.373611,491,52.46.136.77,443,3.0,0,1,1,23,1,expected
2018-10-22 11:17:24.437788,491,52.46.136.77,443,3.0,0,1,1,23,1,expected
2018-10-22 11:17:24.488180,491,52.46.136.77,443,3.0,0,1,1,23,1,expected
2018-10-22 11:17:24.534841,491,52.46.136.77,443,3.0,0,1,1,23,1,expected
2018-10-22 11:17:24.583224,491,52.46.136.77,443,3.0,0,1,1,23,1,expected
2018-10-22 11:17:24.643506,491,52.46.136.77,443,3.0,0,1,1,23,1,expected
2018-10-22 11:17:24.677304,491,52.46.136.77,443,3.0,0,1,1,23,1,expected
2018-10-22 11:17:24.741950,491,52.46.136.77,443,3.0,0,1,1,23,1,expected
2018-10-22 11:17:24.774429,491,52.46.136.77,443,3.0,0,1,1,23,1,expected
2018-10-22 11:17:24.837965,491,52.46.136.77,443,3.0,0,1,1,23,1,expected
2018-10-22 11:17:24.882121,491,52.46.136.77,443,3.0,0,1,1,23,1,expected
2018-10-22 11:17:24.939704,491,52.46.136.77,443,3.0,0,1,1,23,1,expected
2018-10-22 11:17:24.983640,491,52.46.136.77,443,3.0,0,1,1,23,1,expected
2018-10-22 11:17:25.047526,491,52.46.136.77,443,3.0,0,1,1,23,1,expected
2018-10-22 11:17:25.077330,491,52.46.136.77,443,3.0,0,1,1,23,1,expected
2018-10-22 11:17:25.142425,491,52.46.136.77,443,3.0,0,1,1,23,1,expected
2018-10-22 11:17:25.174890,491,52.46.136.77,443,3.0,0,1,1,23,1,expected
2018-10-22 11:17:25.241003,491,52.46.136.77,443,3.0,0,1,1,23,1,expected
2018-10-22 11:17:25.317791,491,52.46.136.77,443,3.0,0,1,1,23,1,expected
2018-10-22 11:17:25.340325,491,52.46.136.77,443,3.0,0,1,1,23,1,expected
2018-10-22 11:17:25.388728,491,52.46.136.77,443,3.0,0,1,1,23,1,expected
2018-10-22 11:17:25.450460,491,52.46.136.77,443,3.0,0,1,1,23,1,expected
2018-10-22 11:17:25.475488,491,52.46.136.77,443,3.0,0,1,1,23,1,expected
2018-10-22 11:17:25.547304,491,52.46.136.77,443,3.0,0,1,1,23,1,expected
2018-10-22 11:17:25.576748,491,52.46.136.77,443,3.0,0,1,1,23,1,expected
2018-10-22 11:17:25.643137,491,52.46.136.77,443,3.0,0,1,1,23,1,expected
2018-10-22 11:17:25.684548,491,52.46.136.77,443,3.0,0,1,1,23,1,expected
2018-10-22 11:17:25.733564,491,52.46.136.77,443,3.0,0,1,1,23,1,expected
2018-10-22 11:17:25.771156,54,52.46.136.77,443,1.0,2220,1,1,,1,ack
2018-10-22 11:17:25.785388,491,52.46.136.77,443,3.0,0,1,1,23,1,expected
2018-10-22 11:17:25.790221,54,52.46.136.77,443,1.0,19,1,1,,1,ack
2018-10-22 11:17:25.793542,54,52.46.136.77,443,1.0,3,1,1,,1,ack
2018-10-22 11:17:25.809080,54,52.46.136.77,443,1.0,15,1,1,,1,ack
2018-10-22 11:17:25.817754,54,52.46.136.77,443,1.0,8,1,1,,1,ack
2018-10-22 11:17:25.845232,491,52.46.136.77,443,3.0,0,1,1,23,1,expected
2018-10-22 11:17:25.850968,54,52.46.136.77,443,1.0,33,1,1,,1,ack
2018-10-22 11:17:25.883618,491,52.46.136.77,443,3.0,0,1,1,23,1,expected
2018-10-22 11:17:25.899119,91,52.46.136.77,443,3.0,0,1,1,23,1,expected
2018-10-22 11:17:25.899221,91,52.46.136.77,443,3.0,0,1,1,23,1,expected
2018-10-22 11:17:25.906139,302,52.46.136.77,443,3.0,0,1,1,23,1,expected
2018-10-22 11:17:26.383054,54,52.46.136.77,443,1.0,532,1,1,,1,ack
2018-10-22 11:17:27.773795,54,52.216.224.248,80,1.0,14759,1,1,,1,ack
2018-10-22 11:17:29.058765,176,52.46.136.77,443,3.0,0,1,1,23,1,expected
