2018-10-23 12:36:21.391022,54,52.216.128.235,80,1.0,5808707,1,1,,1,ack
2018-10-23 12:36:29.848553,54,52.216.109.251,80,1.0,5696861,1,1,,1,ack
2018-10-23 12:36:33.413598,95,52.46.136.99,443,3.0,0,1,1,23,1,expected
2018-10-23 12:36:33.442038,54,52.46.136.99,443,1.0,5720357,1,1,,1,ack
2018-10-23 12:36:35.713431,288,52.46.136.99,443,3.0,0,1,1,23,1,expected
2018-10-23 12:36:35.764777,388,52.46.136.99,443,3.0,0,1,1,23,1,expected
2018-10-23 12:36:35.848937,1291,52.46.136.99,443,3.0,0,1,1,23,1,expected
2018-10-23 12:36:35.859239,491,52.46.136.99,443,3.0,0,1,1,23,1,expected
2018-10-23 12:36:35.900218,491,52.46.136.99,443,3.0,0,1,1,23,1,expected
2018-10-23 12:36:35.901741,491,52.46.136.99,443,3.0,0,1,1,23,1,expected
2018-10-23 12:36:35.901771,491,52.46.136.99,443,3.0,0,1,1,23,1,expected
2018-10-23 12:36:35.912515,1514,52.46.136.99,443,3.0,0,1,1,23,1,expected
2018-10-23 12:36:35.912915,1514,52.46.136.99,443,3.0,0,1,1,23,1,expected
2018-10-23 12:36:35.912946,54,52.46.136.99,443,1.0,2470,1,1,,1,ack
2018-10-23 12:36:35.919852,1514,52.46.136.99,443,3.0,0,1,1,23,1,expected
2018-10-23 12:36:35.921356,1514,52.46.136.99,443,3.0,0,1,1,23,1,expected
2018-10-23 12:36:35.930955,1514,52.46.136.99,443,1.0,18,1,1,,1,not_relevant
2018-10-23 12:36:35.932492,1514,52.46.136.99,443,3.0,0,1,1,23,1,expected
2018-10-23 12:36:35.938306,1514,52.46.136.99,443,3.0,0,1,1,23,1,expected
2018-10-23 12:36:35.941667,1514,52.46.136.99,443,3.0,0,1,1,23,1,expected
2018-10-23 12:36:36.028909,1514,52.46.136.99,443,3.0,0,1,1,23,1,expected
2018-10-23 12:36:36.030411,1514,52.46.136.99,443,3.0,0,1,1,23,1,expected
2018-10-23 12:36:36.030460,268,52.46.136.99,443,3.0,0,1,1,23,1,expected
2018-10-23 12:36:36.085248,491,52.46.136.99,443,3.0,0,1,1,23,1,expected
2018-10-23 12:36:36.105273,491,52.46.136.99,443,3.0,0,1,1,23,1,expected
2018-10-23 12:36:36.127831,54,52.216.128.235,80,1.0,14736,1,1,,1,ack
2018-10-23 12:36:36.152144,491,52.46.136.99,443,3.0,0,1,1,23,1,expected
2018-10-23 12:36:36.219086,491,52.46.136.99,443,3.0,0,1,1,23,1,expected
2018-10-23 12:36:36.246786,491,52.46.136.99,443,3.0,0,1,1,23,1,expected
2018-10-23 12:36:36.316264,491,52.46.136.99,443,3.0,0,1,1,23,1,expected
2018-10-23 12:36:36.347443,491,52.46.136.99,443,3.0,0,1,1,23,1,expected
2018-10-23 12:36:36.411116,491,52.46.136.99,443,3.0,0,1,1,23,1,expected
2018-10-23 12:36:36.455268,491,52.46.136.99,443,3.0,0,1,1,23,1,expected
2018-10-23 12:36:36.504392,491,52.46.136.99,443,3.0,0,1,1,23,1,expected
2018-10-23 12:36:36.553198,491,52.46.136.99,443,3.0,0,1,1,23,1,expected
2018-10-23 12:36:36.622229,491,52.46.136.99,443,3.0,0,1,1,23,1,expected
2018-10-23 12:36:36.647269,491,52.46.136.99,443,3.0,0,1,1,23,1,expected
2018-10-23 12:36:36.718259,491,52.46.136.99,443,3.0,0,1,1,23,1,expected
2018-10-23 12:36:36.747834,491,52.46.136.99,443,3.0,0,1,1,23,1,expected
2018-10-23 12:36:36.812193,491,52.46.136.99,443,3.0,0,1,1,23,1,expected
2018-10-23 12:36:36.858963,491,52.46.136.99,443,3.0,0,1,1,23,1,expected
2018-10-23 12:36:36.905894,491,52.46.136.99,443,3.0,0,1,1,23,1,expected
2018-10-23 12:36:36.953273,491,52.46.136.99,443,3.0,0,1,1,23,1,expected
2018-10-23 12:36:37.017413,491,52.46.136.99,443,3.0,0,1,1,23,1,expected
2018-10-23 12:36:37.047951,491,52.46.136.99,443,3.0,0,1,1,23,1,expected
2018-10-23 12:36:37.117210,491,52.46.136.99,443,3.0,0,1,1,23,1,expected
2018-10-23 12:36:37.148523,491,52.46.136.99,443,3.0,0,1,1,23,1,expected
2018-10-23 12:36:37.213777,491,52.46.136.99,443,3.0,0,1,1,23,1,expected
2018-10-23 12:36:37.255269,491,52.46.136.99,443,3.0,0,1,1,23,1,expected
2018-10-23 12:36:37.305163,491,52.46.136.99,443,3.0,0,1,1,23,1,expected
2018-10-23 12:36:37.352905,491,52.46.136.99,443,3.0,0,1,1,23,1,expected
2018-10-23 12:36:37.418677,491,52.46.136.99,443,3.0,0,1,1,23,1,expected
2018-10-23 12:36:37.448834,491,52.46.136.99,443,3.0,0,1,1,23,1,expected
2018-10-23 12:36:37.518420,491,52.46.136.99,443,3.0,0,1,1,23,1,expected
2018-10-23 12:36:37.543442,491,52.46.136.99,443,3.0,0,1,1,23,1,expected
2018-10-23 12:36:37.608880,491,52.46.136.99,443,3.0,0,1,1,23,1,expected
2018-10-23 12:36:37.673037,491,52.46.136.99,443,3.0,0,1,1,23,1,expected
2018-10-23 12:36:37.707567,491,52.46.136.99,443,3.0,0,1,1,23,1,expected
2018-10-23 12:36:37.754198,491,52.46.136.99,443,3.0,0,1,1,23,1,expected
2018-10-23 12:36:37.818134,491,52.46.136.99,443,3.0,0,1,1,23,1,expected
2018-10-23 12:36:37.848917,491,52.46.136.99,443,3.0,0,1,1,23,1,expected
2018-10-23 12:36:37.915433,491,52.46.136.99,443,3.0,0,1,1,23,1,expected
2018-10-23 12:36:37.944680,491,52.46.136.99,443,3.0,0,1,1,23,1,expected
2018-10-23 12:36:38.014551,491,52.46.136.99,443,3.0,0,1,1,23,1,expected
2018-10-23 12:36:38.075029,491,52.46.136.99,443,3.0,0,1,1,23,1,expected
2018-10-23 12:36:38.108158,491,52.46.136.99,443,3.0,0,1,1,23,1,expected
2018-10-23 12:36:38.152844,491,52.46.136.99,443,3.0,0,1,1,23,1,expected
2018-10-23 12:36:38.237368,491,52.46.136.99,443,3.0,0,1,1,23,1,expected
2018-10-23 12:36:38.247450,491,52.46.136.99,443,3.0,0,1,1,23,1,expected
2018-10-23 12:36:38.317969,491,52.46.136.99,443,3.0,0,1,1,23,1,expected
2018-10-23 12:36:38.342157,491,52.46.136.99,443,3.0,0,1,1,23,1,expected
2018-10-23 12:36:38.413324,491,52.46.136.99,443,3.0,0,1,1,23,1,expected
2018-10-23 12:36:38.458974,491,52.46.136.99,443,3.0,0,1,1,23,1,expected
2018-10-23 12:36:38.507519,491,52.46.136.99,443,3.0,0,1,1,23,1,expected
2018-10-23 12:36:38.554489,491,52.46.136.99,443,3.0,0,1,1,23,1,expected
2018-10-23 12:36:38.617941,491,52.46.136.99,443,3.0,0,1,1,23,1,expected
2018-10-23 12:36:38.649378,491,52.46.136.99,443,3.0,0,1,1,23,1,expected
2018-10-23 12:36:38.715182,491,52.46.136.99,443,3.0,0,1,1,23,1,expected
2018-10-23 12:36:38.746915,491,52.46.136.99,443,3.0,0,1,1,23,1,expected
2018-10-23 12:36:38.810899,54,52.46.136.99,443,1.0,2879,1,1,,1,ack
2018-10-23 12:36:38.811177,491,52.46.136.99,443,3.0,0,1,1,23,1,expected
2018-10-23 12:36:38.883594,491,52.46.136.99,443,3.0,0,1,1,23,1,expected
2018-10-23 12:36:38.902607,491,52.46.136.99,443,3.0,0,1,1,23,1,expected
2018-10-23 12:36:38.959684,491,52.46.136.99,443,3.0,0,1,1,23,1,expected
2018-10-23 12:36:38.978412,54,52.46.136.99,443,1.0,167,1,1,,1,ack
2018-10-23 12:36:39.020954,491,52.46.136.99,443,3.0,0,1,1,23,1,expected
2018-10-23 12:36:39.051828,491,52.46.136.99,443,3.0,0,1,1,23,1,expected
2018-10-23 12:36:39.115333,491,52.46.136.99,443,3.0,0,1,1,23,1,expected
2018-10-23 12:36:39.147568,491,52.46.136.99,443,3.0,0,1,1,23,1,expected
2018-10-23 12:36:39.212421,491,52.46.136.99,443,3.0,0,1,1,23,1,expected
2018-10-23 12:36:39.247770,54,52.46.136.99,443,1.0,269,1,1,,1,ack
2018-10-23 12:36:39.255994,491,52.46.136.99,443,3.0,0,1,1,23,1,expected
2018-10-23 12:36:39.307595,491,52.46.136.99,443,3.0,0,1,1,23,1,expected
2018-10-23 12:36:39.355088,491,52.46.136.99,443,3.0,0,1,1,23,1,expected
2018-10-23 12:36:39.435276,491,52.46.136.99,443,3.0,0,1,1,23,1,expected
2018-10-23 12:36:39.452881,491,52.46.136.99,443,3.0,0,1,1,23,1,expected
2018-10-23 12:36:39.519287,491,52.46.136.99,443,3.0,0,1,1,23,1,expected
2018-10-23 12:36:39.543064,491,52.46.136.99,443,3.0,0,1,1,23,1,expected
2018-10-23 12:36:39.613490,491,52.46.136.99,443,3.0,0,1,1,23,1,expected
2018-10-23 12:36:39.657550,491,52.46.136.99,443,3.0,0,1,1,23,1,expected
2018-10-23 12:36:39.704472,491,52.46.136.99,443,3.0,0,1,1,23,1,expected
2018-10-23 12:36:39.756041,491,52.46.136.99,443,3.0,0,1,1,23,1,expected
2018-10-23 12:36:39.818925,491,52.46.136.99,443,3.0,0,1,1,23,1,expected
2018-10-23 12:36:39.849338,491,52.46.136.99,443,3.0,0,1,1,23,1,expected
2018-10-23 12:36:39.920389,491,52.46.136.99,443,3.0,0,1,1,23,1,expected
2018-10-23 12:36:39.944059,491,52.46.136.99,443,3.0,0,1,1,23,1,expected
2018-10-23 12:36:40.014617,491,52.46.136.99,443,3.0,0,1,1,23,1,expected
2018-10-23 12:36:40.058774,491,52.46.136.99,443,3.0,0,1,1,23,1,expected
2018-10-23 12:36:40.107547,491,52.46.136.99,443,3.0,0,1,1,23,1,expected
2018-10-23 12:36:40.155509,491,52.46.136.99,443,3.0,0,1,1,23,1,expected
2018-10-23 12:36:40.180912,54,52.46.136.99,443,1.0,933,1,1,,1,ack
2018-10-23 12:36:40.181901,54,52.46.136.99,443,1.0,0,1,1,,1,ack
2018-10-23 12:36:40.181984,54,52.46.136.99,443,1.0,0,1,1,,1,ack
2018-10-23 12:36:40.232066,491,52.46.136.99,443,3.0,0,1,1,23,1,expected
2018-10-23 12:36:40.242478,54,52.46.136.99,443,1.0,60,1,1,,1,ack
2018-10-23 12:36:40.242630,54,52.46.136.99,443,1.0,0,1,1,,1,ack
2018-10-23 12:36:40.242704,54,52.46.136.99,443,1.0,0,1,1,,1,ack
2018-10-23 12:36:40.243884,54,52.46.136.99,443,1.0,1,1,1,,1,ack
2018-10-23 12:36:40.244028,54,52.46.136.99,443,1.0,0,1,1,,1,ack
2018-10-23 12:36:40.244774,54,52.46.136.99,443,1.0,0,1,1,,1,ack
2018-10-23 12:36:40.245593,54,52.46.136.99,443,1.0,0,1,1,,1,ack
2018-10-23 12:36:40.252294,54,52.46.136.99,443,1.0,6,1,1,,1,ack
2018-10-23 12:36:40.252374,54,52.46.136.99,443,1.0,0,1,1,,1,ack
2018-10-23 12:36:40.252520,54,52.46.136.99,443,1.0,0,1,1,,1,ack
2018-10-23 12:36:40.254571,491,52.46.136.99,443,3.0,0,1,1,23,1,expected
2018-10-23 12:36:40.284619,54,52.46.136.99,443,1.0,32,1,1,,1,ack
2018-10-23 12:36:40.295035,54,52.46.136.99,443,1.0,10,1,1,,1,ack
2018-10-23 12:36:40.295117,54,52.46.136.99,443,1.0,0,1,1,,1,ack
2018-10-23 12:36:40.295264,54,52.46.136.99,443,1.0,0,1,1,,1,ack
2018-10-23 12:36:40.295405,54,52.46.136.99,443,1.0,0,1,1,,1,ack
2018-10-23 12:36:40.317641,99,52.46.136.99,443,3.0,0,1,1,23,1,expected
2018-10-23 12:36:40.317719,91,52.46.136.99,443,3.0,0,1,1,23,1,expected
2018-10-23 12:36:40.317921,91,52.46.136.99,443,3.0,0,1,1,23,1,expected
2018-10-23 12:36:40.320508,54,52.46.136.99,443,1.0,25,1,1,,1,ack
2018-10-23 12:36:40.321503,99,52.46.136.99,443,3.0,0,1,1,23,1,expected
2018-10-23 12:36:40.321578,54,52.46.136.99,443,1.0,1,1,1,,1,ack
2018-10-23 12:36:40.331687,54,52.46.136.99,443,1.0,10,1,1,,1,ack
2018-10-23 12:36:40.331763,54,52.46.136.99,443,1.0,0,1,1,,1,ack
2018-10-23 12:36:40.346705,54,52.46.136.99,443,1.0,14,1,1,,1,ack
2018-10-23 12:36:40.346787,54,52.46.136.99,443,1.0,0,1,1,,1,ack
2018-10-23 12:36:40.346930,54,52.46.136.99,443,1.0,0,1,1,,1,ack
2018-10-23 12:36:40.349399,432,52.46.136.99,443,3.0,0,1,1,23,1,expected
2018-10-23 12:36:40.354159,54,52.46.136.99,443,1.0,7,1,1,,1,ack
2018-10-23 12:36:40.354241,54,52.46.136.99,443,1.0,0,1,1,,1,ack
2018-10-23 12:36:40.354389,54,52.46.136.99,443,1.0,0,1,1,,1,ack
2018-10-23 12:36:40.365614,54,52.46.136.99,443,1.0,11,1,1,,1,ack
2018-10-23 12:36:40.367549,54,52.46.136.99,443,1.0,1,1,1,,1,ack
2018-10-23 12:36:40.368801,54,52.46.136.99,443,1.0,1,1,1,,1,ack
2018-10-23 12:36:40.398741,54,52.46.136.99,443,1.0,29,1,1,,1,ack
2018-10-23 12:36:40.398891,54,52.46.136.99,443,1.0,0,1,1,,1,ack
2018-10-23 12:36:40.399030,54,52.46.136.99,443,1.0,0,1,1,,1,ack
2018-10-23 12:36:40.399102,99,52.46.136.99,443,3.0,0,1,1,23,1,expected
2018-10-23 12:36:40.399187,99,52.46.136.99,443,3.0,0,1,1,23,1,expected
2018-10-23 12:36:40.400243,54,52.46.136.99,443,1.0,1,1,1,,1,ack
2018-10-23 12:36:40.401217,54,52.46.136.99,443,1.0,0,1,1,,1,ack
2018-10-23 12:36:40.402151,54,52.46.136.99,443,1.0,0,1,1,,1,ack
2018-10-23 12:36:40.424489,54,52.46.136.99,443,1.0,22,1,1,,1,ack
2018-10-23 12:36:40.989775,54,52.46.136.99,443,1.0,565,1,1,,1,ack
2018-10-23 12:36:49.211734,77,104.154.126.169,4070,2.0,0,1,1,,1,syn
2018-10-23 12:36:49.230620,66,104.154.126.169,4070,1.0,5747433,1,1,,1,ack
2018-10-23 12:36:54.649133,177,52.46.136.99,443,3.0,0,1,1,23,1,expected
2018-10-23 12:37:05.611593,54,52.216.128.235,80,1.0,29483,1,1,,1,ack
2018-10-23 12:37:09.460288,289,52.46.136.99,443,3.0,0,1,1,23,1,expected
2018-10-23 12:37:09.473838,387,52.46.136.99,443,3.0,0,1,1,23,1,expected
2018-10-23 12:37:09.482397,491,52.46.136.99,443,3.0,0,1,1,23,1,expected
2018-10-23 12:37:09.482830,491,52.46.136.99,443,3.0,0,1,1,23,1,expected
2018-10-23 12:37:09.482859,491,52.46.136.99,443,3.0,0,1,1,23,1,expected
2018-10-23 12:37:09.558233,491,52.46.136.99,443,3.0,0,1,1,23,1,expected
2018-10-23 12:37:09.578349,491,52.46.136.99,443,3.0,0,1,1,23,1,expected
2018-10-23 12:37:09.579383,491,52.46.136.99,443,3.0,0,1,1,23,1,expected
2018-10-23 12:37:09.580129,491,52.46.136.99,443,3.0,0,1,1,23,1,expected
2018-10-23 12:37:09.581217,491,52.46.136.99,443,3.0,0,1,1,23,1,expected
2018-10-23 12:37:09.584189,491,52.46.136.99,443,3.0,0,1,1,23,1,expected
2018-10-23 12:37:09.617829,1514,52.46.136.99,443,3.0,0,1,1,23,1,expected
2018-10-23 12:37:09.619846,1514,52.46.136.99,443,1.0,28630,1,1,,1,not_relevant
2018-10-23 12:37:09.619879,1514,52.46.136.99,443,3.0,0,1,1,23,1,expected
2018-10-23 12:37:09.619902,1514,52.46.136.99,443,3.0,0,1,1,23,1,expected
2018-10-23 12:37:09.636126,1514,52.46.136.99,443,3.0,0,1,1,23,1,expected
2018-10-23 12:37:09.637168,1514,52.46.136.99,443,3.0,0,1,1,23,1,expected
2018-10-23 12:37:09.638293,1514,52.46.136.99,443,3.0,0,1,1,23,1,expected
2018-10-23 12:37:09.638951,1514,52.46.136.99,443,3.0,0,1,1,23,1,expected
2018-10-23 12:37:09.638982,1477,52.46.136.99,443,3.0,0,1,1,23,1,expected
2018-10-23 12:37:09.654172,491,52.46.136.99,443,3.0,0,1,1,23,1,expected
2018-10-23 12:37:09.704754,491,52.46.136.99,443,3.0,0,1,1,23,1,expected
2018-10-23 12:37:09.737205,491,52.46.136.99,443,3.0,0,1,1,23,1,expected
2018-10-23 12:37:09.806909,491,52.46.136.99,443,3.0,0,1,1,23,1,expected
2018-10-23 12:37:09.852205,491,52.46.136.99,443,3.0,0,1,1,23,1,expected
2018-10-23 12:37:09.898562,491,52.46.136.99,443,3.0,0,1,1,23,1,expected
2018-10-23 12:37:09.945996,491,52.46.136.99,443,3.0,0,1,1,23,1,expected
2018-10-23 12:37:10.011626,491,52.46.136.99,443,3.0,0,1,1,23,1,expected
2018-10-23 12:37:10.043964,491,52.46.136.99,443,3.0,0,1,1,23,1,expected
2018-10-23 12:37:10.120096,491,52.46.136.99,443,3.0,0,1,1,23,1,expected
2018-10-23 12:37:10.134522,491,52.46.136.99,443,3.0,0,1,1,23,1,expected
2018-10-23 12:37:10.207454,491,52.46.136.99,443,3.0,0,1,1,23,1,expected
2018-10-23 12:37:10.246767,491,52.46.136.99,443,3.0,0,1,1,23,1,expected
2018-10-23 12:37:10.294729,491,52.46.136.99,443,3.0,0,1,1,23,1,expected
2018-10-23 12:37:10.357759,491,52.46.136.99,443,3.0,0,1,1,23,1,expected
2018-10-23 12:37:10.415625,491,52.46.136.99,443,3.0,0,1,1,23,1,expected
2018-10-23 12:37:10.443815,491,52.46.136.99,443,3.0,0,1,1,23,1,expected
2018-10-23 12:37:10.507171,491,52.46.136.99,443,3.0,0,1,1,23,1,expected
2018-10-23 12:37:10.537266,491,52.46.136.99,443,3.0,0,1,1,23,1,expected
2018-10-23 12:37:10.604088,491,52.46.136.99,443,3.0,0,1,1,23,1,expected
2018-10-23 12:37:10.654452,491,52.46.136.99,443,3.0,0,1,1,23,1,expected
2018-10-23 12:37:10.695968,491,52.46.136.99,443,3.0,0,1,1,23,1,expected
2018-10-23 12:37:10.743197,491,52.46.136.99,443,3.0,0,1,1,23,1,expected
2018-10-23 12:37:10.814897,491,52.46.136.99,443,3.0,0,1,1,23,1,expected
2018-10-23 12:37:10.839411,491,52.46.136.99,443,3.0,0,1,1,23,1,expected
2018-10-23 12:37:10.908154,491,52.46.136.99,443,3.0,0,1,1,23,1,expected
2018-10-23 12:37:10.939877,491,52.46.136.99,443,3.0,0,1,1,23,1,expected
2018-10-23 12:37:11.021394,491,52.46.136.99,443,3.0,0,1,1,23,1,expected
2018-10-23 12:37:11.050983,491,52.46.136.99,443,3.0,0,1,1,23,1,expected
2018-10-23 12:37:11.103201,491,52.46.136.99,443,3.0,0,1,1,23,1,expected
2018-10-23 12:37:11.142703,491,52.46.136.99,443,3.0,0,1,1,23,1,expected
2018-10-23 12:37:11.215556,491,52.46.136.99,443,3.0,0,1,1,23,1,expected
2018-10-23 12:37:11.240680,491,52.46.136.99,443,3.0,0,1,1,23,1,expected
2018-10-23 12:37:11.306264,491,52.46.136.99,443,3.0,0,1,1,23,1,expected
2018-10-23 12:37:11.336955,491,52.46.136.99,443,3.0,0,1,1,23,1,expected
2018-10-23 12:37:11.401976,491,52.46.136.99,443,3.0,0,1,1,23,1,expected
2018-10-23 12:37:11.447610,491,52.46.136.99,443,3.0,0,1,1,23,1,expected
2018-10-23 12:37:11.495146,491,52.46.136.99,443,3.0,0,1,1,23,1,expected
2018-10-23 12:37:11.544200,491,52.46.136.99,443,3.0,0,1,1,23,1,expected
2018-10-23 12:37:11.628990,491,52.46.136.99,443,3.0,0,1,1,23,1,expected
2018-10-23 12:37:11.647055,491,52.46.136.99,443,3.0,0,1,1,23,1,expected
2018-10-23 12:37:11.715918,491,52.46.136.99,443,3.0,0,1,1,23,1,expected
2018-10-23 12:37:11.737835,491,52.46.136.99,443,3.0,0,1,1,23,1,expected
2018-10-23 12:37:11.803397,491,52.46.136.99,443,3.0,0,1,1,23,1,expected
2018-10-23 12:37:11.849551,491,52.46.136.99,443,3.0,0,1,1,23,1,expected
2018-10-23 12:37:11.900163,491,52.46.136.99,443,3.0,0,1,1,23,1,expected
2018-10-23 12:37:11.949867,491,52.46.136.99,443,3.0,0,1,1,23,1,expected
2018-10-23 12:37:12.010530,491,52.46.136.99,443,3.0,0,1,1,23,1,expected
2018-10-23 12:37:12.045059,491,52.46.136.99,443,3.0,0,1,1,23,1,expected
2018-10-23 12:37:12.108246,491,52.46.136.99,443,3.0,0,1,1,23,1,expected
2018-10-23 12:37:12.138931,491,52.46.136.99,443,3.0,0,1,1,23,1,expected
2018-10-23 12:37:12.204591,491,52.46.136.99,443,3.0,0,1,1,23,1,expected
2018-10-23 12:37:12.253745,491,52.46.136.99,443,3.0,0,1,1,23,1,expected
2018-10-23 12:37:12.300066,491,52.46.136.99,443,3.0,0,1,1,23,1,expected
2018-10-23 12:37:12.345776,491,52.46.136.99,443,3.0,0,1,1,23,1,expected
2018-10-23 12:37:12.409653,491,52.46.136.99,443,3.0,0,1,1,23,1,expected
2018-10-23 12:37:12.487168,491,52.46.136.99,443,3.0,0,1,1,23,1,expected
2018-10-23 12:37:12.515753,491,52.46.136.99,443,3.0,0,1,1,23,1,expected
2018-10-23 12:37:12.536436,491,52.46.136.99,443,3.0,0,1,1,23,1,expected
2018-10-23 12:37:12.614582,491,52.46.136.99,443,3.0,0,1,1,23,1,expected
2018-10-23 12:37:12.695310,491,52.46.136.99,443,3.0,0,1,1,23,1,expected
2018-10-23 12:37:12.699274,491,52.46.136.99,443,3.0,0,1,1,23,1,expected
2018-10-23 12:37:12.801193,491,52.46.136.99,443,3.0,0,1,1,23,1,expected
2018-10-23 12:37:12.831754,491,52.46.136.99,443,3.0,0,1,1,23,1,expected
2018-10-23 12:37:12.840362,491,52.46.136.99,443,3.0,0,1,1,23,1,expected
2018-10-23 12:37:12.915363,491,52.46.136.99,443,3.0,0,1,1,23,1,expected
2018-10-23 12:37:12.978356,491,52.46.136.99,443,3.0,0,1,1,23,1,expected
2018-10-23 12:37:13.002937,491,52.46.136.99,443,3.0,0,1,1,23,1,expected
2018-10-23 12:37:13.050753,491,52.46.136.99,443,3.0,0,1,1,23,1,expected
2018-10-23 12:37:13.122279,491,52.46.136.99,443,3.0,0,1,1,23,1,expected
2018-10-23 12:37:13.190385,491,52.46.136.99,443,3.0,0,1,1,23,1,expected
2018-10-23 12:37:13.299042,491,52.46.136.99,443,3.0,0,1,1,23,1,expected
2018-10-23 12:37:13.300670,491,52.46.136.99,443,3.0,0,1,1,23,1,expected
2018-10-23 12:37:13.308440,491,52.46.136.99,443,3.0,0,1,1,23,1,expected
2018-10-23 12:37:13.353814,491,52.46.136.99,443,3.0,0,1,1,23,1,expected
2018-10-23 12:37:13.404421,491,52.46.136.99,443,3.0,0,1,1,23,1,expected
2018-10-23 12:37:13.473861,491,52.46.136.99,443,3.0,0,1,1,23,1,expected
2018-10-23 12:37:13.494569,491,52.46.136.99,443,3.0,0,1,1,23,1,expected
2018-10-23 12:37:13.549260,491,52.46.136.99,443,3.0,0,1,1,23,1,expected
2018-10-23 12:37:13.611901,491,52.46.136.99,443,3.0,0,1,1,23,1,expected
2018-10-23 12:37:13.654248,491,52.46.136.99,443,3.0,0,1,1,23,1,expected
2018-10-23 12:37:13.715610,491,52.46.136.99,443,3.0,0,1,1,23,1,expected
2018-10-23 12:37:13.737837,491,52.46.136.99,443,3.0,0,1,1,23,1,expected
2018-10-23 12:37:13.805624,491,52.46.136.99,443,3.0,0,1,1,23,1,expected
2018-10-23 12:37:13.852302,491,52.46.136.99,443,3.0,0,1,1,23,1,expected
2018-10-23 12:37:13.899905,491,52.46.136.99,443,3.0,0,1,1,23,1,expected
2018-10-23 12:37:13.948354,491,52.46.136.99,443,3.0,0,1,1,23,1,expected
2018-10-23 12:37:14.010868,491,52.46.136.99,443,3.0,0,1,1,23,1,expected
2018-10-23 12:37:14.041361,491,52.46.136.99,443,3.0,0,1,1,23,1,expected
2018-10-23 12:37:14.118657,491,52.46.136.99,443,3.0,0,1,1,23,1,expected
2018-10-23 12:37:14.135494,491,52.46.136.99,443,3.0,0,1,1,23,1,expected
2018-10-23 12:37:14.201882,491,52.46.136.99,443,3.0,0,1,1,23,1,expected
2018-10-23 12:37:14.258927,491,52.46.136.99,443,3.0,0,1,1,23,1,expected
2018-10-23 12:37:14.299859,491,52.46.136.99,443,3.0,0,1,1,23,1,expected
2018-10-23 12:37:14.346363,491,52.46.136.99,443,3.0,0,1,1,23,1,expected
2018-10-23 12:37:14.410560,491,52.46.136.99,443,3.0,0,1,1,23,1,expected
2018-10-23 12:37:14.443071,491,52.46.136.99,443,3.0,0,1,1,23,1,expected
2018-10-23 12:37:14.513660,491,52.46.136.99,443,3.0,0,1,1,23,1,expected
2018-10-23 12:37:14.553020,491,52.46.136.99,443,3.0,0,1,1,23,1,expected
2018-10-23 12:37:14.614286,491,52.46.136.99,443,3.0,0,1,1,23,1,expected
2018-10-23 12:37:14.654790,491,52.46.136.99,443,3.0,0,1,1,23,1,expected
2018-10-23 12:37:14.698738,491,52.46.136.99,443,3.0,0,1,1,23,1,expected
2018-10-23 12:37:14.749142,491,52.46.136.99,443,3.0,0,1,1,23,1,expected
2018-10-23 12:37:14.811920,491,52.46.136.99,443,3.0,0,1,1,23,1,expected
2018-10-23 12:37:14.843021,491,52.46.136.99,443,3.0,0,1,1,23,1,expected
2018-10-23 12:37:14.905553,491,52.46.136.99,443,3.0,0,1,1,23,1,expected
2018-10-23 12:37:14.940479,491,52.46.136.99,443,3.0,0,1,1,23,1,expected
2018-10-23 12:37:15.005307,491,52.46.136.99,443,3.0,0,1,1,23,1,expected
2018-10-23 12:37:15.047910,491,52.46.136.99,443,3.0,0,1,1,23,1,expected
2018-10-23 12:37:15.116124,491,52.46.136.99,443,3.0,0,1,1,23,1,expected
2018-10-23 12:37:15.147296,491,52.46.136.99,443,3.0,0,1,1,23,1,expected
2018-10-23 12:37:15.218786,491,52.46.136.99,443,3.0,0,1,1,23,1,expected
2018-10-23 12:37:15.249044,491,52.46.136.99,443,3.0,0,1,1,23,1,expected
2018-10-23 12:37:15.309195,491,52.46.136.99,443,3.0,0,1,1,23,1,expected
2018-10-23 12:37:15.345310,491,52.46.136.99,443,3.0,0,1,1,23,1,expected
2018-10-23 12:37:15.405404,491,52.46.136.99,443,3.0,0,1,1,23,1,expected
2018-10-23 12:37:15.449563,491,52.46.136.99,443,3.0,0,1,1,23,1,expected
2018-10-23 12:37:15.498008,491,52.46.136.99,443,3.0,0,1,1,23,1,expected
2018-10-23 12:37:15.544435,491,52.46.136.99,443,3.0,0,1,1,23,1,expected
2018-10-23 12:37:15.615139,491,52.46.136.99,443,3.0,0,1,1,23,1,expected
2018-10-23 12:37:15.639433,491,52.46.136.99,443,3.0,0,1,1,23,1,expected
2018-10-23 12:37:15.706114,491,52.46.136.99,443,3.0,0,1,1,23,1,expected
2018-10-23 12:37:15.740590,491,52.46.136.99,443,3.0,0,1,1,23,1,expected
2018-10-23 12:37:15.805137,491,52.46.136.99,443,3.0,0,1,1,23,1,expected
2018-10-23 12:37:15.842114,54,52.46.136.99,443,1.0,6222,1,1,,1,ack
2018-10-23 12:37:15.844799,54,52.46.136.99,443,1.0,2,1,1,,1,ack
2018-10-23 12:37:15.873774,491,52.46.136.99,443,3.0,0,1,1,23,1,expected
2018-10-23 12:37:15.885673,54,52.46.136.99,443,1.0,40,1,1,,1,ack
2018-10-23 12:37:15.885787,54,52.46.136.99,443,1.0,0,1,1,,1,ack
2018-10-23 12:37:15.886456,99,52.46.136.99,443,3.0,0,1,1,23,1,expected
2018-10-23 12:37:15.886638,54,52.46.136.99,443,1.0,0,1,1,,1,ack
2018-10-23 12:37:15.887670,54,52.46.136.99,443,1.0,1,1,1,,1,ack
2018-10-23 12:37:15.888555,54,52.46.136.99,443,1.0,0,1,1,,1,ack
2018-10-23 12:37:15.898419,491,52.46.136.99,443,3.0,0,1,1,23,1,expected
2018-10-23 12:37:15.915907,54,52.46.136.99,443,1.0,27,1,1,,1,ack
2018-10-23 12:37:15.919171,54,52.46.136.99,443,1.0,3,1,1,,1,ack
2018-10-23 12:37:15.920208,54,52.46.136.99,443,1.0,1,1,1,,1,ack
2018-10-23 12:37:15.920939,54,52.46.136.99,443,1.0,0,1,1,,1,ack
2018-10-23 12:37:15.922552,54,52.46.136.99,443,1.0,1,1,1,,1,ack
2018-10-23 12:37:15.922721,54,52.46.136.99,443,1.0,0,1,1,,1,ack
2018-10-23 12:37:15.923732,54,52.46.136.99,443,1.0,1,1,1,,1,ack
2018-10-23 12:37:15.924405,99,52.46.136.99,443,3.0,0,1,1,23,1,expected
2018-10-23 12:37:15.934779,54,52.46.136.99,443,1.0,11,1,1,,1,ack
2018-10-23 12:37:15.938433,54,52.46.136.99,443,1.0,3,1,1,,1,ack
2018-10-23 12:37:15.939325,99,52.46.136.99,443,3.0,0,1,1,23,1,expected
2018-10-23 12:37:15.939437,54,52.46.136.99,443,1.0,1,1,1,,1,ack
2018-10-23 12:37:15.939511,54,52.46.136.99,443,1.0,0,1,1,,1,ack
2018-10-23 12:37:15.941678,54,52.46.136.99,443,1.0,2,1,1,,1,ack
2018-10-23 12:37:15.942473,54,52.46.136.99,443,1.0,0,1,1,,1,ack
2018-10-23 12:37:15.945001,491,52.46.136.99,443,3.0,0,1,1,23,1,expected
2018-10-23 12:37:15.954402,54,52.46.136.99,443,1.0,11,1,1,,1,ack
2018-10-23 12:37:15.988317,54,52.46.136.99,443,1.0,33,1,1,,1,ack
2018-10-23 12:37:15.990454,54,52.46.136.99,443,1.0,2,1,1,,1,ack
2018-10-23 12:37:15.991365,54,52.46.136.99,443,1.0,0,1,1,,1,ack
2018-10-23 12:37:15.992230,54,52.46.136.99,443,1.0,0,1,1,,1,ack
2018-10-23 12:37:15.993252,54,52.46.136.99,443,1.0,1,1,1,,1,ack
2018-10-23 12:37:15.996220,99,52.46.136.99,443,3.0,0,1,1,23,1,expected
2018-10-23 12:37:15.996382,54,52.46.136.99,443,1.0,3,1,1,,1,ack
2018-10-23 12:37:15.996456,54,52.46.136.99,443,1.0,0,1,1,,1,ack
2018-10-23 12:37:15.996535,99,52.46.136.99,443,3.0,0,1,1,23,1,expected
2018-10-23 12:37:16.007436,54,52.46.136.99,443,1.0,10,1,1,,1,ack
2018-10-23 12:37:16.009398,491,52.46.136.99,443,3.0,0,1,1,23,1,expected
2018-10-23 12:37:16.009559,54,52.46.136.99,443,1.0,2,1,1,,1,ack
2018-10-23 12:37:16.011070,54,52.46.136.99,443,1.0,1,1,1,,1,ack
2018-10-23 12:37:16.011500,54,52.46.136.99,443,1.0,0,1,1,,1,ack
2018-10-23 12:37:16.026860,91,52.46.136.99,443,3.0,0,1,1,23,1,expected
2018-10-23 12:37:16.026946,91,52.46.136.99,443,3.0,0,1,1,23,1,expected
2018-10-23 12:37:16.129460,428,52.46.136.99,443,3.0,0,1,1,23,1,expected
2018-10-23 12:37:16.406011,54,52.46.136.99,443,1.0,394,1,1,,1,ack
2018-10-23 12:37:19.371639,77,104.154.126.169,4070,2.0,0,1,1,,1,syn
2018-10-23 12:37:19.391002,66,104.154.126.169,4070,1.0,30160,1,1,,1,ack
2018-10-23 12:37:30.355687,176,52.46.136.99,443,3.0,0,1,1,23,1,expected
2018-10-23 12:37:44.317389,107,52.94.232.206,443,3.0,0,1,1,21,1,handshake
2018-10-23 12:37:44.317567,54,52.94.232.206,443,1.0,5773033,1,1,,1,ack
2018-10-23 12:37:44.321794,74,52.94.229.215,443,1.0,5779405,0,1,,1,retransmit
2018-10-23 12:37:44.341639,54,52.94.229.215,443,1.0,19,1,1,,1,ack
2018-10-23 12:37:44.343425,571,52.94.229.215,443,3.0,0,1,1,22,1,handshake
2018-10-23 12:37:44.364031,54,52.94.229.215,443,1.0,22,1,1,,1,ack
2018-10-23 12:37:44.364892,54,52.94.229.215,443,1.0,0,1,1,,1,ack
2018-10-23 12:37:44.365135,54,52.94.229.215,443,1.0,0,1,1,,1,ack
2018-10-23 12:37:44.365864,54,52.94.229.215,443,1.0,0,1,1,,1,ack
2018-10-23 12:37:44.412539,204,52.94.229.215,443,3.0,0,1,1,22,1,handshake
2018-10-23 12:37:44.431027,54,52.94.229.215,443,1.0,65,1,1,,1,ack
2018-10-23 12:37:44.434212,695,52.94.229.215,443,3.0,0,1,1,23,1,expected
2018-10-23 12:37:44.434241,1514,52.94.229.215,443,3.0,0,1,1,23,1,expected
2018-10-23 12:37:44.434263,1514,52.94.229.215,443,3.0,0,1,1,23,1,expected
2018-10-23 12:37:44.434322,1514,52.94.229.215,443,1.0,3,1,1,,1,not_relevant
2018-10-23 12:37:44.434376,1514,52.94.229.215,443,3.0,0,1,1,23,1,expected
2018-10-23 12:37:44.435734,1514,52.94.229.215,443,3.0,0,1,1,23,1,expected
2018-10-23 12:37:44.435764,1514,52.94.229.215,443,3.0,0,1,1,23,1,expected
2018-10-23 12:37:44.453704,332,52.94.229.215,443,3.0,0,1,1,23,1,expected
2018-10-23 12:37:44.492087,54,52.94.229.215,443,1.0,57,1,1,,1,ack
2018-10-23 12:37:48.652614,289,52.46.136.99,443,3.0,0,1,1,23,1,expected
2018-10-23 12:37:48.675199,378,52.46.136.99,443,3.0,0,1,1,23,1,expected
2018-10-23 12:37:48.700040,1291,52.46.136.99,443,3.0,0,1,1,23,1,expected
2018-10-23 12:37:48.700522,491,52.46.136.99,443,3.0,0,1,1,23,1,expected
2018-10-23 12:37:48.701803,491,52.46.136.99,443,3.0,0,1,1,23,1,expected
2018-10-23 12:37:48.701831,491,52.46.136.99,443,3.0,0,1,1,23,1,expected
2018-10-23 12:37:48.703962,491,52.46.136.99,443,3.0,0,1,1,23,1,expected
2018-10-23 12:37:48.705297,491,52.46.136.99,443,3.0,0,1,1,23,1,expected
2018-10-23 12:37:48.718118,1291,52.46.136.99,443,3.0,0,1,1,23,1,expected
2018-10-23 12:37:48.733875,491,52.46.136.99,443,3.0,0,1,1,23,1,expected
2018-10-23 12:37:48.744562,891,52.46.136.99,443,3.0,0,1,1,23,1,expected
2018-10-23 12:37:48.753228,491,52.46.136.99,443,3.0,0,1,1,23,1,expected
2018-10-23 12:37:48.754334,491,52.46.136.99,443,3.0,0,1,1,23,1,expected
2018-10-23 12:37:48.754976,491,52.46.136.99,443,3.0,0,1,1,23,1,expected
2018-10-23 12:37:48.765242,1291,52.46.136.99,443,3.0,0,1,1,23,1,expected
2018-10-23 12:37:48.766422,491,52.46.136.99,443,3.0,0,1,1,23,1,expected
2018-10-23 12:37:48.778895,491,52.46.136.99,443,3.0,0,1,1,23,1,expected
2018-10-23 12:37:48.779606,231,52.46.136.99,443,3.0,0,1,1,23,1,expected
2018-10-23 12:37:48.781724,491,52.46.136.99,443,3.0,0,1,1,23,1,expected
2018-10-23 12:37:48.801720,1514,52.46.136.99,443,3.0,0,1,1,23,1,expected
2018-10-23 12:37:48.802175,1514,52.46.136.99,443,3.0,0,1,1,23,1,expected
2018-10-23 12:37:48.802904,1514,52.46.136.99,443,3.0,0,1,1,23,1,expected
2018-10-23 12:37:48.802935,296,52.46.136.99,443,3.0,0,1,1,23,1,expected
2018-10-23 12:37:48.808582,491,52.46.136.99,443,3.0,0,1,1,23,1,expected
2018-10-23 12:37:48.883872,491,52.46.136.99,443,3.0,0,1,1,23,1,expected
2018-10-23 12:37:48.928497,491,52.46.136.99,443,3.0,0,1,1,23,1,expected
2018-10-23 12:37:48.967206,491,52.46.136.99,443,3.0,0,1,1,23,1,expected
2018-10-23 12:37:49.014731,491,52.46.136.99,443,3.0,0,1,1,23,1,expected
2018-10-23 12:37:49.063422,491,52.46.136.99,443,3.0,0,1,1,23,1,expected
2018-10-23 12:37:49.115523,491,52.46.136.99,443,3.0,0,1,1,23,1,expected
2018-10-23 12:37:49.183111,491,52.46.136.99,443,3.0,0,1,1,23,1,expected
2018-10-23 12:37:49.207950,491,52.46.136.99,443,3.0,0,1,1,23,1,expected
2018-10-23 12:37:49.279912,491,52.46.136.99,443,3.0,0,1,1,23,1,expected
2018-10-23 12:37:49.303233,491,52.46.136.99,443,3.0,0,1,1,23,1,expected
2018-10-23 12:37:49.374058,491,52.46.136.99,443,3.0,0,1,1,23,1,expected
2018-10-23 12:37:49.411444,77,104.154.126.169,4070,2.0,0,1,1,,1,syn
2018-10-23 12:37:49.418093,491,52.46.136.99,443,3.0,0,1,1,23,1,expected
2018-10-23 12:37:49.440661,66,104.154.126.169,4070,1.0,30049,1,1,,1,ack
2018-10-23 12:37:49.465610,491,52.46.136.99,443,3.0,0,1,1,23,1,expected
2018-10-23 12:37:49.514821,491,52.46.136.99,443,3.0,0,1,1,23,1,expected
2018-10-23 12:37:49.595213,491,52.46.136.99,443,3.0,0,1,1,23,1,expected
2018-10-23 12:37:49.612333,491,52.46.136.99,443,3.0,0,1,1,23,1,expected
2018-10-23 12:37:49.678664,491,52.46.136.99,443,3.0,0,1,1,23,1,expected
2018-10-23 12:37:49.715048,491,52.46.136.99,443,3.0,0,1,1,23,1,expected
2018-10-23 12:37:49.778674,491,52.46.136.99,443,3.0,0,1,1,23,1,expected
2018-10-23 12:37:49.819388,491,52.46.136.99,443,3.0,0,1,1,23,1,expected
2018-10-23 12:37:49.866829,491,52.46.136.99,443,3.0,0,1,1,23,1,expected
2018-10-23 12:37:49.915362,491,52.46.136.99,443,3.0,0,1,1,23,1,expected
2018-10-23 12:37:49.980044,491,52.46.136.99,443,3.0,0,1,1,23,1,expected
2018-10-23 12:37:50.014233,491,52.46.136.99,443,3.0,0,1,1,23,1,expected
2018-10-23 12:37:50.078622,491,52.46.136.99,443,3.0,0,1,1,23,1,expected
2018-10-23 12:37:50.106926,491,52.46.136.99,443,3.0,0,1,1,23,1,expected
2018-10-23 12:37:50.170735,491,52.46.136.99,443,3.0,0,1,1,23,1,expected
2018-10-23 12:37:50.214355,491,52.46.136.99,443,3.0,0,1,1,23,1,expected
2018-10-23 12:37:50.288178,491,52.46.136.99,443,3.0,0,1,1,23,1,expected
2018-10-23 12:37:50.319218,491,52.46.136.99,443,3.0,0,1,1,23,1,expected
2018-10-23 12:37:50.380121,491,52.46.136.99,443,3.0,0,1,1,23,1,expected
2018-10-23 12:37:50.415605,491,52.46.136.99,443,3.0,0,1,1,23,1,expected
2018-10-23 12:37:50.478837,491,52.46.136.99,443,3.0,0,1,1,23,1,expected
2018-10-23 12:37:50.505946,491,52.46.136.99,443,3.0,0,1,1,23,1,expected
2018-10-23 12:37:50.529583,54,52.94.229.215,443,1.0,6037,1,1,,1,ack
2018-10-23 12:37:50.574818,491,52.46.136.99,443,3.0,0,1,1,23,1,expected
2018-10-23 12:37:50.618783,491,52.46.136.99,443,3.0,0,1,1,23,1,expected
2018-10-23 12:37:50.666293,491,52.46.136.99,443,3.0,0,1,1,23,1,expected
2018-10-23 12:37:50.713893,491,52.46.136.99,443,3.0,0,1,1,23,1,expected
2018-10-23 12:37:50.778513,491,52.46.136.99,443,3.0,0,1,1,23,1,expected
2018-10-23 12:37:50.809929,491,52.46.136.99,443,3.0,0,1,1,23,1,expected
2018-10-23 12:37:50.878016,491,52.46.136.99,443,3.0,0,1,1,23,1,expected
2018-10-23 12:37:50.908241,491,52.46.136.99,443,3.0,0,1,1,23,1,expected
2018-10-23 12:37:50.986932,491,52.46.136.99,443,3.0,0,1,1,23,1,expected
2018-10-23 12:37:51.018844,491,52.46.136.99,443,3.0,0,1,1,23,1,expected
2018-10-23 12:37:51.070265,491,52.46.136.99,443,3.0,0,1,1,23,1,expected
2018-10-23 12:37:51.115200,491,52.46.136.99,443,3.0,0,1,1,23,1,expected
2018-10-23 12:37:51.180746,491,52.46.136.99,443,3.0,0,1,1,23,1,expected
2018-10-23 12:37:51.212049,491,52.46.136.99,443,3.0,0,1,1,23,1,expected
2018-10-23 12:37:51.276980,491,52.46.136.99,443,3.0,0,1,1,23,1,expected
2018-10-23 12:37:51.307994,491,52.46.136.99,443,3.0,0,1,1,23,1,expected
2018-10-23 12:37:51.373125,491,52.46.136.99,443,3.0,0,1,1,23,1,expected
2018-10-23 12:37:51.418430,491,52.46.136.99,443,3.0,0,1,1,23,1,expected
2018-10-23 12:37:51.465122,491,52.46.136.99,443,3.0,0,1,1,23,1,expected
2018-10-23 12:37:51.515180,491,52.46.136.99,443,3.0,0,1,1,23,1,expected
2018-10-23 12:37:51.583030,491,52.46.136.99,443,3.0,0,1,1,23,1,expected
2018-10-23 12:37:51.613197,491,52.46.136.99,443,3.0,0,1,1,23,1,expected
2018-10-23 12:37:51.687055,491,52.46.136.99,443,3.0,0,1,1,23,1,expected
2018-10-23 12:37:51.708127,491,52.46.136.99,443,3.0,0,1,1,23,1,expected
2018-10-23 12:37:51.772029,491,52.46.136.99,443,3.0,0,1,1,23,1,expected
2018-10-23 12:37:51.817660,491,52.46.136.99,443,3.0,0,1,1,23,1,expected
2018-10-23 12:37:51.871686,491,52.46.136.99,443,3.0,0,1,1,23,1,expected
2018-10-23 12:37:51.917221,54,52.46.136.99,443,1.0,35511,1,1,,1,ack
2018-10-23 12:37:51.917406,491,52.46.136.99,443,3.0,0,1,1,23,1,expected
2018-10-23 12:37:51.984675,491,52.46.136.99,443,3.0,0,1,1,23,1,expected
2018-10-23 12:37:52.007931,491,52.46.136.99,443,3.0,0,1,1,23,1,expected
2018-10-23 12:37:52.078407,491,52.46.136.99,443,3.0,0,1,1,23,1,expected
2018-10-23 12:37:52.108878,491,52.46.136.99,443,3.0,0,1,1,23,1,expected
2018-10-23 12:37:52.173324,491,52.46.136.99,443,3.0,0,1,1,23,1,expected
2018-10-23 12:37:52.178234,54,52.46.136.99,443,1.0,261,1,1,,1,ack
2018-10-23 12:37:52.220584,491,52.46.136.99,443,3.0,0,1,1,23,1,expected
2018-10-23 12:37:52.265437,491,52.46.136.99,443,3.0,0,1,1,23,1,expected
2018-10-23 12:37:52.313930,491,52.46.136.99,443,3.0,0,1,1,23,1,expected
2018-10-23 12:37:52.384845,491,52.46.136.99,443,3.0,0,1,1,23,1,expected
2018-10-23 12:37:52.409918,491,52.46.136.99,443,3.0,0,1,1,23,1,expected
2018-10-23 12:37:52.485118,491,52.46.136.99,443,3.0,0,1,1,23,1,expected
2018-10-23 12:37:52.520557,491,52.46.136.99,443,3.0,0,1,1,23,1,expected
2018-10-23 12:37:52.554698,54,52.94.229.215,443,1.0,2025,1,1,,1,ack
2018-10-23 12:37:52.587927,491,52.46.136.99,443,3.0,0,1,1,23,1,expected
2018-10-23 12:37:52.665443,491,52.46.136.99,443,3.0,0,1,1,23,1,expected
2018-10-23 12:37:52.665624,491,52.46.136.99,443,3.0,0,1,1,23,1,expected
2018-10-23 12:37:52.722483,491,52.46.136.99,443,3.0,0,1,1,23,1,expected
2018-10-23 12:37:52.799711,491,52.46.136.99,443,3.0,0,1,1,23,1,expected
2018-10-23 12:37:52.806869,491,52.46.136.99,443,3.0,0,1,1,23,1,expected
2018-10-23 12:37:52.874745,491,52.46.136.99,443,3.0,0,1,1,23,1,expected
2018-10-23 12:37:52.923250,491,52.46.136.99,443,3.0,0,1,1,23,1,expected
2018-10-23 12:37:52.971709,491,52.46.136.99,443,3.0,0,1,1,23,1,expected
2018-10-23 12:37:53.118313,491,52.46.136.99,443,3.0,0,1,1,23,1,expected
2018-10-23 12:37:53.118732,491,52.46.136.99,443,3.0,0,1,1,23,1,expected
2018-10-23 12:37:53.120141,491,52.46.136.99,443,3.0,0,1,1,23,1,expected
2018-10-23 12:37:53.178655,491,52.46.136.99,443,3.0,0,1,1,23,1,expected
2018-10-23 12:37:53.199382,54,52.46.136.99,443,1.0,1021,1,1,,1,ack
2018-10-23 12:37:53.215145,491,52.46.136.99,443,3.0,0,1,1,23,1,expected
2018-10-23 12:37:53.226789,54,52.46.136.99,443,1.0,27,1,1,,1,ack
2018-10-23 12:37:53.228042,54,52.46.136.99,443,1.0,1,1,1,,1,ack
2018-10-23 12:37:53.228745,54,52.46.136.99,443,1.0,0,1,1,,1,ack
2018-10-23 12:37:53.230541,54,52.46.136.99,443,1.0,1,1,1,,1,ack
2018-10-23 12:37:53.233603,54,52.46.136.99,443,1.0,3,1,1,,1,ack
2018-10-23 12:37:53.246545,54,52.46.136.99,443,1.0,12,1,1,,1,ack
2018-10-23 12:37:53.246687,54,52.46.136.99,443,1.0,0,1,1,,1,ack
2018-10-23 12:37:53.247089,99,52.46.136.99,443,3.0,0,1,1,23,1,expected
2018-10-23 12:37:53.254573,54,52.46.136.99,443,1.0,7,1,1,,1,ack
2018-10-23 12:37:53.254911,54,52.46.136.99,443,1.0,0,1,1,,1,ack
2018-10-23 12:37:53.256809,54,52.46.136.99,443,1.0,1,1,1,,1,ack
2018-10-23 12:37:53.257130,54,52.46.136.99,443,1.0,0,1,1,,1,ack
2018-10-23 12:37:53.280317,491,52.46.136.99,443,3.0,0,1,1,23,1,expected
2018-10-23 12:37:53.281626,54,52.46.136.99,443,1.0,24,1,1,,1,ack
2018-10-23 12:37:53.282836,99,52.46.136.99,443,3.0,0,1,1,23,1,expected
2018-10-23 12:37:53.282972,54,52.46.136.99,443,1.0,1,1,1,,1,ack
2018-10-23 12:37:53.288465,54,52.46.136.99,443,1.0,5,1,1,,1,ack
2018-10-23 12:37:53.288602,54,52.46.136.99,443,1.0,0,1,1,,1,ack
2018-10-23 12:37:53.288734,54,52.46.136.99,443,1.0,0,1,1,,1,ack
2018-10-23 12:37:53.288860,54,52.46.136.99,443,1.0,0,1,1,,1,ack
2018-10-23 12:37:53.300441,54,52.46.136.99,443,1.0,11,1,1,,1,ack
2018-10-23 12:37:53.301683,99,52.46.136.99,443,3.0,0,1,1,23,1,expected
2018-10-23 12:37:53.302438,54,52.46.136.99,443,1.0,1,1,1,,1,ack
2018-10-23 12:37:53.302771,54,52.46.136.99,443,1.0,0,1,1,,1,ack
2018-10-23 12:37:53.307442,54,52.46.136.99,443,1.0,4,1,1,,1,ack
2018-10-23 12:37:53.323830,491,52.46.136.99,443,3.0,0,1,1,23,1,expected
2018-10-23 12:37:53.324323,54,52.46.136.99,443,1.0,16,1,1,,1,ack
2018-10-23 12:37:53.324453,54,52.46.136.99,443,1.0,0,1,1,,1,ack
2018-10-23 12:37:53.324580,54,52.46.136.99,443,1.0,0,1,1,,1,ack
2018-10-23 12:37:53.324705,54,52.46.136.99,443,1.0,0,1,1,,1,ack
2018-10-23 12:37:53.324831,54,52.46.136.99,443,1.0,0,1,1,,1,ack
2018-10-23 12:37:53.324955,54,52.46.136.99,443,1.0,0,1,1,,1,ack
2018-10-23 12:37:53.331085,99,52.46.136.99,443,3.0,0,1,1,23,1,expected
2018-10-23 12:37:53.331361,54,52.46.136.99,443,1.0,6,1,1,,1,ack
2018-10-23 12:37:53.410810,91,52.46.136.99,443,3.0,0,1,1,23,1,expected
2018-10-23 12:37:53.411081,91,52.46.136.99,443,3.0,0,1,1,23,1,expected
2018-10-23 12:37:53.412606,66,52.46.136.99,443,1.0,81,1,1,,1,ack
2018-10-23 12:37:53.415386,99,52.46.136.99,443,3.0,0,1,1,23,1,expected
2018-10-23 12:37:53.418984,432,52.46.136.99,443,3.0,0,1,1,23,1,expected
2018-10-23 12:37:53.790403,54,52.46.136.99,443,1.0,377,1,1,,1,ack
2018-10-23 12:37:53.790486,54,52.46.136.99,443,1.0,0,1,1,,1,ack
2018-10-23 12:38:01.807510,66,104.154.126.169,4070,1.0,12366,1,1,,1,ack
2018-10-23 12:38:07.634488,177,52.46.136.99,443,3.0,0,1,1,23,1,expected
2018-10-23 12:38:20.426915,77,104.154.126.169,4070,2.0,0,1,1,,1,syn
2018-10-23 12:38:20.446577,66,104.154.126.169,4070,1.0,18639,1,1,,1,ack
2018-10-23 12:38:25.041899,289,52.46.136.99,443,3.0,0,1,1,23,1,expected
2018-10-23 12:38:25.118534,385,52.46.136.99,443,3.0,0,1,1,23,1,expected
2018-10-23 12:38:25.141253,1291,52.46.136.99,443,3.0,0,1,1,23,1,expected
2018-10-23 12:38:25.145966,491,52.46.136.99,443,3.0,0,1,1,23,1,expected
2018-10-23 12:38:25.158187,1514,52.46.136.99,443,1.0,31367,1,1,,1,not_relevant
2018-10-23 12:38:25.194721,371,52.46.136.99,443,3.0,0,1,1,23,1,expected
2018-10-23 12:38:25.195886,1514,52.46.136.99,443,1.0,37,1,1,,1,not_relevant
2018-10-23 12:38:25.195909,1514,52.46.136.99,443,3.0,0,1,1,23,1,expected
2018-10-23 12:38:25.195947,1514,52.46.136.99,443,1.0,0,1,1,,1,not_relevant
2018-10-23 12:38:25.197224,1088,52.46.136.99,443,3.0,0,1,1,23,1,expected
2018-10-23 12:38:25.212996,1514,52.46.136.99,443,3.0,0,1,1,23,1,expected
2018-10-23 12:38:25.213245,54,52.46.136.99,443,1.0,17,1,1,,1,ack
2018-10-23 12:38:25.214916,1514,52.46.136.99,443,1.0,1,1,1,,1,not_relevant
2018-10-23 12:38:25.215306,1514,52.46.136.99,443,3.0,0,1,1,23,1,expected
2018-10-23 12:38:25.215565,185,52.46.136.99,443,3.0,0,1,1,23,1,expected
2018-10-23 12:38:25.245284,491,52.46.136.99,443,3.0,0,1,1,23,1,expected
2018-10-23 12:38:25.288682,54,52.46.136.99,443,1.0,73,1,1,,1,ack
2018-10-23 12:38:25.306520,491,52.46.136.99,443,3.0,0,1,1,23,1,expected
2018-10-23 12:38:25.354745,491,52.46.136.99,443,3.0,0,1,1,23,1,expected
2018-10-23 12:38:25.404149,491,52.46.136.99,443,3.0,0,1,1,23,1,expected
2018-10-23 12:38:25.451690,491,52.46.136.99,443,3.0,0,1,1,23,1,expected
2018-10-23 12:38:25.503943,491,52.46.136.99,443,3.0,0,1,1,23,1,expected
2018-10-23 12:38:25.543138,491,52.46.136.99,443,3.0,0,1,1,23,1,expected
2018-10-23 12:38:25.616066,491,52.46.136.99,443,3.0,0,1,1,23,1,expected
2018-10-23 12:38:25.641320,491,52.46.136.99,443,3.0,0,1,1,23,1,expected
2018-10-23 12:38:25.707107,491,52.46.136.99,443,3.0,0,1,1,23,1,expected
2018-10-23 12:38:25.738588,491,52.46.136.99,443,3.0,0,1,1,23,1,expected
2018-10-23 12:38:25.800864,491,52.46.136.99,443,3.0,0,1,1,23,1,expected
2018-10-23 12:38:25.848716,491,52.46.136.99,443,3.0,0,1,1,23,1,expected
2018-10-23 12:38:25.896407,491,52.46.136.99,443,3.0,0,1,1,23,1,expected
2018-10-23 12:38:25.959561,491,52.46.136.99,443,3.0,0,1,1,23,1,expected
2018-10-23 12:38:26.021785,491,52.46.136.99,443,3.0,0,1,1,23,1,expected
2018-10-23 12:38:26.077695,491,52.46.136.99,443,3.0,0,1,1,23,1,expected
2018-10-23 12:38:26.108260,491,52.46.136.99,443,3.0,0,1,1,23,1,expected
2018-10-23 12:38:26.136573,491,52.46.136.99,443,3.0,0,1,1,23,1,expected
2018-10-23 12:38:26.207838,491,52.46.136.99,443,3.0,0,1,1,23,1,expected
2018-10-23 12:38:26.251288,491,52.46.136.99,443,3.0,0,1,1,23,1,expected
2018-10-23 12:38:26.295977,491,52.46.136.99,443,3.0,0,1,1,23,1,expected
2018-10-23 12:38:26.346723,491,52.46.136.99,443,3.0,0,1,1,23,1,expected
2018-10-23 12:38:26.414589,491,52.46.136.99,443,3.0,0,1,1,23,1,expected
2018-10-23 12:38:26.439070,491,52.46.136.99,443,3.0,0,1,1,23,1,expected
2018-10-23 12:38:26.509412,491,52.46.136.99,443,3.0,0,1,1,23,1,expected
2018-10-23 12:38:26.555583,491,52.46.136.99,443,3.0,0,1,1,23,1,expected
2018-10-23 12:38:26.608885,491,52.46.136.99,443,3.0,0,1,1,23,1,expected
2018-10-23 12:38:26.649493,491,52.46.136.99,443,3.0,0,1,1,23,1,expected
2018-10-23 12:38:26.697575,491,52.46.136.99,443,3.0,0,1,1,23,1,expected
2018-10-23 12:38:26.746258,491,52.46.136.99,443,3.0,0,1,1,23,1,expected
2018-10-23 12:38:26.811182,491,52.46.136.99,443,3.0,0,1,1,23,1,expected
2018-10-23 12:38:26.863295,491,52.46.136.99,443,3.0,0,1,1,23,1,expected
2018-10-23 12:38:26.904962,491,52.46.136.99,443,3.0,0,1,1,23,1,expected
2018-10-23 12:38:26.940068,491,52.46.136.99,443,3.0,0,1,1,23,1,expected
2018-10-23 12:38:27.004483,491,52.46.136.99,443,3.0,0,1,1,23,1,expected
2018-10-23 12:38:27.048863,491,52.46.136.99,443,3.0,0,1,1,23,1,expected
2018-10-23 12:38:27.098063,491,52.46.136.99,443,3.0,0,1,1,23,1,expected
2018-10-23 12:38:27.154347,491,52.46.136.99,443,3.0,0,1,1,23,1,expected
2018-10-23 12:38:27.216660,491,52.46.136.99,443,3.0,0,1,1,23,1,expected
2018-10-23 12:38:27.240415,491,52.46.136.99,443,3.0,0,1,1,23,1,expected
2018-10-23 12:38:27.309997,491,52.46.136.99,443,3.0,0,1,1,23,1,expected
2018-10-23 12:38:27.328127,54,52.46.136.99,443,1.0,2039,1,1,,1,ack
2018-10-23 12:38:27.341165,491,52.46.136.99,443,3.0,0,1,1,23,1,expected
2018-10-23 12:38:27.404616,491,52.46.136.99,443,3.0,0,1,1,23,1,expected
2018-10-23 12:38:27.449182,491,52.46.136.99,443,3.0,0,1,1,23,1,expected
2018-10-23 12:38:27.496952,491,52.46.136.99,443,3.0,0,1,1,23,1,expected
2018-10-23 12:38:27.544146,491,52.46.136.99,443,3.0,0,1,1,23,1,expected
2018-10-23 12:38:27.613411,491,52.46.136.99,443,3.0,0,1,1,23,1,expected
2018-10-23 12:38:27.641161,491,52.46.136.99,443,3.0,0,1,1,23,1,expected
2018-10-23 12:38:27.711411,491,52.46.136.99,443,3.0,0,1,1,23,1,expected
2018-10-23 12:38:27.735374,491,52.46.136.99,443,3.0,0,1,1,23,1,expected
2018-10-23 12:38:27.804262,491,52.46.136.99,443,3.0,0,1,1,23,1,expected
2018-10-23 12:38:27.850378,491,52.46.136.99,443,3.0,0,1,1,23,1,expected
2018-10-23 12:38:27.897015,491,52.46.136.99,443,3.0,0,1,1,23,1,expected
2018-10-23 12:38:27.944665,491,52.46.136.99,443,3.0,0,1,1,23,1,expected
2018-10-23 12:38:28.015224,491,52.46.136.99,443,3.0,0,1,1,23,1,expected
2018-10-23 12:38:28.039577,491,52.46.136.99,443,3.0,0,1,1,23,1,expected
2018-10-23 12:38:28.109096,491,52.46.136.99,443,3.0,0,1,1,23,1,expected
2018-10-23 12:38:28.139688,491,52.46.136.99,443,3.0,0,1,1,23,1,expected
2018-10-23 12:38:28.203693,491,52.46.136.99,443,3.0,0,1,1,23,1,expected
2018-10-23 12:38:28.248038,491,52.46.136.99,443,3.0,0,1,1,23,1,expected
2018-10-23 12:38:28.295969,491,52.46.136.99,443,3.0,0,1,1,23,1,expected
2018-10-23 12:38:28.349242,491,52.46.136.99,443,3.0,0,1,1,23,1,expected
2018-10-23 12:38:28.421548,491,52.46.136.99,443,3.0,0,1,1,23,1,expected
2018-10-23 12:38:28.446043,491,52.46.136.99,443,3.0,0,1,1,23,1,expected
2018-10-23 12:38:28.517191,491,52.46.136.99,443,3.0,0,1,1,23,1,expected
2018-10-23 12:38:28.542316,491,52.46.136.99,443,3.0,0,1,1,23,1,expected
2018-10-23 12:38:28.606218,491,52.46.136.99,443,3.0,0,1,1,23,1,expected
2018-10-23 12:38:28.650353,491,52.46.136.99,443,3.0,0,1,1,23,1,expected
2018-10-23 12:38:28.697556,491,52.46.136.99,443,3.0,0,1,1,23,1,expected
2018-10-23 12:38:28.745346,491,52.46.136.99,443,3.0,0,1,1,23,1,expected
2018-10-23 12:38:28.810232,491,52.46.136.99,443,3.0,0,1,1,23,1,expected
2018-10-23 12:38:28.842645,491,52.46.136.99,443,3.0,0,1,1,23,1,expected
2018-10-23 12:38:28.915307,491,52.46.136.99,443,3.0,0,1,1,23,1,expected
2018-10-23 12:38:28.955019,491,52.46.136.99,443,3.0,0,1,1,23,1,expected
2018-10-23 12:38:29.019784,491,52.46.136.99,443,3.0,0,1,1,23,1,expected
2018-10-23 12:38:29.054897,491,52.46.136.99,443,3.0,0,1,1,23,1,expected
2018-10-23 12:38:29.098803,491,52.46.136.99,443,3.0,0,1,1,23,1,expected
2018-10-23 12:38:29.149698,491,52.46.136.99,443,3.0,0,1,1,23,1,expected
2018-10-23 12:38:29.214779,491,52.46.136.99,443,3.0,0,1,1,23,1,expected
2018-10-23 12:38:29.241548,491,52.46.136.99,443,3.0,0,1,1,23,1,expected
2018-10-23 12:38:29.307363,491,52.46.136.99,443,3.0,0,1,1,23,1,expected
2018-10-23 12:38:29.339403,491,52.46.136.99,443,3.0,0,1,1,23,1,expected
2018-10-23 12:38:29.402533,491,52.46.136.99,443,3.0,0,1,1,23,1,expected
2018-10-23 12:38:29.448125,491,52.46.136.99,443,3.0,0,1,1,23,1,expected
2018-10-23 12:38:29.496392,491,52.46.136.99,443,3.0,0,1,1,23,1,expected
2018-10-23 12:38:29.545563,491,52.46.136.99,443,3.0,0,1,1,23,1,expected
2018-10-23 12:38:29.610130,491,52.46.136.99,443,3.0,0,1,1,23,1,expected
2018-10-23 12:38:29.641638,491,52.46.136.99,443,3.0,0,1,1,23,1,expected
2018-10-23 12:38:29.764385,491,52.46.136.99,443,3.0,0,1,1,23,1,expected
2018-10-23 12:38:29.764908,491,52.46.136.99,443,3.0,0,1,1,23,1,expected
2018-10-23 12:38:29.844058,491,52.46.136.99,443,3.0,0,1,1,23,1,expected
2018-10-23 12:38:29.885453,491,52.46.136.99,443,3.0,0,1,1,23,1,expected
2018-10-23 12:38:29.899490,491,52.46.136.99,443,3.0,0,1,1,23,1,expected
2018-10-23 12:38:29.961711,491,52.46.136.99,443,3.0,0,1,1,23,1,expected
2018-10-23 12:38:30.022421,491,52.46.136.99,443,3.0,0,1,1,23,1,expected
2018-10-23 12:38:30.044592,491,52.46.136.99,443,3.0,0,1,1,23,1,expected
2018-10-23 12:38:30.112292,491,52.46.136.99,443,3.0,0,1,1,23,1,expected
2018-10-23 12:38:30.195971,491,52.46.136.99,443,3.0,0,1,1,23,1,expected
2018-10-23 12:38:30.205401,491,52.46.136.99,443,3.0,0,1,1,23,1,expected
2018-10-23 12:38:30.334710,54,52.46.136.99,443,1.0,3006,1,1,,1,ack
2018-10-23 12:38:30.335627,491,52.46.136.99,443,3.0,0,1,1,23,1,expected
2018-10-23 12:38:30.335642,491,52.46.136.99,443,3.0,0,1,1,23,1,expected
2018-10-23 12:38:30.343843,491,52.46.136.99,443,3.0,0,1,1,23,1,expected
2018-10-23 12:38:30.414292,491,52.46.136.99,443,3.0,0,1,1,23,1,expected
2018-10-23 12:38:30.442853,491,52.46.136.99,443,3.0,0,1,1,23,1,expected
2018-10-23 12:38:30.507860,491,52.46.136.99,443,3.0,0,1,1,23,1,expected
2018-10-23 12:38:30.554984,491,52.46.136.99,443,3.0,0,1,1,23,1,expected
2018-10-23 12:38:30.564480,54,52.46.136.99,443,1.0,229,1,1,,1,ack
2018-10-23 12:38:30.610899,491,52.46.136.99,443,3.0,0,1,1,23,1,expected
2018-10-23 12:38:30.647742,491,52.46.136.99,443,3.0,0,1,1,23,1,expected
2018-10-23 12:38:30.706007,491,52.46.136.99,443,3.0,0,1,1,23,1,expected
2018-10-23 12:38:30.750009,491,52.46.136.99,443,3.0,0,1,1,23,1,expected
2018-10-23 12:38:30.819871,491,52.46.136.99,443,3.0,0,1,1,23,1,expected
2018-10-23 12:38:30.843923,491,52.46.136.99,443,3.0,0,1,1,23,1,expected
2018-10-23 12:38:30.910632,491,52.46.136.99,443,3.0,0,1,1,23,1,expected
2018-10-23 12:38:30.942477,491,52.46.136.99,443,3.0,0,1,1,23,1,expected
2018-10-23 12:38:31.006226,491,52.46.136.99,443,3.0,0,1,1,23,1,expected
2018-10-23 12:38:31.055013,491,52.46.136.99,443,3.0,0,1,1,23,1,expected
2018-10-23 12:38:31.097102,491,52.46.136.99,443,3.0,0,1,1,23,1,expected
2018-10-23 12:38:31.144296,491,52.46.136.99,443,3.0,0,1,1,23,1,expected
2018-10-23 12:38:31.210159,491,52.46.136.99,443,3.0,0,1,1,23,1,expected
2018-10-23 12:38:31.241740,491,52.46.136.99,443,3.0,0,1,1,23,1,expected
2018-10-23 12:38:31.306443,491,52.46.136.99,443,3.0,0,1,1,23,1,expected
2018-10-23 12:38:31.336743,491,52.46.136.99,443,3.0,0,1,1,23,1,expected
2018-10-23 12:38:31.399490,491,52.46.136.99,443,3.0,0,1,1,23,1,expected
2018-10-23 12:38:31.417347,54,52.46.136.99,443,1.0,852,1,1,,1,ack
2018-10-23 12:38:31.447671,491,52.46.136.99,443,3.0,0,1,1,23,1,expected
2018-10-23 12:38:31.495625,491,52.46.136.99,443,3.0,0,1,1,23,1,expected
2018-10-23 12:38:31.544375,491,52.46.136.99,443,3.0,0,1,1,23,1,expected
2018-10-23 12:38:31.615663,491,52.46.136.99,443,3.0,0,1,1,23,1,expected
2018-10-23 12:38:31.632671,54,52.46.136.99,443,1.0,215,1,1,,1,ack
2018-10-23 12:38:31.646810,491,52.46.136.99,443,3.0,0,1,1,23,1,expected
2018-10-23 12:38:31.715387,491,52.46.136.99,443,3.0,0,1,1,23,1,expected
2018-10-23 12:38:31.732790,54,52.46.136.99,443,1.0,100,1,1,,1,ack
2018-10-23 12:38:31.733719,54,52.46.136.99,443,1.0,0,1,1,,1,ack
2018-10-23 12:38:31.739100,54,52.46.136.99,443,1.0,5,1,1,,1,ack
2018-10-23 12:38:31.739171,54,52.46.136.99,443,1.0,0,1,1,,1,ack
2018-10-23 12:38:31.739337,54,52.46.136.99,443,1.0,0,1,1,,1,ack
2018-10-23 12:38:31.754920,491,52.46.136.99,443,3.0,0,1,1,23,1,expected
2018-10-23 12:38:31.759862,54,52.46.136.99,443,1.0,20,1,1,,1,ack
2018-10-23 12:38:31.760157,54,52.46.136.99,443,1.0,0,1,1,,1,ack
2018-10-23 12:38:31.804809,91,52.46.136.99,443,3.0,0,1,1,23,1,expected
2018-10-23 12:38:31.805100,91,52.46.136.99,443,3.0,0,1,1,23,1,expected
2018-10-23 12:38:31.805375,54,52.46.136.99,443,1.0,45,1,1,,1,ack
2018-10-23 12:38:31.805503,54,52.46.136.99,443,1.0,0,1,1,,1,ack
2018-10-23 12:38:31.805630,54,52.46.136.99,443,1.0,0,1,1,,1,ack
2018-10-23 12:38:31.805756,54,52.46.136.99,443,1.0,0,1,1,,1,ack
2018-10-23 12:38:31.805882,54,52.46.136.99,443,1.0,0,1,1,,1,ack
2018-10-23 12:38:31.806008,54,52.46.136.99,443,1.0,0,1,1,,1,ack
2018-10-23 12:38:31.851709,431,52.46.136.99,443,3.0,0,1,1,23,1,expected
2018-10-23 12:38:31.851856,144,52.46.136.99,443,3.0,0,1,1,23,1,expected
2018-10-23 12:38:31.851987,54,52.46.136.99,443,1.0,45,1,1,,1,ack
2018-10-23 12:38:31.852113,54,52.46.136.99,443,1.0,0,1,1,,1,ack
2018-10-23 12:38:31.852382,54,52.46.136.99,443,1.0,0,1,1,,1,ack
2018-10-23 12:38:31.852508,54,52.46.136.99,443,1.0,0,1,1,,1,ack
2018-10-23 12:38:31.856314,54,52.46.136.99,443,1.0,3,1,1,,1,ack
2018-10-23 12:38:31.856582,54,52.46.136.99,443,1.0,0,1,1,,1,ack
2018-10-23 12:38:31.856709,54,52.46.136.99,443,1.0,0,1,1,,1,ack
2018-10-23 12:38:31.893744,54,52.46.136.99,443,1.0,37,1,1,,1,ack
2018-10-23 12:38:31.946591,54,52.46.136.99,443,1.0,52,1,1,,1,ack
2018-10-23 12:38:31.946888,54,52.46.136.99,443,1.0,0,1,1,,1,ack
2018-10-23 12:38:31.947153,54,52.46.136.99,443,1.0,0,1,1,,1,ack
2018-10-23 12:38:31.947280,54,52.46.136.99,443,1.0,0,1,1,,1,ack
2018-10-23 12:38:31.947404,54,52.46.136.99,443,1.0,0,1,1,,1,ack
2018-10-23 12:38:31.947531,54,52.46.136.99,443,1.0,0,1,1,,1,ack
2018-10-23 12:38:31.947655,54,52.46.136.99,443,1.0,0,1,1,,1,ack
2018-10-23 12:38:31.961035,54,52.46.136.99,443,1.0,13,1,1,,1,ack
2018-10-23 12:38:31.961841,54,52.46.136.99,443,1.0,0,1,1,,1,ack
2018-10-23 12:38:31.961984,99,52.46.136.99,443,3.0,0,1,1,23,1,expected
2018-10-23 12:38:31.962255,99,52.46.136.99,443,3.0,0,1,1,23,1,expected
2018-10-23 12:38:31.965739,54,52.46.136.99,443,1.0,3,1,1,,1,ack
2018-10-23 12:38:31.967859,54,52.46.136.99,443,1.0,2,1,1,,1,ack
2018-10-23 12:38:31.978982,54,52.46.136.99,443,1.0,11,1,1,,1,ack
2018-10-23 12:38:31.979131,54,52.46.136.99,443,1.0,0,1,1,,1,ack
2018-10-23 12:38:31.979254,54,52.46.136.99,443,1.0,0,1,1,,1,ack
2018-10-23 12:38:32.340444,54,52.46.136.99,443,1.0,361,1,1,,1,ack
2018-10-23 12:38:45.893582,177,52.46.136.99,443,3.0,0,1,1,23,1,expected
2018-10-23 12:38:50.580148,77,104.154.126.169,4070,2.0,0,1,1,,1,syn
2018-10-23 12:38:50.599751,66,104.154.126.169,4070,1.0,30153,1,1,,1,ack
2018-10-23 12:39:00.901065,291,52.46.136.99,443,3.0,0,1,1,23,1,expected
2018-10-23 12:39:00.962198,380,52.46.136.99,443,3.0,0,1,1,23,1,expected
2018-10-23 12:39:00.990985,491,52.46.136.99,443,3.0,0,1,1,23,1,expected
2018-10-23 12:39:00.992422,1291,52.46.136.99,443,3.0,0,1,1,23,1,expected
2018-10-23 12:39:01.017090,491,52.46.136.99,443,3.0,0,1,1,23,1,expected
2018-10-23 12:39:01.018515,1291,52.46.136.99,443,3.0,0,1,1,23,1,expected
2018-10-23 12:39:01.045301,491,52.46.136.99,443,3.0,0,1,1,23,1,expected
2018-10-23 12:39:01.045880,1514,52.46.136.99,443,1.0,28705,1,1,,1,not_relevant
2018-10-23 12:39:01.045905,371,52.46.136.99,443,3.0,0,1,1,23,1,expected
2018-10-23 12:39:01.064811,1514,52.46.136.99,443,3.0,0,1,1,23,1,expected
2018-10-23 12:39:01.069681,1514,52.46.136.99,443,3.0,0,1,1,23,1,expected
2018-10-23 12:39:01.071059,1514,52.46.136.99,443,3.0,0,1,1,23,1,expected
2018-10-23 12:39:01.071993,1514,52.46.136.99,443,1.0,26,1,1,,1,not_relevant
2018-10-23 12:39:01.073386,1514,52.46.136.99,443,3.0,0,1,1,23,1,expected
2018-10-23 12:39:01.080887,1514,52.46.136.99,443,1.0,8,1,1,,1,not_relevant
2018-10-23 12:39:01.087830,427,52.46.136.99,443,3.0,0,1,1,23,1,expected
2018-10-23 12:39:01.115630,491,52.46.136.99,443,3.0,0,1,1,23,1,expected
2018-10-23 12:39:01.148075,491,52.46.136.99,443,3.0,0,1,1,23,1,expected
2018-10-23 12:39:01.199562,491,52.46.136.99,443,3.0,0,1,1,23,1,expected
2018-10-23 12:39:01.261312,491,52.46.136.99,443,3.0,0,1,1,23,1,expected
2018-10-23 12:39:01.297301,491,52.46.136.99,443,3.0,0,1,1,23,1,expected
2018-10-23 12:39:01.359882,491,52.46.136.99,443,3.0,0,1,1,23,1,expected
2018-10-23 12:39:01.386551,491,52.46.136.99,443,3.0,0,1,1,23,1,expected
2018-10-23 12:39:01.450408,491,52.46.136.99,443,3.0,0,1,1,23,1,expected
2018-10-23 12:39:01.501168,491,52.46.136.99,443,3.0,0,1,1,23,1,expected
2018-10-23 12:39:01.549007,491,52.46.136.99,443,3.0,0,1,1,23,1,expected
2018-10-23 12:39:01.595534,491,52.46.136.99,443,3.0,0,1,1,23,1,expected
2018-10-23 12:39:01.663006,491,52.46.136.99,443,3.0,0,1,1,23,1,expected
2018-10-23 12:39:01.687639,491,52.46.136.99,443,3.0,0,1,1,23,1,expected
2018-10-23 12:39:01.760139,491,52.46.136.99,443,3.0,0,1,1,23,1,expected
2018-10-23 12:39:01.783742,491,52.46.136.99,443,3.0,0,1,1,23,1,expected
2018-10-23 12:39:01.854169,491,52.46.136.99,443,3.0,0,1,1,23,1,expected
2018-10-23 12:39:01.898884,491,52.46.136.99,443,3.0,0,1,1,23,1,expected
2018-10-23 12:39:01.947535,491,52.46.136.99,443,3.0,0,1,1,23,1,expected
2018-10-23 12:39:01.995653,491,52.46.136.99,443,3.0,0,1,1,23,1,expected
2018-10-23 12:39:02.059478,491,52.46.136.99,443,3.0,0,1,1,23,1,expected
2018-10-23 12:39:02.090052,491,52.46.136.99,443,3.0,0,1,1,23,1,expected
2018-10-23 12:39:02.159850,491,52.46.136.99,443,3.0,0,1,1,23,1,expected
2018-10-23 12:39:02.184810,491,52.46.136.99,443,3.0,0,1,1,23,1,expected
2018-10-23 12:39:02.260821,491,52.46.136.99,443,3.0,0,1,1,23,1,expected
2018-10-23 12:39:02.300251,491,52.46.136.99,443,3.0,0,1,1,23,1,expected
2018-10-23 12:39:02.348155,491,52.46.136.99,443,3.0,0,1,1,23,1,expected
2018-10-23 12:39:02.396395,491,52.46.136.99,443,3.0,0,1,1,23,1,expected
2018-10-23 12:39:02.461600,491,52.46.136.99,443,3.0,0,1,1,23,1,expected
2018-10-23 12:39:02.496790,491,52.46.136.99,443,3.0,0,1,1,23,1,expected
2018-10-23 12:39:02.559140,491,52.46.136.99,443,3.0,0,1,1,23,1,expected
2018-10-23 12:39:02.588534,491,52.46.136.99,443,3.0,0,1,1,23,1,expected
2018-10-23 12:39:02.652299,491,52.46.136.99,443,3.0,0,1,1,23,1,expected
2018-10-23 12:39:02.696794,491,52.46.136.99,443,3.0,0,1,1,23,1,expected
2018-10-23 12:39:02.766923,491,52.46.136.99,443,3.0,0,1,1,23,1,expected
2018-10-23 12:39:02.800911,491,52.46.136.99,443,3.0,0,1,1,23,1,expected
2018-10-23 12:39:02.859082,491,52.46.136.99,443,3.0,0,1,1,23,1,expected
2018-10-23 12:39:02.890939,491,52.46.136.99,443,3.0,0,1,1,23,1,expected
2018-10-23 12:39:02.958884,491,52.46.136.99,443,3.0,0,1,1,23,1,expected
2018-10-23 12:39:02.989054,491,52.46.136.99,443,3.0,0,1,1,23,1,expected
2018-10-23 12:39:03.055183,491,52.46.136.99,443,3.0,0,1,1,23,1,expected
2018-10-23 12:39:03.103455,491,52.46.136.99,443,3.0,0,1,1,23,1,expected
2018-10-23 12:39:03.149684,491,52.46.136.99,443,3.0,0,1,1,23,1,expected
2018-10-23 12:39:03.197393,491,52.46.136.99,443,3.0,0,1,1,23,1,expected
2018-10-23 12:39:03.248906,54,52.46.136.99,443,1.0,2168,1,1,,1,ack
2018-10-23 12:39:03.260035,491,52.46.136.99,443,3.0,0,1,1,23,1,expected
2018-10-23 12:39:03.293850,491,52.46.136.99,443,3.0,0,1,1,23,1,expected
2018-10-23 12:39:03.359866,491,52.46.136.99,443,3.0,0,1,1,23,1,expected
2018-10-23 12:39:03.383975,491,52.46.136.99,443,3.0,0,1,1,23,1,expected
2018-10-23 12:39:03.455308,491,52.46.136.99,443,3.0,0,1,1,23,1,expected
2018-10-23 12:39:03.473679,54,52.46.136.99,443,1.0,224,1,1,,1,ack
2018-10-23 12:39:03.498956,491,52.46.136.99,443,3.0,0,1,1,23,1,expected
2018-10-23 12:39:03.548982,491,52.46.136.99,443,3.0,0,1,1,23,1,expected
2018-10-23 12:39:03.596833,491,52.46.136.99,443,3.0,0,1,1,23,1,expected
2018-10-23 12:39:03.663695,491,52.46.136.99,443,3.0,0,1,1,23,1,expected
2018-10-23 12:39:03.687798,491,52.46.136.99,443,3.0,0,1,1,23,1,expected
2018-10-23 12:39:03.759838,491,52.46.136.99,443,3.0,0,1,1,23,1,expected
2018-10-23 12:39:03.798120,491,52.46.136.99,443,3.0,0,1,1,23,1,expected
2018-10-23 12:39:03.874863,491,52.46.136.99,443,1.0,401,1,1,,1,not_relevant
2018-10-23 12:39:03.874977,491,52.46.136.99,443,3.0,0,1,1,23,1,expected
2018-10-23 12:39:03.897312,491,52.46.136.99,443,3.0,0,1,1,23,1,expected
2018-10-23 12:39:03.967999,491,52.46.136.99,443,3.0,0,1,1,23,1,expected
2018-10-23 12:39:04.005481,491,52.46.136.99,443,3.0,0,1,1,23,1,expected
2018-10-23 12:39:04.038944,54,52.46.136.99,443,1.0,164,1,1,,1,ack
2018-10-23 12:39:04.061496,491,52.46.136.99,443,3.0,0,1,1,23,1,expected
2018-10-23 12:39:04.126380,491,52.46.136.99,443,3.0,0,1,1,23,1,expected
2018-10-23 12:39:04.156850,491,52.46.136.99,443,3.0,0,1,1,23,1,expected
2018-10-23 12:39:04.186657,491,52.46.136.99,443,3.0,0,1,1,23,1,expected
2018-10-23 12:39:04.256356,491,52.46.136.99,443,3.0,0,1,1,23,1,expected
2018-10-23 12:39:04.317243,491,52.46.136.99,443,3.0,0,1,1,23,1,expected
2018-10-23 12:39:04.318166,54,52.46.136.99,443,1.0,279,1,1,,1,ack
2018-10-23 12:39:04.456230,491,52.46.136.99,443,3.0,0,1,1,23,1,expected
2018-10-23 12:39:04.456714,491,52.46.136.99,443,3.0,0,1,1,23,1,expected
2018-10-23 12:39:04.492156,491,52.46.136.99,443,3.0,0,1,1,23,1,expected
2018-10-23 12:39:04.492681,491,52.46.136.99,443,3.0,0,1,1,23,1,expected
2018-10-23 12:39:04.560100,491,52.46.136.99,443,3.0,0,1,1,23,1,expected
2018-10-23 12:39:04.603325,491,52.46.136.99,443,3.0,0,1,1,23,1,expected
2018-10-23 12:39:04.672702,491,52.46.136.99,443,3.0,0,1,1,23,1,expected
2018-10-23 12:39:04.715979,491,52.46.136.99,443,3.0,0,1,1,23,1,expected
2018-10-23 12:39:04.753010,491,52.46.136.99,443,3.0,0,1,1,23,1,expected
2018-10-23 12:39:04.797079,491,52.46.136.99,443,3.0,0,1,1,23,1,expected
2018-10-23 12:39:04.860319,491,52.46.136.99,443,3.0,0,1,1,23,1,expected
2018-10-23 12:39:04.892159,491,52.46.136.99,443,3.0,0,1,1,23,1,expected
2018-10-23 12:39:04.959744,491,52.46.136.99,443,3.0,0,1,1,23,1,expected
2018-10-23 12:39:04.986071,491,52.46.136.99,443,3.0,0,1,1,23,1,expected
2018-10-23 12:39:05.049962,491,52.46.136.99,443,3.0,0,1,1,23,1,expected
2018-10-23 12:39:05.096434,491,52.46.136.99,443,3.0,0,1,1,23,1,expected
2018-10-23 12:39:05.145477,491,52.46.136.99,443,3.0,0,1,1,23,1,expected
2018-10-23 12:39:05.193964,491,52.46.136.99,443,3.0,0,1,1,23,1,expected
2018-10-23 12:39:05.258634,491,52.46.136.99,443,3.0,0,1,1,23,1,expected
2018-10-23 12:39:05.295114,491,52.46.136.99,443,3.0,0,1,1,23,1,expected
2018-10-23 12:39:05.355716,491,52.46.136.99,443,3.0,0,1,1,23,1,expected
2018-10-23 12:39:05.387495,491,52.46.136.99,443,3.0,0,1,1,23,1,expected
2018-10-23 12:39:05.446500,54,52.46.136.99,443,1.0,1128,1,1,,1,ack
2018-10-23 12:39:05.447669,54,52.46.136.99,443,1.0,1,1,1,,1,ack
2018-10-23 12:39:05.447947,54,52.46.136.99,443,1.0,0,1,1,,1,ack
2018-10-23 12:39:05.456839,491,52.46.136.99,443,3.0,0,1,1,23,1,expected
2018-10-23 12:39:05.502234,54,52.46.136.99,443,1.0,54,1,1,,1,ack
2018-10-23 12:39:05.522574,491,52.46.136.99,443,3.0,0,1,1,23,1,expected
2018-10-23 12:39:05.522776,54,52.46.136.99,443,1.0,20,1,1,,1,ack
2018-10-23 12:39:05.522913,54,52.46.136.99,443,1.0,0,1,1,,1,ack
2018-10-23 12:39:05.523030,54,52.46.136.99,443,1.0,0,1,1,,1,ack
2018-10-23 12:39:05.528349,99,52.46.136.99,443,3.0,0,1,1,23,1,expected
2018-10-23 12:39:05.528529,54,52.46.136.99,443,1.0,5,1,1,,1,ack
2018-10-23 12:39:05.528670,54,52.46.136.99,443,1.0,0,1,1,,1,ack
2018-10-23 12:39:05.552955,491,52.46.136.99,443,3.0,0,1,1,23,1,expected
2018-10-23 12:39:05.553156,54,52.46.136.99,443,1.0,24,1,1,,1,ack
2018-10-23 12:39:05.553282,54,52.46.136.99,443,1.0,0,1,1,,1,ack
2018-10-23 12:39:05.553406,54,52.46.136.99,443,1.0,0,1,1,,1,ack
2018-10-23 12:39:05.553529,54,52.46.136.99,443,1.0,0,1,1,,1,ack
2018-10-23 12:39:05.553651,54,52.46.136.99,443,1.0,0,1,1,,1,ack
2018-10-23 12:39:05.560274,99,52.46.136.99,443,3.0,0,1,1,23,1,expected
2018-10-23 12:39:05.560477,54,52.46.136.99,443,1.0,6,1,1,,1,ack
2018-10-23 12:39:05.560610,54,52.46.136.99,443,1.0,0,1,1,,1,ack
2018-10-23 12:39:05.573228,54,52.46.136.99,443,1.0,12,1,1,,1,ack
2018-10-23 12:39:05.573388,54,52.46.136.99,443,1.0,0,1,1,,1,ack
2018-10-23 12:39:05.573652,54,52.46.136.99,443,1.0,0,1,1,,1,ack
2018-10-23 12:39:05.573782,99,52.46.136.99,443,3.0,0,1,1,23,1,expected
2018-10-23 12:39:05.576407,54,52.46.136.99,443,1.0,2,1,1,,1,ack
2018-10-23 12:39:05.577606,54,52.46.136.99,443,1.0,1,1,1,,1,ack
2018-10-23 12:39:05.580746,54,52.46.136.99,443,1.0,3,1,1,,1,ack
2018-10-23 12:39:05.601804,66,52.46.136.99,443,1.0,21,1,1,,1,ack
2018-10-23 12:39:05.602033,66,52.46.136.99,443,1.0,0,1,1,,1,ack
2018-10-23 12:39:05.602115,66,52.46.136.99,443,1.0,0,1,1,,1,ack
2018-10-23 12:39:05.602194,66,52.46.136.99,443,1.0,0,1,1,,1,ack
2018-10-23 12:39:05.603618,503,52.46.136.99,443,3.0,0,1,1,23,1,expected
2018-10-23 12:39:05.642445,103,52.46.136.99,443,3.0,0,1,1,23,1,expected
2018-10-23 12:39:05.642663,103,52.46.136.99,443,3.0,0,1,1,23,1,expected
2018-10-23 12:39:05.694674,443,52.46.136.99,443,3.0,0,1,1,23,1,expected
2018-10-23 12:39:05.764859,443,52.46.136.99,443,1.0,162,1,1,,1,not_relevant
2018-10-23 12:39:05.764943,66,52.46.136.99,443,1.0,0,1,1,,1,ack
2018-10-23 12:39:05.765020,66,52.46.136.99,443,1.0,0,1,1,,1,ack
2018-10-23 12:39:05.765095,66,52.46.136.99,443,1.0,0,1,1,,1,ack
2018-10-23 12:39:05.765167,66,52.46.136.99,443,1.0,0,1,1,,1,ack
2018-10-23 12:39:05.765241,54,52.46.136.99,443,1.0,0,1,1,,1,ack
2018-10-23 12:39:05.811597,99,52.46.136.99,443,3.0,0,1,1,23,1,expected
2018-10-23 12:39:06.372052,99,52.46.136.99,443,1.0,606,1,1,,1,not_relevant
2018-10-23 12:39:06.832155,99,52.46.136.99,443,1.0,460,1,1,,1,not_relevant
2018-10-23 12:39:07.624704,54,52.46.136.99,443,1.0,792,1,1,,1,ack
2018-10-23 12:39:07.624938,66,52.46.136.99,443,1.0,0,1,1,,1,ack
2018-10-23 12:39:07.645137,66,52.46.136.99,443,1.0,20,1,1,,1,ack
2018-10-23 12:39:07.645502,66,52.46.136.99,443,1.0,0,1,1,,1,ack
2018-10-23 12:39:07.681354,66,52.46.136.99,443,1.0,35,1,1,,1,ack
2018-10-23 12:39:07.681555,66,52.46.136.99,443,1.0,0,1,1,,1,ack
2018-10-23 12:39:07.703823,66,52.46.136.99,443,1.0,22,1,1,,1,ack
2018-10-23 12:39:07.704020,66,52.46.136.99,443,1.0,0,1,1,,1,ack
2018-10-23 12:39:07.704155,66,52.46.136.99,443,1.0,0,1,1,,1,ack
2018-10-23 12:39:07.704280,66,52.46.136.99,443,1.0,0,1,1,,1,ack
2018-10-23 12:39:07.710188,111,52.46.136.99,443,3.0,0,1,1,23,1,expected
2018-10-23 12:39:07.722640,66,52.46.136.99,443,1.0,18,1,1,,1,ack
2018-10-23 12:39:07.722853,66,52.46.136.99,443,1.0,0,1,1,,1,ack
2018-10-23 12:39:07.722940,54,52.46.136.99,443,1.0,0,1,1,,1,ack
2018-10-23 12:39:09.538496,448,52.46.136.99,443,3.0,0,1,1,23,1,expected
2018-10-23 12:39:19.813095,378,52.46.136.99,443,3.0,0,1,1,23,1,expected
2018-10-23 12:39:20.674478,77,104.154.126.169,4070,2.0,0,1,1,,1,syn
2018-10-23 12:39:20.693183,66,104.154.126.169,4070,1.0,30093,1,1,,1,ack
