2018-10-23 13:12:30.078363,95,52.94.240.160,443,3.0,0,1,1,23,1,expected
2018-10-23 13:12:30.142979,54,52.94.240.160,443,1.0,20075004,1,1,,1,ack
2018-10-23 13:12:32.663207,289,52.94.240.160,443,3.0,0,1,1,23,1,expected
2018-10-23 13:12:32.688603,823,52.94.240.160,443,3.0,0,1,1,23,1,expected
2018-10-23 13:12:32.777589,1078,52.94.240.160,443,1.0,2634,1,1,,1,not_relevant
2018-10-23 13:12:32.777621,1078,52.94.240.160,443,1.0,0,1,1,,1,not_relevant
2018-10-23 13:12:32.777648,619,52.94.240.160,443,3.0,0,1,1,23,1,expected
2018-10-23 13:12:32.784305,491,52.94.240.160,443,3.0,0,1,1,23,1,expected
2018-10-23 13:12:32.785778,491,52.94.240.160,443,3.0,0,1,1,23,1,expected
2018-10-23 13:12:32.786549,491,52.94.240.160,443,3.0,0,1,1,23,1,expected
2018-10-23 13:12:32.789035,491,52.94.240.160,443,3.0,0,1,1,23,1,expected
2018-10-23 13:12:32.790676,491,52.94.240.160,443,3.0,0,1,1,23,1,expected
2018-10-23 13:12:32.793523,491,52.94.240.160,443,3.0,0,1,1,23,1,expected
2018-10-23 13:12:32.795704,491,52.94.240.160,443,3.0,0,1,1,23,1,expected
2018-10-23 13:12:32.799164,491,52.94.240.160,443,3.0,0,1,1,23,1,expected
2018-10-23 13:12:32.800551,491,52.94.240.160,443,3.0,0,1,1,23,1,expected
2018-10-23 13:12:32.801868,491,52.94.240.160,443,3.0,0,1,1,23,1,expected
2018-10-23 13:12:32.803081,491,52.94.240.160,443,3.0,0,1,1,23,1,expected
2018-10-23 13:12:32.804927,491,52.94.240.160,443,3.0,0,1,1,23,1,expected
2018-10-23 13:12:32.805871,491,52.94.240.160,443,3.0,0,1,1,23,1,expected
2018-10-23 13:12:32.807354,491,52.94.240.160,443,3.0,0,1,1,23,1,expected
2018-10-23 13:12:32.809072,491,52.94.240.160,443,3.0,0,1,1,23,1,expected
2018-10-23 13:12:32.809361,54,52.94.240.160,443,1.0,31,1,1,,1,ack
2018-10-23 13:12:32.836854,1078,52.94.240.160,443,3.0,0,1,1,23,1,expected
2018-10-23 13:12:32.838284,1078,52.94.240.160,443,3.0,0,1,1,23,1,expected
2018-10-23 13:12:32.838314,1078,52.94.240.160,443,3.0,0,1,1,23,1,expected
2018-10-23 13:12:32.839782,1078,52.94.240.160,443,3.0,0,1,1,23,1,expected
2018-10-23 13:12:32.839812,328,52.94.240.160,443,3.0,0,1,1,23,1,expected
2018-10-23 13:12:32.841269,491,52.94.240.160,443,3.0,0,1,1,23,1,expected
2018-10-23 13:12:32.842635,491,52.94.240.160,443,3.0,0,1,1,23,1,expected
2018-10-23 13:12:32.845880,491,52.94.240.160,443,3.0,0,1,1,23,1,expected
2018-10-23 13:12:32.847341,491,52.94.240.160,443,3.0,0,1,1,23,1,expected
2018-10-23 13:12:32.847368,491,52.94.240.160,443,3.0,0,1,1,23,1,expected
2018-10-23 13:12:32.859746,1078,52.94.240.160,443,3.0,0,1,1,23,1,expected
2018-10-23 13:12:32.861637,1078,52.94.240.160,443,3.0,0,1,1,23,1,expected
2018-10-23 13:12:32.861669,191,52.94.240.160,443,3.0,0,1,1,23,1,expected
2018-10-23 13:12:32.861692,491,52.94.240.160,443,3.0,0,1,1,23,1,expected
2018-10-23 13:12:32.872565,491,52.94.240.160,443,3.0,0,1,1,23,1,expected
2018-10-23 13:12:32.938938,491,52.94.240.160,443,3.0,0,1,1,23,1,expected
2018-10-23 13:12:32.988681,491,52.94.240.160,443,3.0,0,1,1,23,1,expected
2018-10-23 13:12:33.033812,491,52.94.240.160,443,3.0,0,1,1,23,1,expected
2018-10-23 13:12:33.086071,491,52.94.240.160,443,3.0,0,1,1,23,1,expected
2018-10-23 13:12:33.149120,491,52.94.240.160,443,3.0,0,1,1,23,1,expected
2018-10-23 13:12:33.180622,491,52.94.240.160,443,3.0,0,1,1,23,1,expected
2018-10-23 13:12:33.248725,491,52.94.240.160,443,3.0,0,1,1,23,1,expected
2018-10-23 13:12:33.271887,491,52.94.240.160,443,3.0,0,1,1,23,1,expected
2018-10-23 13:12:33.344588,491,52.94.240.160,443,3.0,0,1,1,23,1,expected
2018-10-23 13:12:33.383282,491,52.94.240.160,443,3.0,0,1,1,23,1,expected
2018-10-23 13:12:33.431516,491,52.94.240.160,443,3.0,0,1,1,23,1,expected
2018-10-23 13:12:33.488765,491,52.94.240.160,443,3.0,0,1,1,23,1,expected
2018-10-23 13:12:33.551514,491,52.94.240.160,443,3.0,0,1,1,23,1,expected
2018-10-23 13:12:33.584554,491,52.94.240.160,443,3.0,0,1,1,23,1,expected
2018-10-23 13:12:33.648702,491,52.94.240.160,443,3.0,0,1,1,23,1,expected
2018-10-23 13:12:33.676108,491,52.94.240.160,443,3.0,0,1,1,23,1,expected
2018-10-23 13:12:33.739653,491,52.94.240.160,443,3.0,0,1,1,23,1,expected
2018-10-23 13:12:33.783636,491,52.94.240.160,443,3.0,0,1,1,23,1,expected
2018-10-23 13:12:33.832098,491,52.94.240.160,443,3.0,0,1,1,23,1,expected
2018-10-23 13:12:33.888688,491,52.94.240.160,443,3.0,0,1,1,23,1,expected
2018-10-23 13:12:33.949410,491,52.94.240.160,443,3.0,0,1,1,23,1,expected
2018-10-23 13:12:33.979254,491,52.94.240.160,443,3.0,0,1,1,23,1,expected
2018-10-23 13:12:34.049007,491,52.94.240.160,443,3.0,0,1,1,23,1,expected
2018-10-23 13:12:34.074426,491,52.94.240.160,443,3.0,0,1,1,23,1,expected
2018-10-23 13:12:34.138078,491,52.94.240.160,443,3.0,0,1,1,23,1,expected
2018-10-23 13:12:34.208911,491,52.94.240.160,443,3.0,0,1,1,23,1,expected
2018-10-23 13:12:34.241108,491,52.94.240.160,443,3.0,0,1,1,23,1,expected
2018-10-23 13:12:34.285918,491,52.94.240.160,443,3.0,0,1,1,23,1,expected
2018-10-23 13:12:34.350548,491,52.94.240.160,443,3.0,0,1,1,23,1,expected
2018-10-23 13:12:34.375751,491,52.94.240.160,443,3.0,0,1,1,23,1,expected
2018-10-23 13:12:34.448749,491,52.94.240.160,443,3.0,0,1,1,23,1,expected
2018-10-23 13:12:34.472449,491,52.94.240.160,443,3.0,0,1,1,23,1,expected
2018-10-23 13:12:34.545726,491,52.94.240.160,443,3.0,0,1,1,23,1,expected
2018-10-23 13:12:34.586042,491,52.94.240.160,443,3.0,0,1,1,23,1,expected
2018-10-23 13:12:34.636767,491,52.94.240.160,443,3.0,0,1,1,23,1,expected
2018-10-23 13:12:34.686093,491,52.94.240.160,443,3.0,0,1,1,23,1,expected
2018-10-23 13:12:34.747596,491,52.94.240.160,443,3.0,0,1,1,23,1,expected
2018-10-23 13:12:34.777934,491,52.94.240.160,443,3.0,0,1,1,23,1,expected
2018-10-23 13:12:34.849561,491,52.94.240.160,443,3.0,0,1,1,23,1,expected
2018-10-23 13:12:34.873854,491,52.94.240.160,443,3.0,0,1,1,23,1,expected
2018-10-23 13:12:34.939450,491,52.94.240.160,443,3.0,0,1,1,23,1,expected
2018-10-23 13:12:34.987816,491,52.94.240.160,443,3.0,0,1,1,23,1,expected
2018-10-23 13:12:35.031806,491,52.94.240.160,443,3.0,0,1,1,23,1,expected
2018-10-23 13:12:35.088903,491,52.94.240.160,443,3.0,0,1,1,23,1,expected
2018-10-23 13:12:35.150250,491,52.94.240.160,443,3.0,0,1,1,23,1,expected
2018-10-23 13:12:35.181545,491,52.94.240.160,443,3.0,0,1,1,23,1,expected
2018-10-23 13:12:35.249421,491,52.94.240.160,443,3.0,0,1,1,23,1,expected
2018-10-23 13:12:35.271096,491,52.94.240.160,443,3.0,0,1,1,23,1,expected
2018-10-23 13:12:35.344794,491,52.94.240.160,443,3.0,0,1,1,23,1,expected
2018-10-23 13:12:35.414147,491,52.94.240.160,443,3.0,0,1,1,23,1,expected
2018-10-23 13:12:35.466655,491,52.94.240.160,443,3.0,0,1,1,23,1,expected
2018-10-23 13:12:35.485614,491,52.94.240.160,443,3.0,0,1,1,23,1,expected
2018-10-23 13:12:35.570378,491,52.94.240.160,443,3.0,0,1,1,23,1,expected
2018-10-23 13:12:35.600554,491,52.94.240.160,443,3.0,0,1,1,23,1,expected
2018-10-23 13:12:35.653682,491,52.94.240.160,443,3.0,0,1,1,23,1,expected
2018-10-23 13:12:35.711178,491,52.94.240.160,443,3.0,0,1,1,23,1,expected
2018-10-23 13:12:35.753886,491,52.94.240.160,443,3.0,0,1,1,23,1,expected
2018-10-23 13:12:35.807095,491,52.94.240.160,443,3.0,0,1,1,23,1,expected
2018-10-23 13:12:35.842566,491,52.94.240.160,443,3.0,0,1,1,23,1,expected
2018-10-23 13:12:35.894660,491,52.94.240.160,443,3.0,0,1,1,23,1,expected
2018-10-23 13:12:35.943988,491,52.94.240.160,443,3.0,0,1,1,23,1,expected
2018-10-23 13:12:36.016952,491,52.94.240.160,443,3.0,0,1,1,23,1,expected
2018-10-23 13:12:36.076898,491,52.94.240.160,443,3.0,0,1,1,23,1,expected
2018-10-23 13:12:36.078286,491,52.94.240.160,443,3.0,0,1,1,23,1,expected
2018-10-23 13:12:36.144839,491,52.94.240.160,443,3.0,0,1,1,23,1,expected
2018-10-23 13:12:36.187676,491,52.94.240.160,443,3.0,0,1,1,23,1,expected
2018-10-23 13:12:36.238670,491,52.94.240.160,443,3.0,0,1,1,23,1,expected
2018-10-23 13:12:36.297717,491,52.94.240.160,443,3.0,0,1,1,23,1,expected
2018-10-23 13:12:36.368741,491,52.94.240.160,443,3.0,0,1,1,23,1,expected
2018-10-23 13:12:36.379471,491,52.94.240.160,443,3.0,0,1,1,23,1,expected
2018-10-23 13:12:36.449457,491,52.94.240.160,443,3.0,0,1,1,23,1,expected
2018-10-23 13:12:36.474547,491,52.94.240.160,443,3.0,0,1,1,23,1,expected
2018-10-23 13:12:36.502528,77,104.154.126.169,4070,2.0,0,1,1,,1,syn
2018-10-23 13:12:36.531300,66,104.154.126.169,4070,1.0,19989519,1,1,,1,ack
2018-10-23 13:12:36.541909,491,52.94.240.160,443,3.0,0,1,1,23,1,expected
2018-10-23 13:12:36.588666,491,52.94.240.160,443,3.0,0,1,1,23,1,expected
2018-10-23 13:12:36.643197,491,52.94.240.160,443,3.0,0,1,1,23,1,expected
2018-10-23 13:12:36.685501,491,52.94.240.160,443,3.0,0,1,1,23,1,expected
2018-10-23 13:12:36.746270,491,52.94.240.160,443,3.0,0,1,1,23,1,expected
2018-10-23 13:12:36.778301,491,52.94.240.160,443,3.0,0,1,1,23,1,expected
2018-10-23 13:12:36.845540,491,52.94.240.160,443,3.0,0,1,1,23,1,expected
2018-10-23 13:12:36.871634,491,52.94.240.160,443,3.0,0,1,1,23,1,expected
2018-10-23 13:12:36.941345,491,52.94.240.160,443,3.0,0,1,1,23,1,expected
2018-10-23 13:12:36.985857,491,52.94.240.160,443,3.0,0,1,1,23,1,expected
2018-10-23 13:12:37.040941,491,52.94.240.160,443,3.0,0,1,1,23,1,expected
2018-10-23 13:12:37.088971,54,52.94.240.160,443,1.0,4279,1,1,,1,ack
2018-10-23 13:12:37.089155,491,52.94.240.160,443,3.0,0,1,1,23,1,expected
2018-10-23 13:12:37.150727,491,52.94.240.160,443,3.0,0,1,1,23,1,expected
2018-10-23 13:12:37.187545,491,52.94.240.160,443,3.0,0,1,1,23,1,expected
2018-10-23 13:12:37.220362,54,52.94.240.160,443,1.0,131,1,1,,1,ack
2018-10-23 13:12:37.248781,491,52.94.240.160,443,3.0,0,1,1,23,1,expected
2018-10-23 13:12:37.278716,491,52.94.240.160,443,3.0,0,1,1,23,1,expected
2018-10-23 13:12:37.345755,491,52.94.240.160,443,3.0,0,1,1,23,1,expected
2018-10-23 13:12:37.385728,491,52.94.240.160,443,3.0,0,1,1,23,1,expected
2018-10-23 13:12:37.436462,491,52.94.240.160,443,3.0,0,1,1,23,1,expected
2018-10-23 13:12:37.501674,491,52.94.240.160,443,3.0,0,1,1,23,1,expected
2018-10-23 13:12:37.513520,54,52.94.240.160,443,1.0,293,1,1,,1,ack
2018-10-23 13:12:37.517894,54,52.94.240.160,443,1.0,4,1,1,,1,ack
2018-10-23 13:12:37.519348,54,52.94.240.160,443,1.0,1,1,1,,1,ack
2018-10-23 13:12:37.567900,54,52.94.240.160,443,1.0,48,1,1,,1,ack
2018-10-23 13:12:37.568062,491,52.94.240.160,443,3.0,0,1,1,23,1,expected
2018-10-23 13:12:37.568573,54,52.94.240.160,443,1.0,0,1,1,,1,ack
2018-10-23 13:12:37.569596,54,52.94.240.160,443,1.0,1,1,1,,1,ack
2018-10-23 13:12:37.569850,54,52.94.240.160,443,1.0,0,1,1,,1,ack
2018-10-23 13:12:37.570725,54,52.94.240.160,443,1.0,0,1,1,,1,ack
2018-10-23 13:12:37.570967,54,52.94.240.160,443,1.0,0,1,1,,1,ack
2018-10-23 13:12:37.571627,54,52.94.240.160,443,1.0,0,1,1,,1,ack
2018-10-23 13:12:37.571867,54,52.94.240.160,443,1.0,0,1,1,,1,ack
2018-10-23 13:12:37.572838,54,52.94.240.160,443,1.0,0,1,1,,1,ack
2018-10-23 13:12:37.573083,54,52.94.240.160,443,1.0,0,1,1,,1,ack
2018-10-23 13:12:37.573832,54,52.94.240.160,443,1.0,0,1,1,,1,ack
2018-10-23 13:12:37.579333,99,52.94.240.160,443,3.0,0,1,1,23,1,expected
2018-10-23 13:12:37.585628,491,52.94.240.160,443,3.0,0,1,1,23,1,expected
2018-10-23 13:12:37.600286,54,52.94.240.160,443,1.0,26,1,1,,1,ack
2018-10-23 13:12:37.600414,54,52.94.240.160,443,1.0,0,1,1,,1,ack
2018-10-23 13:12:37.600538,54,52.94.240.160,443,1.0,0,1,1,,1,ack
2018-10-23 13:12:37.600665,54,52.94.240.160,443,1.0,0,1,1,,1,ack
2018-10-23 13:12:37.604897,54,52.94.240.160,443,1.0,4,1,1,,1,ack
2018-10-23 13:12:37.605139,54,52.94.240.160,443,1.0,0,1,1,,1,ack
2018-10-23 13:12:37.605264,54,52.94.240.160,443,1.0,0,1,1,,1,ack
2018-10-23 13:12:37.605389,54,52.94.240.160,443,1.0,0,1,1,,1,ack
2018-10-23 13:12:37.605869,99,52.94.240.160,443,3.0,0,1,1,23,1,expected
2018-10-23 13:12:37.619889,54,52.94.240.160,443,1.0,14,1,1,,1,ack
2018-10-23 13:12:37.620920,54,52.94.240.160,443,1.0,1,1,1,,1,ack
2018-10-23 13:12:37.622229,54,52.94.240.160,443,1.0,1,1,1,,1,ack
2018-10-23 13:12:37.623630,54,52.94.240.160,443,1.0,1,1,1,,1,ack
2018-10-23 13:12:37.624513,99,52.94.240.160,443,3.0,0,1,1,23,1,expected
2018-10-23 13:12:37.624752,54,52.94.240.160,443,1.0,1,1,1,,1,ack
2018-10-23 13:12:37.626793,54,52.94.240.160,443,1.0,2,1,1,,1,ack
2018-10-23 13:12:37.627022,54,52.94.240.160,443,1.0,0,1,1,,1,ack
2018-10-23 13:12:37.652686,491,52.94.240.160,443,3.0,0,1,1,23,1,expected
2018-10-23 13:12:37.655675,54,52.94.240.160,443,1.0,28,1,1,,1,ack
2018-10-23 13:12:37.656007,54,52.94.240.160,443,1.0,0,1,1,,1,ack
2018-10-23 13:12:37.658665,54,52.94.240.160,443,1.0,2,1,1,,1,ack
2018-10-23 13:12:37.659772,54,52.94.240.160,443,1.0,1,1,1,,1,ack
2018-10-23 13:12:37.661559,99,52.94.240.160,443,3.0,0,1,1,23,1,expected
2018-10-23 13:12:37.661799,54,52.94.240.160,443,1.0,2,1,1,,1,ack
2018-10-23 13:12:37.664294,54,52.94.240.160,443,1.0,2,1,1,,1,ack
2018-10-23 13:12:37.664519,54,52.94.240.160,443,1.0,0,1,1,,1,ack
2018-10-23 13:12:37.693186,491,52.94.240.160,443,3.0,0,1,1,23,1,expected
2018-10-23 13:12:37.704649,54,52.94.240.160,443,1.0,40,1,1,,1,ack
2018-10-23 13:12:37.705062,54,52.94.240.160,443,1.0,0,1,1,,1,ack
2018-10-23 13:12:37.705188,54,52.94.240.160,443,1.0,0,1,1,,1,ack
2018-10-23 13:12:37.705327,54,52.94.240.160,443,1.0,0,1,1,,1,ack
2018-10-23 13:12:37.705450,54,52.94.240.160,443,1.0,0,1,1,,1,ack
2018-10-23 13:12:37.705618,99,52.94.240.160,443,3.0,0,1,1,23,1,expected
2018-10-23 13:12:37.706510,54,52.94.240.160,443,1.0,1,1,1,,1,ack
2018-10-23 13:12:37.707330,54,52.94.240.160,443,1.0,0,1,1,,1,ack
2018-10-23 13:12:37.741242,91,52.94.240.160,443,3.0,0,1,1,23,1,expected
2018-10-23 13:12:37.741370,91,52.94.240.160,443,3.0,0,1,1,23,1,expected
2018-10-23 13:12:37.743148,54,52.94.240.160,443,1.0,35,1,1,,1,ack
2018-10-23 13:12:37.744567,54,52.94.240.160,443,1.0,1,1,1,,1,ack
2018-10-23 13:12:37.745106,54,52.94.240.160,443,1.0,0,1,1,,1,ack
2018-10-23 13:12:37.745378,54,52.94.240.160,443,1.0,0,1,1,,1,ack
2018-10-23 13:12:37.746421,54,52.94.240.160,443,1.0,1,1,1,,1,ack
2018-10-23 13:12:37.748178,54,52.94.240.160,443,1.0,1,1,1,,1,ack
2018-10-23 13:12:37.748302,54,52.94.240.160,443,1.0,0,1,1,,1,ack
2018-10-23 13:12:37.749549,54,52.94.240.160,443,1.0,1,1,1,,1,ack
2018-10-23 13:12:37.751894,99,52.94.240.160,443,3.0,0,1,1,23,1,expected
2018-10-23 13:12:37.752135,99,52.94.240.160,443,3.0,0,1,1,23,1,expected
2018-10-23 13:12:37.762399,54,52.94.240.160,443,1.0,12,1,1,,1,ack
2018-10-23 13:12:37.763535,54,52.94.240.160,443,1.0,1,1,1,,1,ack
2018-10-23 13:12:37.764058,54,52.94.240.160,443,1.0,0,1,1,,1,ack
2018-10-23 13:12:37.768253,54,52.94.240.160,443,1.0,4,1,1,,1,ack
2018-10-23 13:12:37.771430,54,52.94.240.160,443,1.0,3,1,1,,1,ack
2018-10-23 13:12:37.771558,54,52.94.240.160,443,1.0,0,1,1,,1,ack
2018-10-23 13:12:37.772634,54,52.94.240.160,443,1.0,1,1,1,,1,ack
2018-10-23 13:12:37.774261,54,52.94.240.160,443,1.0,1,1,1,,1,ack
2018-10-23 13:12:37.774512,54,52.94.240.160,443,1.0,0,1,1,,1,ack
2018-10-23 13:12:37.774749,99,52.94.240.160,443,3.0,0,1,1,23,1,expected
2018-10-23 13:12:37.789145,54,52.94.240.160,443,1.0,14,1,1,,1,ack
2018-10-23 13:12:37.789350,54,52.94.240.160,443,1.0,0,1,1,,1,ack
2018-10-23 13:12:37.789473,54,52.94.240.160,443,1.0,0,1,1,,1,ack
2018-10-23 13:12:37.789617,54,52.94.240.160,443,1.0,0,1,1,,1,ack
2018-10-23 13:12:37.790925,99,52.94.240.160,443,3.0,0,1,1,23,1,expected
2018-10-23 13:12:37.791209,54,52.94.240.160,443,1.0,1,1,1,,1,ack
2018-10-23 13:12:37.791349,54,52.94.240.160,443,1.0,0,1,1,,1,ack
2018-10-23 13:12:37.806038,397,52.94.240.160,443,3.0,0,1,1,23,1,expected
2018-10-23 13:12:38.245047,54,52.94.240.160,443,1.0,453,1,1,,1,ack
2018-10-23 13:12:38.246060,54,52.94.240.160,443,1.0,1,1,1,,1,ack
2018-10-23 13:13:02.713563,176,52.94.240.160,443,3.0,0,1,1,23,1,expected
2018-10-23 13:13:06.722821,77,104.154.126.169,4070,2.0,0,1,1,,1,syn
2018-10-23 13:13:06.749406,66,104.154.126.169,4070,1.0,30218,1,1,,1,ack
2018-10-23 13:13:08.706999,290,52.94.240.160,443,3.0,0,1,1,23,1,expected
2018-10-23 13:13:08.713407,812,52.94.240.160,443,3.0,0,1,1,23,1,expected
2018-10-23 13:13:08.752872,1067,52.94.240.160,443,3.0,0,1,1,23,1,expected
2018-10-23 13:13:08.792557,267,52.94.240.160,443,3.0,0,1,1,23,1,expected
2018-10-23 13:13:08.803154,491,52.94.240.160,443,3.0,0,1,1,23,1,expected
2018-10-23 13:13:08.809556,267,52.94.240.160,443,3.0,0,1,1,23,1,expected
2018-10-23 13:13:08.812166,491,52.94.240.160,443,3.0,0,1,1,23,1,expected
2018-10-23 13:13:08.812477,891,52.94.240.160,443,3.0,0,1,1,23,1,expected
2018-10-23 13:13:08.813361,491,52.94.240.160,443,3.0,0,1,1,23,1,expected
2018-10-23 13:13:08.813390,491,52.94.240.160,443,3.0,0,1,1,23,1,expected
2018-10-23 13:13:08.818537,491,52.94.240.160,443,3.0,0,1,1,23,1,expected
2018-10-23 13:13:08.831202,1078,52.94.240.160,443,1.0,30585,1,1,,1,not_relevant
2018-10-23 13:13:08.831231,443,52.94.240.160,443,3.0,0,1,1,23,1,expected
2018-10-23 13:13:08.831252,491,52.94.240.160,443,3.0,0,1,1,23,1,expected
2018-10-23 13:13:08.831757,491,52.94.240.160,443,3.0,0,1,1,23,1,expected
2018-10-23 13:13:08.832353,491,52.94.240.160,443,3.0,0,1,1,23,1,expected
2018-10-23 13:13:08.857562,491,52.94.240.160,443,3.0,0,1,1,23,1,expected
2018-10-23 13:13:08.858064,1078,52.94.240.160,443,1.0,26,1,1,,1,not_relevant
2018-10-23 13:13:08.859582,1078,52.94.240.160,443,1.0,1,1,1,,1,not_relevant
2018-10-23 13:13:08.859612,1078,52.94.240.160,443,1.0,0,1,1,,1,not_relevant
2018-10-23 13:13:08.859636,832,52.94.240.160,443,3.0,0,1,1,23,1,expected
2018-10-23 13:13:08.873768,491,52.94.240.160,443,3.0,0,1,1,23,1,expected
2018-10-23 13:13:08.877227,54,52.94.240.160,443,1.0,17,1,1,,1,ack
2018-10-23 13:13:08.878777,54,52.94.240.160,443,1.0,1,1,1,,1,ack
2018-10-23 13:13:08.938315,491,52.94.240.160,443,3.0,0,1,1,23,1,expected
2018-10-23 13:13:08.984888,491,52.94.240.160,443,3.0,0,1,1,23,1,expected
2018-10-23 13:13:09.034265,491,52.94.240.160,443,3.0,0,1,1,23,1,expected
2018-10-23 13:13:09.086551,491,52.94.240.160,443,3.0,0,1,1,23,1,expected
2018-10-23 13:13:09.146793,491,52.94.240.160,443,3.0,0,1,1,23,1,expected
2018-10-23 13:13:09.177231,491,52.94.240.160,443,3.0,0,1,1,23,1,expected
2018-10-23 13:13:09.248520,491,52.94.240.160,443,3.0,0,1,1,23,1,expected
2018-10-23 13:13:09.273738,491,52.94.240.160,443,3.0,0,1,1,23,1,expected
2018-10-23 13:13:09.339405,491,52.94.240.160,443,3.0,0,1,1,23,1,expected
2018-10-23 13:13:09.384538,491,52.94.240.160,443,3.0,0,1,1,23,1,expected
2018-10-23 13:13:09.433625,491,52.94.240.160,443,3.0,0,1,1,23,1,expected
2018-10-23 13:13:09.486436,491,52.94.240.160,443,3.0,0,1,1,23,1,expected
2018-10-23 13:13:09.542472,491,52.94.240.160,443,3.0,0,1,1,23,1,expected
2018-10-23 13:13:09.581894,491,52.94.240.160,443,3.0,0,1,1,23,1,expected
2018-10-23 13:13:09.651634,491,52.94.240.160,443,3.0,0,1,1,23,1,expected
2018-10-23 13:13:09.674613,491,52.94.240.160,443,3.0,0,1,1,23,1,expected
2018-10-23 13:13:09.741168,491,52.94.240.160,443,3.0,0,1,1,23,1,expected
2018-10-23 13:13:09.784921,491,52.94.240.160,443,3.0,0,1,1,23,1,expected
2018-10-23 13:13:09.833717,491,52.94.240.160,443,3.0,0,1,1,23,1,expected
2018-10-23 13:13:09.887076,491,52.94.240.160,443,3.0,0,1,1,23,1,expected
2018-10-23 13:13:09.969415,491,52.94.240.160,443,3.0,0,1,1,23,1,expected
2018-10-23 13:13:09.978663,491,52.94.240.160,443,3.0,0,1,1,23,1,expected
2018-10-23 13:13:10.049607,491,52.94.240.160,443,3.0,0,1,1,23,1,expected
2018-10-23 13:13:10.075910,491,52.94.240.160,443,3.0,0,1,1,23,1,expected
2018-10-23 13:13:10.141856,491,52.94.240.160,443,3.0,0,1,1,23,1,expected
2018-10-23 13:13:10.187915,491,52.94.240.160,443,3.0,0,1,1,23,1,expected
2018-10-23 13:13:10.243549,491,52.94.240.160,443,3.0,0,1,1,23,1,expected
2018-10-23 13:13:10.292631,491,52.94.240.160,443,3.0,0,1,1,23,1,expected
2018-10-23 13:13:10.349815,491,52.94.240.160,443,3.0,0,1,1,23,1,expected
2018-10-23 13:13:10.385594,491,52.94.240.160,443,3.0,0,1,1,23,1,expected
2018-10-23 13:13:10.446414,491,52.94.240.160,443,3.0,0,1,1,23,1,expected
2018-10-23 13:13:10.474914,491,52.94.240.160,443,3.0,0,1,1,23,1,expected
2018-10-23 13:13:10.537140,491,52.94.240.160,443,3.0,0,1,1,23,1,expected
2018-10-23 13:13:10.582669,491,52.94.240.160,443,3.0,0,1,1,23,1,expected
2018-10-23 13:13:10.639388,491,52.94.240.160,443,3.0,0,1,1,23,1,expected
2018-10-23 13:13:10.686388,491,52.94.240.160,443,3.0,0,1,1,23,1,expected
2018-10-23 13:13:10.747367,491,52.94.240.160,443,3.0,0,1,1,23,1,expected
2018-10-23 13:13:10.777802,491,52.94.240.160,443,3.0,0,1,1,23,1,expected
2018-10-23 13:13:10.860924,491,52.94.240.160,443,3.0,0,1,1,23,1,expected
2018-10-23 13:13:10.877565,491,52.94.240.160,443,3.0,0,1,1,23,1,expected
2018-10-23 13:13:10.941386,491,52.94.240.160,443,3.0,0,1,1,23,1,expected
2018-10-23 13:13:10.959702,54,52.94.240.160,443,1.0,2080,1,1,,1,ack
2018-10-23 13:13:10.986275,491,52.94.240.160,443,3.0,0,1,1,23,1,expected
2018-10-23 13:13:11.038407,491,52.94.240.160,443,3.0,0,1,1,23,1,expected
2018-10-23 13:13:11.087933,491,52.94.240.160,443,3.0,0,1,1,23,1,expected
2018-10-23 13:13:11.149024,491,52.94.240.160,443,3.0,0,1,1,23,1,expected
2018-10-23 13:13:11.179173,491,52.94.240.160,443,3.0,0,1,1,23,1,expected
2018-10-23 13:13:11.249562,491,52.94.240.160,443,3.0,0,1,1,23,1,expected
2018-10-23 13:13:11.273939,491,52.94.240.160,443,3.0,0,1,1,23,1,expected
2018-10-23 13:13:11.348053,491,52.94.240.160,443,3.0,0,1,1,23,1,expected
2018-10-23 13:13:11.386799,491,52.94.240.160,443,3.0,0,1,1,23,1,expected
2018-10-23 13:13:11.431549,491,52.94.240.160,443,3.0,0,1,1,23,1,expected
2018-10-23 13:13:11.489697,491,52.94.240.160,443,3.0,0,1,1,23,1,expected
2018-10-23 13:13:11.549789,491,52.94.240.160,443,3.0,0,1,1,23,1,expected
2018-10-23 13:13:11.579925,491,52.94.240.160,443,3.0,0,1,1,23,1,expected
2018-10-23 13:13:11.629468,54,52.94.240.160,443,1.0,669,1,1,,1,ack
2018-10-23 13:13:11.656369,491,52.94.240.160,443,3.0,0,1,1,23,1,expected
2018-10-23 13:13:11.680943,491,52.94.240.160,443,3.0,0,1,1,23,1,expected
2018-10-23 13:13:11.746052,491,52.94.240.160,443,3.0,0,1,1,23,1,expected
2018-10-23 13:13:11.786306,491,52.94.240.160,443,3.0,0,1,1,23,1,expected
2018-10-23 13:13:11.824867,54,52.94.240.160,443,1.0,195,1,1,,1,ack
2018-10-23 13:13:11.825376,54,52.94.240.160,443,1.0,0,1,1,,1,ack
2018-10-23 13:13:11.826725,54,52.94.240.160,443,1.0,1,1,1,,1,ack
2018-10-23 13:13:11.841221,491,52.94.240.160,443,3.0,0,1,1,23,1,expected
2018-10-23 13:13:11.852221,54,52.94.240.160,443,1.0,25,1,1,,1,ack
2018-10-23 13:13:11.853094,54,52.94.240.160,443,1.0,0,1,1,,1,ack
2018-10-23 13:13:11.886508,491,52.94.240.160,443,3.0,0,1,1,23,1,expected
2018-10-23 13:13:11.944085,491,52.94.240.160,443,3.0,0,1,1,23,1,expected
2018-10-23 13:13:11.966853,54,52.94.240.160,443,1.0,113,1,1,,1,ack
2018-10-23 13:13:11.966973,91,52.94.240.160,443,3.0,0,1,1,23,1,expected
2018-10-23 13:13:11.967048,91,52.94.240.160,443,3.0,0,1,1,23,1,expected
2018-10-23 13:13:12.003737,54,52.94.240.160,443,1.0,36,1,1,,1,ack
2018-10-23 13:13:12.003903,54,52.94.240.160,443,1.0,0,1,1,,1,ack
2018-10-23 13:13:12.004066,54,52.94.240.160,443,1.0,0,1,1,,1,ack
2018-10-23 13:13:12.004142,54,52.94.240.160,443,1.0,0,1,1,,1,ack
2018-10-23 13:13:12.004217,54,52.94.240.160,443,1.0,0,1,1,,1,ack
2018-10-23 13:13:12.004295,99,52.94.240.160,443,3.0,0,1,1,23,1,expected
2018-10-23 13:13:12.036340,54,52.94.240.160,443,1.0,32,1,1,,1,ack
2018-10-23 13:13:12.036562,395,52.94.240.160,443,3.0,0,1,1,23,1,expected
2018-10-23 13:13:12.055217,54,52.94.240.160,443,1.0,18,1,1,,1,ack
2018-10-23 13:13:12.055296,54,52.94.240.160,443,1.0,0,1,1,,1,ack
2018-10-23 13:13:12.055464,54,52.94.240.160,443,1.0,0,1,1,,1,ack
2018-10-23 13:13:12.055626,54,52.94.240.160,443,1.0,0,1,1,,1,ack
2018-10-23 13:13:12.055712,54,52.94.240.160,443,1.0,0,1,1,,1,ack
2018-10-23 13:13:12.055875,99,52.94.240.160,443,3.0,0,1,1,23,1,expected
2018-10-23 13:13:12.079975,54,52.94.240.160,443,1.0,24,1,1,,1,ack
2018-10-23 13:13:12.081093,54,52.94.240.160,443,1.0,1,1,1,,1,ack
2018-10-23 13:13:12.081799,54,52.94.240.160,443,1.0,0,1,1,,1,ack
2018-10-23 13:13:12.082759,54,52.94.240.160,443,1.0,0,1,1,,1,ack
2018-10-23 13:13:12.083584,54,52.94.240.160,443,1.0,0,1,1,,1,ack
2018-10-23 13:13:12.084992,54,52.94.240.160,443,1.0,1,1,1,,1,ack
2018-10-23 13:13:12.085187,54,52.94.240.160,443,1.0,0,1,1,,1,ack
2018-10-23 13:13:12.085879,99,52.94.240.160,443,3.0,0,1,1,23,1,expected
2018-10-23 13:13:12.129357,54,52.94.240.160,443,1.0,44,1,1,,1,ack
2018-10-23 13:13:12.149787,54,52.94.240.160,443,1.0,20,1,1,,1,ack
2018-10-23 13:13:12.150679,54,52.94.240.160,443,1.0,0,1,1,,1,ack
2018-10-23 13:13:12.150834,54,52.94.240.160,443,1.0,0,1,1,,1,ack
2018-10-23 13:13:12.151728,54,52.94.240.160,443,1.0,0,1,1,,1,ack
2018-10-23 13:13:12.152563,54,52.94.240.160,443,1.0,0,1,1,,1,ack
2018-10-23 13:13:12.153615,54,52.94.240.160,443,1.0,1,1,1,,1,ack
2018-10-23 13:13:12.153769,99,52.94.240.160,443,3.0,0,1,1,23,1,expected
2018-10-23 13:13:12.153842,54,52.94.240.160,443,1.0,0,1,1,,1,ack
2018-10-23 13:13:12.155152,54,52.94.240.160,443,1.0,1,1,1,,1,ack
2018-10-23 13:13:12.155489,54,52.94.240.160,443,1.0,0,1,1,,1,ack
2018-10-23 13:13:12.226013,54,52.94.240.160,443,1.0,70,1,1,,1,ack
2018-10-23 13:13:12.226946,54,52.94.240.160,443,1.0,0,1,1,,1,ack
2018-10-23 13:13:12.227844,54,52.94.240.160,443,1.0,0,1,1,,1,ack
2018-10-23 13:13:12.228896,54,52.94.240.160,443,1.0,1,1,1,,1,ack
2018-10-23 13:13:12.237707,54,52.94.240.160,443,1.0,8,1,1,,1,ack
2018-10-23 13:13:12.237979,54,52.94.240.160,443,1.0,0,1,1,,1,ack
2018-10-23 13:13:12.238112,54,52.94.240.160,443,1.0,0,1,1,,1,ack
2018-10-23 13:13:12.238606,99,52.94.240.160,443,3.0,0,1,1,23,1,expected
2018-10-23 13:13:12.294297,54,52.94.240.160,443,1.0,56,1,1,,1,ack
2018-10-23 13:13:12.294430,54,52.94.240.160,443,1.0,0,1,1,,1,ack
2018-10-23 13:13:12.294560,54,52.94.240.160,443,1.0,0,1,1,,1,ack
2018-10-23 13:13:12.294686,54,52.94.240.160,443,1.0,0,1,1,,1,ack
2018-10-23 13:13:12.324680,54,52.94.240.160,443,1.0,29,1,1,,1,ack
2018-10-23 13:13:12.452974,66,52.94.240.160,443,1.0,128,1,1,,1,ack
2018-10-23 13:13:12.453317,66,52.94.240.160,443,1.0,0,1,1,,1,ack
2018-10-23 13:13:12.453460,66,52.94.240.160,443,1.0,0,1,1,,1,ack
2018-10-23 13:13:12.453609,66,52.94.240.160,443,1.0,0,1,1,,1,ack
2018-10-23 13:13:12.453748,66,52.94.240.160,443,1.0,0,1,1,,1,ack
2018-10-23 13:13:12.453883,66,52.94.240.160,443,1.0,0,1,1,,1,ack
2018-10-23 13:13:12.454013,66,52.94.240.160,443,1.0,0,1,1,,1,ack
2018-10-23 13:13:12.454148,66,52.94.240.160,443,1.0,0,1,1,,1,ack
2018-10-23 13:13:12.454276,66,52.94.240.160,443,1.0,0,1,1,,1,ack
2018-10-23 13:13:14.706488,66,52.94.240.160,443,1.0,2252,1,1,,1,ack
2018-10-23 13:13:14.706625,74,52.94.240.160,443,1.0,0,1,1,,1,ack
2018-10-23 13:13:14.706704,111,52.94.240.160,443,3.0,0,1,1,23,1,expected
2018-10-23 13:13:14.728510,74,52.94.240.160,443,1.0,21,1,1,,1,ack
2018-10-23 13:13:14.729613,66,52.94.240.160,443,1.0,1,1,1,,1,ack
2018-10-23 13:13:14.747293,66,52.94.240.160,443,1.0,17,1,1,,1,ack
2018-10-23 13:13:14.747376,66,52.94.240.160,443,1.0,0,1,1,,1,ack
2018-10-23 13:13:14.754479,66,52.94.240.160,443,1.0,7,1,1,,1,ack
2018-10-23 13:13:14.754557,66,52.94.240.160,443,1.0,0,1,1,,1,ack
2018-10-23 13:13:14.775529,66,52.94.240.160,443,1.0,20,1,1,,1,ack
2018-10-23 13:13:14.777113,66,52.94.240.160,443,1.0,1,1,1,,1,ack
2018-10-23 13:13:14.777195,66,52.94.240.160,443,1.0,0,1,1,,1,ack
2018-10-23 13:13:14.778210,66,52.94.240.160,443,1.0,1,1,1,,1,ack
2018-10-23 13:13:14.778293,66,52.94.240.160,443,1.0,0,1,1,,1,ack
2018-10-23 13:13:14.779934,66,52.94.240.160,443,1.0,1,1,1,,1,ack
2018-10-23 13:13:14.780011,66,52.94.240.160,443,1.0,0,1,1,,1,ack
2018-10-23 13:13:14.791294,111,52.94.240.160,443,3.0,0,1,1,23,1,expected
2018-10-23 13:13:14.791373,66,52.94.240.160,443,1.0,11,1,1,,1,ack
2018-10-23 13:13:14.844931,66,52.94.240.160,443,1.0,53,1,1,,1,ack
2018-10-23 13:13:14.845075,66,52.94.240.160,443,1.0,0,1,1,,1,ack
2018-10-23 13:13:14.845151,54,52.94.240.160,443,1.0,0,1,1,,1,ack
2018-10-23 13:13:14.845226,54,52.94.240.160,443,1.0,0,1,1,,1,ack
2018-10-23 13:13:14.845297,54,52.94.240.160,443,1.0,0,1,1,,1,ack
2018-10-23 13:13:14.845371,54,52.94.240.160,443,1.0,0,1,1,,1,ack
2018-10-23 13:13:14.845446,54,52.94.240.160,443,1.0,0,1,1,,1,ack
2018-10-23 13:13:14.845520,54,52.94.240.160,443,1.0,0,1,1,,1,ack
2018-10-23 13:13:14.845596,99,52.94.240.160,443,3.0,0,1,1,23,1,expected
2018-10-23 13:13:14.866651,54,52.94.240.160,443,1.0,21,1,1,,1,ack
2018-10-23 13:13:14.866734,54,52.94.240.160,443,1.0,0,1,1,,1,ack
2018-10-23 13:13:14.866881,54,52.94.240.160,443,1.0,0,1,1,,1,ack
2018-10-23 13:13:14.879416,99,52.94.240.160,443,3.0,0,1,1,23,1,expected
2018-10-23 13:13:15.178767,54,52.94.240.160,443,1.0,311,1,1,,1,ack
2018-10-23 13:13:36.812470,77,104.154.126.169,4070,2.0,0,1,1,,1,syn
2018-10-23 13:13:36.852417,66,104.154.126.169,4070,1.0,30103,1,1,,1,ack
2018-10-23 13:13:37.153652,177,52.94.240.160,443,3.0,0,1,1,23,1,expected
2018-10-23 13:13:45.424359,638,52.94.240.160,443,3.0,0,1,1,23,1,expected
2018-10-23 13:13:45.425298,667,52.94.240.160,443,3.0,0,1,1,23,1,expected
2018-10-23 13:13:45.432924,265,52.94.240.160,443,3.0,0,1,1,23,1,expected
2018-10-23 13:13:45.434380,491,52.94.240.160,443,3.0,0,1,1,23,1,expected
2018-10-23 13:13:45.435809,491,52.94.240.160,443,3.0,0,1,1,23,1,expected
2018-10-23 13:13:45.438993,891,52.94.240.160,443,3.0,0,1,1,23,1,expected
2018-10-23 13:13:45.440363,491,52.94.240.160,443,3.0,0,1,1,23,1,expected
2018-10-23 13:13:45.468147,267,52.94.240.160,443,3.0,0,1,1,23,1,expected
2018-10-23 13:13:45.489668,491,52.94.240.160,443,3.0,0,1,1,23,1,expected
2018-10-23 13:13:45.495914,1078,52.94.240.160,443,3.0,0,1,1,23,1,expected
2018-10-23 13:13:45.495944,1078,52.94.240.160,443,1.0,30317,1,1,,1,not_relevant
2018-10-23 13:13:45.495986,1078,52.94.240.160,443,3.0,0,1,1,23,1,expected
2018-10-23 13:13:45.496018,1078,52.94.240.160,443,1.0,0,1,1,,1,not_relevant
2018-10-23 13:13:45.496069,69,52.94.240.160,443,3.0,0,1,1,23,1,expected
2018-10-23 13:13:45.497602,667,52.94.240.160,443,3.0,0,1,1,23,1,expected
2018-10-23 13:13:45.497626,491,52.94.240.160,443,3.0,0,1,1,23,1,expected
2018-10-23 13:13:45.497674,491,52.94.240.160,443,3.0,0,1,1,23,1,expected
2018-10-23 13:13:45.508862,1078,52.94.240.160,443,3.0,0,1,1,23,1,expected
2018-10-23 13:13:45.521475,1078,52.94.240.160,443,1.0,25,1,1,,1,not_relevant
2018-10-23 13:13:45.521984,1078,52.94.240.160,443,1.0,0,1,1,,1,not_relevant
2018-10-23 13:13:45.522029,1078,52.94.240.160,443,3.0,0,1,1,23,1,expected
2018-10-23 13:13:45.522081,69,52.94.240.160,443,3.0,0,1,1,23,1,expected
2018-10-23 13:13:45.539674,1078,52.94.240.160,443,3.0,0,1,1,23,1,expected
2018-10-23 13:13:45.541019,480,52.94.240.160,443,3.0,0,1,1,23,1,expected
2018-10-23 13:13:45.569120,491,52.94.240.160,443,3.0,0,1,1,23,1,expected
2018-10-23 13:13:45.640419,491,52.94.240.160,443,3.0,0,1,1,23,1,expected
2018-10-23 13:13:45.676098,491,52.94.240.160,443,3.0,0,1,1,23,1,expected
2018-10-23 13:13:45.728516,491,52.94.240.160,443,3.0,0,1,1,23,1,expected
2018-10-23 13:13:45.772655,491,52.94.240.160,443,3.0,0,1,1,23,1,expected
2018-10-23 13:13:45.837030,491,52.94.240.160,443,3.0,0,1,1,23,1,expected
2018-10-23 13:13:45.868675,491,52.94.240.160,443,3.0,0,1,1,23,1,expected
2018-10-23 13:13:45.934734,491,52.94.240.160,443,3.0,0,1,1,23,1,expected
2018-10-23 13:13:45.967345,491,52.94.240.160,443,3.0,0,1,1,23,1,expected
2018-10-23 13:13:46.025962,491,52.94.240.160,443,3.0,0,1,1,23,1,expected
2018-10-23 13:13:46.071228,491,52.94.240.160,443,3.0,0,1,1,23,1,expected
2018-10-23 13:13:46.133770,491,52.94.240.160,443,3.0,0,1,1,23,1,expected
2018-10-23 13:13:46.169090,491,52.94.240.160,443,3.0,0,1,1,23,1,expected
2018-10-23 13:13:46.248646,491,52.94.240.160,443,3.0,0,1,1,23,1,expected
2018-10-23 13:13:46.266598,491,52.94.240.160,443,3.0,0,1,1,23,1,expected
2018-10-23 13:13:46.340788,491,52.94.240.160,443,3.0,0,1,1,23,1,expected
2018-10-23 13:13:46.380309,491,52.94.240.160,443,3.0,0,1,1,23,1,expected
2018-10-23 13:13:46.425651,491,52.94.240.160,443,3.0,0,1,1,23,1,expected
2018-10-23 13:13:46.473615,491,52.94.240.160,443,3.0,0,1,1,23,1,expected
2018-10-23 13:13:46.528131,491,52.94.240.160,443,3.0,0,1,1,23,1,expected
2018-10-23 13:13:46.573436,491,52.94.240.160,443,3.0,0,1,1,23,1,expected
2018-10-23 13:13:46.635050,491,52.94.240.160,443,3.0,0,1,1,23,1,expected
2018-10-23 13:13:46.667309,491,52.94.240.160,443,3.0,0,1,1,23,1,expected
2018-10-23 13:13:46.732916,491,52.94.240.160,443,3.0,0,1,1,23,1,expected
2018-10-23 13:13:46.855901,491,52.94.240.160,443,3.0,0,1,1,23,1,expected
2018-10-23 13:13:46.856111,491,52.94.240.160,443,3.0,0,1,1,23,1,expected
2018-10-23 13:13:46.873864,491,52.94.240.160,443,3.0,0,1,1,23,1,expected
2018-10-23 13:13:46.947188,491,52.94.240.160,443,3.0,0,1,1,23,1,expected
2018-10-23 13:13:46.988923,491,52.94.240.160,443,3.0,0,1,1,23,1,expected
2018-10-23 13:13:47.053048,491,52.94.240.160,443,3.0,0,1,1,23,1,expected
2018-10-23 13:13:47.102542,491,52.94.240.160,443,3.0,0,1,1,23,1,expected
2018-10-23 13:13:47.131967,491,52.94.240.160,443,3.0,0,1,1,23,1,expected
2018-10-23 13:13:47.168244,491,52.94.240.160,443,3.0,0,1,1,23,1,expected
2018-10-23 13:13:47.258658,491,52.94.240.160,443,3.0,0,1,1,23,1,expected
2018-10-23 13:13:47.281386,491,52.94.240.160,443,3.0,0,1,1,23,1,expected
2018-10-23 13:13:47.335803,491,52.94.240.160,443,3.0,0,1,1,23,1,expected
2018-10-23 13:13:47.441464,491,52.94.240.160,443,3.0,0,1,1,23,1,expected
2018-10-23 13:13:47.442688,491,52.94.240.160,443,3.0,0,1,1,23,1,expected
2018-10-23 13:13:47.467160,491,52.94.240.160,443,3.0,0,1,1,23,1,expected
2018-10-23 13:13:47.532135,491,52.94.240.160,443,3.0,0,1,1,23,1,expected
2018-10-23 13:13:47.573318,491,52.94.240.160,443,3.0,0,1,1,23,1,expected
2018-10-23 13:13:47.638410,491,52.94.240.160,443,3.0,0,1,1,23,1,expected
2018-10-23 13:13:47.687301,491,52.94.240.160,443,3.0,0,1,1,23,1,expected
2018-10-23 13:13:47.738443,491,52.94.240.160,443,3.0,0,1,1,23,1,expected
2018-10-23 13:13:47.773654,491,52.94.240.160,443,3.0,0,1,1,23,1,expected
2018-10-23 13:13:47.840405,491,52.94.240.160,443,3.0,0,1,1,23,1,expected
2018-10-23 13:13:47.889799,491,52.94.240.160,443,3.0,0,1,1,23,1,expected
2018-10-23 13:13:47.928908,491,52.94.240.160,443,3.0,0,1,1,23,1,expected
2018-10-23 13:13:47.991471,491,52.94.240.160,443,3.0,0,1,1,23,1,expected
2018-10-23 13:13:48.052939,491,52.94.240.160,443,3.0,0,1,1,23,1,expected
2018-10-23 13:13:48.073385,491,52.94.240.160,443,3.0,0,1,1,23,1,expected
2018-10-23 13:13:48.128410,491,52.94.240.160,443,3.0,0,1,1,23,1,expected
2018-10-23 13:13:48.177296,491,52.94.240.160,443,3.0,0,1,1,23,1,expected
2018-10-23 13:13:48.241882,491,52.94.240.160,443,3.0,0,1,1,23,1,expected
2018-10-23 13:13:48.266070,491,52.94.240.160,443,3.0,0,1,1,23,1,expected
2018-10-23 13:13:48.332782,491,52.94.240.160,443,3.0,0,1,1,23,1,expected
2018-10-23 13:13:48.367626,491,52.94.240.160,443,3.0,0,1,1,23,1,expected
2018-10-23 13:13:48.440532,54,52.94.240.160,443,1.0,2918,1,1,,1,ack
2018-10-23 13:13:48.440645,491,52.94.240.160,443,3.0,0,1,1,23,1,expected
2018-10-23 13:13:48.473439,491,52.94.240.160,443,3.0,0,1,1,23,1,expected
2018-10-23 13:13:48.527384,491,52.94.240.160,443,3.0,0,1,1,23,1,expected
2018-10-23 13:13:48.571380,491,52.94.240.160,443,3.0,0,1,1,23,1,expected
2018-10-23 13:13:48.641634,491,52.94.240.160,443,3.0,0,1,1,23,1,expected
2018-10-23 13:13:48.669456,491,52.94.240.160,443,3.0,0,1,1,23,1,expected
2018-10-23 13:13:48.733418,491,52.94.240.160,443,3.0,0,1,1,23,1,expected
2018-10-23 13:13:48.767897,491,52.94.240.160,443,3.0,0,1,1,23,1,expected
2018-10-23 13:13:48.829508,491,52.94.240.160,443,3.0,0,1,1,23,1,expected
2018-10-23 13:13:48.875131,491,52.94.240.160,443,3.0,0,1,1,23,1,expected
2018-10-23 13:13:48.927843,491,52.94.240.160,443,3.0,0,1,1,23,1,expected
2018-10-23 13:13:48.976447,491,52.94.240.160,443,3.0,0,1,1,23,1,expected
2018-10-23 13:13:49.036711,491,52.94.240.160,443,3.0,0,1,1,23,1,expected
2018-10-23 13:13:49.067064,491,52.94.240.160,443,3.0,0,1,1,23,1,expected
2018-10-23 13:13:49.140807,491,52.94.240.160,443,3.0,0,1,1,23,1,expected
2018-10-23 13:13:49.169546,491,52.94.240.160,443,3.0,0,1,1,23,1,expected
2018-10-23 13:13:49.232161,491,52.94.240.160,443,3.0,0,1,1,23,1,expected
2018-10-23 13:13:49.281030,491,52.94.240.160,443,3.0,0,1,1,23,1,expected
2018-10-23 13:13:49.328725,491,52.94.240.160,443,3.0,0,1,1,23,1,expected
2018-10-23 13:13:49.373874,491,52.94.240.160,443,3.0,0,1,1,23,1,expected
2018-10-23 13:13:49.423304,54,52.94.240.160,443,1.0,982,1,1,,1,ack
2018-10-23 13:13:49.438495,491,52.94.240.160,443,3.0,0,1,1,23,1,expected
2018-10-23 13:13:49.464877,491,52.94.240.160,443,3.0,0,1,1,23,1,expected
2018-10-23 13:13:49.534866,491,52.94.240.160,443,3.0,0,1,1,23,1,expected
2018-10-23 13:13:49.567329,491,52.94.240.160,443,3.0,0,1,1,23,1,expected
2018-10-23 13:13:49.629511,491,52.94.240.160,443,3.0,0,1,1,23,1,expected
2018-10-23 13:13:49.674710,491,52.94.240.160,443,3.0,0,1,1,23,1,expected
2018-10-23 13:13:49.739318,491,52.94.240.160,443,3.0,0,1,1,23,1,expected
2018-10-23 13:13:49.775820,491,52.94.240.160,443,3.0,0,1,1,23,1,expected
2018-10-23 13:13:49.837736,491,52.94.240.160,443,3.0,0,1,1,23,1,expected
2018-10-23 13:13:49.865736,491,52.94.240.160,443,3.0,0,1,1,23,1,expected
2018-10-23 13:13:49.939321,491,52.94.240.160,443,3.0,0,1,1,23,1,expected
2018-10-23 13:13:49.967896,491,52.94.240.160,443,3.0,0,1,1,23,1,expected
2018-10-23 13:13:49.979216,54,52.94.240.160,443,1.0,555,1,1,,1,ack
2018-10-23 13:13:49.980153,54,52.94.240.160,443,1.0,0,1,1,,1,ack
2018-10-23 13:13:49.980918,54,52.94.240.160,443,1.0,0,1,1,,1,ack
2018-10-23 13:13:50.017989,54,52.94.240.160,443,1.0,37,1,1,,1,ack
2018-10-23 13:13:50.027967,491,52.94.240.160,443,3.0,0,1,1,23,1,expected
2018-10-23 13:13:50.085752,54,52.94.240.160,443,1.0,67,1,1,,1,ack
2018-10-23 13:13:50.086630,491,52.94.240.160,443,3.0,0,1,1,23,1,expected
2018-10-23 13:13:50.089643,54,52.94.240.160,443,1.0,3,1,1,,1,ack
2018-10-23 13:13:50.089831,54,52.94.240.160,443,1.0,0,1,1,,1,ack
2018-10-23 13:13:50.094089,54,52.94.240.160,443,1.0,4,1,1,,1,ack
2018-10-23 13:13:50.094346,54,52.94.240.160,443,1.0,0,1,1,,1,ack
2018-10-23 13:13:50.094494,54,52.94.240.160,443,1.0,0,1,1,,1,ack
2018-10-23 13:13:50.094622,54,52.94.240.160,443,1.0,0,1,1,,1,ack
2018-10-23 13:13:50.105159,54,52.94.240.160,443,1.0,10,1,1,,1,ack
2018-10-23 13:13:50.127364,91,52.94.240.160,443,3.0,0,1,1,23,1,expected
2018-10-23 13:13:50.127495,91,52.94.240.160,443,3.0,0,1,1,23,1,expected
2018-10-23 13:13:50.137784,54,52.94.240.160,443,1.0,32,1,1,,1,ack
2018-10-23 13:13:50.137912,54,52.94.240.160,443,1.0,0,1,1,,1,ack
2018-10-23 13:13:50.138036,54,52.94.240.160,443,1.0,0,1,1,,1,ack
2018-10-23 13:13:50.140428,99,52.94.240.160,443,3.0,0,1,1,23,1,expected
2018-10-23 13:13:50.140679,54,52.94.240.160,443,1.0,2,1,1,,1,ack
2018-10-23 13:13:50.140804,54,52.94.240.160,443,1.0,0,1,1,,1,ack
2018-10-23 13:13:50.140925,54,52.94.240.160,443,1.0,0,1,1,,1,ack
2018-10-23 13:13:50.141301,99,52.94.240.160,443,3.0,0,1,1,23,1,expected
2018-10-23 13:13:50.146871,421,52.94.240.160,443,3.0,0,1,1,23,1,expected
2018-10-23 13:13:50.198086,54,52.94.240.160,443,1.0,57,1,1,,1,ack
2018-10-23 13:13:50.220344,54,52.94.240.160,443,1.0,22,1,1,,1,ack
2018-10-23 13:13:50.220599,54,52.94.240.160,443,1.0,0,1,1,,1,ack
2018-10-23 13:13:50.220726,54,52.94.240.160,443,1.0,0,1,1,,1,ack
2018-10-23 13:13:50.220852,54,52.94.240.160,443,1.0,0,1,1,,1,ack
2018-10-23 13:13:50.220976,54,52.94.240.160,443,1.0,0,1,1,,1,ack
2018-10-23 13:13:50.221101,54,52.94.240.160,443,1.0,0,1,1,,1,ack
2018-10-23 13:13:50.221252,54,52.94.240.160,443,1.0,0,1,1,,1,ack
2018-10-23 13:13:50.221483,54,52.94.240.160,443,1.0,0,1,1,,1,ack
2018-10-23 13:13:50.238605,54,52.94.240.160,443,1.0,17,1,1,,1,ack
2018-10-23 13:13:50.288760,54,52.94.240.160,443,1.0,50,1,1,,1,ack
2018-10-23 13:13:50.288888,54,52.94.240.160,443,1.0,0,1,1,,1,ack
2018-10-23 13:13:50.289903,54,52.94.240.160,443,1.0,1,1,1,,1,ack
2018-10-23 13:13:50.291446,54,52.94.240.160,443,1.0,1,1,1,,1,ack
2018-10-23 13:13:50.291695,99,52.94.240.160,443,3.0,0,1,1,23,1,expected
2018-10-23 13:13:50.291817,54,52.94.240.160,443,1.0,0,1,1,,1,ack
2018-10-23 13:13:50.292502,99,52.94.240.160,443,3.0,0,1,1,23,1,expected
2018-10-23 13:13:50.292825,54,52.94.240.160,443,1.0,1,1,1,,1,ack
2018-10-23 13:13:50.294430,54,52.94.240.160,443,1.0,1,1,1,,1,ack
2018-10-23 13:13:50.295145,54,52.94.240.160,443,1.0,0,1,1,,1,ack
2018-10-23 13:13:50.373433,54,52.94.240.160,443,1.0,78,1,1,,1,ack
2018-10-23 13:13:50.374429,54,52.94.240.160,443,1.0,0,1,1,,1,ack
2018-10-23 13:13:50.374607,54,52.94.240.160,443,1.0,0,1,1,,1,ack
2018-10-23 13:13:50.374744,54,52.94.240.160,443,1.0,0,1,1,,1,ack
2018-10-23 13:13:50.405055,54,52.94.240.160,443,1.0,30,1,1,,1,ack
2018-10-23 13:13:50.543798,66,52.94.240.160,443,1.0,138,1,1,,1,ack
2018-10-23 13:13:50.544046,66,52.94.240.160,443,1.0,0,1,1,,1,ack
2018-10-23 13:13:50.544196,66,52.94.240.160,443,1.0,0,1,1,,1,ack
2018-10-23 13:13:50.544343,66,52.94.240.160,443,1.0,0,1,1,,1,ack
2018-10-23 13:13:50.544430,66,52.94.240.160,443,1.0,0,1,1,,1,ack
2018-10-23 13:13:50.544502,66,52.94.240.160,443,1.0,0,1,1,,1,ack
2018-10-23 13:13:50.544572,66,52.94.240.160,443,1.0,0,1,1,,1,ack
2018-10-23 13:13:50.544637,66,52.94.240.160,443,1.0,0,1,1,,1,ack
2018-10-23 13:13:50.544708,66,52.94.240.160,443,1.0,0,1,1,,1,ack
2018-10-23 13:13:52.706969,74,52.94.240.160,443,1.0,2162,1,1,,1,ack
2018-10-23 13:13:52.707081,74,52.94.240.160,443,1.0,0,1,1,,1,ack
2018-10-23 13:13:52.707230,82,52.94.240.160,443,1.0,0,1,1,,1,ack
2018-10-23 13:13:52.808720,66,52.94.240.160,443,1.0,101,1,1,,1,ack
2018-10-23 13:13:52.808802,66,52.94.240.160,443,1.0,0,1,1,,1,ack
2018-10-23 13:13:52.808949,66,52.94.240.160,443,1.0,0,1,1,,1,ack
2018-10-23 13:13:52.809350,111,52.94.240.160,443,3.0,0,1,1,23,1,expected
2018-10-23 13:13:52.826869,66,52.94.240.160,443,1.0,17,1,1,,1,ack
2018-10-23 13:13:52.827424,66,52.94.240.160,443,1.0,0,1,1,,1,ack
2018-10-23 13:13:52.828590,66,52.94.240.160,443,1.0,1,1,1,,1,ack
2018-10-23 13:13:52.831569,66,52.94.240.160,443,1.0,2,1,1,,1,ack
2018-10-23 13:13:52.834453,111,52.94.240.160,443,3.0,0,1,1,23,1,expected
2018-10-23 13:13:52.834531,66,52.94.240.160,443,1.0,2,1,1,,1,ack
2018-10-23 13:13:52.834675,66,52.94.240.160,443,1.0,0,1,1,,1,ack
2018-10-23 13:13:52.848704,66,52.94.240.160,443,1.0,14,1,1,,1,ack
2018-10-23 13:13:52.848845,66,52.94.240.160,443,1.0,0,1,1,,1,ack
2018-10-23 13:13:52.849273,54,52.94.240.160,443,1.0,0,1,1,,1,ack
2018-10-23 13:13:52.849496,54,52.94.240.160,443,1.0,0,1,1,,1,ack
2018-10-23 13:13:52.851117,54,52.94.240.160,443,1.0,1,1,1,,1,ack
2018-10-23 13:13:52.852717,54,52.94.240.160,443,1.0,1,1,1,,1,ack
2018-10-23 13:13:52.853955,54,52.94.240.160,443,1.0,1,1,1,,1,ack
2018-10-23 13:13:52.866991,54,52.94.240.160,443,1.0,13,1,1,,1,ack
2018-10-23 13:13:52.868325,54,52.94.240.160,443,1.0,1,1,1,,1,ack
2018-10-23 13:13:52.871418,54,52.94.240.160,443,1.0,3,1,1,,1,ack
2018-10-23 13:13:52.871496,54,52.94.240.160,443,1.0,0,1,1,,1,ack
2018-10-23 13:13:52.872717,54,52.94.240.160,443,1.0,1,1,1,,1,ack
2018-10-23 13:13:52.874676,54,52.94.240.160,443,1.0,1,1,1,,1,ack
2018-10-23 13:13:52.875638,54,52.94.240.160,443,1.0,0,1,1,,1,ack
2018-10-23 13:13:52.884886,54,52.94.240.160,443,1.0,9,1,1,,1,ack
2018-10-23 13:13:52.886309,54,52.94.240.160,443,1.0,1,1,1,,1,ack
2018-10-23 13:13:52.890362,54,52.94.240.160,443,1.0,4,1,1,,1,ack
2018-10-23 13:13:52.890436,54,52.94.240.160,443,1.0,0,1,1,,1,ack
2018-10-23 13:13:52.890625,54,52.94.240.160,443,1.0,0,1,1,,1,ack
2018-10-23 13:13:52.905154,99,52.94.240.160,443,3.0,0,1,1,23,1,expected
2018-10-23 13:13:53.209435,54,52.94.240.160,443,1.0,318,1,1,,1,ack
2018-10-23 13:14:02.018758,66,104.154.126.169,4070,1.0,25166,1,1,,1,ack
2018-10-23 13:14:06.935695,77,104.154.126.169,4070,2.0,0,1,1,,1,syn
2018-10-23 13:14:07.045154,66,104.154.126.169,4070,1.0,5026,1,1,,1,ack
2018-10-23 13:14:15.139144,177,52.94.240.160,443,3.0,0,1,1,23,1,expected
2018-10-23 13:14:18.798828,290,52.94.240.160,443,3.0,0,1,1,23,1,expected
2018-10-23 13:14:18.850131,816,52.94.240.160,443,3.0,0,1,1,23,1,expected
2018-10-23 13:14:18.873664,267,52.94.240.160,443,3.0,0,1,1,23,1,expected
2018-10-23 13:14:18.876580,267,52.94.240.160,443,3.0,0,1,1,23,1,expected
2018-10-23 13:14:18.876607,491,52.94.240.160,443,3.0,0,1,1,23,1,expected
2018-10-23 13:14:18.877529,491,52.94.240.160,443,3.0,0,1,1,23,1,expected
2018-10-23 13:14:18.878475,491,52.94.240.160,443,3.0,0,1,1,23,1,expected
2018-10-23 13:14:18.944228,491,52.94.240.160,443,3.0,0,1,1,23,1,expected
2018-10-23 13:14:19.015569,491,52.94.240.160,443,3.0,0,1,1,23,1,expected
2018-10-23 13:14:19.016265,491,52.94.240.160,443,3.0,0,1,1,23,1,expected
2018-10-23 13:14:19.016299,491,52.94.240.160,443,3.0,0,1,1,23,1,expected
2018-10-23 13:14:19.016380,491,52.94.240.160,443,3.0,0,1,1,23,1,expected
2018-10-23 13:14:19.016414,1078,52.94.240.160,443,3.0,0,1,1,23,1,expected
2018-10-23 13:14:19.016470,1078,52.94.240.160,443,3.0,0,1,1,23,1,expected
2018-10-23 13:14:19.016493,1078,52.94.240.160,443,3.0,0,1,1,23,1,expected
2018-10-23 13:14:19.017023,1078,52.94.240.160,443,1.0,25807,1,1,,1,not_relevant
2018-10-23 13:14:19.017058,1078,52.94.240.160,443,3.0,0,1,1,23,1,expected
2018-10-23 13:14:19.018378,1078,52.94.240.160,443,3.0,0,1,1,23,1,expected
2018-10-23 13:14:19.036397,1078,52.94.240.160,443,3.0,0,1,1,23,1,expected
2018-10-23 13:14:19.037245,1078,52.94.240.160,443,3.0,0,1,1,23,1,expected
2018-10-23 13:14:19.037282,1078,52.94.240.160,443,3.0,0,1,1,23,1,expected
2018-10-23 13:14:19.037335,1078,52.94.240.160,443,3.0,0,1,1,23,1,expected
2018-10-23 13:14:19.037603,917,52.94.240.160,443,3.0,0,1,1,23,1,expected
2018-10-23 13:14:19.089449,491,52.94.240.160,443,3.0,0,1,1,23,1,expected
2018-10-23 13:14:19.148704,491,52.94.240.160,443,3.0,0,1,1,23,1,expected
2018-10-23 13:14:19.185493,491,52.94.240.160,443,3.0,0,1,1,23,1,expected
2018-10-23 13:14:19.245353,491,52.94.240.160,443,3.0,0,1,1,23,1,expected
2018-10-23 13:14:19.276195,491,52.94.240.160,443,3.0,0,1,1,23,1,expected
2018-10-23 13:14:19.343493,491,52.94.240.160,443,3.0,0,1,1,23,1,expected
2018-10-23 13:14:19.386797,491,52.94.240.160,443,3.0,0,1,1,23,1,expected
2018-10-23 13:14:19.436233,491,52.94.240.160,443,3.0,0,1,1,23,1,expected
2018-10-23 13:14:19.488375,491,52.94.240.160,443,3.0,0,1,1,23,1,expected
2018-10-23 13:14:19.557932,491,52.94.240.160,443,3.0,0,1,1,23,1,expected
2018-10-23 13:14:19.577516,491,52.94.240.160,443,3.0,0,1,1,23,1,expected
2018-10-23 13:14:19.653027,491,52.94.240.160,443,3.0,0,1,1,23,1,expected
2018-10-23 13:14:19.673377,491,52.94.240.160,443,3.0,0,1,1,23,1,expected
2018-10-23 13:14:19.746214,491,52.94.240.160,443,3.0,0,1,1,23,1,expected
2018-10-23 13:14:19.788459,491,52.94.240.160,443,3.0,0,1,1,23,1,expected
2018-10-23 13:14:19.833631,491,52.94.240.160,443,3.0,0,1,1,23,1,expected
2018-10-23 13:14:19.891146,491,52.94.240.160,443,3.0,0,1,1,23,1,expected
2018-10-23 13:14:19.945523,491,52.94.240.160,443,3.0,0,1,1,23,1,expected
2018-10-23 13:14:19.980471,491,52.94.240.160,443,3.0,0,1,1,23,1,expected
2018-10-23 13:14:20.051265,491,52.94.240.160,443,3.0,0,1,1,23,1,expected
2018-10-23 13:14:20.076931,491,52.94.240.160,443,3.0,0,1,1,23,1,expected
2018-10-23 13:14:20.154022,491,52.94.240.160,443,3.0,0,1,1,23,1,expected
2018-10-23 13:14:20.187104,491,52.94.240.160,443,3.0,0,1,1,23,1,expected
2018-10-23 13:14:20.236286,491,52.94.240.160,443,3.0,0,1,1,23,1,expected
2018-10-23 13:14:20.288124,491,52.94.240.160,443,3.0,0,1,1,23,1,expected
2018-10-23 13:14:20.351278,491,52.94.240.160,443,3.0,0,1,1,23,1,expected
2018-10-23 13:14:20.380885,491,52.94.240.160,443,3.0,0,1,1,23,1,expected
2018-10-23 13:14:20.451533,491,52.94.240.160,443,3.0,0,1,1,23,1,expected
2018-10-23 13:14:20.471027,491,52.94.240.160,443,3.0,0,1,1,23,1,expected
2018-10-23 13:14:20.545207,491,52.94.240.160,443,3.0,0,1,1,23,1,expected
2018-10-23 13:14:20.588467,491,52.94.240.160,443,3.0,0,1,1,23,1,expected
2018-10-23 13:14:20.646581,491,52.94.240.160,443,3.0,0,1,1,23,1,expected
2018-10-23 13:14:20.689314,491,52.94.240.160,443,3.0,0,1,1,23,1,expected
2018-10-23 13:14:20.756852,491,52.94.240.160,443,3.0,0,1,1,23,1,expected
2018-10-23 13:14:20.777119,491,52.94.240.160,443,3.0,0,1,1,23,1,expected
2018-10-23 13:14:20.852310,491,52.94.240.160,443,3.0,0,1,1,23,1,expected
2018-10-23 13:14:20.875013,491,52.94.240.160,443,3.0,0,1,1,23,1,expected
2018-10-23 13:14:20.941240,491,52.94.240.160,443,3.0,0,1,1,23,1,expected
2018-10-23 13:14:20.986384,491,52.94.240.160,443,3.0,0,1,1,23,1,expected
2018-10-23 13:14:21.033221,491,52.94.240.160,443,3.0,0,1,1,23,1,expected
2018-10-23 13:14:21.088821,491,52.94.240.160,443,3.0,0,1,1,23,1,expected
2018-10-23 13:14:21.151150,491,52.94.240.160,443,3.0,0,1,1,23,1,expected
2018-10-23 13:14:21.177103,491,52.94.240.160,443,3.0,0,1,1,23,1,expected
2018-10-23 13:14:21.251183,491,52.94.240.160,443,3.0,0,1,1,23,1,expected
2018-10-23 13:14:21.274103,491,52.94.240.160,443,3.0,0,1,1,23,1,expected
2018-10-23 13:14:21.345038,491,52.94.240.160,443,3.0,0,1,1,23,1,expected
2018-10-23 13:14:21.383646,491,52.94.240.160,443,3.0,0,1,1,23,1,expected
2018-10-23 13:14:21.437905,491,52.94.240.160,443,3.0,0,1,1,23,1,expected
2018-10-23 13:14:21.488410,491,52.94.240.160,443,3.0,0,1,1,23,1,expected
2018-10-23 13:14:21.535640,54,52.94.240.160,443,1.0,2518,1,1,,1,ack
2018-10-23 13:14:21.546443,491,52.94.240.160,443,3.0,0,1,1,23,1,expected
2018-10-23 13:14:21.580457,491,52.94.240.160,443,3.0,0,1,1,23,1,expected
2018-10-23 13:14:21.654999,491,52.94.240.160,443,3.0,0,1,1,23,1,expected
2018-10-23 13:14:21.675214,491,52.94.240.160,443,3.0,0,1,1,23,1,expected
2018-10-23 13:14:21.743665,491,52.94.240.160,443,3.0,0,1,1,23,1,expected
2018-10-23 13:14:21.784319,491,52.94.240.160,443,3.0,0,1,1,23,1,expected
2018-10-23 13:14:21.837515,491,52.94.240.160,443,3.0,0,1,1,23,1,expected
2018-10-23 13:14:21.845672,54,52.94.240.160,443,1.0,310,1,1,,1,ack
2018-10-23 13:14:21.893330,491,52.94.240.160,443,3.0,0,1,1,23,1,expected
2018-10-23 13:14:21.949001,491,52.94.240.160,443,3.0,0,1,1,23,1,expected
2018-10-23 13:14:21.977124,491,52.94.240.160,443,3.0,0,1,1,23,1,expected
2018-10-23 13:14:22.049286,491,52.94.240.160,443,3.0,0,1,1,23,1,expected
2018-10-23 13:14:22.055516,54,52.94.240.160,443,1.0,209,1,1,,1,ack
2018-10-23 13:14:22.057145,54,52.94.240.160,443,1.0,1,1,1,,1,ack
2018-10-23 13:14:22.057340,54,52.94.240.160,443,1.0,0,1,1,,1,ack
2018-10-23 13:14:22.068743,54,52.94.240.160,443,1.0,11,1,1,,1,ack
2018-10-23 13:14:22.068962,54,52.94.240.160,443,1.0,0,1,1,,1,ack
2018-10-23 13:14:22.069067,54,52.94.240.160,443,1.0,0,1,1,,1,ack
2018-10-23 13:14:22.069155,54,52.94.240.160,443,1.0,0,1,1,,1,ack
2018-10-23 13:14:22.071815,99,52.94.240.160,443,3.0,0,1,1,23,1,expected
2018-10-23 13:14:22.074826,491,52.94.240.160,443,3.0,0,1,1,23,1,expected
2018-10-23 13:14:22.112900,54,52.94.240.160,443,1.0,43,1,1,,1,ack
2018-10-23 13:14:22.113157,54,52.94.240.160,443,1.0,0,1,1,,1,ack
2018-10-23 13:14:22.113253,54,52.94.240.160,443,1.0,0,1,1,,1,ack
2018-10-23 13:14:22.115559,54,52.94.240.160,443,1.0,2,1,1,,1,ack
2018-10-23 13:14:22.115687,54,52.94.240.160,443,1.0,0,1,1,,1,ack
2018-10-23 13:14:22.141413,54,52.94.240.160,443,1.0,25,1,1,,1,ack
2018-10-23 13:14:22.141572,54,52.94.240.160,443,1.0,0,1,1,,1,ack
2018-10-23 13:14:22.154509,491,52.94.240.160,443,3.0,0,1,1,23,1,expected
2018-10-23 13:14:22.154667,54,52.94.240.160,443,1.0,13,1,1,,1,ack
2018-10-23 13:14:22.154817,54,52.94.240.160,443,1.0,0,1,1,,1,ack
2018-10-23 13:14:22.154958,54,52.94.240.160,443,1.0,0,1,1,,1,ack
2018-10-23 13:14:22.155029,54,52.94.240.160,443,1.0,0,1,1,,1,ack
2018-10-23 13:14:22.155099,54,52.94.240.160,443,1.0,0,1,1,,1,ack
2018-10-23 13:14:22.155654,99,52.94.240.160,443,3.0,0,1,1,23,1,expected
2018-10-23 13:14:22.160223,99,52.94.240.160,443,3.0,0,1,1,23,1,expected
2018-10-23 13:14:22.165961,54,52.94.240.160,443,1.0,10,1,1,,1,ack
2018-10-23 13:14:22.214475,491,52.94.240.160,443,3.0,0,1,1,23,1,expected
2018-10-23 13:14:22.214716,54,52.94.240.160,443,1.0,48,1,1,,1,ack
2018-10-23 13:14:22.214788,54,52.94.240.160,443,1.0,0,1,1,,1,ack
2018-10-23 13:14:22.214859,54,52.94.240.160,443,1.0,0,1,1,,1,ack
2018-10-23 13:14:22.214943,54,52.94.240.160,443,1.0,0,1,1,,1,ack
2018-10-23 13:14:22.215013,54,52.94.240.160,443,1.0,0,1,1,,1,ack
2018-10-23 13:14:22.217112,54,52.94.240.160,443,1.0,2,1,1,,1,ack
2018-10-23 13:14:22.217276,54,52.94.240.160,443,1.0,0,1,1,,1,ack
2018-10-23 13:14:22.237505,54,52.94.240.160,443,1.0,20,1,1,,1,ack
2018-10-23 13:14:22.237713,54,52.94.240.160,443,1.0,0,1,1,,1,ack
2018-10-23 13:14:22.237787,54,52.94.240.160,443,1.0,0,1,1,,1,ack
2018-10-23 13:14:22.237858,54,52.94.240.160,443,1.0,0,1,1,,1,ack
2018-10-23 13:14:22.238463,491,52.94.240.160,443,3.0,0,1,1,23,1,expected
2018-10-23 13:14:22.238775,181,52.94.240.160,443,3.0,0,1,1,23,1,expected
2018-10-23 13:14:22.238789,91,52.94.240.160,443,3.0,0,1,1,23,1,expected
2018-10-23 13:14:22.242753,54,52.94.240.160,443,1.0,4,1,1,,1,ack
2018-10-23 13:14:22.244011,54,52.94.240.160,443,1.0,1,1,1,,1,ack
2018-10-23 13:14:22.244389,54,52.94.240.160,443,1.0,0,1,1,,1,ack
2018-10-23 13:14:22.256521,393,52.94.240.160,443,3.0,0,1,1,23,1,expected
2018-10-23 13:14:22.257410,54,52.94.240.160,443,1.0,13,1,1,,1,ack
2018-10-23 13:14:22.257607,54,52.94.240.160,443,1.0,0,1,1,,1,ack
2018-10-23 13:14:22.258604,54,52.94.240.160,443,1.0,0,1,1,,1,ack
2018-10-23 13:14:22.268936,54,52.94.240.160,443,1.0,10,1,1,,1,ack
2018-10-23 13:14:22.269014,54,52.94.240.160,443,1.0,0,1,1,,1,ack
2018-10-23 13:14:22.269169,54,52.94.240.160,443,1.0,0,1,1,,1,ack
2018-10-23 13:14:22.269309,54,52.94.240.160,443,1.0,0,1,1,,1,ack
2018-10-23 13:14:22.294379,54,52.94.240.160,443,1.0,25,1,1,,1,ack
2018-10-23 13:14:22.294453,99,52.94.240.160,443,3.0,0,1,1,23,1,expected
2018-10-23 13:14:22.303531,54,52.94.240.160,443,1.0,9,1,1,,1,ack
2018-10-23 13:14:22.303609,54,52.94.240.160,443,1.0,0,1,1,,1,ack
2018-10-23 13:14:22.303761,54,52.94.240.160,443,1.0,0,1,1,,1,ack
2018-10-23 13:14:22.303909,54,52.94.240.160,443,1.0,0,1,1,,1,ack
2018-10-23 13:14:22.304052,54,52.94.240.160,443,1.0,0,1,1,,1,ack
2018-10-23 13:14:22.304125,54,52.94.240.160,443,1.0,0,1,1,,1,ack
2018-10-23 13:14:22.304660,99,52.94.240.160,443,3.0,0,1,1,23,1,expected
2018-10-23 13:14:22.313380,54,52.94.240.160,443,1.0,9,1,1,,1,ack
2018-10-23 13:14:22.323363,54,52.94.240.160,443,1.0,9,1,1,,1,ack
2018-10-23 13:14:22.325037,54,52.94.240.160,443,1.0,1,1,1,,1,ack
2018-10-23 13:14:22.325926,54,52.94.240.160,443,1.0,0,1,1,,1,ack
2018-10-23 13:14:22.326215,54,52.94.240.160,443,1.0,0,1,1,,1,ack
2018-10-23 13:14:22.328554,54,52.94.240.160,443,1.0,2,1,1,,1,ack
2018-10-23 13:14:22.328750,99,52.94.240.160,443,3.0,0,1,1,23,1,expected
2018-10-23 13:14:22.328955,54,52.94.240.160,443,1.0,0,1,1,,1,ack
2018-10-23 13:14:22.329105,99,52.94.240.160,443,3.0,0,1,1,23,1,expected
2018-10-23 13:14:22.330488,54,52.94.240.160,443,1.0,1,1,1,,1,ack
2018-10-23 13:14:22.332459,54,52.94.240.160,443,1.0,1,1,1,,1,ack
2018-10-23 13:14:22.342651,54,52.94.240.160,443,1.0,10,1,1,,1,ack
2018-10-23 13:14:22.344511,54,52.94.240.160,443,1.0,1,1,1,,1,ack
2018-10-23 13:14:22.346581,54,52.94.240.160,443,1.0,2,1,1,,1,ack
2018-10-23 13:14:22.346706,54,52.94.240.160,443,1.0,0,1,1,,1,ack
2018-10-23 13:14:22.405249,54,52.94.240.160,443,1.0,58,1,1,,1,ack
2018-10-23 13:14:22.614064,54,52.94.240.160,443,1.0,208,1,1,,1,ack
2018-10-23 13:14:22.624602,54,52.94.240.160,443,1.0,10,1,1,,1,ack
2018-10-23 13:14:24.500197,107,52.94.228.52,443,3.0,0,1,1,21,1,handshake
2018-10-23 13:14:24.507787,54,52.94.228.52,443,1.0,20117381,1,1,,1,ack
2018-10-23 13:14:24.553458,74,54.239.25.214,443,1.0,20247691,0,1,,1,retransmit
2018-10-23 13:14:24.571022,54,54.239.25.214,443,1.0,17,1,1,,1,ack
2018-10-23 13:14:24.573561,571,54.239.25.214,443,3.0,0,1,1,22,1,handshake
2018-10-23 13:14:24.694246,54,54.239.25.214,443,1.0,123,1,1,,1,ack
2018-10-23 13:14:24.697461,54,54.239.25.214,443,1.0,3,1,1,,1,ack
2018-10-23 13:14:24.697699,54,54.239.25.214,443,1.0,0,1,1,,1,ack
2018-10-23 13:14:24.697823,54,54.239.25.214,443,1.0,0,1,1,,1,ack
2018-10-23 13:14:24.697953,66,54.239.25.214,443,1.0,0,1,1,,1,ack
2018-10-23 13:14:24.788264,204,54.239.25.214,443,3.0,0,1,1,22,1,handshake
2018-10-23 13:14:24.806522,54,54.239.25.214,443,1.0,108,1,1,,1,ack
2018-10-23 13:14:24.810583,695,54.239.25.214,443,3.0,0,1,1,23,1,expected
2018-10-23 13:14:24.844735,1514,54.239.25.214,443,3.0,0,1,1,23,1,expected
2018-10-23 13:14:24.846216,1514,54.239.25.214,443,3.0,0,1,1,23,1,expected
2018-10-23 13:14:24.846249,1514,54.239.25.214,443,1.0,39,1,1,,1,not_relevant
2018-10-23 13:14:24.846275,1514,54.239.25.214,443,3.0,0,1,1,23,1,expected
2018-10-23 13:14:24.846326,1514,54.239.25.214,443,3.0,0,1,1,23,1,expected
2018-10-23 13:14:24.846369,1514,54.239.25.214,443,3.0,0,1,1,23,1,expected
2018-10-23 13:14:24.846402,1514,54.239.25.214,443,1.0,0,1,1,,1,not_relevant
2018-10-23 13:14:24.846451,1514,54.239.25.214,443,3.0,0,1,1,23,1,expected
2018-10-23 13:14:24.846494,1514,54.239.25.214,443,3.0,0,1,1,23,1,expected
2018-10-23 13:14:24.846526,1514,54.239.25.214,443,1.0,0,1,1,,1,not_relevant
2018-10-23 13:14:24.846575,1514,54.239.25.214,443,3.0,0,1,1,23,1,expected
2018-10-23 13:14:24.846880,1514,54.239.25.214,443,3.0,0,1,1,23,1,expected
2018-10-23 13:14:24.865441,1336,54.239.25.214,443,3.0,0,1,1,23,1,expected
2018-10-23 13:14:24.900235,54,54.239.25.214,443,1.0,53,1,1,,1,ack
2018-10-23 13:14:30.948453,54,54.239.25.214,443,1.0,6048,1,1,,1,ack
2018-10-23 13:14:32.945359,54,54.239.25.214,443,1.0,1996,1,1,,1,ack
2018-10-23 13:14:37.926828,77,104.154.126.169,4070,2.0,0,1,1,,1,syn
2018-10-23 13:14:37.945825,66,104.154.126.169,4070,1.0,30900,1,1,,1,ack
2018-10-23 13:14:47.246188,177,52.94.240.160,443,3.0,0,1,1,23,1,expected
2018-10-23 13:15:07.989743,77,104.154.126.169,4070,2.0,0,1,1,,1,syn
2018-10-23 13:15:08.009496,66,104.154.126.169,4070,1.0,30063,1,1,,1,ack
2018-10-23 13:15:10.292748,291,52.94.240.160,443,3.0,0,1,1,23,1,expected
2018-10-23 13:15:10.340064,823,52.94.240.160,443,3.0,0,1,1,23,1,expected
2018-10-23 13:15:10.340505,1078,52.94.240.160,443,3.0,0,1,1,23,1,expected
2018-10-23 13:15:10.340528,80,52.94.240.160,443,3.0,0,1,1,23,1,expected
2018-10-23 13:15:10.376925,267,52.94.240.160,443,3.0,0,1,1,23,1,expected
2018-10-23 13:15:10.376990,667,52.94.240.160,443,3.0,0,1,1,23,1,expected
2018-10-23 13:15:10.382734,267,52.94.240.160,443,3.0,0,1,1,23,1,expected
2018-10-23 13:15:10.388900,1078,52.94.240.160,443,1.0,47764,1,1,,1,not_relevant
2018-10-23 13:15:10.388929,843,52.94.240.160,443,3.0,0,1,1,23,1,expected
2018-10-23 13:15:10.396795,1078,52.94.240.160,443,1.0,7,1,1,,1,not_relevant
2018-10-23 13:15:10.398609,1078,52.94.240.160,443,3.0,0,1,1,23,1,expected
2018-10-23 13:15:10.398639,1078,52.94.240.160,443,3.0,0,1,1,23,1,expected
2018-10-23 13:15:10.398661,1017,52.94.240.160,443,3.0,0,1,1,23,1,expected
2018-10-23 13:15:10.402717,491,52.94.240.160,443,3.0,0,1,1,23,1,expected
2018-10-23 13:15:10.416838,54,52.94.240.160,443,1.0,20,1,1,,1,ack
2018-10-23 13:15:10.419119,1078,52.94.240.160,443,1.0,2,1,1,,1,not_relevant
2018-10-23 13:15:10.419141,843,52.94.240.160,443,3.0,0,1,1,23,1,expected
2018-10-23 13:15:10.431451,891,52.94.240.160,443,3.0,0,1,1,23,1,expected
2018-10-23 13:15:10.454969,491,52.94.240.160,443,3.0,0,1,1,23,1,expected
2018-10-23 13:15:10.508695,54,52.94.240.160,443,1.0,89,1,1,,1,ack
2018-10-23 13:15:10.509091,491,52.94.240.160,443,3.0,0,1,1,23,1,expected
2018-10-23 13:15:10.537637,491,52.94.240.160,443,3.0,0,1,1,23,1,expected
2018-10-23 13:15:10.614865,491,52.94.240.160,443,3.0,0,1,1,23,1,expected
2018-10-23 13:15:10.635261,491,52.94.240.160,443,3.0,0,1,1,23,1,expected
2018-10-23 13:15:10.700256,491,52.94.240.160,443,3.0,0,1,1,23,1,expected
2018-10-23 13:15:10.746862,491,52.94.240.160,443,3.0,0,1,1,23,1,expected
2018-10-23 13:15:10.794640,491,52.94.240.160,443,3.0,0,1,1,23,1,expected
2018-10-23 13:15:10.853706,491,52.94.240.160,443,3.0,0,1,1,23,1,expected
2018-10-23 13:15:10.906824,491,52.94.240.160,443,3.0,0,1,1,23,1,expected
2018-10-23 13:15:10.941392,491,52.94.240.160,443,3.0,0,1,1,23,1,expected
2018-10-23 13:15:11.013831,491,52.94.240.160,443,3.0,0,1,1,23,1,expected
2018-10-23 13:15:11.045930,491,52.94.240.160,443,3.0,0,1,1,23,1,expected
2018-10-23 13:15:11.104125,491,52.94.240.160,443,3.0,0,1,1,23,1,expected
2018-10-23 13:15:11.150370,491,52.94.240.160,443,3.0,0,1,1,23,1,expected
2018-10-23 13:15:11.191859,491,52.94.240.160,443,3.0,0,1,1,23,1,expected
2018-10-23 13:15:11.252457,491,52.94.240.160,443,3.0,0,1,1,23,1,expected
2018-10-23 13:15:11.312408,491,52.94.240.160,443,3.0,0,1,1,23,1,expected
2018-10-23 13:15:11.340376,491,52.94.240.160,443,3.0,0,1,1,23,1,expected
2018-10-23 13:15:11.414362,491,52.94.240.160,443,3.0,0,1,1,23,1,expected
2018-10-23 13:15:11.435925,491,52.94.240.160,443,3.0,0,1,1,23,1,expected
2018-10-23 13:15:11.499256,491,52.94.240.160,443,3.0,0,1,1,23,1,expected
2018-10-23 13:15:11.547346,491,52.94.240.160,443,3.0,0,1,1,23,1,expected
2018-10-23 13:15:11.595680,491,52.94.240.160,443,3.0,0,1,1,23,1,expected
2018-10-23 13:15:11.651155,491,52.94.240.160,443,3.0,0,1,1,23,1,expected
2018-10-23 13:15:11.710820,491,52.94.240.160,443,3.0,0,1,1,23,1,expected
2018-10-23 13:15:11.745987,491,52.94.240.160,443,3.0,0,1,1,23,1,expected
2018-10-23 13:15:11.813799,491,52.94.240.160,443,3.0,0,1,1,23,1,expected
2018-10-23 13:15:11.832726,491,52.94.240.160,443,3.0,0,1,1,23,1,expected
2018-10-23 13:15:11.895825,491,52.94.240.160,443,3.0,0,1,1,23,1,expected
2018-10-23 13:15:11.944618,491,52.94.240.160,443,3.0,0,1,1,23,1,expected
2018-10-23 13:15:11.994403,491,52.94.240.160,443,3.0,0,1,1,23,1,expected
2018-10-23 13:15:12.054472,491,52.94.240.160,443,3.0,0,1,1,23,1,expected
2018-10-23 13:15:12.116261,491,52.94.240.160,443,3.0,0,1,1,23,1,expected
2018-10-23 13:15:12.141109,491,52.94.240.160,443,3.0,0,1,1,23,1,expected
2018-10-23 13:15:12.213247,491,52.94.240.160,443,3.0,0,1,1,23,1,expected
2018-10-23 13:15:12.231730,491,52.94.240.160,443,3.0,0,1,1,23,1,expected
2018-10-23 13:15:12.304723,491,52.94.240.160,443,3.0,0,1,1,23,1,expected
2018-10-23 13:15:12.322710,54,52.94.240.160,443,1.0,1814,1,1,,1,ack
2018-10-23 13:15:12.350159,491,52.94.240.160,443,3.0,0,1,1,23,1,expected
2018-10-23 13:15:12.404418,491,52.94.240.160,443,3.0,0,1,1,23,1,expected
2018-10-23 13:15:12.445429,491,52.94.240.160,443,3.0,0,1,1,23,1,expected
2018-10-23 13:15:12.509437,491,52.94.240.160,443,3.0,0,1,1,23,1,expected
2018-10-23 13:15:12.548034,491,52.94.240.160,443,3.0,0,1,1,23,1,expected
2018-10-23 13:15:12.612702,491,52.94.240.160,443,3.0,0,1,1,23,1,expected
2018-10-23 13:15:12.703406,491,52.94.240.160,443,3.0,0,1,1,23,1,expected
2018-10-23 13:15:12.732589,491,52.94.240.160,443,3.0,0,1,1,23,1,expected
2018-10-23 13:15:12.749951,491,52.94.240.160,443,3.0,0,1,1,23,1,expected
2018-10-23 13:15:12.818335,491,52.94.240.160,443,3.0,0,1,1,23,1,expected
2018-10-23 13:15:12.879000,491,52.94.240.160,443,3.0,0,1,1,23,1,expected
2018-10-23 13:15:12.910275,491,52.94.240.160,443,3.0,0,1,1,23,1,expected
2018-10-23 13:15:12.945016,491,52.94.240.160,443,3.0,0,1,1,23,1,expected
2018-10-23 13:15:13.010700,491,52.94.240.160,443,3.0,0,1,1,23,1,expected
2018-10-23 13:15:13.033722,491,52.94.240.160,443,3.0,0,1,1,23,1,expected
2018-10-23 13:15:13.105894,491,52.94.240.160,443,3.0,0,1,1,23,1,expected
2018-10-23 13:15:13.150153,491,52.94.240.160,443,3.0,0,1,1,23,1,expected
2018-10-23 13:15:13.192411,491,52.94.240.160,443,3.0,0,1,1,23,1,expected
2018-10-23 13:15:13.334069,491,52.94.240.160,443,3.0,0,1,1,23,1,expected
2018-10-23 13:15:13.334471,491,52.94.240.160,443,3.0,0,1,1,23,1,expected
2018-10-23 13:15:13.336429,491,52.94.240.160,443,3.0,0,1,1,23,1,expected
2018-10-23 13:15:13.410656,491,52.94.240.160,443,3.0,0,1,1,23,1,expected
2018-10-23 13:15:13.437430,491,52.94.240.160,443,3.0,0,1,1,23,1,expected
2018-10-23 13:15:13.501069,491,52.94.240.160,443,3.0,0,1,1,23,1,expected
2018-10-23 13:15:13.545797,491,52.94.240.160,443,3.0,0,1,1,23,1,expected
2018-10-23 13:15:13.594577,491,52.94.240.160,443,3.0,0,1,1,23,1,expected
2018-10-23 13:15:13.649998,491,52.94.240.160,443,3.0,0,1,1,23,1,expected
2018-10-23 13:15:13.707242,491,52.94.240.160,443,3.0,0,1,1,23,1,expected
2018-10-23 13:15:13.737479,491,52.94.240.160,443,3.0,0,1,1,23,1,expected
2018-10-23 13:15:13.815030,491,52.94.240.160,443,3.0,0,1,1,23,1,expected
2018-10-23 13:15:13.844912,491,52.94.240.160,443,3.0,0,1,1,23,1,expected
2018-10-23 13:15:13.899223,491,52.94.240.160,443,3.0,0,1,1,23,1,expected
2018-10-23 13:15:13.946517,491,52.94.240.160,443,3.0,0,1,1,23,1,expected
2018-10-23 13:15:13.993140,491,52.94.240.160,443,3.0,0,1,1,23,1,expected
2018-10-23 13:15:14.052906,491,52.94.240.160,443,3.0,0,1,1,23,1,expected
2018-10-23 13:15:14.114778,491,52.94.240.160,443,3.0,0,1,1,23,1,expected
2018-10-23 13:15:14.136601,491,52.94.240.160,443,3.0,0,1,1,23,1,expected
2018-10-23 13:15:14.209580,491,52.94.240.160,443,3.0,0,1,1,23,1,expected
2018-10-23 13:15:14.233173,491,52.94.240.160,443,3.0,0,1,1,23,1,expected
2018-10-23 13:15:14.305672,491,52.94.240.160,443,3.0,0,1,1,23,1,expected
2018-10-23 13:15:14.348018,491,52.94.240.160,443,3.0,0,1,1,23,1,expected
2018-10-23 13:15:14.385533,54,52.94.240.160,443,1.0,2062,1,1,,1,ack
2018-10-23 13:15:14.392068,491,52.94.240.160,443,3.0,0,1,1,23,1,expected
2018-10-23 13:15:14.453952,491,52.94.240.160,443,3.0,0,1,1,23,1,expected
2018-10-23 13:15:14.507355,491,52.94.240.160,443,3.0,0,1,1,23,1,expected
2018-10-23 13:15:14.545021,491,52.94.240.160,443,3.0,0,1,1,23,1,expected
2018-10-23 13:15:14.612780,491,52.94.240.160,443,3.0,0,1,1,23,1,expected
2018-10-23 13:15:14.616939,54,52.94.240.160,443,1.0,231,1,1,,1,ack
2018-10-23 13:15:14.618295,54,52.94.240.160,443,1.0,1,1,1,,1,ack
2018-10-23 13:15:14.619010,54,52.94.240.160,443,1.0,0,1,1,,1,ack
2018-10-23 13:15:14.625177,54,52.94.240.160,443,1.0,6,1,1,,1,ack
2018-10-23 13:15:14.625885,54,52.94.240.160,443,1.0,0,1,1,,1,ack
2018-10-23 13:15:14.626112,54,52.94.240.160,443,1.0,0,1,1,,1,ack
2018-10-23 13:15:14.626202,54,52.94.240.160,443,1.0,0,1,1,,1,ack
2018-10-23 13:15:14.639381,491,52.94.240.160,443,3.0,0,1,1,23,1,expected
2018-10-23 13:15:14.673063,54,52.94.240.160,443,1.0,46,1,1,,1,ack
2018-10-23 13:15:14.701851,54,52.94.240.160,443,1.0,28,1,1,,1,ack
2018-10-23 13:15:14.702159,54,52.94.240.160,443,1.0,0,1,1,,1,ack
2018-10-23 13:15:14.702265,54,52.94.240.160,443,1.0,0,1,1,,1,ack
2018-10-23 13:15:14.702371,54,52.94.240.160,443,1.0,0,1,1,,1,ack
2018-10-23 13:15:14.702478,54,52.94.240.160,443,1.0,0,1,1,,1,ack
2018-10-23 13:15:14.702591,99,52.94.240.160,443,3.0,0,1,1,23,1,expected
2018-10-23 13:15:14.702833,491,52.94.240.160,443,3.0,0,1,1,23,1,expected
2018-10-23 13:15:14.705503,54,52.94.240.160,443,1.0,3,1,1,,1,ack
2018-10-23 13:15:14.721161,54,52.94.240.160,443,1.0,15,1,1,,1,ack
2018-10-23 13:15:14.722590,54,52.94.240.160,443,1.0,1,1,1,,1,ack
2018-10-23 13:15:14.722797,54,52.94.240.160,443,1.0,0,1,1,,1,ack
2018-10-23 13:15:14.731754,91,52.94.240.160,443,3.0,0,1,1,23,1,expected
2018-10-23 13:15:14.731839,54,52.94.240.160,443,1.0,9,1,1,,1,ack
2018-10-23 13:15:14.732011,54,52.94.240.160,443,1.0,0,1,1,,1,ack
2018-10-23 13:15:14.732175,91,52.94.240.160,443,3.0,0,1,1,23,1,expected
2018-10-23 13:15:14.732254,54,52.94.240.160,443,1.0,0,1,1,,1,ack
2018-10-23 13:15:14.732329,54,52.94.240.160,443,1.0,0,1,1,,1,ack
2018-10-23 13:15:14.735391,99,52.94.240.160,443,3.0,0,1,1,23,1,expected
2018-10-23 13:15:14.832243,99,52.94.240.160,443,1.0,99,1,1,,1,not_relevant
2018-10-23 13:15:14.832427,54,52.94.240.160,443,1.0,0,1,1,,1,ack
2018-10-23 13:15:14.832598,54,52.94.240.160,443,1.0,0,1,1,,1,ack
2018-10-23 13:15:14.832764,54,52.94.240.160,443,1.0,0,1,1,,1,ack
2018-10-23 13:15:14.832924,54,52.94.240.160,443,1.0,0,1,1,,1,ack
2018-10-23 13:15:14.833001,54,52.94.240.160,443,1.0,0,1,1,,1,ack
2018-10-23 13:15:14.833077,54,52.94.240.160,443,1.0,0,1,1,,1,ack
2018-10-23 13:15:14.833152,54,52.94.240.160,443,1.0,0,1,1,,1,ack
2018-10-23 13:15:14.834858,54,52.94.240.160,443,1.0,1,1,1,,1,ack
2018-10-23 13:15:14.837044,99,52.94.240.160,443,3.0,0,1,1,23,1,expected
2018-10-23 13:15:14.837130,99,52.94.240.160,443,3.0,0,1,1,23,1,expected
2018-10-23 13:15:14.854246,398,52.94.240.160,443,3.0,0,1,1,23,1,expected
2018-10-23 13:15:14.864476,54,52.94.240.160,443,1.0,29,1,1,,1,ack
2018-10-23 13:15:14.864634,54,52.94.240.160,443,1.0,0,1,1,,1,ack
2018-10-23 13:15:14.864711,54,52.94.240.160,443,1.0,0,1,1,,1,ack
2018-10-23 13:15:14.866294,54,52.94.240.160,443,1.0,1,1,1,,1,ack
2018-10-23 13:15:14.867252,54,52.94.240.160,443,1.0,0,1,1,,1,ack
2018-10-23 13:15:14.868141,54,52.94.240.160,443,1.0,0,1,1,,1,ack
2018-10-23 13:15:14.877419,54,52.94.240.160,443,1.0,9,1,1,,1,ack
2018-10-23 13:15:14.877506,99,52.94.240.160,443,3.0,0,1,1,23,1,expected
2018-10-23 13:15:14.877702,54,52.94.240.160,443,1.0,0,1,1,,1,ack
2018-10-23 13:15:14.885249,54,52.94.240.160,443,1.0,7,1,1,,1,ack
2018-10-23 13:15:14.885329,54,52.94.240.160,443,1.0,0,1,1,,1,ack
2018-10-23 13:15:14.886525,54,52.94.240.160,443,1.0,1,1,1,,1,ack
2018-10-23 13:15:14.888551,54,52.94.240.160,443,1.0,2,1,1,,1,ack
2018-10-23 13:15:14.889366,54,52.94.240.160,443,1.0,0,1,1,,1,ack
2018-10-23 13:15:14.889446,99,52.94.240.160,443,3.0,0,1,1,23,1,expected
2018-10-23 13:15:14.889982,54,52.94.240.160,443,1.0,0,1,1,,1,ack
2018-10-23 13:15:14.896145,54,52.94.240.160,443,1.0,6,1,1,,1,ack
2018-10-23 13:15:14.896817,54,52.94.240.160,443,1.0,0,1,1,,1,ack
2018-10-23 13:15:14.897114,54,52.94.240.160,443,1.0,0,1,1,,1,ack
2018-10-23 13:15:14.897619,99,52.94.240.160,443,3.0,0,1,1,23,1,expected
2018-10-23 13:15:14.904183,54,52.94.240.160,443,1.0,7,1,1,,1,ack
2018-10-23 13:15:14.906897,54,52.94.240.160,443,1.0,2,1,1,,1,ack
2018-10-23 13:15:14.907026,54,52.94.240.160,443,1.0,0,1,1,,1,ack
2018-10-23 13:15:14.908259,54,52.94.240.160,443,1.0,1,1,1,,1,ack
2018-10-23 13:15:14.910730,54,52.94.240.160,443,1.0,2,1,1,,1,ack
2018-10-23 13:15:14.911002,54,52.94.240.160,443,1.0,0,1,1,,1,ack
2018-10-23 13:15:14.916015,54,52.94.240.160,443,1.0,5,1,1,,1,ack
2018-10-23 13:15:14.916970,99,52.94.240.160,443,3.0,0,1,1,23,1,expected
2018-10-23 13:15:14.917106,54,52.94.240.160,443,1.0,1,1,1,,1,ack
2018-10-23 13:15:14.937862,54,52.94.240.160,443,1.0,20,1,1,,1,ack
2018-10-23 13:15:14.939636,54,52.94.240.160,443,1.0,1,1,1,,1,ack
2018-10-23 13:15:14.939954,54,52.94.240.160,443,1.0,0,1,1,,1,ack
2018-10-23 13:15:14.940076,99,52.94.240.160,443,3.0,0,1,1,23,1,expected
2018-10-23 13:15:14.943169,54,52.94.240.160,443,1.0,3,1,1,,1,ack
2018-10-23 13:15:14.943288,54,52.94.240.160,443,1.0,0,1,1,,1,ack
2018-10-23 13:15:14.947381,54,52.94.240.160,443,1.0,4,1,1,,1,ack
2018-10-23 13:15:15.247555,54,52.94.240.160,443,1.0,300,1,1,,1,ack
2018-10-23 13:15:38.954245,77,104.154.126.169,4070,2.0,0,1,1,,1,syn
2018-10-23 13:15:38.974082,66,104.154.126.169,4070,1.0,30964,1,1,,1,ack
2018-10-23 13:15:39.925579,177,52.94.240.160,443,3.0,0,1,1,23,1,expected
