2018-11-27 04:03:58.238009,66,99.84.170.19,80,1.0,3658982128,1,1,,1,ack
2018-11-27 04:04:00.071391,100,52.94.227.146,443,3.0,0,1,1,23,1,syn
2018-11-27 04:04:03.982306,287,52.94.227.146,443,3.0,0,1,1,23,1,expected
2018-11-27 04:04:03.982472,190,52.94.227.146,443,3.0,0,1,1,23,1,expected
2018-11-27 04:04:03.982882,1514,52.94.227.146,443,1.0,3659201905,1,1,,1,not_relevant
2018-11-27 04:04:03.982922,1514,52.94.227.146,443,1.0,0,1,1,,1,not_relevant
2018-11-27 04:04:03.982966,837,52.94.227.146,443,3.0,0,1,1,23,1,expected
2018-11-27 04:04:03.982991,132,52.94.227.146,443,3.0,0,1,1,23,1,expected
2018-11-27 04:04:03.983096,180,52.94.227.146,443,3.0,0,1,1,23,1,expected
2018-11-27 04:04:04.023134,74,54.239.26.255,443,1.0,3659214180,0,1,,1,retransmit
2018-11-27 04:04:04.024542,1514,52.94.227.146,443,3.0,0,1,1,23,1,expected
2018-11-27 04:04:04.024897,1514,52.94.227.146,443,1.0,41,1,1,,1,not_relevant
2018-11-27 04:04:04.025403,1514,52.94.227.146,443,1.0,0,1,1,,1,not_relevant
2018-11-27 04:04:04.025426,1384,52.94.227.146,443,3.0,0,1,1,23,1,expected
2018-11-27 04:04:04.048377,1514,52.94.227.146,443,1.0,22,1,1,,1,not_relevant
2018-11-27 04:04:04.048416,1514,52.94.227.146,443,1.0,0,1,1,,1,not_relevant
2018-11-27 04:04:04.069087,54,54.239.26.255,443,1.0,45,1,1,,1,ack
2018-11-27 04:04:04.078495,312,54.239.26.255,443,3.0,0,1,1,22,1,handshake
2018-11-27 04:04:04.078836,1514,52.94.227.146,443,1.0,30,1,1,,1,not_relevant
2018-11-27 04:04:04.080165,328,52.94.227.146,443,3.0,0,1,1,23,1,expected
2018-11-27 04:04:04.087090,172,52.94.227.146,443,3.0,0,1,1,23,1,expected
2018-11-27 04:04:04.107700,172,52.94.227.146,443,3.0,0,1,1,23,1,expected
2018-11-27 04:04:04.126425,54,54.239.26.255,443,1.0,57,1,1,,1,ack
2018-11-27 04:04:04.128357,105,54.239.26.255,443,3.0,0,1,1,20,1,handshake
2018-11-27 04:04:04.135786,172,52.94.227.146,443,3.0,0,1,1,23,1,expected
2018-11-27 04:04:04.148746,54,52.94.227.146,443,1.0,69,1,1,,1,ack
2018-11-27 04:04:04.157256,172,52.94.227.146,443,3.0,0,1,1,23,1,expected
2018-11-27 04:04:04.170011,172,52.94.227.146,443,3.0,0,1,1,23,1,expected
2018-11-27 04:04:04.188963,172,52.94.227.146,443,3.0,0,1,1,23,1,expected
2018-11-27 04:04:04.217467,766,54.239.26.255,443,3.0,0,1,1,23,1,expected
2018-11-27 04:04:04.220513,172,52.94.227.146,443,3.0,0,1,1,23,1,expected
2018-11-27 04:04:04.232601,172,52.94.227.146,443,3.0,0,1,1,23,1,expected
2018-11-27 04:04:04.246714,172,52.94.227.146,443,3.0,0,1,1,23,1,expected
2018-11-27 04:04:04.268258,172,52.94.227.146,443,3.0,0,1,1,23,1,expected
2018-11-27 04:04:04.270611,85,54.239.26.255,443,3.0,0,1,1,21,1,handshake
2018-11-27 04:04:04.270797,54,54.239.26.255,443,1.0,144,1,1,,1,ack
2018-11-27 04:04:04.295611,172,52.94.227.146,443,3.0,0,1,1,23,1,expected
2018-11-27 04:04:04.316257,54,54.239.26.255,443,1.0,45,1,1,,1,ack
2018-11-27 04:04:04.316681,172,52.94.227.146,443,3.0,0,1,1,23,1,expected
2018-11-27 04:04:04.331385,172,52.94.227.146,443,3.0,0,1,1,23,1,expected
2018-11-27 04:04:04.344941,172,52.94.227.146,443,3.0,0,1,1,23,1,expected
2018-11-27 04:04:04.466892,172,52.94.227.146,443,3.0,0,1,1,23,1,expected
2018-11-27 04:04:04.467107,172,52.94.227.146,443,3.0,0,1,1,23,1,expected
2018-11-27 04:04:04.467202,172,52.94.227.146,443,3.0,0,1,1,23,1,expected
2018-11-27 04:04:04.467300,172,52.94.227.146,443,3.0,0,1,1,23,1,expected
2018-11-27 04:04:04.467382,172,52.94.227.146,443,3.0,0,1,1,23,1,expected
2018-11-27 04:04:04.477041,172,52.94.227.146,443,3.0,0,1,1,23,1,expected
2018-11-27 04:04:04.490493,172,52.94.227.146,443,3.0,0,1,1,23,1,expected
2018-11-27 04:04:04.495174,287,52.94.227.146,443,3.0,0,1,1,23,1,expected
2018-11-27 04:04:04.624493,1514,52.94.227.146,443,3.0,0,1,1,23,1,expected
2018-11-27 04:04:04.624834,1514,52.94.227.146,443,1.0,476,1,1,,1,not_relevant
2018-11-27 04:04:04.624861,1514,52.94.227.146,443,1.0,0,1,1,,1,not_relevant
2018-11-27 04:04:04.625044,914,52.94.227.146,443,3.0,0,1,1,23,1,expected
2018-11-27 04:04:04.625064,172,52.94.227.146,443,3.0,0,1,1,23,1,expected
2018-11-27 04:04:04.625205,408,52.94.227.146,443,3.0,0,1,1,23,1,expected
2018-11-27 04:04:04.625222,172,52.94.227.146,443,3.0,0,1,1,23,1,expected
2018-11-27 04:04:04.630819,172,52.94.227.146,443,3.0,0,1,1,23,1,expected
2018-11-27 04:04:04.731156,644,52.94.227.146,443,3.0,0,1,1,23,1,expected
2018-11-27 04:04:04.743606,172,52.94.227.146,443,3.0,0,1,1,23,1,expected
2018-11-27 04:04:04.778786,172,52.94.227.146,443,3.0,0,1,1,23,1,expected
2018-11-27 04:04:04.792179,172,52.94.227.146,443,3.0,0,1,1,23,1,expected
2018-11-27 04:04:04.806406,172,52.94.227.146,443,3.0,0,1,1,23,1,expected
2018-11-27 04:04:04.848521,172,52.94.227.146,443,3.0,0,1,1,23,1,expected
2018-11-27 04:04:04.870891,172,52.94.227.146,443,3.0,0,1,1,23,1,expected
2018-11-27 04:04:04.910391,172,52.94.227.146,443,3.0,0,1,1,23,1,expected
2018-11-27 04:04:04.910552,172,52.94.227.146,443,3.0,0,1,1,23,1,expected
2018-11-27 04:04:04.910644,172,52.94.227.146,443,3.0,0,1,1,23,1,expected
2018-11-27 04:04:04.919619,54,52.94.227.146,443,1.0,294,1,1,,1,ack
2018-11-27 04:04:04.940317,172,52.94.227.146,443,3.0,0,1,1,23,1,expected
2018-11-27 04:04:05.044697,172,52.94.227.146,443,3.0,0,1,1,23,1,expected
2018-11-27 04:04:05.045187,172,52.94.227.146,443,3.0,0,1,1,23,1,expected
2018-11-27 04:04:05.045384,172,52.94.227.146,443,3.0,0,1,1,23,1,expected
2018-11-27 04:04:05.045795,172,52.94.227.146,443,3.0,0,1,1,23,1,expected
2018-11-27 04:04:05.052141,172,52.94.227.146,443,3.0,0,1,1,23,1,expected
2018-11-27 04:04:05.065721,172,52.94.227.146,443,3.0,0,1,1,23,1,expected
2018-11-27 04:04:05.101220,172,52.94.227.146,443,3.0,0,1,1,23,1,expected
2018-11-27 04:04:05.113325,172,52.94.227.146,443,3.0,0,1,1,23,1,expected
2018-11-27 04:04:05.114991,172,52.94.227.146,443,3.0,0,1,1,23,1,expected
2018-11-27 04:04:05.153556,290,52.94.227.146,443,3.0,0,1,1,23,1,expected
2018-11-27 04:04:05.179308,172,52.94.227.146,443,3.0,0,1,1,23,1,expected
2018-11-27 04:04:05.193010,172,52.94.227.146,443,3.0,0,1,1,23,1,expected
2018-11-27 04:04:05.214043,172,52.94.227.146,443,3.0,0,1,1,23,1,expected
2018-11-27 04:04:05.228558,172,52.94.227.146,443,3.0,0,1,1,23,1,expected
2018-11-27 04:04:05.254519,172,52.94.227.146,443,3.0,0,1,1,23,1,expected
2018-11-27 04:04:05.275631,172,52.94.227.146,443,3.0,0,1,1,23,1,expected
2018-11-27 04:04:05.290472,172,52.94.227.146,443,3.0,0,1,1,23,1,expected
2018-11-27 04:04:05.303887,172,52.94.227.146,443,3.0,0,1,1,23,1,expected
2018-11-27 04:04:05.339169,172,52.94.227.146,443,3.0,0,1,1,23,1,expected
2018-11-27 04:04:05.354255,172,52.94.227.146,443,3.0,0,1,1,23,1,expected
2018-11-27 04:04:05.368116,172,52.94.227.146,443,3.0,0,1,1,23,1,expected
2018-11-27 04:04:05.387794,172,52.94.227.146,443,3.0,0,1,1,23,1,expected
2018-11-27 04:04:05.416296,172,52.94.227.146,443,3.0,0,1,1,23,1,expected
2018-11-27 04:04:05.437184,172,52.94.227.146,443,3.0,0,1,1,23,1,expected
2018-11-27 04:04:05.450608,172,52.94.227.146,443,3.0,0,1,1,23,1,expected
2018-11-27 04:04:05.465398,172,52.94.227.146,443,3.0,0,1,1,23,1,expected
2018-11-27 04:04:05.500190,172,52.94.227.146,443,3.0,0,1,1,23,1,expected
2018-11-27 04:04:05.513901,172,52.94.227.146,443,3.0,0,1,1,23,1,expected
2018-11-27 04:04:05.528231,172,52.94.227.146,443,3.0,0,1,1,23,1,expected
2018-11-27 04:04:05.548906,172,52.94.227.146,443,3.0,0,1,1,23,1,expected
2018-11-27 04:04:05.577267,172,52.94.227.146,443,3.0,0,1,1,23,1,expected
2018-11-27 04:04:05.590654,172,52.94.227.146,443,3.0,0,1,1,23,1,expected
2018-11-27 04:04:05.611514,172,52.94.227.146,443,3.0,0,1,1,23,1,expected
2018-11-27 04:04:05.625579,172,52.94.227.146,443,3.0,0,1,1,23,1,expected
2018-11-27 04:04:05.661337,172,52.94.227.146,443,3.0,0,1,1,23,1,expected
2018-11-27 04:04:05.675010,172,52.94.227.146,443,3.0,0,1,1,23,1,expected
2018-11-27 04:04:05.688643,172,52.94.227.146,443,3.0,0,1,1,23,1,expected
2018-11-27 04:04:05.703085,172,52.94.227.146,443,3.0,0,1,1,23,1,expected
2018-11-27 04:04:05.737407,172,52.94.227.146,443,3.0,0,1,1,23,1,expected
2018-11-27 04:04:05.751452,172,52.94.227.146,443,3.0,0,1,1,23,1,expected
2018-11-27 04:04:05.773605,172,52.94.227.146,443,3.0,0,1,1,23,1,expected
2018-11-27 04:04:05.786675,172,52.94.227.146,443,3.0,0,1,1,23,1,expected
2018-11-27 04:04:05.814694,172,52.94.227.146,443,3.0,0,1,1,23,1,expected
2018-11-27 04:04:05.853039,172,52.94.227.146,443,3.0,0,1,1,23,1,expected
2018-11-27 04:04:05.853147,172,52.94.227.146,443,3.0,0,1,1,23,1,expected
2018-11-27 04:04:05.863357,172,52.94.227.146,443,3.0,0,1,1,23,1,expected
2018-11-27 04:04:05.898577,172,52.94.227.146,443,3.0,0,1,1,23,1,expected
2018-11-27 04:04:05.912472,172,52.94.227.146,443,3.0,0,1,1,23,1,expected
2018-11-27 04:04:05.927772,172,52.94.227.146,443,3.0,0,1,1,23,1,expected
2018-11-27 04:04:05.956259,172,52.94.227.146,443,3.0,0,1,1,23,1,expected
2018-11-27 04:04:05.977528,172,52.94.227.146,443,3.0,0,1,1,23,1,expected
2018-11-27 04:04:05.996963,172,52.94.227.146,443,3.0,0,1,1,23,1,expected
2018-11-27 04:04:06.012209,172,52.94.227.146,443,3.0,0,1,1,23,1,expected
2018-11-27 04:04:06.025167,172,52.94.227.146,443,3.0,0,1,1,23,1,expected
2018-11-27 04:04:06.060412,172,52.94.227.146,443,3.0,0,1,1,23,1,expected
2018-11-27 04:04:06.073706,172,52.94.227.146,443,3.0,0,1,1,23,1,expected
2018-11-27 04:04:06.087879,172,52.94.227.146,443,3.0,0,1,1,23,1,expected
2018-11-27 04:04:06.109005,172,52.94.227.146,443,3.0,0,1,1,23,1,expected
2018-11-27 04:04:06.142033,172,52.94.227.146,443,3.0,0,1,1,23,1,expected
2018-11-27 04:04:06.155468,172,52.94.227.146,443,3.0,0,1,1,23,1,expected
2018-11-27 04:04:06.173353,172,52.94.227.146,443,3.0,0,1,1,23,1,expected
2018-11-27 04:04:06.187074,172,52.94.227.146,443,3.0,0,1,1,23,1,expected
2018-11-27 04:04:06.220721,172,52.94.227.146,443,3.0,0,1,1,23,1,expected
2018-11-27 04:04:06.234826,172,52.94.227.146,443,3.0,0,1,1,23,1,expected
2018-11-27 04:04:06.249511,172,52.94.227.146,443,3.0,0,1,1,23,1,expected
2018-11-27 04:04:06.263284,172,52.94.227.146,443,3.0,0,1,1,23,1,expected
2018-11-27 04:04:06.298615,172,52.94.227.146,443,3.0,0,1,1,23,1,expected
2018-11-27 04:04:06.313255,172,52.94.227.146,443,3.0,0,1,1,23,1,expected
2018-11-27 04:04:06.332746,172,52.94.227.146,443,3.0,0,1,1,23,1,expected
2018-11-27 04:04:06.347342,172,52.94.227.146,443,3.0,0,1,1,23,1,expected
2018-11-27 04:04:06.374703,172,52.94.227.146,443,3.0,0,1,1,23,1,expected
2018-11-27 04:04:06.395566,172,52.94.227.146,443,3.0,0,1,1,23,1,expected
2018-11-27 04:04:06.409698,172,52.94.227.146,443,3.0,0,1,1,23,1,expected
2018-11-27 04:04:06.423972,172,52.94.227.146,443,3.0,0,1,1,23,1,expected
2018-11-27 04:04:06.459316,172,52.94.227.146,443,3.0,0,1,1,23,1,expected
2018-11-27 04:04:06.464847,136,52.94.227.146,443,3.0,0,1,1,23,1,expected
2018-11-27 04:04:06.465495,92,52.94.227.146,443,3.0,0,1,1,23,1,expected
2018-11-27 04:04:06.499490,74,54.239.26.255,443,1.0,3659216204,0,1,,1,retransmit
2018-11-27 04:04:06.514950,54,52.94.227.146,443,1.0,1595,1,1,,1,ack
2018-11-27 04:04:06.553345,54,54.239.26.255,443,1.0,53,1,1,,1,ack
2018-11-27 04:04:06.555149,312,54.239.26.255,443,3.0,0,1,1,22,1,handshake
2018-11-27 04:04:06.599476,54,54.239.26.255,443,1.0,46,1,1,,1,ack
2018-11-27 04:04:06.601535,105,54.239.26.255,443,3.0,0,1,1,20,1,handshake
2018-11-27 04:04:06.699917,808,54.239.26.255,443,3.0,0,1,1,23,1,expected
2018-11-27 04:04:06.748900,54,52.94.227.146,443,1.0,233,1,1,,1,ack
2018-11-27 04:04:06.752553,85,54.239.26.255,443,3.0,0,1,1,21,1,handshake
2018-11-27 04:04:06.752819,54,54.239.26.255,443,1.0,153,1,1,,1,ack
2018-11-27 04:04:06.760160,74,54.239.26.255,443,1.0,3659216000,0,1,,1,retransmit
2018-11-27 04:04:06.796631,54,54.239.26.255,443,1.0,43,1,1,,1,ack
2018-11-27 04:04:06.802808,54,54.239.26.255,443,1.0,42,1,1,,1,ack
2018-11-27 04:04:06.808624,312,54.239.26.255,443,3.0,0,1,1,22,1,handshake
2018-11-27 04:04:06.851743,54,52.94.227.146,443,1.0,102,1,1,,1,ack
2018-11-27 04:04:06.851896,54,52.94.227.146,443,1.0,0,1,1,,1,ack
2018-11-27 04:04:06.852632,54,52.94.227.146,443,1.0,0,1,1,,1,ack
2018-11-27 04:04:06.852916,54,52.94.227.146,443,1.0,0,1,1,,1,ack
2018-11-27 04:04:06.854203,54,52.94.227.146,443,1.0,1,1,1,,1,ack
2018-11-27 04:04:06.854472,54,52.94.227.146,443,1.0,0,1,1,,1,ack
2018-11-27 04:04:06.855559,54,52.94.227.146,443,1.0,1,1,1,,1,ack
2018-11-27 04:04:06.855796,54,52.94.227.146,443,1.0,0,1,1,,1,ack
2018-11-27 04:04:06.856681,54,52.94.227.146,443,1.0,0,1,1,,1,ack
2018-11-27 04:04:06.856828,54,52.94.227.146,443,1.0,0,1,1,,1,ack
2018-11-27 04:04:06.857498,54,54.239.26.255,443,1.0,54,1,1,,1,ack
2018-11-27 04:04:06.858422,105,54.239.26.255,443,3.0,0,1,1,20,1,handshake
2018-11-27 04:04:06.891692,54,52.94.227.146,443,1.0,34,1,1,,1,ack
2018-11-27 04:04:06.892029,54,52.94.227.146,443,1.0,0,1,1,,1,ack
2018-11-27 04:04:06.892158,54,52.94.227.146,443,1.0,0,1,1,,1,ack
2018-11-27 04:04:06.892924,54,52.94.227.146,443,1.0,0,1,1,,1,ack
2018-11-27 04:04:06.896684,54,52.94.227.146,443,1.0,3,1,1,,1,ack
2018-11-27 04:04:06.898105,54,52.94.227.146,443,1.0,1,1,1,,1,ack
2018-11-27 04:04:06.907315,54,52.94.227.146,443,1.0,9,1,1,,1,ack
2018-11-27 04:04:06.907595,54,52.94.227.146,443,1.0,0,1,1,,1,ack
2018-11-27 04:04:06.907741,54,52.94.227.146,443,1.0,0,1,1,,1,ack
2018-11-27 04:04:06.907936,54,52.94.227.146,443,1.0,0,1,1,,1,ack
2018-11-27 04:04:06.908109,54,52.94.227.146,443,1.0,0,1,1,,1,ack
2018-11-27 04:04:06.912619,74,54.239.26.255,443,1.0,3658973834,0,1,,1,retransmit
2018-11-27 04:04:06.913215,96,52.94.227.146,443,3.0,0,1,1,23,1,expected
2018-11-27 04:04:06.955490,778,54.239.26.255,443,3.0,0,1,1,23,1,expected
2018-11-27 04:04:06.955635,54,54.239.26.255,443,1.0,43,1,1,,1,ack
2018-11-27 04:04:06.957204,312,54.239.26.255,443,3.0,0,1,1,22,1,handshake
2018-11-27 04:04:07.006961,54,54.239.26.255,443,1.0,51,1,1,,1,ack
2018-11-27 04:04:07.011132,105,54.239.26.255,443,3.0,0,1,1,20,1,handshake
2018-11-27 04:04:07.011292,85,54.239.26.255,443,3.0,0,1,1,21,1,handshake
2018-11-27 04:04:07.011381,54,54.239.26.255,443,1.0,153,1,1,,1,ack
2018-11-27 04:04:07.023917,644,52.94.227.146,443,3.0,0,1,1,23,1,expected
2018-11-27 04:04:07.025772,1514,52.94.227.146,443,3.0,0,1,1,23,1,expected
2018-11-27 04:04:07.025835,1514,52.94.227.146,443,1.0,117,1,1,,1,not_relevant
2018-11-27 04:04:07.025868,1514,52.94.227.146,443,1.0,0,1,1,,1,not_relevant
2018-11-27 04:04:07.025901,668,52.94.227.146,443,3.0,0,1,1,23,1,expected
2018-11-27 04:04:07.025921,136,52.94.227.146,443,3.0,0,1,1,23,1,expected
2018-11-27 04:04:07.055223,54,54.239.26.255,443,1.0,43,1,1,,1,ack
2018-11-27 04:04:07.061474,1514,52.94.227.146,443,3.0,0,1,1,23,1,expected
2018-11-27 04:04:07.075381,1514,52.94.227.146,443,1.0,49,1,1,,1,not_relevant
2018-11-27 04:04:07.076348,1514,52.94.227.146,443,1.0,0,1,1,,1,not_relevant
2018-11-27 04:04:07.076393,1074,52.94.227.146,443,3.0,0,1,1,23,1,expected
2018-11-27 04:04:07.100067,784,54.239.26.255,443,3.0,0,1,1,23,1,expected
2018-11-27 04:04:07.145368,288,52.94.227.146,443,3.0,0,1,1,23,1,expected
2018-11-27 04:04:07.147943,85,54.239.26.255,443,3.0,0,1,1,21,1,handshake
2018-11-27 04:04:07.148148,54,54.239.26.255,443,1.0,141,1,1,,1,ack
2018-11-27 04:04:07.149191,190,52.94.227.146,443,3.0,0,1,1,23,1,expected
2018-11-27 04:04:07.151379,1514,52.94.227.146,443,1.0,75,1,1,,1,not_relevant
2018-11-27 04:04:07.151395,1514,52.94.227.146,443,1.0,0,1,1,,1,not_relevant
2018-11-27 04:04:07.151411,403,52.94.227.146,443,3.0,0,1,1,23,1,expected
2018-11-27 04:04:07.170920,54,52.94.227.146,443,1.0,19,1,1,,1,ack
2018-11-27 04:04:07.182821,174,52.94.227.146,443,3.0,0,1,1,23,1,expected
2018-11-27 04:04:07.188824,54,54.239.26.255,443,1.0,40,1,1,,1,ack
2018-11-27 04:04:07.193576,74,54.239.26.255,443,1.0,3659185946,0,1,,1,retransmit
2018-11-27 04:04:07.219134,54,52.94.227.146,443,1.0,48,1,1,,1,ack
2018-11-27 04:04:07.253189,54,52.94.227.146,443,1.0,34,1,1,,1,ack
2018-11-27 04:04:07.254610,54,54.239.26.255,443,1.0,61,1,1,,1,ack
2018-11-27 04:04:07.260059,312,54.239.26.255,443,3.0,0,1,1,22,1,handshake
2018-11-27 04:04:07.285769,54,52.94.227.146,443,1.0,32,1,1,,1,ack
2018-11-27 04:04:07.301837,54,52.94.227.146,443,1.0,16,1,1,,1,ack
2018-11-27 04:04:07.303137,54,52.94.227.146,443,1.0,1,1,1,,1,ack
2018-11-27 04:04:07.317304,54,54.239.26.255,443,1.0,62,1,1,,1,ack
2018-11-27 04:04:07.317701,105,54.239.26.255,443,3.0,0,1,1,20,1,handshake
2018-11-27 04:04:07.403581,795,54.239.26.255,443,3.0,0,1,1,23,1,expected
2018-11-27 04:04:07.450804,85,54.239.26.255,443,3.0,0,1,1,21,1,handshake
2018-11-27 04:04:07.450954,54,54.239.26.255,443,1.0,133,1,1,,1,ack
2018-11-27 04:04:07.493688,54,54.239.26.255,443,1.0,42,1,1,,1,ack
2018-11-27 04:04:11.628948,287,52.94.227.146,443,3.0,0,1,1,23,1,expected
2018-11-27 04:04:11.632525,190,52.94.227.146,443,3.0,0,1,1,23,1,expected
2018-11-27 04:04:11.634632,1514,52.94.227.146,443,1.0,4331,1,1,,1,not_relevant
2018-11-27 04:04:11.634721,1514,52.94.227.146,443,1.0,0,1,1,,1,not_relevant
2018-11-27 04:04:11.634746,965,52.94.227.146,443,3.0,0,1,1,23,1,expected
2018-11-27 04:04:11.893606,54,52.94.227.146,443,1.0,258,1,1,,1,ack
2018-11-27 04:04:11.893761,54,52.94.227.146,443,1.0,0,1,1,,1,ack
2018-11-27 04:04:12.965795,286,52.94.227.146,443,3.0,0,1,1,23,1,expected
2018-11-27 04:04:12.971139,190,52.94.227.146,443,3.0,0,1,1,23,1,expected
2018-11-27 04:04:12.978086,1514,52.94.227.146,443,1.0,1084,1,1,,1,not_relevant
2018-11-27 04:04:12.978919,1514,52.94.227.146,443,1.0,0,1,1,,1,not_relevant
2018-11-27 04:04:12.980290,408,52.94.227.146,443,3.0,0,1,1,23,1,expected
2018-11-27 04:04:13.015332,1514,52.94.227.146,443,3.0,0,1,1,23,1,expected
2018-11-27 04:04:13.015660,1514,52.94.227.146,443,1.0,36,1,1,,1,not_relevant
2018-11-27 04:04:13.020082,1514,52.94.227.146,443,1.0,4,1,1,,1,not_relevant
2018-11-27 04:04:13.020883,1016,52.94.227.146,443,3.0,0,1,1,23,1,expected
2018-11-27 04:04:13.020905,54,52.94.227.146,443,1.0,0,1,1,,1,ack
2018-11-27 04:04:13.167596,54,52.94.227.146,443,1.0,146,1,1,,1,ack
2018-11-27 04:04:13.167732,54,52.94.227.146,443,1.0,0,1,1,,1,ack
2018-11-27 04:04:13.169468,54,52.94.227.146,443,1.0,1,1,1,,1,ack
2018-11-27 04:04:13.170163,54,52.94.227.146,443,1.0,0,1,1,,1,ack
2018-11-27 04:04:13.480101,286,52.94.227.146,443,3.0,0,1,1,23,1,expected
2018-11-27 04:04:13.480500,1514,52.94.227.146,443,3.0,0,1,1,23,1,expected
2018-11-27 04:04:13.480529,1514,52.94.227.146,443,1.0,310,1,1,,1,not_relevant
2018-11-27 04:04:13.480547,1514,52.94.227.146,443,1.0,0,1,1,,1,not_relevant
2018-11-27 04:04:13.480734,658,52.94.227.146,443,3.0,0,1,1,23,1,expected
2018-11-27 04:04:13.638167,54,52.94.227.146,443,1.0,157,1,1,,1,ack
2018-11-27 04:04:13.638344,54,52.94.227.146,443,1.0,0,1,1,,1,ack
2018-11-27 04:04:30.069595,54,52.94.227.146,443,1.0,16431,1,1,,1,ack
2018-11-27 04:04:30.070126,100,52.94.227.146,443,3.0,0,1,1,23,1,syn
2018-11-27 04:04:52.544236,288,52.94.227.146,443,3.0,0,1,1,23,1,expected
2018-11-27 04:04:52.544862,190,52.94.227.146,443,3.0,0,1,1,23,1,expected
2018-11-27 04:04:52.545279,1514,52.94.227.146,443,1.0,22475,1,1,,1,not_relevant
2018-11-27 04:04:52.545323,1514,52.94.227.146,443,1.0,0,1,1,,1,not_relevant
2018-11-27 04:04:52.553009,703,52.94.227.146,443,3.0,0,1,1,23,1,expected
2018-11-27 04:04:52.585454,1514,52.94.227.146,443,3.0,0,1,1,23,1,expected
2018-11-27 04:04:52.586923,74,54.239.26.255,443,1.0,3659228985,0,1,,1,retransmit
2018-11-27 04:04:52.589096,1514,52.94.227.146,443,3.0,0,1,1,23,1,expected
2018-11-27 04:04:52.593206,1514,52.94.227.146,443,1.0,47,1,1,,1,not_relevant
2018-11-27 04:04:52.594688,1514,52.94.227.146,443,1.0,1,1,1,,1,not_relevant
2018-11-27 04:04:52.594766,1454,52.94.227.146,443,3.0,0,1,1,23,1,expected
2018-11-27 04:04:52.637756,54,54.239.26.255,443,1.0,50,1,1,,1,ack
2018-11-27 04:04:52.639246,312,54.239.26.255,443,3.0,0,1,1,22,1,handshake
2018-11-27 04:04:52.665504,1514,52.94.227.146,443,1.0,70,1,1,,1,not_relevant
2018-11-27 04:04:52.665550,1514,52.94.227.146,443,1.0,0,1,1,,1,not_relevant
2018-11-27 04:04:52.665671,1514,52.94.227.146,443,1.0,0,1,1,,1,not_relevant
2018-11-27 04:04:52.665792,252,52.94.227.146,443,3.0,0,1,1,23,1,expected
2018-11-27 04:04:52.685116,54,54.239.26.255,443,1.0,47,1,1,,1,ack
2018-11-27 04:04:52.685425,172,52.94.227.146,443,3.0,0,1,1,23,1,expected
2018-11-27 04:04:52.685631,105,54.239.26.255,443,3.0,0,1,1,20,1,handshake
2018-11-27 04:04:52.708079,172,52.94.227.146,443,3.0,0,1,1,23,1,expected
2018-11-27 04:04:52.712803,54,52.94.227.146,443,1.0,47,1,1,,1,ack
2018-11-27 04:04:52.747998,172,52.94.227.146,443,3.0,0,1,1,23,1,expected
2018-11-27 04:04:52.748247,172,52.94.227.146,443,3.0,0,1,1,23,1,expected
2018-11-27 04:04:52.762086,172,52.94.227.146,443,3.0,0,1,1,23,1,expected
2018-11-27 04:04:52.772079,767,54.239.26.255,443,3.0,0,1,1,23,1,expected
2018-11-27 04:04:52.775784,172,52.94.227.146,443,3.0,0,1,1,23,1,expected
2018-11-27 04:04:52.810641,172,52.94.227.146,443,3.0,0,1,1,23,1,expected
2018-11-27 04:04:52.821799,85,54.239.26.255,443,3.0,0,1,1,21,1,handshake
2018-11-27 04:04:52.821992,54,54.239.26.255,443,1.0,136,1,1,,1,ack
2018-11-27 04:04:52.824517,172,52.94.227.146,443,3.0,0,1,1,23,1,expected
2018-11-27 04:04:52.838538,172,52.94.227.146,443,3.0,0,1,1,23,1,expected
2018-11-27 04:04:52.859932,172,52.94.227.146,443,3.0,0,1,1,23,1,expected
2018-11-27 04:04:52.864834,54,54.239.26.255,443,1.0,42,1,1,,1,ack
2018-11-27 04:04:52.887374,172,52.94.227.146,443,3.0,0,1,1,23,1,expected
2018-11-27 04:04:52.908244,172,52.94.227.146,443,3.0,0,1,1,23,1,expected
2018-11-27 04:04:52.922414,172,52.94.227.146,443,3.0,0,1,1,23,1,expected
2018-11-27 04:04:52.936477,172,52.94.227.146,443,3.0,0,1,1,23,1,expected
2018-11-27 04:04:52.971398,172,52.94.227.146,443,3.0,0,1,1,23,1,expected
2018-11-27 04:04:52.985752,172,52.94.227.146,443,3.0,0,1,1,23,1,expected
2018-11-27 04:04:52.999762,172,52.94.227.146,443,3.0,0,1,1,23,1,expected
2018-11-27 04:04:53.020284,172,52.94.227.146,443,3.0,0,1,1,23,1,expected
2018-11-27 04:04:53.056210,172,52.94.227.146,443,3.0,0,1,1,23,1,expected
2018-11-27 04:04:53.062478,288,52.94.227.146,443,3.0,0,1,1,23,1,expected
2018-11-27 04:04:53.063015,190,52.94.227.146,443,3.0,0,1,1,23,1,expected
2018-11-27 04:04:53.064209,1514,52.94.227.146,443,1.0,351,1,1,,1,not_relevant
2018-11-27 04:04:53.065616,1514,52.94.227.146,443,1.0,1,1,1,,1,not_relevant
2018-11-27 04:04:53.107290,880,52.94.227.146,443,3.0,0,1,1,23,1,expected
2018-11-27 04:04:53.133165,172,52.94.227.146,443,3.0,0,1,1,23,1,expected
2018-11-27 04:04:53.146937,172,52.94.227.146,443,3.0,0,1,1,23,1,expected
2018-11-27 04:04:53.160834,172,52.94.227.146,443,3.0,0,1,1,23,1,expected
2018-11-27 04:04:53.175485,172,52.94.227.146,443,3.0,0,1,1,23,1,expected
2018-11-27 04:04:53.209580,172,52.94.227.146,443,3.0,0,1,1,23,1,expected
2018-11-27 04:04:53.223784,172,52.94.227.146,443,3.0,0,1,1,23,1,expected
2018-11-27 04:04:53.244616,172,52.94.227.146,443,3.0,0,1,1,23,1,expected
2018-11-27 04:04:53.248938,54,52.94.227.146,443,1.0,183,1,1,,1,ack
2018-11-27 04:04:53.258813,172,52.94.227.146,443,3.0,0,1,1,23,1,expected
2018-11-27 04:04:53.288215,172,52.94.227.146,443,3.0,0,1,1,23,1,expected
2018-11-27 04:04:53.307603,172,52.94.227.146,443,3.0,0,1,1,23,1,expected
2018-11-27 04:04:53.321412,172,52.94.227.146,443,3.0,0,1,1,23,1,expected
2018-11-27 04:04:53.335835,172,52.94.227.146,443,3.0,0,1,1,23,1,expected
2018-11-27 04:04:53.370286,172,52.94.227.146,443,3.0,0,1,1,23,1,expected
2018-11-27 04:04:53.384423,172,52.94.227.146,443,3.0,0,1,1,23,1,expected
2018-11-27 04:04:53.398996,172,52.94.227.146,443,3.0,0,1,1,23,1,expected
2018-11-27 04:04:53.420189,172,52.94.227.146,443,3.0,0,1,1,23,1,expected
2018-11-27 04:04:53.453275,172,52.94.227.146,443,3.0,0,1,1,23,1,expected
2018-11-27 04:04:53.469028,172,52.94.227.146,443,3.0,0,1,1,23,1,expected
2018-11-27 04:04:53.483711,172,52.94.227.146,443,3.0,0,1,1,23,1,expected
2018-11-27 04:04:53.496672,172,52.94.227.146,443,3.0,0,1,1,23,1,expected
2018-11-27 04:04:53.531931,172,52.94.227.146,443,3.0,0,1,1,23,1,expected
2018-11-27 04:04:53.545913,172,52.94.227.146,443,3.0,0,1,1,23,1,expected
2018-11-27 04:04:53.560432,172,52.94.227.146,443,3.0,0,1,1,23,1,expected
2018-11-27 04:04:53.581819,172,52.94.227.146,443,3.0,0,1,1,23,1,expected
2018-11-27 04:04:53.608688,172,52.94.227.146,443,3.0,0,1,1,23,1,expected
2018-11-27 04:04:53.622720,172,52.94.227.146,443,3.0,0,1,1,23,1,expected
2018-11-27 04:04:53.643874,172,52.94.227.146,443,3.0,0,1,1,23,1,expected
2018-11-27 04:04:53.657384,172,52.94.227.146,443,3.0,0,1,1,23,1,expected
2018-11-27 04:04:53.692496,172,52.94.227.146,443,3.0,0,1,1,23,1,expected
2018-11-27 04:04:53.791695,172,52.94.227.146,443,3.0,0,1,1,23,1,expected
2018-11-27 04:04:53.792076,172,52.94.227.146,443,3.0,0,1,1,23,1,expected
2018-11-27 04:04:53.792235,172,52.94.227.146,443,3.0,0,1,1,23,1,expected
2018-11-27 04:04:53.793523,290,52.94.227.146,443,3.0,0,1,1,23,1,expected
2018-11-27 04:04:53.803064,172,52.94.227.146,443,3.0,0,1,1,23,1,expected
2018-11-27 04:04:53.817588,172,52.94.227.146,443,3.0,0,1,1,23,1,expected
2018-11-27 04:04:53.922395,526,52.94.227.146,443,3.0,0,1,1,23,1,expected
2018-11-27 04:04:53.930890,172,52.94.227.146,443,3.0,0,1,1,23,1,expected
2018-11-27 04:04:53.947045,172,52.94.227.146,443,3.0,0,1,1,23,1,expected
2018-11-27 04:04:53.972859,172,52.94.227.146,443,3.0,0,1,1,23,1,expected
2018-11-27 04:04:54.029929,172,52.94.227.146,443,3.0,0,1,1,23,1,expected
2018-11-27 04:04:54.033006,172,52.94.227.146,443,3.0,0,1,1,23,1,expected
2018-11-27 04:04:54.040676,172,52.94.227.146,443,3.0,0,1,1,23,1,expected
2018-11-27 04:04:54.057278,172,52.94.227.146,443,3.0,0,1,1,23,1,expected
2018-11-27 04:04:54.058114,172,52.94.227.146,443,3.0,0,1,1,23,1,expected
2018-11-27 04:04:54.089861,172,52.94.227.146,443,3.0,0,1,1,23,1,expected
2018-11-27 04:04:54.107017,172,52.94.227.146,443,3.0,0,1,1,23,1,expected
2018-11-27 04:04:54.157312,172,52.94.227.146,443,3.0,0,1,1,23,1,expected
2018-11-27 04:04:54.158016,172,52.94.227.146,443,3.0,0,1,1,23,1,expected
2018-11-27 04:04:54.169408,172,52.94.227.146,443,3.0,0,1,1,23,1,expected
2018-11-27 04:04:54.197676,172,52.94.227.146,443,3.0,0,1,1,23,1,expected
2018-11-27 04:04:54.243993,290,52.94.227.146,443,3.0,0,1,1,23,1,expected
2018-11-27 04:04:54.250721,172,52.94.227.146,443,3.0,0,1,1,23,1,expected
2018-11-27 04:04:54.264460,172,52.94.227.146,443,3.0,0,1,1,23,1,expected
2018-11-27 04:04:54.278593,172,52.94.227.146,443,3.0,0,1,1,23,1,expected
2018-11-27 04:04:54.316665,172,52.94.227.146,443,3.0,0,1,1,23,1,expected
2018-11-27 04:04:54.415925,172,52.94.227.146,443,3.0,0,1,1,23,1,expected
2018-11-27 04:04:54.425502,172,52.94.227.146,443,3.0,0,1,1,23,1,expected
2018-11-27 04:04:54.459045,526,52.94.227.146,443,1.0,1210,1,1,,1,not_relevant
2018-11-27 04:04:54.459251,172,52.94.227.146,443,3.0,0,1,1,23,1,expected
2018-11-27 04:04:54.460303,172,52.94.227.146,443,3.0,0,1,1,23,1,expected
2018-11-27 04:04:54.493759,172,52.94.227.146,443,3.0,0,1,1,23,1,expected
2018-11-27 04:04:54.507749,172,52.94.227.146,443,3.0,0,1,1,23,1,expected
2018-11-27 04:04:54.523446,172,52.94.227.146,443,3.0,0,1,1,23,1,expected
2018-11-27 04:04:54.538093,172,52.94.227.146,443,3.0,0,1,1,23,1,expected
2018-11-27 04:04:54.572428,172,52.94.227.146,443,3.0,0,1,1,23,1,expected
2018-11-27 04:04:54.587099,172,52.94.227.146,443,3.0,0,1,1,23,1,expected
2018-11-27 04:04:54.600711,172,52.94.227.146,443,3.0,0,1,1,23,1,expected
2018-11-27 04:04:54.614645,172,52.94.227.146,443,3.0,0,1,1,23,1,expected
2018-11-27 04:04:54.653368,172,52.94.227.146,443,3.0,0,1,1,23,1,expected
2018-11-27 04:04:54.670712,172,52.94.227.146,443,3.0,0,1,1,23,1,expected
2018-11-27 04:04:54.688435,172,52.94.227.146,443,3.0,0,1,1,23,1,expected
2018-11-27 04:04:54.701085,172,52.94.227.146,443,3.0,0,1,1,23,1,expected
2018-11-27 04:04:54.727104,172,52.94.227.146,443,3.0,0,1,1,23,1,expected
2018-11-27 04:04:54.747608,172,52.94.227.146,443,3.0,0,1,1,23,1,expected
2018-11-27 04:04:54.761575,172,52.94.227.146,443,3.0,0,1,1,23,1,expected
2018-11-27 04:04:54.776008,172,52.94.227.146,443,3.0,0,1,1,23,1,expected
2018-11-27 04:04:54.810176,172,52.94.227.146,443,3.0,0,1,1,23,1,expected
2018-11-27 04:04:54.849753,172,52.94.227.146,443,3.0,0,1,1,23,1,expected
2018-11-27 04:04:54.849993,172,52.94.227.146,443,3.0,0,1,1,23,1,expected
2018-11-27 04:04:54.859295,172,52.94.227.146,443,3.0,0,1,1,23,1,expected
2018-11-27 04:04:54.887341,172,52.94.227.146,443,3.0,0,1,1,23,1,expected
2018-11-27 04:04:54.908428,172,52.94.227.146,443,3.0,0,1,1,23,1,expected
2018-11-27 04:04:54.921866,172,52.94.227.146,443,3.0,0,1,1,23,1,expected
2018-11-27 04:04:54.935754,172,52.94.227.146,443,3.0,0,1,1,23,1,expected
2018-11-27 04:04:54.970834,172,52.94.227.146,443,3.0,0,1,1,23,1,expected
2018-11-27 04:04:54.984932,172,52.94.227.146,443,3.0,0,1,1,23,1,expected
2018-11-27 04:04:54.991632,136,52.94.227.146,443,3.0,0,1,1,23,1,expected
2018-11-27 04:04:54.991769,92,52.94.227.146,443,3.0,0,1,1,23,1,expected
2018-11-27 04:04:55.022644,74,54.239.26.255,443,1.0,3659230969,0,1,,1,retransmit
2018-11-27 04:04:55.034827,54,52.94.227.146,443,1.0,575,1,1,,1,ack
2018-11-27 04:04:55.064824,54,54.239.26.255,443,1.0,42,1,1,,1,ack
2018-11-27 04:04:55.067358,312,54.239.26.255,443,3.0,0,1,1,22,1,handshake
2018-11-27 04:04:55.115577,54,54.239.26.255,443,1.0,50,1,1,,1,ack
2018-11-27 04:04:55.117265,105,54.239.26.255,443,3.0,0,1,1,20,1,handshake
2018-11-27 04:04:55.227679,812,54.239.26.255,443,3.0,0,1,1,23,1,expected
2018-11-27 04:04:55.247192,54,52.94.227.146,443,1.0,212,1,1,,1,ack
2018-11-27 04:04:55.256888,74,54.239.26.255,443,1.0,3659231013,0,1,,1,retransmit
2018-11-27 04:04:55.279728,85,54.239.26.255,443,3.0,0,1,1,21,1,handshake
2018-11-27 04:04:55.279944,54,54.239.26.255,443,1.0,164,1,1,,1,ack
2018-11-27 04:04:55.297294,54,54.239.26.255,443,1.0,40,1,1,,1,ack
2018-11-27 04:04:55.303304,312,54.239.26.255,443,3.0,0,1,1,22,1,handshake
2018-11-27 04:04:55.322738,54,54.239.26.255,443,1.0,42,1,1,,1,ack
2018-11-27 04:04:55.343116,54,52.94.227.146,443,1.0,95,1,1,,1,ack
2018-11-27 04:04:55.344051,54,52.94.227.146,443,1.0,0,1,1,,1,ack
2018-11-27 04:04:55.344135,54,52.94.227.146,443,1.0,0,1,1,,1,ack
2018-11-27 04:04:55.345112,54,52.94.227.146,443,1.0,0,1,1,,1,ack
2018-11-27 04:04:55.345199,54,52.94.227.146,443,1.0,0,1,1,,1,ack
2018-11-27 04:04:55.346825,54,52.94.227.146,443,1.0,1,1,1,,1,ack
2018-11-27 04:04:55.346945,54,52.94.227.146,443,1.0,0,1,1,,1,ack
2018-11-27 04:04:55.347453,54,52.94.227.146,443,1.0,0,1,1,,1,ack
2018-11-27 04:04:55.347604,54,52.94.227.146,443,1.0,0,1,1,,1,ack
2018-11-27 04:04:55.348492,54,52.94.227.146,443,1.0,0,1,1,,1,ack
2018-11-27 04:04:55.352294,54,54.239.26.255,443,1.0,55,1,1,,1,ack
2018-11-27 04:04:55.352872,105,54.239.26.255,443,3.0,0,1,1,20,1,handshake
2018-11-27 04:04:55.382144,54,52.94.227.146,443,1.0,33,1,1,,1,ack
2018-11-27 04:04:55.382381,54,52.94.227.146,443,1.0,0,1,1,,1,ack
2018-11-27 04:04:55.387778,54,52.94.227.146,443,1.0,5,1,1,,1,ack
2018-11-27 04:04:55.389081,54,52.94.227.146,443,1.0,1,1,1,,1,ack
2018-11-27 04:04:55.389942,54,52.94.227.146,443,1.0,0,1,1,,1,ack
2018-11-27 04:04:55.390945,54,52.94.227.146,443,1.0,1,1,1,,1,ack
2018-11-27 04:04:55.391030,54,52.94.227.146,443,1.0,0,1,1,,1,ack
2018-11-27 04:04:55.392890,96,52.94.227.146,443,3.0,0,1,1,23,1,expected
2018-11-27 04:04:55.399654,74,54.239.26.255,443,1.0,3659199865,0,1,,1,retransmit
2018-11-27 04:04:55.442341,54,54.239.26.255,443,1.0,42,1,1,,1,ack
2018-11-27 04:04:55.442644,778,54.239.26.255,443,3.0,0,1,1,23,1,expected
2018-11-27 04:04:55.443849,312,54.239.26.255,443,3.0,0,1,1,22,1,handshake
2018-11-27 04:04:55.488992,54,54.239.26.255,443,1.0,46,1,1,,1,ack
2018-11-27 04:04:55.490943,105,54.239.26.255,443,3.0,0,1,1,20,1,handshake
2018-11-27 04:04:55.498602,85,54.239.26.255,443,3.0,0,1,1,21,1,handshake
2018-11-27 04:04:55.498792,54,54.239.26.255,443,1.0,146,1,1,,1,ack
2018-11-27 04:04:55.550194,54,54.239.26.255,443,1.0,51,1,1,,1,ack
2018-11-27 04:04:55.556608,288,52.94.227.146,443,3.0,0,1,1,23,1,expected
2018-11-27 04:04:55.562179,190,52.94.227.146,443,3.0,0,1,1,23,1,expected
2018-11-27 04:04:55.564292,1514,52.94.227.146,443,1.0,173,1,1,,1,not_relevant
2018-11-27 04:04:55.565720,1514,52.94.227.146,443,1.0,1,1,1,,1,not_relevant
2018-11-27 04:04:55.579311,787,54.239.26.255,443,3.0,0,1,1,23,1,expected
2018-11-27 04:04:55.595274,522,52.94.227.146,443,3.0,0,1,1,23,1,expected
2018-11-27 04:04:55.628798,85,54.239.26.255,443,3.0,0,1,1,21,1,handshake
2018-11-27 04:04:55.628978,54,54.239.26.255,443,1.0,139,1,1,,1,ack
2018-11-27 04:04:55.637442,287,52.94.227.146,443,3.0,0,1,1,23,1,expected
2018-11-27 04:04:55.637865,190,52.94.227.146,443,3.0,0,1,1,23,1,expected
2018-11-27 04:04:55.648246,1514,52.94.227.146,443,1.0,82,1,1,,1,not_relevant
2018-11-27 04:04:55.648325,1514,52.94.227.146,443,1.0,0,1,1,,1,not_relevant
2018-11-27 04:04:55.655669,74,54.239.26.255,443,1.0,3659195499,0,1,,1,retransmit
2018-11-27 04:04:55.670835,54,54.239.26.255,443,1.0,41,1,1,,1,ack
2018-11-27 04:04:55.680446,527,52.94.227.146,443,3.0,0,1,1,23,1,expected
2018-11-27 04:04:55.702672,54,54.239.26.255,443,1.0,47,1,1,,1,ack
2018-11-27 04:04:55.704389,312,54.239.26.255,443,3.0,0,1,1,22,1,handshake
2018-11-27 04:04:55.710003,288,52.94.227.146,443,3.0,0,1,1,23,1,expected
2018-11-27 04:04:55.710406,190,52.94.227.146,443,3.0,0,1,1,23,1,expected
2018-11-27 04:04:55.717138,1514,52.94.227.146,443,1.0,68,1,1,,1,not_relevant
2018-11-27 04:04:55.750088,54,54.239.26.255,443,1.0,47,1,1,,1,ack
2018-11-27 04:04:55.752862,105,54.239.26.255,443,3.0,0,1,1,20,1,handshake
2018-11-27 04:04:55.753097,1514,52.94.227.146,443,1.0,35,1,1,,1,not_relevant
2018-11-27 04:04:55.753474,523,52.94.227.146,443,3.0,0,1,1,23,1,expected
2018-11-27 04:04:55.753493,54,52.94.227.146,443,1.0,0,1,1,,1,ack
2018-11-27 04:04:55.821988,54,52.94.227.146,443,1.0,68,1,1,,1,ack
2018-11-27 04:04:55.840842,796,54.239.26.255,443,3.0,0,1,1,23,1,expected
2018-11-27 04:04:55.876507,54,52.94.227.146,443,1.0,54,1,1,,1,ack
2018-11-27 04:04:55.889291,85,54.239.26.255,443,3.0,0,1,1,21,1,handshake
2018-11-27 04:04:55.893938,54,54.239.26.255,443,1.0,143,1,1,,1,ack
2018-11-27 04:04:55.933512,54,54.239.26.255,443,1.0,39,1,1,,1,ack
2018-11-27 04:05:00.069620,100,52.94.227.146,443,3.0,0,1,1,23,1,syn
2018-11-27 04:05:00.173590,644,52.94.227.146,443,3.0,0,1,1,23,1,expected
2018-11-27 04:05:00.183120,190,52.94.227.146,443,3.0,0,1,1,23,1,expected
2018-11-27 04:05:00.185508,1514,52.94.227.146,443,1.0,4309,1,1,,1,not_relevant
2018-11-27 04:05:00.185561,1514,52.94.227.146,443,1.0,0,1,1,,1,not_relevant
2018-11-27 04:05:00.185595,407,52.94.227.146,443,3.0,0,1,1,23,1,expected
2018-11-27 04:05:00.216194,174,52.94.227.146,443,3.0,0,1,1,23,1,expected
2018-11-27 04:05:00.239683,296,52.94.227.146,443,3.0,0,1,1,23,1,expected
2018-11-27 04:05:00.240208,190,52.94.227.146,443,3.0,0,1,1,23,1,expected
2018-11-27 04:05:00.244925,1514,52.94.227.146,443,1.0,59,1,1,,1,not_relevant
2018-11-27 04:05:00.246357,1514,52.94.227.146,443,1.0,1,1,1,,1,not_relevant
2018-11-27 04:05:00.259871,527,52.94.227.146,443,3.0,0,1,1,23,1,expected
2018-11-27 04:05:00.354912,54,52.94.227.146,443,1.0,108,1,1,,1,ack
2018-11-27 04:05:00.680110,288,52.94.227.146,443,3.0,0,1,1,23,1,expected
2018-11-27 04:05:00.680717,190,52.94.227.146,443,3.0,0,1,1,23,1,expected
2018-11-27 04:05:00.680835,1514,52.94.227.146,443,1.0,325,1,1,,1,not_relevant
2018-11-27 04:05:00.680912,1514,52.94.227.146,443,1.0,0,1,1,,1,not_relevant
2018-11-27 04:05:00.680972,402,52.94.227.146,443,3.0,0,1,1,23,1,expected
2018-11-27 04:05:00.681025,66,52.94.227.146,443,1.0,0,1,1,,1,ack
2018-11-27 04:05:00.685815,136,52.94.227.146,443,3.0,0,1,1,23,1,expected
2018-11-27 04:05:00.686334,92,52.94.227.146,443,3.0,0,1,1,23,1,expected
2018-11-27 04:05:00.778077,54,52.94.227.146,443,1.0,97,1,1,,1,ack
2018-11-27 04:05:00.842724,54,52.94.227.146,443,1.0,64,1,1,,1,ack
2018-11-27 04:05:00.842953,54,52.94.227.146,443,1.0,0,1,1,,1,ack
2018-11-27 04:05:30.068691,54,52.94.227.146,443,1.0,29225,1,1,,1,ack
2018-11-27 04:05:30.074706,100,52.94.227.146,443,3.0,0,1,1,23,1,syn
2018-11-27 04:05:33.537940,288,52.94.227.146,443,3.0,0,1,1,23,1,expected
2018-11-27 04:05:33.538145,190,52.94.227.146,443,3.0,0,1,1,23,1,expected
2018-11-27 04:05:33.538951,1514,52.94.227.146,443,1.0,3470,1,1,,1,not_relevant
2018-11-27 04:05:33.538967,1514,52.94.227.146,443,1.0,0,1,1,,1,not_relevant
2018-11-27 04:05:33.539790,703,52.94.227.146,443,3.0,0,1,1,23,1,expected
2018-11-27 04:05:33.539816,132,52.94.227.146,443,3.0,0,1,1,23,1,expected
2018-11-27 04:05:33.539903,74,54.239.26.255,443,1.0,3659232781,0,1,,1,retransmit
2018-11-27 04:05:33.546561,180,52.94.227.146,443,3.0,0,1,1,23,1,expected
2018-11-27 04:05:33.584239,54,54.239.26.255,443,1.0,44,1,1,,1,ack
2018-11-27 04:05:33.584649,1514,52.94.227.146,443,3.0,0,1,1,23,1,expected
2018-11-27 04:05:33.585592,1514,52.94.227.146,443,1.0,46,1,1,,1,not_relevant
2018-11-27 04:05:33.585907,1514,52.94.227.146,443,1.0,0,1,1,,1,not_relevant
2018-11-27 04:05:33.587044,1223,52.94.227.146,443,3.0,0,1,1,23,1,expected
2018-11-27 04:05:33.587105,312,54.239.26.255,443,3.0,0,1,1,22,1,handshake
2018-11-27 04:05:33.619325,1514,52.94.227.146,443,1.0,33,1,1,,1,not_relevant
2018-11-27 04:05:33.619365,1514,52.94.227.146,443,1.0,0,1,1,,1,not_relevant
2018-11-27 04:05:33.619383,1030,52.94.227.146,443,3.0,0,1,1,23,1,expected
2018-11-27 04:05:33.633369,290,52.94.227.146,443,3.0,0,1,1,23,1,expected
2018-11-27 04:05:33.634428,54,54.239.26.255,443,1.0,50,1,1,,1,ack
2018-11-27 04:05:33.637224,54,54.239.26.255,443,1.0,2,1,1,,1,ack
2018-11-27 04:05:33.638038,54,54.239.26.255,443,1.0,0,1,1,,1,ack
2018-11-27 04:05:33.638224,54,54.239.26.255,443,1.0,0,1,1,,1,ack
2018-11-27 04:05:33.659294,172,52.94.227.146,443,3.0,0,1,1,23,1,expected
2018-11-27 04:05:33.662706,66,54.239.26.255,443,1.0,24,1,1,,1,ack
2018-11-27 04:05:33.674013,172,52.94.227.146,443,3.0,0,1,1,23,1,expected
2018-11-27 04:05:33.687357,172,52.94.227.146,443,3.0,0,1,1,23,1,expected
2018-11-27 04:05:33.709272,54,52.94.227.146,443,1.0,89,1,1,,1,ack
2018-11-27 04:05:33.710694,172,52.94.227.146,443,3.0,0,1,1,23,1,expected
2018-11-27 04:05:33.723908,180,54.239.26.255,443,3.0,0,1,1,22,1,handshake
2018-11-27 04:05:33.736790,172,52.94.227.146,443,3.0,0,1,1,23,1,expected
2018-11-27 04:05:33.757032,172,52.94.227.146,443,3.0,0,1,1,23,1,expected
2018-11-27 04:05:33.763190,54,54.239.26.255,443,1.0,100,1,1,,1,ack
2018-11-27 04:05:33.774021,172,52.94.227.146,443,3.0,0,1,1,23,1,expected
2018-11-27 04:05:33.774666,765,54.239.26.255,443,3.0,0,1,1,23,1,expected
2018-11-27 04:05:33.785568,172,52.94.227.146,443,3.0,0,1,1,23,1,expected
2018-11-27 04:05:33.820046,172,52.94.227.146,443,3.0,0,1,1,23,1,expected
2018-11-27 04:05:33.827681,85,54.239.26.255,443,3.0,0,1,1,21,1,handshake
2018-11-27 04:05:33.827870,54,54.239.26.255,443,1.0,64,1,1,,1,ack
2018-11-27 04:05:33.833841,172,52.94.227.146,443,3.0,0,1,1,23,1,expected
2018-11-27 04:05:33.848760,172,52.94.227.146,443,3.0,0,1,1,23,1,expected
2018-11-27 04:05:33.862511,172,52.94.227.146,443,3.0,0,1,1,23,1,expected
2018-11-27 04:05:33.868005,54,54.239.26.255,443,1.0,40,1,1,,1,ack
2018-11-27 04:05:33.897857,172,52.94.227.146,443,3.0,0,1,1,23,1,expected
2018-11-27 04:05:33.910851,172,52.94.227.146,443,3.0,0,1,1,23,1,expected
2018-11-27 04:05:33.931723,172,52.94.227.146,443,3.0,0,1,1,23,1,expected
2018-11-27 04:05:33.945665,172,52.94.227.146,443,3.0,0,1,1,23,1,expected
2018-11-27 04:05:33.980669,172,52.94.227.146,443,3.0,0,1,1,23,1,expected
2018-11-27 04:05:33.994523,172,52.94.227.146,443,3.0,0,1,1,23,1,expected
2018-11-27 04:05:34.009766,172,52.94.227.146,443,3.0,0,1,1,23,1,expected
2018-11-27 04:05:34.053438,172,52.94.227.146,443,3.0,0,1,1,23,1,expected
2018-11-27 04:05:34.054123,285,52.94.227.146,443,3.0,0,1,1,23,1,expected
2018-11-27 04:05:34.054163,1514,52.94.227.146,443,3.0,0,1,1,23,1,expected
2018-11-27 04:05:34.054228,1514,52.94.227.146,443,1.0,344,1,1,,1,not_relevant
2018-11-27 04:05:34.054288,1514,52.94.227.146,443,1.0,0,1,1,,1,not_relevant
2018-11-27 04:05:34.054466,662,52.94.227.146,443,3.0,0,1,1,23,1,expected
2018-11-27 04:05:34.057542,172,52.94.227.146,443,3.0,0,1,1,23,1,expected
2018-11-27 04:05:34.072389,172,52.94.227.146,443,3.0,0,1,1,23,1,expected
2018-11-27 04:05:34.096327,172,52.94.227.146,443,3.0,0,1,1,23,1,expected
2018-11-27 04:05:34.106671,172,52.94.227.146,443,3.0,0,1,1,23,1,expected
2018-11-27 04:05:34.135941,172,52.94.227.146,443,3.0,0,1,1,23,1,expected
2018-11-27 04:05:34.155578,172,52.94.227.146,443,3.0,0,1,1,23,1,expected
2018-11-27 04:05:34.169594,172,52.94.227.146,443,3.0,0,1,1,23,1,expected
2018-11-27 04:05:34.183950,172,52.94.227.146,443,3.0,0,1,1,23,1,expected
2018-11-27 04:05:34.218872,172,52.94.227.146,443,3.0,0,1,1,23,1,expected
2018-11-27 04:05:34.232769,172,52.94.227.146,443,3.0,0,1,1,23,1,expected
2018-11-27 04:05:34.246848,172,52.94.227.146,443,3.0,0,1,1,23,1,expected
2018-11-27 04:05:34.256717,54,52.94.227.146,443,1.0,202,1,1,,1,ack
2018-11-27 04:05:34.268182,172,52.94.227.146,443,3.0,0,1,1,23,1,expected
2018-11-27 04:05:34.295955,172,52.94.227.146,443,3.0,0,1,1,23,1,expected
2018-11-27 04:05:34.321840,172,52.94.227.146,443,3.0,0,1,1,23,1,expected
2018-11-27 04:05:34.330953,172,52.94.227.146,443,3.0,0,1,1,23,1,expected
2018-11-27 04:05:34.345010,172,52.94.227.146,443,3.0,0,1,1,23,1,expected
2018-11-27 04:05:34.380754,172,52.94.227.146,443,3.0,0,1,1,23,1,expected
2018-11-27 04:05:34.401161,172,52.94.227.146,443,3.0,0,1,1,23,1,expected
2018-11-27 04:05:34.409937,172,52.94.227.146,443,3.0,0,1,1,23,1,expected
2018-11-27 04:05:34.429007,172,52.94.227.146,443,3.0,0,1,1,23,1,expected
2018-11-27 04:05:34.456940,172,52.94.227.146,443,3.0,0,1,1,23,1,expected
2018-11-27 04:05:34.470639,172,52.94.227.146,443,3.0,0,1,1,23,1,expected
2018-11-27 04:05:34.491735,172,52.94.227.146,443,3.0,0,1,1,23,1,expected
2018-11-27 04:05:34.506356,172,52.94.227.146,443,3.0,0,1,1,23,1,expected
2018-11-27 04:05:34.540988,172,52.94.227.146,443,3.0,0,1,1,23,1,expected
2018-11-27 04:05:34.555492,172,52.94.227.146,443,3.0,0,1,1,23,1,expected
2018-11-27 04:05:34.569454,172,52.94.227.146,443,3.0,0,1,1,23,1,expected
2018-11-27 04:05:34.583261,172,52.94.227.146,443,3.0,0,1,1,23,1,expected
2018-11-27 04:05:34.618489,172,52.94.227.146,443,3.0,0,1,1,23,1,expected
2018-11-27 04:05:34.634921,172,52.94.227.146,443,3.0,0,1,1,23,1,expected
2018-11-27 04:05:34.647996,172,52.94.227.146,443,3.0,0,1,1,23,1,expected
2018-11-27 04:05:34.667380,172,52.94.227.146,443,3.0,0,1,1,23,1,expected
2018-11-27 04:05:34.695721,172,52.94.227.146,443,3.0,0,1,1,23,1,expected
2018-11-27 04:05:34.716717,172,52.94.227.146,443,3.0,0,1,1,23,1,expected
2018-11-27 04:05:34.747953,172,52.94.227.146,443,3.0,0,1,1,23,1,expected
2018-11-27 04:05:34.748153,172,52.94.227.146,443,3.0,0,1,1,23,1,expected
2018-11-27 04:05:34.780268,172,52.94.227.146,443,3.0,0,1,1,23,1,expected
2018-11-27 04:05:34.794190,172,52.94.227.146,443,3.0,0,1,1,23,1,expected
2018-11-27 04:05:34.808598,172,52.94.227.146,443,3.0,0,1,1,23,1,expected
2018-11-27 04:05:34.829421,172,52.94.227.146,443,3.0,0,1,1,23,1,expected
2018-11-27 04:05:34.857495,172,52.94.227.146,443,3.0,0,1,1,23,1,expected
2018-11-27 04:05:34.870806,172,52.94.227.146,443,3.0,0,1,1,23,1,expected
2018-11-27 04:05:34.891231,172,52.94.227.146,443,3.0,0,1,1,23,1,expected
2018-11-27 04:05:34.905461,172,52.94.227.146,443,3.0,0,1,1,23,1,expected
2018-11-27 04:05:34.941421,172,52.94.227.146,443,3.0,0,1,1,23,1,expected
2018-11-27 04:05:34.954647,172,52.94.227.146,443,3.0,0,1,1,23,1,expected
2018-11-27 04:05:34.968736,172,52.94.227.146,443,3.0,0,1,1,23,1,expected
2018-11-27 04:05:34.983138,172,52.94.227.146,443,3.0,0,1,1,23,1,expected
2018-11-27 04:05:35.017808,172,52.94.227.146,443,3.0,0,1,1,23,1,expected
2018-11-27 04:05:35.031792,172,52.94.227.146,443,3.0,0,1,1,23,1,expected
2018-11-27 04:05:35.054171,172,52.94.227.146,443,3.0,0,1,1,23,1,expected
2018-11-27 04:05:35.067094,172,52.94.227.146,443,3.0,0,1,1,23,1,expected
2018-11-27 04:05:35.094795,172,52.94.227.146,443,3.0,0,1,1,23,1,expected
2018-11-27 04:05:35.115716,172,52.94.227.146,443,3.0,0,1,1,23,1,expected
2018-11-27 04:05:35.129749,172,52.94.227.146,443,3.0,0,1,1,23,1,expected
2018-11-27 04:05:35.143948,172,52.94.227.146,443,3.0,0,1,1,23,1,expected
2018-11-27 04:05:35.180365,172,52.94.227.146,443,3.0,0,1,1,23,1,expected
2018-11-27 04:05:35.194012,172,52.94.227.146,443,3.0,0,1,1,23,1,expected
2018-11-27 04:05:35.208552,172,52.94.227.146,443,3.0,0,1,1,23,1,expected
2018-11-27 04:05:35.229195,172,52.94.227.146,443,3.0,0,1,1,23,1,expected
2018-11-27 04:05:35.256608,172,52.94.227.146,443,3.0,0,1,1,23,1,expected
2018-11-27 04:05:35.281332,172,52.94.227.146,443,3.0,0,1,1,23,1,expected
2018-11-27 04:05:35.292173,172,52.94.227.146,443,3.0,0,1,1,23,1,expected
2018-11-27 04:05:35.305766,172,52.94.227.146,443,3.0,0,1,1,23,1,expected
2018-11-27 04:05:35.340578,172,52.94.227.146,443,3.0,0,1,1,23,1,expected
2018-11-27 04:05:35.353942,172,52.94.227.146,443,3.0,0,1,1,23,1,expected
2018-11-27 04:05:35.368128,172,52.94.227.146,443,3.0,0,1,1,23,1,expected
2018-11-27 04:05:35.382029,172,52.94.227.146,443,3.0,0,1,1,23,1,expected
2018-11-27 04:05:35.417242,172,52.94.227.146,443,3.0,0,1,1,23,1,expected
2018-11-27 04:05:35.453527,172,52.94.227.146,443,3.0,0,1,1,23,1,expected
2018-11-27 04:05:35.453695,172,52.94.227.146,443,3.0,0,1,1,23,1,expected
2018-11-27 04:05:35.466010,172,52.94.227.146,443,3.0,0,1,1,23,1,expected
2018-11-27 04:05:35.500573,172,52.94.227.146,443,3.0,0,1,1,23,1,expected
2018-11-27 04:05:35.514543,172,52.94.227.146,443,3.0,0,1,1,23,1,expected
2018-11-27 04:05:35.529932,172,52.94.227.146,443,3.0,0,1,1,23,1,expected
2018-11-27 04:05:35.543225,172,52.94.227.146,443,3.0,0,1,1,23,1,expected
2018-11-27 04:05:35.578202,172,52.94.227.146,443,3.0,0,1,1,23,1,expected
2018-11-27 04:05:35.591774,172,52.94.227.146,443,3.0,0,1,1,23,1,expected
2018-11-27 04:05:35.612648,172,52.94.227.146,443,3.0,0,1,1,23,1,expected
2018-11-27 04:05:35.626709,172,52.94.227.146,443,3.0,0,1,1,23,1,expected
2018-11-27 04:05:35.655001,172,52.94.227.146,443,3.0,0,1,1,23,1,expected
2018-11-27 04:05:35.676154,172,52.94.227.146,443,3.0,0,1,1,23,1,expected
2018-11-27 04:05:35.693673,172,52.94.227.146,443,3.0,0,1,1,23,1,expected
2018-11-27 04:05:35.707230,172,52.94.227.146,443,3.0,0,1,1,23,1,expected
2018-11-27 04:05:35.738671,172,52.94.227.146,443,3.0,0,1,1,23,1,expected
2018-11-27 04:05:35.754007,172,52.94.227.146,443,3.0,0,1,1,23,1,expected
2018-11-27 04:05:35.767417,172,52.94.227.146,443,3.0,0,1,1,23,1,expected
2018-11-27 04:05:35.787993,172,52.94.227.146,443,3.0,0,1,1,23,1,expected
2018-11-27 04:05:35.822825,172,52.94.227.146,443,3.0,0,1,1,23,1,expected
2018-11-27 04:05:35.837627,172,52.94.227.146,443,3.0,0,1,1,23,1,expected
2018-11-27 04:05:35.850424,172,52.94.227.146,443,3.0,0,1,1,23,1,expected
2018-11-27 04:05:35.864330,172,52.94.227.146,443,3.0,0,1,1,23,1,expected
2018-11-27 04:05:35.899721,172,52.94.227.146,443,3.0,0,1,1,23,1,expected
2018-11-27 04:05:35.915711,172,52.94.227.146,443,3.0,0,1,1,23,1,expected
2018-11-27 04:05:35.927822,172,52.94.227.146,443,3.0,0,1,1,23,1,expected
2018-11-27 04:05:35.948973,172,52.94.227.146,443,3.0,0,1,1,23,1,expected
2018-11-27 04:05:35.976478,172,52.94.227.146,443,3.0,0,1,1,23,1,expected
2018-11-27 04:05:35.992096,172,52.94.227.146,443,3.0,0,1,1,23,1,expected
2018-11-27 04:05:36.012069,172,52.94.227.146,443,3.0,0,1,1,23,1,expected
2018-11-27 04:05:36.025744,172,52.94.227.146,443,3.0,0,1,1,23,1,expected
2018-11-27 04:05:36.060946,172,52.94.227.146,443,3.0,0,1,1,23,1,expected
2018-11-27 04:05:36.074353,172,52.94.227.146,443,3.0,0,1,1,23,1,expected
2018-11-27 04:05:36.089510,172,52.94.227.146,443,3.0,0,1,1,23,1,expected
2018-11-27 04:05:36.102470,172,52.94.227.146,443,3.0,0,1,1,23,1,expected
2018-11-27 04:05:36.153295,172,52.94.227.146,443,3.0,0,1,1,23,1,expected
2018-11-27 04:05:36.153469,172,52.94.227.146,443,3.0,0,1,1,23,1,expected
2018-11-27 04:05:36.172559,172,52.94.227.146,443,3.0,0,1,1,23,1,expected
2018-11-27 04:05:36.187183,172,52.94.227.146,443,3.0,0,1,1,23,1,expected
2018-11-27 04:05:36.214393,172,52.94.227.146,443,3.0,0,1,1,23,1,expected
2018-11-27 04:05:36.235542,172,52.94.227.146,443,3.0,0,1,1,23,1,expected
2018-11-27 04:05:36.250224,172,52.94.227.146,443,3.0,0,1,1,23,1,expected
2018-11-27 04:05:36.264030,172,52.94.227.146,443,3.0,0,1,1,23,1,expected
2018-11-27 04:05:36.299023,172,52.94.227.146,443,3.0,0,1,1,23,1,expected
2018-11-27 04:05:36.313211,172,52.94.227.146,443,3.0,0,1,1,23,1,expected
2018-11-27 04:05:36.327399,172,52.94.227.146,443,3.0,0,1,1,23,1,expected
2018-11-27 04:05:36.330729,136,52.94.227.146,443,3.0,0,1,1,23,1,expected
2018-11-27 04:05:36.331241,92,52.94.227.146,443,3.0,0,1,1,23,1,expected
2018-11-27 04:05:36.349859,74,54.239.26.255,443,1.0,3659233535,0,1,,1,retransmit
2018-11-27 04:05:36.375108,54,52.94.227.146,443,1.0,2118,1,1,,1,ack
2018-11-27 04:05:36.389250,54,54.239.26.255,443,1.0,39,1,1,,1,ack
2018-11-27 04:05:36.396987,312,54.239.26.255,443,3.0,0,1,1,22,1,handshake
2018-11-27 04:05:36.438329,54,54.239.26.255,443,1.0,49,1,1,,1,ack
2018-11-27 04:05:36.438730,105,54.239.26.255,443,3.0,0,1,1,20,1,handshake
2018-11-27 04:05:36.533436,809,54.239.26.255,443,3.0,0,1,1,23,1,expected
2018-11-27 04:05:36.584521,85,54.239.26.255,443,3.0,0,1,1,21,1,handshake
2018-11-27 04:05:36.584677,54,54.239.26.255,443,1.0,146,1,1,,1,ack
2018-11-27 04:05:36.626954,54,54.239.26.255,443,1.0,42,1,1,,1,ack
2018-11-27 04:05:36.648035,54,52.94.227.146,443,1.0,272,1,1,,1,ack
2018-11-27 04:05:36.648796,74,54.239.26.255,443,1.0,3659233792,0,1,,1,retransmit
2018-11-27 04:05:36.696585,54,54.239.26.255,443,1.0,47,1,1,,1,ack
2018-11-27 04:05:36.697885,312,54.239.26.255,443,3.0,0,1,1,22,1,handshake
2018-11-27 04:05:36.719939,54,52.94.227.146,443,1.0,71,1,1,,1,ack
2018-11-27 04:05:36.720091,54,52.94.227.146,443,1.0,0,1,1,,1,ack
2018-11-27 04:05:36.720229,54,52.94.227.146,443,1.0,0,1,1,,1,ack
2018-11-27 04:05:36.721262,54,52.94.227.146,443,1.0,1,1,1,,1,ack
2018-11-27 04:05:36.721369,54,52.94.227.146,443,1.0,0,1,1,,1,ack
2018-11-27 04:05:36.722256,54,52.94.227.146,443,1.0,0,1,1,,1,ack
2018-11-27 04:05:36.722477,54,52.94.227.146,443,1.0,0,1,1,,1,ack
2018-11-27 04:05:36.723281,54,52.94.227.146,443,1.0,0,1,1,,1,ack
2018-11-27 04:05:36.723374,54,52.94.227.146,443,1.0,0,1,1,,1,ack
2018-11-27 04:05:36.724347,54,52.94.227.146,443,1.0,0,1,1,,1,ack
2018-11-27 04:05:36.739680,54,54.239.26.255,443,1.0,43,1,1,,1,ack
2018-11-27 04:05:36.744678,105,54.239.26.255,443,3.0,0,1,1,20,1,handshake
2018-11-27 04:05:36.760714,54,52.94.227.146,443,1.0,36,1,1,,1,ack
2018-11-27 04:05:36.760941,54,52.94.227.146,443,1.0,0,1,1,,1,ack
2018-11-27 04:05:36.761017,54,52.94.227.146,443,1.0,0,1,1,,1,ack
2018-11-27 04:05:36.761983,54,52.94.227.146,443,1.0,0,1,1,,1,ack
2018-11-27 04:05:36.762063,54,52.94.227.146,443,1.0,0,1,1,,1,ack
2018-11-27 04:05:36.763523,96,52.94.227.146,443,3.0,0,1,1,23,1,expected
2018-11-27 04:05:36.768506,74,54.239.26.255,443,1.0,3659205162,0,1,,1,retransmit
2018-11-27 04:05:36.816031,54,54.239.26.255,443,1.0,47,1,1,,1,ack
2018-11-27 04:05:36.853691,312,54.239.26.255,443,3.0,0,1,1,22,1,handshake
2018-11-27 04:05:36.853986,781,54.239.26.255,443,3.0,0,1,1,23,1,expected
2018-11-27 04:05:36.902463,289,52.94.227.146,443,3.0,0,1,1,23,1,expected
2018-11-27 04:05:36.905452,54,54.239.26.255,443,1.0,89,1,1,,1,ack
2018-11-27 04:05:36.908845,105,54.239.26.255,443,3.0,0,1,1,20,1,handshake
2018-11-27 04:05:36.909708,190,52.94.227.146,443,3.0,0,1,1,23,1,expected
2018-11-27 04:05:36.909822,1514,52.94.227.146,443,1.0,147,1,1,,1,not_relevant
2018-11-27 04:05:36.909842,1514,52.94.227.146,443,1.0,0,1,1,,1,not_relevant
2018-11-27 04:05:36.911021,402,52.94.227.146,443,3.0,0,1,1,23,1,expected
2018-11-27 04:05:36.913285,136,52.94.227.146,443,3.0,0,1,1,23,1,expected
2018-11-27 04:05:36.913381,92,52.94.227.146,443,3.0,0,1,1,23,1,expected
2018-11-27 04:05:36.913545,85,54.239.26.255,443,3.0,0,1,1,21,1,handshake
2018-11-27 04:05:36.913623,54,54.239.26.255,443,1.0,173,1,1,,1,ack
2018-11-27 04:05:36.959613,54,54.239.26.255,443,1.0,45,1,1,,1,ack
2018-11-27 04:05:36.987944,288,52.94.227.146,443,3.0,0,1,1,23,1,expected
2018-11-27 04:05:36.988599,190,52.94.227.146,443,3.0,0,1,1,23,1,expected
2018-11-27 04:05:36.990055,1514,52.94.227.146,443,1.0,80,1,1,,1,not_relevant
2018-11-27 04:05:36.990545,1514,52.94.227.146,443,1.0,0,1,1,,1,not_relevant
2018-11-27 04:05:36.990567,407,52.94.227.146,443,3.0,0,1,1,23,1,expected
2018-11-27 04:05:36.990659,136,52.94.227.146,443,3.0,0,1,1,23,1,expected
2018-11-27 04:05:36.991052,92,52.94.227.146,443,3.0,0,1,1,23,1,expected
2018-11-27 04:05:37.008824,787,54.239.26.255,443,3.0,0,1,1,23,1,expected
2018-11-27 04:05:37.035413,74,54.239.26.255,443,1.0,3659202997,0,1,,1,retransmit
2018-11-27 04:05:37.061571,85,54.239.26.255,443,3.0,0,1,1,21,1,handshake
2018-11-27 04:05:37.061749,54,54.239.26.255,443,1.0,156,1,1,,1,ack
2018-11-27 04:05:37.065132,54,52.94.227.146,443,1.0,74,1,1,,1,ack
2018-11-27 04:05:37.067049,54,52.94.227.146,443,1.0,1,1,1,,1,ack
2018-11-27 04:05:37.070275,54,52.94.227.146,443,1.0,3,1,1,,1,ack
2018-11-27 04:05:37.070532,54,52.94.227.146,443,1.0,0,1,1,,1,ack
2018-11-27 04:05:37.070674,54,52.94.227.146,443,1.0,0,1,1,,1,ack
2018-11-27 04:05:37.075575,286,52.94.227.146,443,3.0,0,1,1,23,1,expected
2018-11-27 04:05:37.076620,190,52.94.227.146,443,3.0,0,1,1,23,1,expected
2018-11-27 04:05:37.076657,54,54.239.26.255,443,1.0,41,1,1,,1,ack
2018-11-27 04:05:37.078375,312,54.239.26.255,443,3.0,0,1,1,22,1,handshake
2018-11-27 04:05:37.081451,1514,52.94.227.146,443,1.0,10,1,1,,1,not_relevant
2018-11-27 04:05:37.081930,1514,52.94.227.146,443,1.0,0,1,1,,1,not_relevant
2018-11-27 04:05:37.081951,403,52.94.227.146,443,3.0,0,1,1,23,1,expected
2018-11-27 04:05:37.081965,136,52.94.227.146,443,3.0,0,1,1,23,1,expected
2018-11-27 04:05:37.082343,92,52.94.227.146,443,3.0,0,1,1,23,1,expected
2018-11-27 04:05:37.102063,54,54.239.26.255,443,1.0,40,1,1,,1,ack
2018-11-27 04:05:37.123476,54,54.239.26.255,443,1.0,46,1,1,,1,ack
2018-11-27 04:05:37.123824,105,54.239.26.255,443,3.0,0,1,1,20,1,handshake
2018-11-27 04:05:37.132635,54,52.94.227.146,443,1.0,50,1,1,,1,ack
2018-11-27 04:05:37.216295,798,54.239.26.255,443,3.0,0,1,1,23,1,expected
2018-11-27 04:05:37.218650,54,52.94.227.146,443,1.0,86,1,1,,1,ack
2018-11-27 04:05:37.262060,85,54.239.26.255,443,3.0,0,1,1,21,1,handshake
2018-11-27 04:05:37.262218,54,54.239.26.255,443,1.0,138,1,1,,1,ack
2018-11-27 04:05:37.302860,54,54.239.26.255,443,1.0,40,1,1,,1,ack
2018-11-27 04:05:40.079730,287,52.94.227.146,443,3.0,0,1,1,23,1,expected
2018-11-27 04:05:40.080276,1514,52.94.227.146,443,3.0,0,1,1,23,1,expected
2018-11-27 04:05:40.080340,1514,52.94.227.146,443,1.0,2861,1,1,,1,not_relevant
2018-11-27 04:05:40.080378,1514,52.94.227.146,443,1.0,0,1,1,,1,not_relevant
2018-11-27 04:05:40.080412,626,52.94.227.146,443,3.0,0,1,1,23,1,expected
2018-11-27 04:05:40.080581,92,52.94.227.146,443,3.0,0,1,1,23,1,expected
2018-11-27 04:05:40.132383,1514,52.94.227.146,443,1.0,52,1,1,,1,not_relevant
2018-11-27 04:05:40.146117,287,52.94.227.146,443,3.0,0,1,1,23,1,expected
2018-11-27 04:05:40.155138,190,52.94.227.146,443,3.0,0,1,1,23,1,expected
2018-11-27 04:05:40.157192,1514,52.94.227.146,443,1.0,24,1,1,,1,not_relevant
2018-11-27 04:05:40.157289,1514,52.94.227.146,443,1.0,0,1,1,,1,not_relevant
2018-11-27 04:05:40.203798,527,52.94.227.146,443,3.0,0,1,1,23,1,expected
2018-11-27 04:05:40.235272,54,52.94.227.146,443,1.0,77,1,1,,1,ack
2018-11-27 04:05:40.363831,54,52.94.227.146,443,1.0,128,1,1,,1,ack
2018-11-27 04:05:40.579761,288,52.94.227.146,443,3.0,0,1,1,23,1,expected
2018-11-27 04:05:40.579960,190,52.94.227.146,443,3.0,0,1,1,23,1,expected
2018-11-27 04:05:40.580380,1514,52.94.227.146,443,1.0,216,1,1,,1,not_relevant
2018-11-27 04:05:40.580400,1514,52.94.227.146,443,1.0,0,1,1,,1,not_relevant
2018-11-27 04:05:40.580539,522,52.94.227.146,443,3.0,0,1,1,23,1,expected
2018-11-27 04:05:40.734017,54,52.94.227.146,443,1.0,153,1,1,,1,ack
2018-11-27 04:06:00.071277,100,52.94.227.146,443,3.0,0,1,1,23,1,syn
2018-11-27 04:06:00.862161,295,52.94.232.230,443,3.0,0,1,1,23,1,expected
2018-11-27 04:06:00.906770,54,52.94.232.230,443,1.0,3659226417,1,1,,1,ack
2018-11-27 04:06:17.901517,288,52.94.227.146,443,3.0,0,1,1,23,1,expected
2018-11-27 04:06:17.902849,190,52.94.227.146,443,3.0,0,1,1,23,1,expected
2018-11-27 04:06:17.913111,1514,52.94.227.146,443,1.0,37179,1,1,,1,not_relevant
2018-11-27 04:06:17.914579,1514,52.94.227.146,443,1.0,1,1,1,,1,not_relevant
2018-11-27 04:06:17.914622,907,52.94.227.146,443,3.0,0,1,1,23,1,expected
2018-11-27 04:06:17.945509,846,52.94.227.146,443,3.0,0,1,1,23,1,expected
2018-11-27 04:06:17.961166,1514,52.94.227.146,443,1.0,46,1,1,,1,not_relevant
2018-11-27 04:06:17.961251,1514,52.94.227.146,443,1.0,0,1,1,,1,not_relevant
2018-11-27 04:06:17.961287,780,52.94.227.146,443,3.0,0,1,1,23,1,expected
2018-11-27 04:06:17.997755,54,52.94.227.146,443,1.0,36,1,1,,1,ack
2018-11-27 04:06:17.999392,74,54.239.26.255,443,1.0,3659243267,0,1,,1,retransmit
2018-11-27 04:06:18.011683,1514,52.94.227.146,443,1.0,13,1,1,,1,not_relevant
2018-11-27 04:06:18.011735,1514,52.94.227.146,443,1.0,0,1,1,,1,not_relevant
2018-11-27 04:06:18.011800,1392,52.94.227.146,443,3.0,0,1,1,23,1,expected
2018-11-27 04:06:18.023612,172,52.94.227.146,443,3.0,0,1,1,23,1,expected
2018-11-27 04:06:18.043849,172,52.94.227.146,443,3.0,0,1,1,23,1,expected
2018-11-27 04:06:18.051279,54,54.239.26.255,443,1.0,51,1,1,,1,ack
2018-11-27 04:06:18.052857,312,54.239.26.255,443,3.0,0,1,1,22,1,handshake
2018-11-27 04:06:18.058406,172,52.94.227.146,443,3.0,0,1,1,23,1,expected
2018-11-27 04:06:18.086010,54,52.94.227.146,443,1.0,74,1,1,,1,ack
2018-11-27 04:06:18.086375,54,52.94.227.146,443,1.0,0,1,1,,1,ack
2018-11-27 04:06:18.093308,172,52.94.227.146,443,3.0,0,1,1,23,1,expected
2018-11-27 04:06:18.096787,54,54.239.26.255,443,1.0,45,1,1,,1,ack
2018-11-27 04:06:18.097275,105,54.239.26.255,443,3.0,0,1,1,20,1,handshake
2018-11-27 04:06:18.106726,172,52.94.227.146,443,3.0,0,1,1,23,1,expected
2018-11-27 04:06:18.120825,172,52.94.227.146,443,3.0,0,1,1,23,1,expected
2018-11-27 04:06:18.157403,172,52.94.227.146,443,3.0,0,1,1,23,1,expected
2018-11-27 04:06:18.169684,172,52.94.227.146,443,3.0,0,1,1,23,1,expected
2018-11-27 04:06:18.183655,172,52.94.227.146,443,3.0,0,1,1,23,1,expected
2018-11-27 04:06:18.185750,767,54.239.26.255,443,3.0,0,1,1,23,1,expected
2018-11-27 04:06:18.204602,172,52.94.227.146,443,3.0,0,1,1,23,1,expected
2018-11-27 04:06:18.218561,172,52.94.227.146,443,3.0,0,1,1,23,1,expected
2018-11-27 04:06:18.239908,85,54.239.26.255,443,3.0,0,1,1,21,1,handshake
2018-11-27 04:06:18.240118,54,54.239.26.255,443,1.0,143,1,1,,1,ack
2018-11-27 04:06:18.246840,172,52.94.227.146,443,3.0,0,1,1,23,1,expected
2018-11-27 04:06:18.267551,172,52.94.227.146,443,3.0,0,1,1,23,1,expected
2018-11-27 04:06:18.282943,172,52.94.227.146,443,3.0,0,1,1,23,1,expected
2018-11-27 04:06:18.286506,54,54.239.26.255,443,1.0,46,1,1,,1,ack
2018-11-27 04:06:18.295794,172,52.94.227.146,443,3.0,0,1,1,23,1,expected
2018-11-27 04:06:18.330628,172,52.94.227.146,443,3.0,0,1,1,23,1,expected
2018-11-27 04:06:18.344648,172,52.94.227.146,443,3.0,0,1,1,23,1,expected
2018-11-27 04:06:18.359112,172,52.94.227.146,443,3.0,0,1,1,23,1,expected
2018-11-27 04:06:18.380917,172,52.94.227.146,443,3.0,0,1,1,23,1,expected
2018-11-27 04:06:18.407569,172,52.94.227.146,443,3.0,0,1,1,23,1,expected
2018-11-27 04:06:18.428893,172,52.94.227.146,443,3.0,0,1,1,23,1,expected
2018-11-27 04:06:18.440841,297,52.94.227.146,443,3.0,0,1,1,23,1,expected
2018-11-27 04:06:18.442504,190,52.94.227.146,443,3.0,0,1,1,23,1,expected
2018-11-27 04:06:18.444611,1514,52.94.227.146,443,1.0,358,1,1,,1,not_relevant
2018-11-27 04:06:18.471377,1514,52.94.227.146,443,1.0,26,1,1,,1,not_relevant
2018-11-27 04:06:18.471875,762,52.94.227.146,443,3.0,0,1,1,23,1,expected
2018-11-27 04:06:18.491865,172,52.94.227.146,443,3.0,0,1,1,23,1,expected
2018-11-27 04:06:18.505607,172,52.94.227.146,443,3.0,0,1,1,23,1,expected
2018-11-27 04:06:18.519757,172,52.94.227.146,443,3.0,0,1,1,23,1,expected
2018-11-27 04:06:18.545749,172,52.94.227.146,443,3.0,0,1,1,23,1,expected
2018-11-27 04:06:18.567795,172,52.94.227.146,443,3.0,0,1,1,23,1,expected
2018-11-27 04:06:18.590141,172,52.94.227.146,443,3.0,0,1,1,23,1,expected
2018-11-27 04:06:18.603225,172,52.94.227.146,443,3.0,0,1,1,23,1,expected
2018-11-27 04:06:18.617053,172,52.94.227.146,443,3.0,0,1,1,23,1,expected
2018-11-27 04:06:18.628054,54,52.94.227.146,443,1.0,156,1,1,,1,ack
2018-11-27 04:06:18.651438,172,52.94.227.146,443,3.0,0,1,1,23,1,expected
2018-11-27 04:06:18.674743,172,52.94.227.146,443,3.0,0,1,1,23,1,expected
2018-11-27 04:06:18.680158,172,52.94.227.146,443,3.0,0,1,1,23,1,expected
2018-11-27 04:06:18.700880,172,52.94.227.146,443,3.0,0,1,1,23,1,expected
2018-11-27 04:06:18.729094,172,52.94.227.146,443,3.0,0,1,1,23,1,expected
2018-11-27 04:06:18.742913,172,52.94.227.146,443,3.0,0,1,1,23,1,expected
2018-11-27 04:06:18.763771,172,52.94.227.146,443,3.0,0,1,1,23,1,expected
2018-11-27 04:06:18.778220,172,52.94.227.146,443,3.0,0,1,1,23,1,expected
2018-11-27 04:06:18.812518,172,52.94.227.146,443,3.0,0,1,1,23,1,expected
2018-11-27 04:06:18.851047,172,52.94.227.146,443,3.0,0,1,1,23,1,expected
2018-11-27 04:06:18.851161,172,52.94.227.146,443,3.0,0,1,1,23,1,expected
2018-11-27 04:06:18.854346,172,52.94.227.146,443,3.0,0,1,1,23,1,expected
2018-11-27 04:06:18.891001,172,52.94.227.146,443,3.0,0,1,1,23,1,expected
2018-11-27 04:06:18.903565,172,52.94.227.146,443,3.0,0,1,1,23,1,expected
2018-11-27 04:06:18.924387,172,52.94.227.146,443,3.0,0,1,1,23,1,expected
2018-11-27 04:06:18.938616,172,52.94.227.146,443,3.0,0,1,1,23,1,expected
2018-11-27 04:06:18.967801,172,52.94.227.146,443,3.0,0,1,1,23,1,expected
2018-11-27 04:06:18.987601,172,52.94.227.146,443,3.0,0,1,1,23,1,expected
2018-11-27 04:06:19.001447,172,52.94.227.146,443,3.0,0,1,1,23,1,expected
2018-11-27 04:06:19.016450,172,52.94.227.146,443,3.0,0,1,1,23,1,expected
2018-11-27 04:06:19.050708,172,52.94.227.146,443,3.0,0,1,1,23,1,expected
2018-11-27 04:06:19.065331,172,52.94.227.146,443,3.0,0,1,1,23,1,expected
2018-11-27 04:06:19.078694,172,52.94.227.146,443,3.0,0,1,1,23,1,expected
2018-11-27 04:06:19.099585,172,52.94.227.146,443,3.0,0,1,1,23,1,expected
2018-11-27 04:06:19.127500,172,52.94.227.146,443,3.0,0,1,1,23,1,expected
2018-11-27 04:06:19.149109,172,52.94.227.146,443,3.0,0,1,1,23,1,expected
2018-11-27 04:06:19.162840,172,52.94.227.146,443,3.0,0,1,1,23,1,expected
2018-11-27 04:06:19.176741,172,52.94.227.146,443,3.0,0,1,1,23,1,expected
2018-11-27 04:06:19.211609,172,52.94.227.146,443,3.0,0,1,1,23,1,expected
2018-11-27 04:06:19.225389,172,52.94.227.146,443,3.0,0,1,1,23,1,expected
2018-11-27 04:06:19.239594,172,52.94.227.146,443,3.0,0,1,1,23,1,expected
2018-11-27 04:06:19.266152,172,52.94.227.146,443,3.0,0,1,1,23,1,expected
2018-11-27 04:06:19.288562,172,52.94.227.146,443,3.0,0,1,1,23,1,expected
2018-11-27 04:06:19.302554,172,52.94.227.146,443,3.0,0,1,1,23,1,expected
2018-11-27 04:06:19.323811,172,52.94.227.146,443,3.0,0,1,1,23,1,expected
2018-11-27 04:06:19.337579,172,52.94.227.146,443,3.0,0,1,1,23,1,expected
2018-11-27 04:06:19.372751,172,52.94.227.146,443,3.0,0,1,1,23,1,expected
2018-11-27 04:06:19.386630,172,52.94.227.146,443,3.0,0,1,1,23,1,expected
2018-11-27 04:06:19.400483,172,52.94.227.146,443,3.0,0,1,1,23,1,expected
2018-11-27 04:06:19.420444,172,52.94.227.146,443,3.0,0,1,1,23,1,expected
2018-11-27 04:06:19.449182,172,52.94.227.146,443,3.0,0,1,1,23,1,expected
2018-11-27 04:06:19.462743,172,52.94.227.146,443,3.0,0,1,1,23,1,expected
2018-11-27 04:06:19.483450,172,52.94.227.146,443,3.0,0,1,1,23,1,expected
2018-11-27 04:06:19.499241,172,52.94.227.146,443,3.0,0,1,1,23,1,expected
2018-11-27 04:06:19.548246,172,52.94.227.146,443,3.0,0,1,1,23,1,expected
2018-11-27 04:06:19.548497,172,52.94.227.146,443,3.0,0,1,1,23,1,expected
2018-11-27 04:06:19.561224,172,52.94.227.146,443,3.0,0,1,1,23,1,expected
2018-11-27 04:06:19.575136,172,52.94.227.146,443,3.0,0,1,1,23,1,expected
2018-11-27 04:06:19.609807,172,52.94.227.146,443,3.0,0,1,1,23,1,expected
2018-11-27 04:06:19.624266,172,52.94.227.146,443,3.0,0,1,1,23,1,expected
2018-11-27 04:06:19.638152,172,52.94.227.146,443,3.0,0,1,1,23,1,expected
2018-11-27 04:06:19.658941,172,52.94.227.146,443,3.0,0,1,1,23,1,expected
2018-11-27 04:06:19.687618,172,52.94.227.146,443,3.0,0,1,1,23,1,expected
2018-11-27 04:06:19.708445,172,52.94.227.146,443,3.0,0,1,1,23,1,expected
2018-11-27 04:06:19.722415,172,52.94.227.146,443,3.0,0,1,1,23,1,expected
2018-11-27 04:06:19.736746,172,52.94.227.146,443,3.0,0,1,1,23,1,expected
2018-11-27 04:06:19.770523,172,52.94.227.146,443,3.0,0,1,1,23,1,expected
2018-11-27 04:06:19.784704,172,52.94.227.146,443,3.0,0,1,1,23,1,expected
2018-11-27 04:06:19.799021,172,52.94.227.146,443,3.0,0,1,1,23,1,expected
2018-11-27 04:06:19.819895,172,52.94.227.146,443,3.0,0,1,1,23,1,expected
2018-11-27 04:06:19.847376,172,52.94.227.146,443,3.0,0,1,1,23,1,expected
2018-11-27 04:06:19.868795,172,52.94.227.146,443,3.0,0,1,1,23,1,expected
2018-11-27 04:06:19.882448,172,52.94.227.146,443,3.0,0,1,1,23,1,expected
2018-11-27 04:06:19.896462,172,52.94.227.146,443,3.0,0,1,1,23,1,expected
2018-11-27 04:06:19.931616,172,52.94.227.146,443,3.0,0,1,1,23,1,expected
2018-11-27 04:06:19.945872,172,52.94.227.146,443,3.0,0,1,1,23,1,expected
2018-11-27 04:06:19.959499,172,52.94.227.146,443,3.0,0,1,1,23,1,expected
2018-11-27 04:06:19.986208,172,52.94.227.146,443,3.0,0,1,1,23,1,expected
2018-11-27 04:06:20.009587,172,52.94.227.146,443,3.0,0,1,1,23,1,expected
2018-11-27 04:06:20.024493,172,52.94.227.146,443,3.0,0,1,1,23,1,expected
2018-11-27 04:06:20.044131,172,52.94.227.146,443,3.0,0,1,1,23,1,expected
2018-11-27 04:06:20.057512,172,52.94.227.146,443,3.0,0,1,1,23,1,expected
2018-11-27 04:06:20.092474,172,52.94.227.146,443,3.0,0,1,1,23,1,expected
2018-11-27 04:06:20.107049,172,52.94.227.146,443,3.0,0,1,1,23,1,expected
2018-11-27 04:06:20.121590,172,52.94.227.146,443,3.0,0,1,1,23,1,expected
2018-11-27 04:06:20.134383,172,52.94.227.146,443,3.0,0,1,1,23,1,expected
2018-11-27 04:06:20.172380,172,52.94.227.146,443,3.0,0,1,1,23,1,expected
2018-11-27 04:06:20.184985,172,52.94.227.146,443,3.0,0,1,1,23,1,expected
2018-11-27 04:06:20.205967,172,52.94.227.146,443,3.0,0,1,1,23,1,expected
2018-11-27 04:06:20.220185,172,52.94.227.146,443,3.0,0,1,1,23,1,expected
2018-11-27 04:06:20.247973,172,52.94.227.146,443,3.0,0,1,1,23,1,expected
2018-11-27 04:06:20.267827,172,52.94.227.146,443,3.0,0,1,1,23,1,expected
2018-11-27 04:06:20.282614,172,52.94.227.146,443,3.0,0,1,1,23,1,expected
2018-11-27 04:06:20.296828,172,52.94.227.146,443,3.0,0,1,1,23,1,expected
2018-11-27 04:06:20.330969,172,52.94.227.146,443,3.0,0,1,1,23,1,expected
2018-11-27 04:06:20.345104,172,52.94.227.146,443,3.0,0,1,1,23,1,expected
2018-11-27 04:06:20.358620,172,52.94.227.146,443,3.0,0,1,1,23,1,expected
2018-11-27 04:06:20.379447,172,52.94.227.146,443,3.0,0,1,1,23,1,expected
2018-11-27 04:06:20.407968,172,52.94.227.146,443,3.0,0,1,1,23,1,expected
2018-11-27 04:06:20.430285,172,52.94.227.146,443,3.0,0,1,1,23,1,expected
2018-11-27 04:06:20.433181,136,52.94.227.146,443,3.0,0,1,1,23,1,expected
2018-11-27 04:06:20.433261,92,52.94.227.146,443,3.0,0,1,1,23,1,expected
2018-11-27 04:06:20.460042,74,54.239.26.255,443,1.0,3659214939,0,1,,1,retransmit
2018-11-27 04:06:20.474747,54,52.94.227.146,443,1.0,1846,1,1,,1,ack
2018-11-27 04:06:20.498636,54,54.239.26.255,443,1.0,38,1,1,,1,ack
2018-11-27 04:06:20.504723,312,54.239.26.255,443,3.0,0,1,1,22,1,handshake
2018-11-27 04:06:20.543689,54,54.239.26.255,443,1.0,45,1,1,,1,ack
2018-11-27 04:06:20.544016,105,54.239.26.255,443,3.0,0,1,1,20,1,handshake
2018-11-27 04:06:20.638662,808,54.239.26.255,443,3.0,0,1,1,23,1,expected
2018-11-27 04:06:20.682858,85,54.239.26.255,443,3.0,0,1,1,21,1,handshake
2018-11-27 04:06:20.683077,54,54.239.26.255,443,1.0,139,1,1,,1,ack
2018-11-27 04:06:20.715573,54,52.94.227.146,443,1.0,240,1,1,,1,ack
2018-11-27 04:06:20.721301,74,54.239.26.255,443,1.0,3659210114,0,1,,1,retransmit
2018-11-27 04:06:20.721476,54,54.239.26.255,443,1.0,38,1,1,,1,ack
2018-11-27 04:06:20.785416,54,54.239.26.255,443,1.0,64,1,1,,1,ack
2018-11-27 04:06:20.790817,312,54.239.26.255,443,3.0,0,1,1,22,1,handshake
2018-11-27 04:06:20.838591,54,54.239.26.255,443,1.0,53,1,1,,1,ack
2018-11-27 04:06:20.839075,105,54.239.26.255,443,3.0,0,1,1,20,1,handshake
2018-11-27 04:06:20.849320,54,52.94.227.146,443,1.0,133,1,1,,1,ack
2018-11-27 04:06:20.849501,54,52.94.227.146,443,1.0,0,1,1,,1,ack
2018-11-27 04:06:20.849581,54,52.94.227.146,443,1.0,0,1,1,,1,ack
2018-11-27 04:06:20.850449,54,52.94.227.146,443,1.0,0,1,1,,1,ack
2018-11-27 04:06:20.850624,54,52.94.227.146,443,1.0,0,1,1,,1,ack
2018-11-27 04:06:20.851449,54,52.94.227.146,443,1.0,0,1,1,,1,ack
2018-11-27 04:06:20.851629,54,52.94.227.146,443,1.0,0,1,1,,1,ack
2018-11-27 04:06:20.853136,54,52.94.227.146,443,1.0,1,1,1,,1,ack
2018-11-27 04:06:20.853233,54,52.94.227.146,443,1.0,0,1,1,,1,ack
2018-11-27 04:06:20.853467,54,52.94.227.146,443,1.0,0,1,1,,1,ack
2018-11-27 04:06:20.888781,54,52.94.227.146,443,1.0,35,1,1,,1,ack
2018-11-27 04:06:20.889416,54,52.94.227.146,443,1.0,0,1,1,,1,ack
2018-11-27 04:06:20.894245,54,52.94.227.146,443,1.0,4,1,1,,1,ack
2018-11-27 04:06:20.905772,74,54.239.26.255,443,1.0,3659209730,0,1,,1,retransmit
2018-11-27 04:06:20.954400,778,54.239.26.255,443,3.0,0,1,1,23,1,expected
2018-11-27 04:06:20.968630,54,54.239.26.255,443,1.0,62,1,1,,1,ack
2018-11-27 04:06:20.972479,312,54.239.26.255,443,3.0,0,1,1,22,1,handshake
2018-11-27 04:06:20.976573,287,52.94.227.146,443,3.0,0,1,1,23,1,expected
2018-11-27 04:06:20.977071,190,52.94.227.146,443,3.0,0,1,1,23,1,expected
2018-11-27 04:06:20.978244,1514,52.94.227.146,443,1.0,83,1,1,,1,not_relevant
2018-11-27 04:06:20.979762,1514,52.94.227.146,443,1.0,1,1,1,,1,not_relevant
2018-11-27 04:06:20.979790,402,52.94.227.146,443,3.0,0,1,1,23,1,expected
2018-11-27 04:06:21.036884,54,54.239.26.255,443,1.0,68,1,1,,1,ack
2018-11-27 04:06:21.037179,174,52.94.227.146,443,3.0,0,1,1,23,1,expected
2018-11-27 04:06:21.043198,105,54.239.26.255,443,3.0,0,1,1,20,1,handshake
2018-11-27 04:06:21.043378,85,54.239.26.255,443,3.0,0,1,1,21,1,handshake
2018-11-27 04:06:21.043457,54,54.239.26.255,443,1.0,204,1,1,,1,ack
2018-11-27 04:06:21.086603,54,54.239.26.255,443,1.0,43,1,1,,1,ack
2018-11-27 04:06:21.094994,287,52.94.227.146,443,3.0,0,1,1,23,1,expected
2018-11-27 04:06:21.095661,190,52.94.227.146,443,3.0,0,1,1,23,1,expected
2018-11-27 04:06:21.098722,1514,52.94.227.146,443,1.0,118,1,1,,1,not_relevant
2018-11-27 04:06:21.098891,1514,52.94.227.146,443,1.0,0,1,1,,1,not_relevant
2018-11-27 04:06:21.125465,527,52.94.227.146,443,3.0,0,1,1,23,1,expected
2018-11-27 04:06:21.128909,788,54.239.26.255,443,3.0,0,1,1,23,1,expected
2018-11-27 04:06:21.152919,288,52.94.227.146,443,3.0,0,1,1,23,1,expected
2018-11-27 04:06:21.155508,1514,52.94.227.146,443,3.0,0,1,1,23,1,expected
2018-11-27 04:06:21.155816,1514,52.94.227.146,443,1.0,56,1,1,,1,not_relevant
2018-11-27 04:06:21.155908,1514,52.94.227.146,443,1.0,0,1,1,,1,not_relevant
2018-11-27 04:06:21.156383,539,52.94.227.146,443,3.0,0,1,1,23,1,expected
2018-11-27 04:06:21.189559,174,52.94.227.146,443,3.0,0,1,1,23,1,expected
2018-11-27 04:06:21.189928,54,52.94.227.146,443,1.0,34,1,1,,1,ack
2018-11-27 04:06:21.190807,54,52.94.227.146,443,1.0,0,1,1,,1,ack
2018-11-27 04:06:21.192645,85,54.239.26.255,443,3.0,0,1,1,21,1,handshake
2018-11-27 04:06:21.193251,54,54.239.26.255,443,1.0,156,1,1,,1,ack
2018-11-27 04:06:21.195705,54,52.94.227.146,443,1.0,4,1,1,,1,ack
2018-11-27 04:06:21.195891,54,52.94.227.146,443,1.0,0,1,1,,1,ack
2018-11-27 04:06:21.200689,74,54.239.26.255,443,1.0,3659209923,0,1,,1,retransmit
2018-11-27 04:06:21.235786,54,52.94.227.146,443,1.0,39,1,1,,1,ack
2018-11-27 04:06:21.235978,54,52.94.227.146,443,1.0,0,1,1,,1,ack
2018-11-27 04:06:21.240200,54,54.239.26.255,443,1.0,46,1,1,,1,ack
2018-11-27 04:06:21.240373,54,54.239.26.255,443,1.0,39,1,1,,1,ack
2018-11-27 04:06:21.241646,312,54.239.26.255,443,3.0,0,1,1,22,1,handshake
2018-11-27 04:06:21.264993,54,52.94.227.146,443,1.0,29,1,1,,1,ack
2018-11-27 04:06:21.265231,54,52.94.227.146,443,1.0,0,1,1,,1,ack
2018-11-27 04:06:21.288835,54,54.239.26.255,443,1.0,48,1,1,,1,ack
2018-11-27 04:06:21.289442,105,54.239.26.255,443,3.0,0,1,1,20,1,handshake
2018-11-27 04:06:21.301214,54,52.94.227.146,443,1.0,35,1,1,,1,ack
2018-11-27 04:06:21.301391,54,52.94.227.146,443,1.0,0,1,1,,1,ack
2018-11-27 04:06:21.382758,799,54.239.26.255,443,3.0,0,1,1,23,1,expected
2018-11-27 04:06:21.434001,85,54.239.26.255,443,3.0,0,1,1,21,1,handshake
2018-11-27 04:06:21.434235,54,54.239.26.255,443,1.0,145,1,1,,1,ack
2018-11-27 04:06:21.483065,54,54.239.26.255,443,1.0,48,1,1,,1,ack
2018-11-27 04:06:23.698274,288,52.94.227.146,443,3.0,0,1,1,23,1,expected
2018-11-27 04:06:23.698850,1514,52.94.227.146,443,3.0,0,1,1,23,1,expected
2018-11-27 04:06:23.698902,1514,52.94.227.146,443,1.0,2397,1,1,,1,not_relevant
2018-11-27 04:06:23.699212,1514,52.94.227.146,443,1.0,0,1,1,,1,not_relevant
2018-11-27 04:06:23.699252,663,52.94.227.146,443,3.0,0,1,1,23,1,expected
2018-11-27 04:06:23.757476,286,52.94.227.146,443,3.0,0,1,1,23,1,expected
2018-11-27 04:06:23.758128,1514,52.94.227.146,443,3.0,0,1,1,23,1,expected
2018-11-27 04:06:23.758192,1514,52.94.227.146,443,1.0,58,1,1,,1,not_relevant
2018-11-27 04:06:23.758223,1514,52.94.227.146,443,1.0,0,1,1,,1,not_relevant
2018-11-27 04:06:23.758252,663,52.94.227.146,443,3.0,0,1,1,23,1,expected
2018-11-27 04:06:23.840928,54,52.94.227.146,443,1.0,82,1,1,,1,ack
2018-11-27 04:06:23.841561,54,52.94.227.146,443,1.0,0,1,1,,1,ack
2018-11-27 04:06:23.976519,54,52.94.227.146,443,1.0,134,1,1,,1,ack
2018-11-27 04:06:23.976720,54,52.94.227.146,443,1.0,0,1,1,,1,ack
2018-11-27 04:06:24.194294,288,52.94.227.146,443,3.0,0,1,1,23,1,expected
2018-11-27 04:06:24.194539,190,52.94.227.146,443,3.0,0,1,1,23,1,expected
2018-11-27 04:06:24.194913,1514,52.94.227.146,443,1.0,218,1,1,,1,not_relevant
2018-11-27 04:06:24.194932,1514,52.94.227.146,443,1.0,0,1,1,,1,not_relevant
2018-11-27 04:06:24.196320,402,52.94.227.146,443,3.0,0,1,1,23,1,expected
2018-11-27 04:06:24.234511,174,52.94.227.146,443,3.0,0,1,1,23,1,expected
2018-11-27 04:06:24.374778,54,52.94.227.146,443,1.0,179,1,1,,1,ack
2018-11-27 04:06:24.375344,54,52.94.227.146,443,1.0,0,1,1,,1,ack
2018-11-27 04:06:30.069292,54,52.94.227.146,443,1.0,5693,1,1,,1,ack
2018-11-27 04:06:30.073766,100,52.94.227.146,443,3.0,0,1,1,23,1,syn
2018-11-27 04:06:51.758266,100,52.94.227.146,443,3.0,0,1,1,23,1,syn
2018-11-27 04:06:51.844819,54,52.94.227.146,443,1.0,21775,1,1,,1,ack
2018-11-27 04:06:58.300494,66,99.84.170.19,80,1.0,180062,1,1,,1,ack
2018-11-27 04:06:58.357881,74,99.84.170.19,80,1.0,3659204151,0,1,,1,retransmit
2018-11-27 04:06:58.392428,66,99.84.170.19,80,1.0,34,1,1,,1,ack
2018-11-27 04:06:58.393741,256,99.84.170.19,80,3.0,0,1,1,,1,not_relevant
2018-11-27 04:06:58.440655,66,99.84.170.19,80,1.0,48,1,1,,1,ack
2018-11-27 04:06:58.445441,54,52.216.100.219,80,1.0,3659140085,1,1,,1,ack
2018-11-27 04:06:58.490272,74,52.216.168.211,80,1.0,3659181086,0,1,,1,retransmit
2018-11-27 04:06:58.526213,66,99.84.170.19,80,1.0,225,1,1,,1,ack
2018-11-27 04:06:58.530242,54,52.216.168.211,80,1.0,39,1,1,,1,ack
2018-11-27 04:06:58.531670,200,52.216.168.211,80,3.0,0,1,1,,1,not_relevant
2018-11-27 04:06:58.585588,54,52.216.168.211,80,1.0,55,1,1,,1,ack
2018-11-27 04:06:58.586661,54,52.216.168.211,80,1.0,1,1,1,,1,ack
2018-11-27 04:06:58.607022,66,52.216.168.211,80,1.0,20,1,1,,1,ack
2018-11-27 04:06:58.706519,54,52.216.100.219,80,1.0,261,1,1,,1,ack
2018-11-27 04:06:58.758088,66,99.84.170.19,80,1.0,231,1,1,,1,ack
2018-11-27 04:06:58.968195,54,52.216.100.219,80,1.0,261,1,1,,1,ack
2018-11-27 04:06:59.215490,66,99.84.170.19,80,1.0,457,1,1,,1,ack
2018-11-27 04:06:59.488002,54,52.216.100.219,80,1.0,519,1,1,,1,ack
2018-11-27 04:07:00.072280,54,52.94.227.146,443,1.0,8227,1,1,,1,ack
2018-11-27 04:07:00.072902,100,52.94.227.146,443,3.0,0,1,1,23,1,syn
2018-11-27 04:07:00.151179,66,99.84.170.19,80,1.0,935,1,1,,1,ack
2018-11-27 04:07:00.528298,54,52.216.100.219,80,1.0,1040,1,1,,1,ack
2018-11-27 04:07:01.979360,66,99.84.170.19,80,1.0,1828,1,1,,1,ack
2018-11-27 04:07:02.608271,54,52.216.100.219,80,1.0,2079,1,1,,1,ack
2018-11-27 04:07:05.668460,66,99.84.170.19,80,1.0,3689,1,1,,1,ack
2018-11-27 04:07:06.780445,54,52.216.100.219,80,1.0,4172,1,1,,1,ack
2018-11-27 04:07:08.636308,74,176.32.98.203,80,1.0,3659204107,0,1,,1,retransmit
2018-11-27 04:07:08.681611,54,176.32.98.203,80,1.0,45,1,1,,1,ack
2018-11-27 04:07:08.682099,211,176.32.98.203,80,3.0,0,1,1,,1,not_relevant
2018-11-27 04:07:08.731779,54,176.32.98.203,80,1.0,50,1,1,,1,ack
2018-11-27 04:07:13.038296,66,99.84.170.19,80,1.0,7369,1,1,,1,ack
2018-11-27 04:07:15.120261,54,52.216.100.219,80,1.0,8339,1,1,,1,ack
2018-11-27 04:07:21.641740,54,52.216.168.211,80,1.0,23034,1,1,,1,ack
2018-11-27 04:07:27.775305,66,99.84.170.19,80,1.0,14737,1,1,,1,ack
2018-11-27 04:07:30.070484,100,52.94.227.146,443,3.0,0,1,1,23,1,syn
2018-11-27 04:07:31.818433,54,52.216.100.219,80,1.0,16698,1,1,,1,ack
2018-11-27 04:07:40.705582,286,52.94.227.146,443,3.0,0,1,1,23,1,expected
2018-11-27 04:07:40.705934,190,52.94.227.146,443,3.0,0,1,1,23,1,expected
2018-11-27 04:07:40.712541,1514,52.94.227.146,443,1.0,40640,1,1,,1,not_relevant
2018-11-27 04:07:40.712593,1514,52.94.227.146,443,1.0,0,1,1,,1,not_relevant
2018-11-27 04:07:40.712626,703,52.94.227.146,443,3.0,0,1,1,23,1,expected
2018-11-27 04:07:40.754257,1514,52.94.227.146,443,3.0,0,1,1,23,1,expected
2018-11-27 04:07:40.759501,1514,52.94.227.146,443,3.0,0,1,1,23,1,expected
2018-11-27 04:07:40.761426,1514,52.94.227.146,443,1.0,48,1,1,,1,not_relevant
2018-11-27 04:07:40.761487,1514,52.94.227.146,443,1.0,0,1,1,,1,not_relevant
2018-11-27 04:07:40.761523,1450,52.94.227.146,443,3.0,0,1,1,23,1,expected
2018-11-27 04:07:40.796953,1514,52.94.227.146,443,1.0,35,1,1,,1,not_relevant
2018-11-27 04:07:40.799959,1514,52.94.227.146,443,1.0,3,1,1,,1,not_relevant
2018-11-27 04:07:40.804721,1472,52.94.227.146,443,3.0,0,1,1,23,1,expected
2018-11-27 04:07:40.809152,172,52.94.227.146,443,3.0,0,1,1,23,1,expected
2018-11-27 04:07:40.809818,74,54.239.29.0,443,1.0,540668,0,1,,1,retransmit
2018-11-27 04:07:40.823341,172,52.94.227.146,443,3.0,0,1,1,23,1,expected
2018-11-27 04:07:40.856778,54,54.239.29.0,443,1.0,46,1,1,,1,ack
2018-11-27 04:07:40.859635,172,52.94.227.146,443,3.0,0,1,1,23,1,expected
2018-11-27 04:07:40.860982,312,54.239.29.0,443,3.0,0,1,1,22,1,handshake
2018-11-27 04:07:40.872527,172,52.94.227.146,443,3.0,0,1,1,23,1,expected
2018-11-27 04:07:40.878406,54,52.94.227.146,443,1.0,78,1,1,,1,ack
2018-11-27 04:07:40.893372,172,52.94.227.146,443,3.0,0,1,1,23,1,expected
2018-11-27 04:07:40.908128,172,52.94.227.146,443,3.0,0,1,1,23,1,expected
2018-11-27 04:07:40.909766,54,54.239.29.0,443,1.0,52,1,1,,1,ack
2018-11-27 04:07:40.911854,105,54.239.29.0,443,3.0,0,1,1,20,1,handshake
2018-11-27 04:07:40.934290,172,52.94.227.146,443,3.0,0,1,1,23,1,expected
2018-11-27 04:07:40.955086,172,52.94.227.146,443,3.0,0,1,1,23,1,expected
2018-11-27 04:07:40.970156,172,52.94.227.146,443,3.0,0,1,1,23,1,expected
2018-11-27 04:07:40.984069,172,52.94.227.146,443,3.0,0,1,1,23,1,expected
2018-11-27 04:07:41.018255,765,54.239.29.0,443,3.0,0,1,1,23,1,expected
2018-11-27 04:07:41.018467,172,52.94.227.146,443,3.0,0,1,1,23,1,expected
2018-11-27 04:07:41.032342,172,52.94.227.146,443,3.0,0,1,1,23,1,expected
2018-11-27 04:07:41.047060,172,52.94.227.146,443,3.0,0,1,1,23,1,expected
2018-11-27 04:07:41.068388,172,52.94.227.146,443,3.0,0,1,1,23,1,expected
2018-11-27 04:07:41.069024,85,54.239.29.0,443,3.0,0,1,1,21,1,handshake
2018-11-27 04:07:41.069259,54,54.239.29.0,443,1.0,159,1,1,,1,ack
2018-11-27 04:07:41.095853,172,52.94.227.146,443,3.0,0,1,1,23,1,expected
2018-11-27 04:07:41.110994,54,54.239.29.0,443,1.0,41,1,1,,1,ack
2018-11-27 04:07:41.120595,172,52.94.227.146,443,3.0,0,1,1,23,1,expected
2018-11-27 04:07:41.130733,172,52.94.227.146,443,3.0,0,1,1,23,1,expected
2018-11-27 04:07:41.145596,172,52.94.227.146,443,3.0,0,1,1,23,1,expected
2018-11-27 04:07:41.179956,172,52.94.227.146,443,3.0,0,1,1,23,1,expected
2018-11-27 04:07:41.193371,172,52.94.227.146,443,3.0,0,1,1,23,1,expected
2018-11-27 04:07:41.208259,172,52.94.227.146,443,3.0,0,1,1,23,1,expected
2018-11-27 04:07:41.212152,288,52.94.227.146,443,3.0,0,1,1,23,1,expected
2018-11-27 04:07:41.213378,190,52.94.227.146,443,3.0,0,1,1,23,1,expected
2018-11-27 04:07:41.231853,1514,52.94.227.146,443,1.0,353,1,1,,1,not_relevant
2018-11-27 04:07:41.232174,1514,52.94.227.146,443,1.0,0,1,1,,1,not_relevant
2018-11-27 04:07:41.253587,644,52.94.227.146,443,3.0,0,1,1,23,1,expected
2018-11-27 04:07:41.256553,172,52.94.227.146,443,3.0,0,1,1,23,1,expected
2018-11-27 04:07:41.271438,172,52.94.227.146,443,3.0,0,1,1,23,1,expected
2018-11-27 04:07:41.292382,172,52.94.227.146,443,3.0,0,1,1,23,1,expected
2018-11-27 04:07:41.305871,172,52.94.227.146,443,3.0,0,1,1,23,1,expected
2018-11-27 04:07:41.341044,172,52.94.227.146,443,3.0,0,1,1,23,1,expected
2018-11-27 04:07:41.354343,172,52.94.227.146,443,3.0,0,1,1,23,1,expected
2018-11-27 04:07:41.368617,172,52.94.227.146,443,3.0,0,1,1,23,1,expected
2018-11-27 04:07:41.383373,172,52.94.227.146,443,3.0,0,1,1,23,1,expected
2018-11-27 04:07:41.402396,54,52.94.227.146,443,1.0,170,1,1,,1,ack
2018-11-27 04:07:41.417600,172,52.94.227.146,443,3.0,0,1,1,23,1,expected
2018-11-27 04:07:41.453737,172,52.94.227.146,443,3.0,0,1,1,23,1,expected
2018-11-27 04:07:41.453880,172,52.94.227.146,443,3.0,0,1,1,23,1,expected
2018-11-27 04:07:41.467251,172,52.94.227.146,443,3.0,0,1,1,23,1,expected
2018-11-27 04:07:41.494460,172,52.94.227.146,443,3.0,0,1,1,23,1,expected
2018-11-27 04:07:41.515959,172,52.94.227.146,443,3.0,0,1,1,23,1,expected
2018-11-27 04:07:41.530304,172,52.94.227.146,443,3.0,0,1,1,23,1,expected
2018-11-27 04:07:41.543639,172,52.94.227.146,443,3.0,0,1,1,23,1,expected
2018-11-27 04:07:41.578878,172,52.94.227.146,443,3.0,0,1,1,23,1,expected
2018-11-27 04:07:41.592898,172,52.94.227.146,443,3.0,0,1,1,23,1,expected
2018-11-27 04:07:41.606458,172,52.94.227.146,443,3.0,0,1,1,23,1,expected
2018-11-27 04:07:41.627420,172,52.94.227.146,443,3.0,0,1,1,23,1,expected
2018-11-27 04:07:41.654900,172,52.94.227.146,443,3.0,0,1,1,23,1,expected
2018-11-27 04:07:41.675727,172,52.94.227.146,443,3.0,0,1,1,23,1,expected
2018-11-27 04:07:41.689845,172,52.94.227.146,443,3.0,0,1,1,23,1,expected
2018-11-27 04:07:41.704045,172,52.94.227.146,443,3.0,0,1,1,23,1,expected
2018-11-27 04:07:41.739956,172,52.94.227.146,443,3.0,0,1,1,23,1,expected
2018-11-27 04:07:41.753045,172,52.94.227.146,443,3.0,0,1,1,23,1,expected
2018-11-27 04:07:41.767453,172,52.94.227.146,443,3.0,0,1,1,23,1,expected
2018-11-27 04:07:41.787502,172,52.94.227.146,443,3.0,0,1,1,23,1,expected
2018-11-27 04:07:41.815878,172,52.94.227.146,443,3.0,0,1,1,23,1,expected
2018-11-27 04:07:41.837127,172,52.94.227.146,443,3.0,0,1,1,23,1,expected
2018-11-27 04:07:41.850724,172,52.94.227.146,443,3.0,0,1,1,23,1,expected
2018-11-27 04:07:41.864830,172,52.94.227.146,443,3.0,0,1,1,23,1,expected
2018-11-27 04:07:41.900240,172,52.94.227.146,443,3.0,0,1,1,23,1,expected
2018-11-27 04:07:41.913615,172,52.94.227.146,443,3.0,0,1,1,23,1,expected
2018-11-27 04:07:41.927852,172,52.94.227.146,443,3.0,0,1,1,23,1,expected
2018-11-27 04:07:41.949056,172,52.94.227.146,443,3.0,0,1,1,23,1,expected
2018-11-27 04:07:41.976456,172,52.94.227.146,443,3.0,0,1,1,23,1,expected
2018-11-27 04:07:41.990240,172,52.94.227.146,443,3.0,0,1,1,23,1,expected
2018-11-27 04:07:42.011643,172,52.94.227.146,443,3.0,0,1,1,23,1,expected
2018-11-27 04:07:42.025730,172,52.94.227.146,443,3.0,0,1,1,23,1,expected
2018-11-27 04:07:42.060584,172,52.94.227.146,443,3.0,0,1,1,23,1,expected
2018-11-27 04:07:42.073313,172,52.94.227.146,443,3.0,0,1,1,23,1,expected
2018-11-27 04:07:42.092801,172,52.94.227.146,443,3.0,0,1,1,23,1,expected
2018-11-27 04:07:42.105801,172,52.94.227.146,443,3.0,0,1,1,23,1,expected
2018-11-27 04:07:42.153713,172,52.94.227.146,443,3.0,0,1,1,23,1,expected
2018-11-27 04:07:42.154341,172,52.94.227.146,443,3.0,0,1,1,23,1,expected
2018-11-27 04:07:42.168470,172,52.94.227.146,443,3.0,0,1,1,23,1,expected
2018-11-27 04:07:42.182771,172,52.94.227.146,443,3.0,0,1,1,23,1,expected
2018-11-27 04:07:42.217190,172,52.94.227.146,443,3.0,0,1,1,23,1,expected
2018-11-27 04:07:42.231217,172,52.94.227.146,443,3.0,0,1,1,23,1,expected
2018-11-27 04:07:42.252769,172,52.94.227.146,443,3.0,0,1,1,23,1,expected
2018-11-27 04:07:42.266440,172,52.94.227.146,443,3.0,0,1,1,23,1,expected
2018-11-27 04:07:42.294725,172,52.94.227.146,443,3.0,0,1,1,23,1,expected
2018-11-27 04:07:42.315392,172,52.94.227.146,443,3.0,0,1,1,23,1,expected
2018-11-27 04:07:42.329341,172,52.94.227.146,443,3.0,0,1,1,23,1,expected
2018-11-27 04:07:42.343234,172,52.94.227.146,443,3.0,0,1,1,23,1,expected
2018-11-27 04:07:42.378281,172,52.94.227.146,443,3.0,0,1,1,23,1,expected
2018-11-27 04:07:42.391930,172,52.94.227.146,443,3.0,0,1,1,23,1,expected
2018-11-27 04:07:42.406040,172,52.94.227.146,443,3.0,0,1,1,23,1,expected
2018-11-27 04:07:42.427594,172,52.94.227.146,443,3.0,0,1,1,23,1,expected
2018-11-27 04:07:42.455311,172,52.94.227.146,443,3.0,0,1,1,23,1,expected
2018-11-27 04:07:42.475475,172,52.94.227.146,443,3.0,0,1,1,23,1,expected
2018-11-27 04:07:42.489846,172,52.94.227.146,443,3.0,0,1,1,23,1,expected
2018-11-27 04:07:42.503420,172,52.94.227.146,443,3.0,0,1,1,23,1,expected
2018-11-27 04:07:42.544357,172,52.94.227.146,443,3.0,0,1,1,23,1,expected
2018-11-27 04:07:42.553584,172,52.94.227.146,443,3.0,0,1,1,23,1,expected
2018-11-27 04:07:42.566874,172,52.94.227.146,443,3.0,0,1,1,23,1,expected
2018-11-27 04:07:42.587422,172,52.94.227.146,443,3.0,0,1,1,23,1,expected
2018-11-27 04:07:42.615596,172,52.94.227.146,443,3.0,0,1,1,23,1,expected
2018-11-27 04:07:42.636714,172,52.94.227.146,443,3.0,0,1,1,23,1,expected
2018-11-27 04:07:42.650361,172,52.94.227.146,443,3.0,0,1,1,23,1,expected
2018-11-27 04:07:42.664750,172,52.94.227.146,443,3.0,0,1,1,23,1,expected
2018-11-27 04:07:42.699527,172,52.94.227.146,443,3.0,0,1,1,23,1,expected
2018-11-27 04:07:42.713456,172,52.94.227.146,443,3.0,0,1,1,23,1,expected
2018-11-27 04:07:42.727982,172,52.94.227.146,443,3.0,0,1,1,23,1,expected
2018-11-27 04:07:42.748591,172,52.94.227.146,443,3.0,0,1,1,23,1,expected
2018-11-27 04:07:42.776896,172,52.94.227.146,443,3.0,0,1,1,23,1,expected
2018-11-27 04:07:42.791132,172,52.94.227.146,443,3.0,0,1,1,23,1,expected
2018-11-27 04:07:42.811373,172,52.94.227.146,443,3.0,0,1,1,23,1,expected
2018-11-27 04:07:42.848636,172,52.94.227.146,443,3.0,0,1,1,23,1,expected
2018-11-27 04:07:42.863473,172,52.94.227.146,443,3.0,0,1,1,23,1,expected
2018-11-27 04:07:42.874306,172,52.94.227.146,443,3.0,0,1,1,23,1,expected
2018-11-27 04:07:42.888471,172,52.94.227.146,443,3.0,0,1,1,23,1,expected
2018-11-27 04:07:42.903020,172,52.94.227.146,443,3.0,0,1,1,23,1,expected
2018-11-27 04:07:42.937566,172,52.94.227.146,443,3.0,0,1,1,23,1,expected
2018-11-27 04:07:42.951550,172,52.94.227.146,443,3.0,0,1,1,23,1,expected
2018-11-27 04:07:42.973234,172,52.94.227.146,443,3.0,0,1,1,23,1,expected
2018-11-27 04:07:42.986848,172,52.94.227.146,443,3.0,0,1,1,23,1,expected
2018-11-27 04:07:43.105155,172,52.94.227.146,443,3.0,0,1,1,23,1,expected
2018-11-27 04:07:43.105407,172,52.94.227.146,443,3.0,0,1,1,23,1,expected
2018-11-27 04:07:43.105513,172,52.94.227.146,443,3.0,0,1,1,23,1,expected
2018-11-27 04:07:43.105621,172,52.94.227.146,443,3.0,0,1,1,23,1,expected
2018-11-27 04:07:43.105722,172,52.94.227.146,443,3.0,0,1,1,23,1,expected
2018-11-27 04:07:43.112415,172,52.94.227.146,443,3.0,0,1,1,23,1,expected
2018-11-27 04:07:43.228079,172,52.94.227.146,443,3.0,0,1,1,23,1,expected
2018-11-27 04:07:43.238609,172,52.94.227.146,443,3.0,0,1,1,23,1,expected
2018-11-27 04:07:43.238809,172,52.94.227.146,443,3.0,0,1,1,23,1,expected
2018-11-27 04:07:43.238901,172,52.94.227.146,443,3.0,0,1,1,23,1,expected
2018-11-27 04:07:43.240151,290,52.94.227.146,443,3.0,0,1,1,23,1,expected
2018-11-27 04:07:43.262888,172,52.94.227.146,443,3.0,0,1,1,23,1,expected
2018-11-27 04:07:43.286842,172,52.94.227.146,443,3.0,0,1,1,23,1,expected
2018-11-27 04:07:43.336832,172,52.94.227.146,443,3.0,0,1,1,23,1,expected
2018-11-27 04:07:43.341841,172,52.94.227.146,443,3.0,0,1,1,23,1,expected
2018-11-27 04:07:43.344862,172,52.94.227.146,443,3.0,0,1,1,23,1,expected
2018-11-27 04:07:43.365743,172,52.94.227.146,443,3.0,0,1,1,23,1,expected
2018-11-27 04:07:43.373740,172,52.94.227.146,443,3.0,0,1,1,23,1,expected
2018-11-27 04:07:43.389352,136,52.94.227.146,443,3.0,0,1,1,23,1,expected
2018-11-27 04:07:43.389535,92,52.94.227.146,443,3.0,0,1,1,23,1,expected
2018-11-27 04:07:43.391841,74,54.239.29.0,443,1.0,522840,0,1,,1,retransmit
2018-11-27 04:07:43.441634,54,54.239.29.0,443,1.0,49,1,1,,1,ack
2018-11-27 04:07:43.449696,312,54.239.29.0,443,3.0,0,1,1,22,1,handshake
2018-11-27 04:07:43.549898,54,54.239.29.0,443,1.0,108,1,1,,1,ack
2018-11-27 04:07:43.551906,105,54.239.29.0,443,3.0,0,1,1,20,1,handshake
2018-11-27 04:07:43.578835,74,54.239.29.0,443,1.0,520461,0,1,,1,retransmit
2018-11-27 04:07:43.689902,54,52.94.227.146,443,1.0,2287,1,1,,1,ack
2018-11-27 04:07:43.695700,54,52.94.227.146,443,1.0,5,1,1,,1,ack
2018-11-27 04:07:43.695900,54,52.94.227.146,443,1.0,0,1,1,,1,ack
2018-11-27 04:07:43.696134,54,52.94.227.146,443,1.0,0,1,1,,1,ack
2018-11-27 04:07:43.696229,54,52.94.227.146,443,1.0,0,1,1,,1,ack
2018-11-27 04:07:43.696332,54,52.94.227.146,443,1.0,0,1,1,,1,ack
2018-11-27 04:07:43.696420,54,52.94.227.146,443,1.0,0,1,1,,1,ack
2018-11-27 04:07:43.696567,54,52.94.227.146,443,1.0,0,1,1,,1,ack
2018-11-27 04:07:43.744292,54,52.94.227.146,443,1.0,47,1,1,,1,ack
2018-11-27 04:07:43.744455,54,52.94.227.146,443,1.0,0,1,1,,1,ack
2018-11-27 04:07:43.744619,54,52.94.227.146,443,1.0,0,1,1,,1,ack
2018-11-27 04:07:43.744777,54,52.94.227.146,443,1.0,0,1,1,,1,ack
2018-11-27 04:07:43.744908,54,52.94.227.146,443,1.0,0,1,1,,1,ack
2018-11-27 04:07:43.744979,54,52.94.227.146,443,1.0,0,1,1,,1,ack
2018-11-27 04:07:43.745057,54,52.94.227.146,443,1.0,0,1,1,,1,ack
2018-11-27 04:07:43.745131,96,52.94.227.146,443,3.0,0,1,1,23,1,expected
2018-11-27 04:07:43.756889,74,54.239.29.0,443,1.0,520194,0,1,,1,retransmit
2018-11-27 04:07:43.794167,54,54.239.29.0,443,1.0,37,1,1,,1,ack
2018-11-27 04:07:43.795611,312,54.239.29.0,443,3.0,0,1,1,22,1,handshake
2018-11-27 04:07:43.838447,54,54.239.29.0,443,1.0,44,1,1,,1,ack
2018-11-27 04:07:43.838630,54,54.239.29.0,443,1.0,0,1,1,,1,ack
2018-11-27 04:07:43.839000,105,54.239.29.0,443,3.0,0,1,1,20,1,handshake
2018-11-27 04:07:43.924150,785,54.239.29.0,443,3.0,0,1,1,23,1,expected
2018-11-27 04:07:43.948912,288,52.94.227.146,443,3.0,0,1,1,23,1,expected
2018-11-27 04:07:43.950198,190,52.94.227.146,443,3.0,0,1,1,23,1,expected
2018-11-27 04:07:43.953605,1514,52.94.227.146,443,1.0,208,1,1,,1,not_relevant
2018-11-27 04:07:43.955142,1514,52.94.227.146,443,1.0,1,1,1,,1,not_relevant
2018-11-27 04:07:43.955163,398,52.94.227.146,443,3.0,0,1,1,23,1,expected
2018-11-27 04:07:43.955507,812,54.239.29.0,443,3.0,0,1,1,23,1,expected
2018-11-27 04:07:43.971853,85,54.239.29.0,443,3.0,0,1,1,21,1,handshake
2018-11-27 04:07:43.972008,54,54.239.29.0,443,1.0,133,1,1,,1,ack
2018-11-27 04:07:43.988233,1514,52.94.227.146,443,3.0,0,1,1,23,1,expected
2018-11-27 04:07:43.994497,1514,52.94.227.146,443,1.0,39,1,1,,1,not_relevant
2018-11-27 04:07:43.994926,1514,52.94.227.146,443,1.0,0,1,1,,1,not_relevant
2018-11-27 04:07:43.996327,1016,52.94.227.146,443,3.0,0,1,1,23,1,expected
2018-11-27 04:07:44.009017,642,52.94.227.146,443,3.0,0,1,1,23,1,expected
2018-11-27 04:07:44.009569,85,54.239.29.0,443,3.0,0,1,1,21,1,handshake
2018-11-27 04:07:44.009894,190,52.94.227.146,443,3.0,0,1,1,23,1,expected
2018-11-27 04:07:44.009911,54,54.239.29.0,443,1.0,460,1,1,,1,ack
2018-11-27 04:07:44.012622,54,54.239.29.0,443,1.0,40,1,1,,1,ack
2018-11-27 04:07:44.015046,74,54.239.29.0,443,1.0,520362,0,1,,1,retransmit
2018-11-27 04:07:44.040676,1514,52.94.227.146,443,1.0,45,1,1,,1,not_relevant
2018-11-27 04:07:44.042107,1514,52.94.227.146,443,1.0,1,1,1,,1,not_relevant
2018-11-27 04:07:44.044720,312,54.239.29.0,443,3.0,0,1,1,22,1,handshake
2018-11-27 04:07:44.046919,523,52.94.227.146,443,3.0,0,1,1,23,1,expected
2018-11-27 04:07:44.054919,54,54.239.29.0,443,1.0,45,1,1,,1,ack
2018-11-27 04:07:44.061880,54,54.239.29.0,443,1.0,46,1,1,,1,ack
2018-11-27 04:07:44.063392,312,54.239.29.0,443,3.0,0,1,1,22,1,handshake
2018-11-27 04:07:44.084769,54,52.94.227.146,443,1.0,42,1,1,,1,ack
2018-11-27 04:07:44.094264,54,54.239.29.0,443,1.0,515,1,1,,1,ack
2018-11-27 04:07:44.094748,105,54.239.29.0,443,3.0,0,1,1,20,1,handshake
2018-11-27 04:07:44.108357,54,54.239.29.0,443,1.0,46,1,1,,1,ack
2018-11-27 04:07:44.108664,105,54.239.29.0,443,3.0,0,1,1,20,1,handshake
2018-11-27 04:07:44.138148,54,52.94.227.146,443,1.0,53,1,1,,1,ack
2018-11-27 04:07:44.152792,54,52.94.227.146,443,1.0,14,1,1,,1,ack
2018-11-27 04:07:44.157844,54,52.94.227.146,443,1.0,5,1,1,,1,ack
2018-11-27 04:07:44.182190,782,54.239.29.0,443,3.0,0,1,1,23,1,expected
2018-11-27 04:07:44.196900,796,54.239.29.0,443,3.0,0,1,1,23,1,expected
2018-11-27 04:07:44.255173,85,54.239.29.0,443,3.0,0,1,1,21,1,handshake
2018-11-27 04:07:44.255329,54,54.239.29.0,443,1.0,161,1,1,,1,ack
2018-11-27 04:07:44.255444,85,54.239.29.0,443,3.0,0,1,1,21,1,handshake
2018-11-27 04:07:44.255757,54,54.239.29.0,443,1.0,147,1,1,,1,ack
2018-11-27 04:07:44.299172,54,54.239.29.0,443,1.0,43,1,1,,1,ack
2018-11-27 04:07:44.299271,54,54.239.29.0,443,1.0,43,1,1,,1,ack
2018-11-27 04:07:47.670175,296,52.94.227.146,443,3.0,0,1,1,23,1,expected
2018-11-27 04:07:47.670839,190,52.94.227.146,443,3.0,0,1,1,23,1,expected
2018-11-27 04:07:47.670945,1514,52.94.227.146,443,1.0,3513,1,1,,1,not_relevant
2018-11-27 04:07:47.670975,1514,52.94.227.146,443,1.0,0,1,1,,1,not_relevant
2018-11-27 04:07:47.671009,528,52.94.227.146,443,3.0,0,1,1,23,1,expected
2018-11-27 04:07:47.718232,1514,52.94.227.146,443,3.0,0,1,1,23,1,expected
2018-11-27 04:07:47.720129,1514,52.94.227.146,443,1.0,49,1,1,,1,not_relevant
2018-11-27 04:07:47.720198,1514,52.94.227.146,443,1.0,0,1,1,,1,not_relevant
2018-11-27 04:07:47.720232,897,52.94.227.146,443,3.0,0,1,1,23,1,expected
2018-11-27 04:07:47.720262,1514,52.94.227.146,443,1.0,0,1,1,,1,not_relevant
2018-11-27 04:07:47.720294,54,52.94.227.146,443,1.0,0,1,1,,1,ack
2018-11-27 04:07:47.803808,54,52.94.227.146,443,1.0,83,1,1,,1,ack
2018-11-27 04:07:47.803998,54,52.94.227.146,443,1.0,0,1,1,,1,ack
2018-11-27 04:07:47.873062,54,52.94.227.146,443,1.0,69,1,1,,1,ack
2018-11-27 04:07:47.873350,54,52.94.227.146,443,1.0,0,1,1,,1,ack
2018-11-27 04:07:48.161381,288,52.94.227.146,443,3.0,0,1,1,23,1,expected
2018-11-27 04:07:48.161781,190,52.94.227.146,443,3.0,0,1,1,23,1,expected
2018-11-27 04:07:48.162158,1514,52.94.227.146,443,1.0,288,1,1,,1,not_relevant
2018-11-27 04:07:48.205203,1514,52.94.227.146,443,1.0,43,1,1,,1,not_relevant
2018-11-27 04:07:48.206769,522,52.94.227.146,443,3.0,0,1,1,23,1,expected
2018-11-27 04:07:48.352728,54,52.94.227.146,443,1.0,147,1,1,,1,ack
2018-11-27 04:07:48.352998,54,52.94.227.146,443,1.0,0,1,1,,1,ack
2018-11-27 04:07:57.261799,66,99.84.170.19,80,1.0,29486,1,1,,1,ack
2018-11-27 04:08:00.070628,54,52.94.227.146,443,1.0,11717,1,1,,1,ack
2018-11-27 04:08:00.071969,100,52.94.227.146,443,3.0,0,1,1,23,1,syn
2018-11-27 04:08:05.181789,54,52.216.100.219,80,1.0,33363,1,1,,1,ack
