2018-11-26 19:22:12.301816,100,52.94.229.122,443,3.0,0,1,1,23,1,syn
2018-11-26 19:22:15.478764,288,52.94.229.122,443,3.0,0,1,1,23,1,expected
2018-11-26 19:22:15.478795,190,52.94.229.122,443,3.0,0,1,1,23,1,expected
2018-11-26 19:22:15.478875,1514,52.94.229.122,443,1.0,-29576228,1,1,,1,not_relevant
2018-11-26 19:22:15.478890,1514,52.94.229.122,443,1.0,0,1,1,,1,not_relevant
2018-11-26 19:22:15.479060,851,52.94.229.122,443,3.0,0,1,1,23,1,expected
2018-11-26 19:22:15.479079,132,52.94.229.122,443,3.0,0,1,1,23,1,expected
2018-11-26 19:22:15.479267,180,52.94.229.122,443,3.0,0,1,1,23,1,expected
2018-11-26 19:22:15.479474,511,52.94.229.122,443,3.0,0,1,1,23,1,expected
2018-11-26 19:22:15.512983,74,54.239.29.0,443,1.0,-29369237,0,1,,1,retransmit
2018-11-26 19:22:15.523615,1514,52.94.229.122,443,1.0,44,1,1,,1,not_relevant
2018-11-26 19:22:15.525667,1514,52.94.229.122,443,1.0,2,1,1,,1,not_relevant
2018-11-26 19:22:15.526028,927,52.94.229.122,443,3.0,0,1,1,23,1,expected
2018-11-26 19:22:15.527420,1514,52.94.229.122,443,1.0,1,1,1,,1,not_relevant
2018-11-26 19:22:15.556928,54,54.239.29.0,443,1.0,43,1,1,,1,ack
2018-11-26 19:22:15.560760,1514,52.94.229.122,443,1.0,33,1,1,,1,not_relevant
2018-11-26 19:22:15.561582,1514,52.94.229.122,443,1.0,0,1,1,,1,not_relevant
2018-11-26 19:22:15.561604,312,54.239.29.0,443,3.0,0,1,1,22,1,handshake
2018-11-26 19:22:15.561618,1472,52.94.229.122,443,3.0,0,1,1,23,1,expected
2018-11-26 19:22:15.568300,1514,52.94.229.122,443,1.0,6,1,1,,1,not_relevant
2018-11-26 19:22:15.572260,172,52.94.229.122,443,3.0,0,1,1,23,1,expected
2018-11-26 19:22:15.593594,172,52.94.229.122,443,3.0,0,1,1,23,1,expected
2018-11-26 19:22:15.607745,54,54.239.29.0,443,1.0,50,1,1,,1,ack
2018-11-26 19:22:15.608239,105,54.239.29.0,443,3.0,0,1,1,20,1,handshake
2018-11-26 19:22:15.611534,172,52.94.229.122,443,3.0,0,1,1,23,1,expected
2018-11-26 19:22:15.635658,172,52.94.229.122,443,3.0,0,1,1,23,1,expected
2018-11-26 19:22:15.656200,172,52.94.229.122,443,3.0,0,1,1,23,1,expected
2018-11-26 19:22:15.670335,172,52.94.229.122,443,3.0,0,1,1,23,1,expected
2018-11-26 19:22:15.684329,172,52.94.229.122,443,3.0,0,1,1,23,1,expected
2018-11-26 19:22:15.689762,54,52.94.229.122,443,1.0,121,1,1,,1,ack
2018-11-26 19:22:15.703370,766,54.239.29.0,443,3.0,0,1,1,23,1,expected
2018-11-26 19:22:15.719433,172,52.94.229.122,443,3.0,0,1,1,23,1,expected
2018-11-26 19:22:15.733251,172,52.94.229.122,443,3.0,0,1,1,23,1,expected
2018-11-26 19:22:15.747238,172,52.94.229.122,443,3.0,0,1,1,23,1,expected
2018-11-26 19:22:15.753531,85,54.239.29.0,443,3.0,0,1,1,21,1,handshake
2018-11-26 19:22:15.753708,54,54.239.29.0,443,1.0,145,1,1,,1,ack
2018-11-26 19:22:15.768442,172,52.94.229.122,443,3.0,0,1,1,23,1,expected
2018-11-26 19:22:15.795915,54,54.239.29.0,443,1.0,42,1,1,,1,ack
2018-11-26 19:22:15.796042,172,52.94.229.122,443,3.0,0,1,1,23,1,expected
2018-11-26 19:22:15.817729,172,52.94.229.122,443,3.0,0,1,1,23,1,expected
2018-11-26 19:22:15.832196,172,52.94.229.122,443,3.0,0,1,1,23,1,expected
2018-11-26 19:22:15.845672,172,52.94.229.122,443,3.0,0,1,1,23,1,expected
2018-11-26 19:22:15.880641,172,52.94.229.122,443,3.0,0,1,1,23,1,expected
2018-11-26 19:22:15.897993,172,52.94.229.122,443,3.0,0,1,1,23,1,expected
2018-11-26 19:22:15.911982,172,52.94.229.122,443,3.0,0,1,1,23,1,expected
2018-11-26 19:22:15.929980,172,52.94.229.122,443,3.0,0,1,1,23,1,expected
2018-11-26 19:22:15.957382,172,52.94.229.122,443,3.0,0,1,1,23,1,expected
2018-11-26 19:22:15.973194,172,52.94.229.122,443,3.0,0,1,1,23,1,expected
2018-11-26 19:22:15.980921,287,52.94.229.122,443,3.0,0,1,1,23,1,expected
2018-11-26 19:22:15.981274,1514,52.94.229.122,443,3.0,0,1,1,23,1,expected
2018-11-26 19:22:15.983146,1514,52.94.229.122,443,1.0,293,1,1,,1,not_relevant
2018-11-26 19:22:15.983167,1514,52.94.229.122,443,1.0,0,1,1,,1,not_relevant
2018-11-26 19:22:15.983183,810,52.94.229.122,443,3.0,0,1,1,23,1,expected
2018-11-26 19:22:15.995049,172,52.94.229.122,443,3.0,0,1,1,23,1,expected
2018-11-26 19:22:16.006223,172,52.94.229.122,443,3.0,0,1,1,23,1,expected
2018-11-26 19:22:16.041207,172,52.94.229.122,443,3.0,0,1,1,23,1,expected
2018-11-26 19:22:16.054595,172,52.94.229.122,443,3.0,0,1,1,23,1,expected
2018-11-26 19:22:16.068687,172,52.94.229.122,443,3.0,0,1,1,23,1,expected
2018-11-26 19:22:16.090179,172,52.94.229.122,443,3.0,0,1,1,23,1,expected
2018-11-26 19:22:16.121293,172,52.94.229.122,443,3.0,0,1,1,23,1,expected
2018-11-26 19:22:16.139421,172,52.94.229.122,443,3.0,0,1,1,23,1,expected
2018-11-26 19:22:16.183951,172,52.94.229.122,443,3.0,0,1,1,23,1,expected
2018-11-26 19:22:16.184190,172,52.94.229.122,443,3.0,0,1,1,23,1,expected
2018-11-26 19:22:16.201876,54,52.94.229.122,443,1.0,218,1,1,,1,ack
2018-11-26 19:22:16.204548,172,52.94.229.122,443,3.0,0,1,1,23,1,expected
2018-11-26 19:22:16.217963,172,52.94.229.122,443,3.0,0,1,1,23,1,expected
2018-11-26 19:22:16.231416,172,52.94.229.122,443,3.0,0,1,1,23,1,expected
2018-11-26 19:22:16.244178,172,52.94.229.122,443,3.0,0,1,1,23,1,expected
2018-11-26 19:22:16.379431,762,52.94.229.122,443,3.0,0,1,1,23,1,expected
2018-11-26 19:22:16.651415,998,52.94.229.122,443,1.0,449,1,1,,1,not_relevant
2018-11-26 19:22:17.191543,998,52.94.229.122,443,1.0,540,1,1,,1,not_relevant
2018-11-26 19:22:18.279376,998,52.94.229.122,443,1.0,1087,1,1,,1,not_relevant
2018-11-26 19:22:20.431562,566,52.94.229.122,443,1.0,2152,1,1,,1,not_relevant
2018-11-26 19:22:20.476743,566,52.94.229.122,443,3.0,0,1,1,23,1,expected
2018-11-26 19:22:20.477452,566,52.94.229.122,443,3.0,0,1,1,23,1,expected
2018-11-26 19:22:20.477496,490,52.94.229.122,443,3.0,0,1,1,23,1,expected
2018-11-26 19:22:20.477538,566,52.94.229.122,443,3.0,0,1,1,23,1,expected
2018-11-26 19:22:20.477567,566,52.94.229.122,443,3.0,0,1,1,23,1,expected
2018-11-26 19:22:20.477594,490,52.94.229.122,443,3.0,0,1,1,23,1,expected
2018-11-26 19:22:20.477623,566,52.94.229.122,443,3.0,0,1,1,23,1,expected
2018-11-26 19:22:20.477662,566,52.94.229.122,443,3.0,0,1,1,23,1,expected
2018-11-26 19:22:20.515644,490,52.94.229.122,443,3.0,0,1,1,23,1,expected
2018-11-26 19:22:20.522128,566,52.94.229.122,443,3.0,0,1,1,23,1,expected
2018-11-26 19:22:20.522957,566,52.94.229.122,443,3.0,0,1,1,23,1,expected
2018-11-26 19:22:20.523338,490,52.94.229.122,443,3.0,0,1,1,23,1,expected
2018-11-26 19:22:20.523375,566,52.94.229.122,443,3.0,0,1,1,23,1,expected
2018-11-26 19:22:20.524888,566,52.94.229.122,443,3.0,0,1,1,23,1,expected
2018-11-26 19:22:20.524929,490,52.94.229.122,443,3.0,0,1,1,23,1,expected
2018-11-26 19:22:20.524969,566,52.94.229.122,443,3.0,0,1,1,23,1,expected
2018-11-26 19:22:20.553273,566,52.94.229.122,443,3.0,0,1,1,23,1,expected
2018-11-26 19:22:20.563364,490,52.94.229.122,443,3.0,0,1,1,23,1,expected
2018-11-26 19:22:20.565011,566,52.94.229.122,443,3.0,0,1,1,23,1,expected
2018-11-26 19:22:20.565052,566,52.94.229.122,443,3.0,0,1,1,23,1,expected
2018-11-26 19:22:20.569388,490,52.94.229.122,443,3.0,0,1,1,23,1,expected
2018-11-26 19:22:20.571093,566,52.94.229.122,443,3.0,0,1,1,23,1,expected
2018-11-26 19:22:20.571133,566,52.94.229.122,443,3.0,0,1,1,23,1,expected
2018-11-26 19:22:20.571176,490,52.94.229.122,443,3.0,0,1,1,23,1,expected
2018-11-26 19:22:20.680736,566,52.94.229.122,443,3.0,0,1,1,23,1,expected
2018-11-26 19:22:20.683775,566,52.94.229.122,443,3.0,0,1,1,23,1,expected
2018-11-26 19:22:20.684537,490,52.94.229.122,443,3.0,0,1,1,23,1,expected
2018-11-26 19:22:20.684574,566,52.94.229.122,443,3.0,0,1,1,23,1,expected
2018-11-26 19:22:20.684613,566,52.94.229.122,443,3.0,0,1,1,23,1,expected
2018-11-26 19:22:20.684654,490,52.94.229.122,443,3.0,0,1,1,23,1,expected
2018-11-26 19:22:20.684705,566,52.94.229.122,443,3.0,0,1,1,23,1,expected
2018-11-26 19:22:20.684745,566,52.94.229.122,443,3.0,0,1,1,23,1,expected
2018-11-26 19:22:20.684774,490,52.94.229.122,443,3.0,0,1,1,23,1,expected
2018-11-26 19:22:20.817361,566,52.94.229.122,443,3.0,0,1,1,23,1,expected
2018-11-26 19:22:20.817878,566,52.94.229.122,443,3.0,0,1,1,23,1,expected
2018-11-26 19:22:20.818019,490,52.94.229.122,443,3.0,0,1,1,23,1,expected
2018-11-26 19:22:20.818047,566,52.94.229.122,443,3.0,0,1,1,23,1,expected
2018-11-26 19:22:20.818086,566,52.94.229.122,443,3.0,0,1,1,23,1,expected
2018-11-26 19:22:20.818124,490,52.94.229.122,443,3.0,0,1,1,23,1,expected
2018-11-26 19:22:20.818162,566,52.94.229.122,443,3.0,0,1,1,23,1,expected
2018-11-26 19:22:20.818196,566,52.94.229.122,443,3.0,0,1,1,23,1,expected
2018-11-26 19:22:20.818229,490,52.94.229.122,443,3.0,0,1,1,23,1,expected
2018-11-26 19:22:20.953639,566,52.94.229.122,443,3.0,0,1,1,23,1,expected
2018-11-26 19:22:20.953998,566,52.94.229.122,443,3.0,0,1,1,23,1,expected
2018-11-26 19:22:20.954035,490,52.94.229.122,443,3.0,0,1,1,23,1,expected
2018-11-26 19:22:20.954052,566,52.94.229.122,443,3.0,0,1,1,23,1,expected
2018-11-26 19:22:20.954073,566,52.94.229.122,443,3.0,0,1,1,23,1,expected
2018-11-26 19:22:20.954280,490,52.94.229.122,443,3.0,0,1,1,23,1,expected
2018-11-26 19:22:20.954299,566,52.94.229.122,443,3.0,0,1,1,23,1,expected
2018-11-26 19:22:20.954314,566,52.94.229.122,443,3.0,0,1,1,23,1,expected
2018-11-26 19:22:20.954329,566,52.94.229.122,443,3.0,0,1,1,23,1,expected
2018-11-26 19:22:21.001356,566,52.94.229.122,443,3.0,0,1,1,23,1,expected
2018-11-26 19:22:21.003008,566,52.94.229.122,443,3.0,0,1,1,23,1,expected
2018-11-26 19:22:21.003044,566,52.94.229.122,443,3.0,0,1,1,23,1,expected
2018-11-26 19:22:21.003059,566,52.94.229.122,443,3.0,0,1,1,23,1,expected
2018-11-26 19:22:21.003077,368,52.94.229.122,443,3.0,0,1,1,23,1,expected
2018-11-26 19:22:21.013284,172,52.94.229.122,443,3.0,0,1,1,23,1,expected
2018-11-26 19:22:21.027633,172,52.94.229.122,443,3.0,0,1,1,23,1,expected
2018-11-26 19:22:21.091053,172,52.94.229.122,443,3.0,0,1,1,23,1,expected
2018-11-26 19:22:21.131143,172,52.94.229.122,443,3.0,0,1,1,23,1,expected
2018-11-26 19:22:21.132927,408,52.94.229.122,443,3.0,0,1,1,23,1,expected
2018-11-26 19:22:21.160497,172,52.94.229.122,443,3.0,0,1,1,23,1,expected
2018-11-26 19:22:21.266622,172,52.94.229.122,443,3.0,0,1,1,23,1,expected
2018-11-26 19:22:21.267007,172,52.94.229.122,443,3.0,0,1,1,23,1,expected
2018-11-26 19:22:21.267203,172,52.94.229.122,443,3.0,0,1,1,23,1,expected
2018-11-26 19:22:21.267392,172,52.94.229.122,443,3.0,0,1,1,23,1,expected
2018-11-26 19:22:21.267523,172,52.94.229.122,443,3.0,0,1,1,23,1,expected
2018-11-26 19:22:21.279116,172,52.94.229.122,443,3.0,0,1,1,23,1,expected
2018-11-26 19:22:21.286857,172,52.94.229.122,443,3.0,0,1,1,23,1,expected
2018-11-26 19:22:21.327112,172,52.94.229.122,443,3.0,0,1,1,23,1,expected
2018-11-26 19:22:21.335492,172,52.94.229.122,443,3.0,0,1,1,23,1,expected
2018-11-26 19:22:21.349509,172,52.94.229.122,443,3.0,0,1,1,23,1,expected
2018-11-26 19:22:21.363416,172,52.94.229.122,443,3.0,0,1,1,23,1,expected
2018-11-26 19:22:21.400658,172,52.94.229.122,443,3.0,0,1,1,23,1,expected
2018-11-26 19:22:21.412510,172,52.94.229.122,443,3.0,0,1,1,23,1,expected
2018-11-26 19:22:21.433386,172,52.94.229.122,443,3.0,0,1,1,23,1,expected
2018-11-26 19:22:21.447890,172,52.94.229.122,443,3.0,0,1,1,23,1,expected
2018-11-26 19:22:21.475998,172,52.94.229.122,443,3.0,0,1,1,23,1,expected
2018-11-26 19:22:21.496435,172,52.94.229.122,443,3.0,0,1,1,23,1,expected
2018-11-26 19:22:21.511491,172,52.94.229.122,443,3.0,0,1,1,23,1,expected
2018-11-26 19:22:21.525091,172,52.94.229.122,443,3.0,0,1,1,23,1,expected
2018-11-26 19:22:21.560036,172,52.94.229.122,443,3.0,0,1,1,23,1,expected
2018-11-26 19:22:21.573673,172,52.94.229.122,443,3.0,0,1,1,23,1,expected
2018-11-26 19:22:21.594152,172,52.94.229.122,443,3.0,0,1,1,23,1,expected
2018-11-26 19:22:21.608256,172,52.94.229.122,443,3.0,0,1,1,23,1,expected
2018-11-26 19:22:21.636647,172,52.94.229.122,443,3.0,0,1,1,23,1,expected
2018-11-26 19:22:21.657264,172,52.94.229.122,443,3.0,0,1,1,23,1,expected
2018-11-26 19:22:21.671478,172,52.94.229.122,443,3.0,0,1,1,23,1,expected
2018-11-26 19:22:21.686026,172,52.94.229.122,443,3.0,0,1,1,23,1,expected
2018-11-26 19:22:21.720603,172,52.94.229.122,443,3.0,0,1,1,23,1,expected
2018-11-26 19:22:21.739996,172,52.94.229.122,443,3.0,0,1,1,23,1,expected
2018-11-26 19:22:21.779612,172,52.94.229.122,443,3.0,0,1,1,23,1,expected
2018-11-26 19:22:21.780056,172,52.94.229.122,443,3.0,0,1,1,23,1,expected
2018-11-26 19:22:21.798175,172,52.94.229.122,443,3.0,0,1,1,23,1,expected
2018-11-26 19:22:21.812042,172,52.94.229.122,443,3.0,0,1,1,23,1,expected
2018-11-26 19:22:21.832632,172,52.94.229.122,443,3.0,0,1,1,23,1,expected
2018-11-26 19:22:21.847493,172,52.94.229.122,443,3.0,0,1,1,23,1,expected
2018-11-26 19:22:21.853132,136,52.94.229.122,443,3.0,0,1,1,23,1,expected
2018-11-26 19:22:21.853607,92,52.94.229.122,443,3.0,0,1,1,23,1,expected
2018-11-26 19:22:21.871034,74,54.239.29.0,443,1.0,-29365343,0,1,,1,retransmit
2018-11-26 19:22:21.887894,54,52.94.229.122,443,1.0,1456,1,1,,1,ack
2018-11-26 19:22:21.912938,54,54.239.29.0,443,1.0,41,1,1,,1,ack
2018-11-26 19:22:21.914269,312,54.239.29.0,443,3.0,0,1,1,22,1,handshake
2018-11-26 19:22:21.957787,54,54.239.29.0,443,1.0,44,1,1,,1,ack
2018-11-26 19:22:21.958146,105,54.239.29.0,443,3.0,0,1,1,20,1,handshake
2018-11-26 19:22:22.041753,812,54.239.29.0,443,3.0,0,1,1,23,1,expected
2018-11-26 19:22:22.086900,85,54.239.29.0,443,3.0,0,1,1,21,1,handshake
2018-11-26 19:22:22.087127,54,54.239.29.0,443,1.0,129,1,1,,1,ack
2018-11-26 19:22:22.124865,54,54.239.29.0,443,1.0,37,1,1,,1,ack
2018-11-26 19:22:22.271544,54,52.94.229.122,443,1.0,383,1,1,,1,ack
2018-11-26 19:22:22.284432,54,52.94.229.122,443,1.0,12,1,1,,1,ack
2018-11-26 19:22:22.284615,54,52.94.229.122,443,1.0,0,1,1,,1,ack
2018-11-26 19:22:22.284775,54,52.94.229.122,443,1.0,0,1,1,,1,ack
2018-11-26 19:22:22.284866,54,52.94.229.122,443,1.0,0,1,1,,1,ack
2018-11-26 19:22:22.284961,54,52.94.229.122,443,1.0,0,1,1,,1,ack
2018-11-26 19:22:22.285043,54,52.94.229.122,443,1.0,0,1,1,,1,ack
2018-11-26 19:22:22.285120,54,52.94.229.122,443,1.0,0,1,1,,1,ack
2018-11-26 19:22:22.285802,54,52.94.229.122,443,1.0,0,1,1,,1,ack
2018-11-26 19:22:22.285986,54,52.94.229.122,443,1.0,0,1,1,,1,ack
2018-11-26 19:22:22.310734,54,52.94.229.122,443,1.0,24,1,1,,1,ack
2018-11-26 19:22:22.311050,54,52.94.229.122,443,1.0,0,1,1,,1,ack
2018-11-26 19:22:22.325535,54,52.94.229.122,443,1.0,14,1,1,,1,ack
2018-11-26 19:22:22.325684,54,52.94.229.122,443,1.0,0,1,1,,1,ack
2018-11-26 19:22:22.325828,54,52.94.229.122,443,1.0,0,1,1,,1,ack
2018-11-26 19:22:22.329589,54,52.94.229.122,443,1.0,3,1,1,,1,ack
2018-11-26 19:22:22.329827,54,52.94.229.122,443,1.0,0,1,1,,1,ack
2018-11-26 19:22:22.329947,54,52.94.229.122,443,1.0,0,1,1,,1,ack
2018-11-26 19:22:22.330044,54,52.94.229.122,443,1.0,0,1,1,,1,ack
2018-11-26 19:22:22.345795,96,52.94.229.122,443,3.0,0,1,1,23,1,expected
2018-11-26 19:22:22.346043,74,54.239.29.0,443,1.0,-29365069,0,1,,1,retransmit
2018-11-26 19:22:22.346141,54,52.94.229.122,443,1.0,16,1,1,,1,ack
2018-11-26 19:22:22.346229,54,52.94.229.122,443,1.0,0,1,1,,1,ack
2018-11-26 19:22:22.396408,54,54.239.29.0,443,1.0,50,1,1,,1,ack
2018-11-26 19:22:22.397860,312,54.239.29.0,443,3.0,0,1,1,22,1,handshake
2018-11-26 19:22:22.479042,54,54.239.29.0,443,1.0,82,1,1,,1,ack
2018-11-26 19:22:22.479191,105,54.239.29.0,443,3.0,0,1,1,20,1,handshake
2018-11-26 19:22:22.479492,287,52.94.229.122,443,3.0,0,1,1,23,1,expected
2018-11-26 19:22:22.480161,566,52.94.229.122,443,3.0,0,1,1,23,1,expected
2018-11-26 19:22:22.480198,566,52.94.229.122,443,1.0,133,1,1,,1,not_relevant
2018-11-26 19:22:22.480215,566,52.94.229.122,443,1.0,0,1,1,,1,not_relevant
2018-11-26 19:22:22.480239,566,52.94.229.122,443,1.0,0,1,1,,1,not_relevant
2018-11-26 19:22:22.481842,566,52.94.229.122,443,1.0,1,1,1,,1,not_relevant
2018-11-26 19:22:22.481877,566,52.94.229.122,443,1.0,0,1,1,,1,not_relevant
2018-11-26 19:22:22.481893,566,52.94.229.122,443,1.0,0,1,1,,1,not_relevant
2018-11-26 19:22:22.481907,566,52.94.229.122,443,1.0,0,1,1,,1,not_relevant
2018-11-26 19:22:22.516393,566,52.94.229.122,443,1.0,34,1,1,,1,not_relevant
2018-11-26 19:22:22.527707,566,52.94.229.122,443,3.0,0,1,1,23,1,expected
2018-11-26 19:22:22.528320,566,52.94.229.122,443,3.0,0,1,1,23,1,expected
2018-11-26 19:22:22.528385,566,52.94.229.122,443,3.0,0,1,1,23,1,expected
2018-11-26 19:22:22.528419,566,52.94.229.122,443,1.0,12,1,1,,1,not_relevant
2018-11-26 19:22:22.528449,566,52.94.229.122,443,1.0,0,1,1,,1,not_relevant
2018-11-26 19:22:22.529891,566,52.94.229.122,443,1.0,1,1,1,,1,not_relevant
2018-11-26 19:22:22.529930,566,52.94.229.122,443,1.0,0,1,1,,1,not_relevant
2018-11-26 19:22:22.529970,566,52.94.229.122,443,1.0,0,1,1,,1,not_relevant
2018-11-26 19:22:22.554528,566,52.94.229.122,443,1.0,24,1,1,,1,not_relevant
2018-11-26 19:22:22.555953,566,52.94.229.122,443,1.0,1,1,1,,1,not_relevant
2018-11-26 19:22:22.566063,787,54.239.29.0,443,3.0,0,1,1,23,1,expected
2018-11-26 19:22:22.570222,566,52.94.229.122,443,1.0,14,1,1,,1,not_relevant
2018-11-26 19:22:22.570590,566,52.94.229.122,443,3.0,0,1,1,23,1,expected
2018-11-26 19:22:22.570628,155,52.94.229.122,443,3.0,0,1,1,23,1,expected
2018-11-26 19:22:22.584065,296,52.94.229.122,443,3.0,0,1,1,23,1,expected
2018-11-26 19:22:22.584575,190,52.94.229.122,443,3.0,0,1,1,23,1,expected
2018-11-26 19:22:22.586964,566,52.94.229.122,443,1.0,16,1,1,,1,not_relevant
2018-11-26 19:22:22.593513,1078,52.94.229.122,443,1.0,6,1,1,,1,not_relevant
2018-11-26 19:22:22.594903,566,52.94.229.122,443,1.0,1,1,1,,1,not_relevant
2018-11-26 19:22:22.610573,566,52.94.229.122,443,1.0,15,1,1,,1,not_relevant
2018-11-26 19:22:22.611845,566,52.94.229.122,443,1.0,1,1,1,,1,not_relevant
2018-11-26 19:22:22.611888,566,52.94.229.122,443,1.0,0,1,1,,1,not_relevant
2018-11-26 19:22:22.611916,566,52.94.229.122,443,1.0,0,1,1,,1,not_relevant
2018-11-26 19:22:22.614332,85,54.239.29.0,443,3.0,0,1,1,21,1,handshake
2018-11-26 19:22:22.614618,54,54.239.29.0,443,1.0,135,1,1,,1,ack
2018-11-26 19:22:22.622313,443,52.94.229.122,443,3.0,0,1,1,23,1,expected
2018-11-26 19:22:22.656907,54,54.239.29.0,443,1.0,42,1,1,,1,ack
2018-11-26 19:22:22.662652,74,54.239.29.0,443,1.0,-29364970,0,1,,1,retransmit
2018-11-26 19:22:22.683947,54,52.94.229.122,443,1.0,72,1,1,,1,ack
2018-11-26 19:22:22.700282,54,54.239.29.0,443,1.0,37,1,1,,1,ack
2018-11-26 19:22:22.701642,312,54.239.29.0,443,3.0,0,1,1,22,1,handshake
2018-11-26 19:22:22.705456,54,52.94.229.122,443,1.0,21,1,1,,1,ack
2018-11-26 19:22:22.732507,54,52.94.229.122,443,1.0,27,1,1,,1,ack
2018-11-26 19:22:22.739070,54,52.94.229.122,443,1.0,6,1,1,,1,ack
2018-11-26 19:22:22.743160,54,54.239.29.0,443,1.0,42,1,1,,1,ack
2018-11-26 19:22:22.743601,105,54.239.29.0,443,3.0,0,1,1,20,1,handshake
2018-11-26 19:22:22.834175,797,54.239.29.0,443,3.0,0,1,1,23,1,expected
2018-11-26 19:22:22.880609,85,54.239.29.0,443,3.0,0,1,1,21,1,handshake
2018-11-26 19:22:22.880860,54,54.239.29.0,443,1.0,137,1,1,,1,ack
2018-11-26 19:22:22.921820,54,54.239.29.0,443,1.0,40,1,1,,1,ack
2018-11-26 19:22:28.367495,288,52.94.229.122,443,3.0,0,1,1,23,1,expected
2018-11-26 19:22:28.367941,190,52.94.229.122,443,3.0,0,1,1,23,1,expected
2018-11-26 19:22:28.372027,1078,52.94.229.122,443,1.0,5632,1,1,,1,not_relevant
2018-11-26 19:22:28.372066,1078,52.94.229.122,443,1.0,0,1,1,,1,not_relevant
2018-11-26 19:22:28.372095,1078,52.94.229.122,443,1.0,0,1,1,,1,not_relevant
2018-11-26 19:22:28.372124,840,52.94.229.122,443,3.0,0,1,1,23,1,expected
2018-11-26 19:22:28.377355,136,52.94.229.122,443,3.0,0,1,1,23,1,expected
2018-11-26 19:22:28.412046,462,52.94.229.122,443,3.0,0,1,1,23,1,expected
2018-11-26 19:22:28.413811,1078,52.94.229.122,443,1.0,41,1,1,,1,not_relevant
2018-11-26 19:22:28.413848,1078,52.94.229.122,443,1.0,0,1,1,,1,not_relevant
2018-11-26 19:22:28.413879,1078,52.94.229.122,443,1.0,0,1,1,,1,not_relevant
2018-11-26 19:22:28.413920,839,52.94.229.122,443,3.0,0,1,1,23,1,expected
2018-11-26 19:22:28.413945,136,52.94.229.122,443,3.0,0,1,1,23,1,expected
2018-11-26 19:22:28.453874,92,52.94.229.122,443,3.0,0,1,1,23,1,expected
2018-11-26 19:22:28.530996,54,52.94.229.122,443,1.0,117,1,1,,1,ack
2018-11-26 19:22:28.601589,54,52.94.229.122,443,1.0,70,1,1,,1,ack
2018-11-26 19:22:28.866911,287,52.94.229.122,443,3.0,0,1,1,23,1,expected
2018-11-26 19:22:28.867148,190,52.94.229.122,443,3.0,0,1,1,23,1,expected
2018-11-26 19:22:28.868509,1078,52.94.229.122,443,1.0,266,1,1,,1,not_relevant
2018-11-26 19:22:28.868541,1078,52.94.229.122,443,1.0,0,1,1,,1,not_relevant
2018-11-26 19:22:28.868569,1078,52.94.229.122,443,1.0,0,1,1,,1,not_relevant
2018-11-26 19:22:28.868596,834,52.94.229.122,443,3.0,0,1,1,23,1,expected
2018-11-26 19:22:28.868623,136,52.94.229.122,443,3.0,0,1,1,23,1,expected
2018-11-26 19:22:28.905251,92,52.94.229.122,443,3.0,0,1,1,23,1,expected
2018-11-26 19:22:29.019970,54,52.94.229.122,443,1.0,151,1,1,,1,ack
2018-11-26 19:22:30.242460,295,52.94.232.230,443,3.0,0,1,1,23,1,expected
2018-11-26 19:22:30.287031,54,52.94.232.230,443,1.0,-29357607,1,1,,1,ack
2018-11-26 19:22:42.300903,100,52.94.229.122,443,3.0,0,1,1,23,1,syn
2018-11-26 19:22:51.967093,285,52.94.229.122,443,3.0,0,1,1,23,1,expected
2018-11-26 19:22:51.967273,190,52.94.229.122,443,3.0,0,1,1,23,1,expected
2018-11-26 19:22:51.979319,1078,52.94.229.122,443,1.0,22959,1,1,,1,not_relevant
2018-11-26 19:22:51.979362,1078,52.94.229.122,443,1.0,0,1,1,,1,not_relevant
2018-11-26 19:22:51.979379,1078,52.94.229.122,443,1.0,0,1,1,,1,not_relevant
2018-11-26 19:22:51.979404,1078,52.94.229.122,443,1.0,0,1,1,,1,not_relevant
2018-11-26 19:22:51.979420,1078,52.94.229.122,443,3.0,0,1,1,23,1,expected
2018-11-26 19:22:52.008643,1078,52.94.229.122,443,3.0,0,1,1,23,1,expected
2018-11-26 19:22:52.012788,1078,52.94.229.122,443,3.0,0,1,1,23,1,expected
2018-11-26 19:22:52.019089,1078,52.94.229.122,443,1.0,39,1,1,,1,not_relevant
2018-11-26 19:22:52.025648,1078,52.94.229.122,443,1.0,6,1,1,,1,not_relevant
2018-11-26 19:22:52.027280,1078,52.94.229.122,443,1.0,1,1,1,,1,not_relevant
2018-11-26 19:22:52.027312,1078,52.94.229.122,443,1.0,0,1,1,,1,not_relevant
2018-11-26 19:22:52.027327,322,52.94.229.122,443,3.0,0,1,1,23,1,expected
2018-11-26 19:22:52.060101,1078,52.94.229.122,443,1.0,32,1,1,,1,not_relevant
2018-11-26 19:22:52.061393,1078,52.94.229.122,443,1.0,1,1,1,,1,not_relevant
2018-11-26 19:22:52.062273,1078,52.94.229.122,443,1.0,0,1,1,,1,not_relevant
2018-11-26 19:22:52.068292,1078,52.94.229.122,443,1.0,6,1,1,,1,not_relevant
2018-11-26 19:22:52.069809,686,52.94.229.122,443,3.0,0,1,1,23,1,expected
2018-11-26 19:22:52.071258,172,52.94.229.122,443,3.0,0,1,1,23,1,expected
2018-11-26 19:22:52.083902,172,52.94.229.122,443,3.0,0,1,1,23,1,expected
2018-11-26 19:22:52.120428,172,52.94.229.122,443,3.0,0,1,1,23,1,expected
2018-11-26 19:22:52.132413,172,52.94.229.122,443,3.0,0,1,1,23,1,expected
2018-11-26 19:22:52.143170,54,52.94.229.122,443,1.0,74,1,1,,1,ack
2018-11-26 19:22:52.154070,172,52.94.229.122,443,3.0,0,1,1,23,1,expected
2018-11-26 19:22:52.167365,172,52.94.229.122,443,3.0,0,1,1,23,1,expected
2018-11-26 19:22:52.195793,172,52.94.229.122,443,3.0,0,1,1,23,1,expected
2018-11-26 19:22:52.217041,172,52.94.229.122,443,3.0,0,1,1,23,1,expected
2018-11-26 19:22:52.230766,172,52.94.229.122,443,3.0,0,1,1,23,1,expected
2018-11-26 19:22:52.244333,172,52.94.229.122,443,3.0,0,1,1,23,1,expected
2018-11-26 19:22:52.279467,172,52.94.229.122,443,3.0,0,1,1,23,1,expected
2018-11-26 19:22:52.293371,172,52.94.229.122,443,3.0,0,1,1,23,1,expected
2018-11-26 19:22:52.307197,172,52.94.229.122,443,3.0,0,1,1,23,1,expected
2018-11-26 19:22:52.328312,172,52.94.229.122,443,3.0,0,1,1,23,1,expected
2018-11-26 19:22:52.356363,172,52.94.229.122,443,3.0,0,1,1,23,1,expected
2018-11-26 19:22:52.377120,172,52.94.229.122,443,3.0,0,1,1,23,1,expected
2018-11-26 19:22:52.391324,172,52.94.229.122,443,3.0,0,1,1,23,1,expected
2018-11-26 19:22:52.405748,172,52.94.229.122,443,3.0,0,1,1,23,1,expected
2018-11-26 19:22:52.440473,172,52.94.229.122,443,3.0,0,1,1,23,1,expected
2018-11-26 19:22:52.454714,172,52.94.229.122,443,3.0,0,1,1,23,1,expected
2018-11-26 19:22:52.469261,172,52.94.229.122,443,3.0,0,1,1,23,1,expected
2018-11-26 19:22:52.474951,287,52.94.229.122,443,3.0,0,1,1,23,1,expected
2018-11-26 19:22:52.476211,190,52.94.229.122,443,3.0,0,1,1,23,1,expected
2018-11-26 19:22:52.478483,1078,52.94.229.122,443,1.0,335,1,1,,1,not_relevant
2018-11-26 19:22:52.479791,1078,52.94.229.122,443,1.0,1,1,1,,1,not_relevant
2018-11-26 19:22:52.492144,1078,52.94.229.122,443,1.0,12,1,1,,1,not_relevant
2018-11-26 19:22:52.493952,1076,52.94.229.122,443,3.0,0,1,1,23,1,expected
2018-11-26 19:22:52.517802,172,52.94.229.122,443,3.0,0,1,1,23,1,expected
2018-11-26 19:22:52.531883,172,52.94.229.122,443,3.0,0,1,1,23,1,expected
2018-11-26 19:22:52.576280,172,52.94.229.122,443,3.0,0,1,1,23,1,expected
2018-11-26 19:22:52.576638,172,52.94.229.122,443,3.0,0,1,1,23,1,expected
2018-11-26 19:22:52.601431,172,52.94.229.122,443,3.0,0,1,1,23,1,expected
2018-11-26 19:22:52.615328,172,52.94.229.122,443,3.0,0,1,1,23,1,expected
2018-11-26 19:22:52.629230,172,52.94.229.122,443,3.0,0,1,1,23,1,expected
2018-11-26 19:22:52.644199,172,52.94.229.122,443,3.0,0,1,1,23,1,expected
2018-11-26 19:22:52.678347,172,52.94.229.122,443,3.0,0,1,1,23,1,expected
2018-11-26 19:22:52.685691,54,52.94.229.122,443,1.0,193,1,1,,1,ack
2018-11-26 19:22:52.694450,172,52.94.229.122,443,3.0,0,1,1,23,1,expected
2018-11-26 19:22:52.713590,172,52.94.229.122,443,3.0,0,1,1,23,1,expected
2018-11-26 19:22:52.727290,172,52.94.229.122,443,3.0,0,1,1,23,1,expected
2018-11-26 19:22:52.755942,172,52.94.229.122,443,3.0,0,1,1,23,1,expected
2018-11-26 19:22:52.776333,172,52.94.229.122,443,3.0,0,1,1,23,1,expected
2018-11-26 19:22:52.790390,172,52.94.229.122,443,3.0,0,1,1,23,1,expected
2018-11-26 19:22:52.804481,172,52.94.229.122,443,3.0,0,1,1,23,1,expected
2018-11-26 19:22:52.839660,172,52.94.229.122,443,3.0,0,1,1,23,1,expected
2018-11-26 19:22:52.853627,172,52.94.229.122,443,3.0,0,1,1,23,1,expected
2018-11-26 19:22:52.867749,172,52.94.229.122,443,3.0,0,1,1,23,1,expected
2018-11-26 19:22:52.889459,172,52.94.229.122,443,3.0,0,1,1,23,1,expected
2018-11-26 19:22:52.916810,172,52.94.229.122,443,3.0,0,1,1,23,1,expected
2018-11-26 19:22:52.940012,172,52.94.229.122,443,3.0,0,1,1,23,1,expected
2018-11-26 19:22:52.951647,172,52.94.229.122,443,3.0,0,1,1,23,1,expected
2018-11-26 19:22:52.965472,172,52.94.229.122,443,3.0,0,1,1,23,1,expected
2018-11-26 19:22:53.002120,172,52.94.229.122,443,3.0,0,1,1,23,1,expected
2018-11-26 19:22:53.002388,74,54.239.29.0,443,1.0,-29401853,0,1,,1,retransmit
2018-11-26 19:22:53.014574,172,52.94.229.122,443,3.0,0,1,1,23,1,expected
2018-11-26 19:22:53.028345,172,52.94.229.122,443,3.0,0,1,1,23,1,expected
2018-11-26 19:22:53.044878,54,54.239.29.0,443,1.0,42,1,1,,1,ack
2018-11-26 19:22:53.046615,312,54.239.29.0,443,3.0,0,1,1,22,1,handshake
2018-11-26 19:22:53.049713,172,52.94.229.122,443,3.0,0,1,1,23,1,expected
2018-11-26 19:22:53.077420,172,52.94.229.122,443,3.0,0,1,1,23,1,expected
2018-11-26 19:22:53.088136,54,54.239.29.0,443,1.0,43,1,1,,1,ack
2018-11-26 19:22:53.090004,105,54.239.29.0,443,3.0,0,1,1,20,1,handshake
2018-11-26 19:22:53.091989,172,52.94.229.122,443,3.0,0,1,1,23,1,expected
2018-11-26 19:22:53.112791,172,52.94.229.122,443,3.0,0,1,1,23,1,expected
2018-11-26 19:22:53.126626,172,52.94.229.122,443,3.0,0,1,1,23,1,expected
2018-11-26 19:22:53.161353,172,52.94.229.122,443,3.0,0,1,1,23,1,expected
2018-11-26 19:22:53.175196,172,52.94.229.122,443,3.0,0,1,1,23,1,expected
2018-11-26 19:22:53.191745,767,54.239.29.0,443,3.0,0,1,1,23,1,expected
2018-11-26 19:22:53.193198,172,52.94.229.122,443,3.0,0,1,1,23,1,expected
2018-11-26 19:22:53.204217,172,52.94.229.122,443,3.0,0,1,1,23,1,expected
2018-11-26 19:22:53.238846,172,52.94.229.122,443,3.0,0,1,1,23,1,expected
2018-11-26 19:22:53.239226,85,54.239.29.0,443,3.0,0,1,1,21,1,handshake
2018-11-26 19:22:53.239312,54,54.239.29.0,443,1.0,151,1,1,,1,ack
2018-11-26 19:22:53.279138,172,52.94.229.122,443,3.0,0,1,1,23,1,expected
2018-11-26 19:22:53.279282,172,52.94.229.122,443,3.0,0,1,1,23,1,expected
2018-11-26 19:22:53.280596,54,54.239.29.0,443,1.0,41,1,1,,1,ack
2018-11-26 19:22:53.286922,172,52.94.229.122,443,3.0,0,1,1,23,1,expected
2018-11-26 19:22:53.316861,172,52.94.229.122,443,3.0,0,1,1,23,1,expected
2018-11-26 19:22:53.337762,172,52.94.229.122,443,3.0,0,1,1,23,1,expected
2018-11-26 19:22:53.351791,172,52.94.229.122,443,3.0,0,1,1,23,1,expected
2018-11-26 19:22:53.366101,172,52.94.229.122,443,3.0,0,1,1,23,1,expected
2018-11-26 19:22:53.399675,172,52.94.229.122,443,3.0,0,1,1,23,1,expected
2018-11-26 19:22:53.413601,172,52.94.229.122,443,3.0,0,1,1,23,1,expected
2018-11-26 19:22:53.429122,172,52.94.229.122,443,3.0,0,1,1,23,1,expected
2018-11-26 19:22:53.448863,172,52.94.229.122,443,3.0,0,1,1,23,1,expected
2018-11-26 19:22:53.476432,172,52.94.229.122,443,3.0,0,1,1,23,1,expected
2018-11-26 19:22:53.497270,172,52.94.229.122,443,3.0,0,1,1,23,1,expected
2018-11-26 19:22:53.511315,172,52.94.229.122,443,3.0,0,1,1,23,1,expected
2018-11-26 19:22:53.525430,172,52.94.229.122,443,3.0,0,1,1,23,1,expected
2018-11-26 19:22:53.561330,172,52.94.229.122,443,3.0,0,1,1,23,1,expected
2018-11-26 19:22:53.574369,172,52.94.229.122,443,3.0,0,1,1,23,1,expected
2018-11-26 19:22:53.588585,172,52.94.229.122,443,3.0,0,1,1,23,1,expected
2018-11-26 19:22:53.610141,172,52.94.229.122,443,3.0,0,1,1,23,1,expected
2018-11-26 19:22:53.637024,172,52.94.229.122,443,3.0,0,1,1,23,1,expected
2018-11-26 19:22:53.658170,172,52.94.229.122,443,3.0,0,1,1,23,1,expected
2018-11-26 19:22:53.672772,172,52.94.229.122,443,3.0,0,1,1,23,1,expected
2018-11-26 19:22:53.686918,172,52.94.229.122,443,3.0,0,1,1,23,1,expected
2018-11-26 19:22:53.722602,172,52.94.229.122,443,3.0,0,1,1,23,1,expected
2018-11-26 19:22:53.736278,172,52.94.229.122,443,3.0,0,1,1,23,1,expected
2018-11-26 19:22:53.749400,172,52.94.229.122,443,3.0,0,1,1,23,1,expected
2018-11-26 19:22:53.763170,172,52.94.229.122,443,3.0,0,1,1,23,1,expected
2018-11-26 19:22:53.798233,172,52.94.229.122,443,3.0,0,1,1,23,1,expected
2018-11-26 19:22:53.812294,172,52.94.229.122,443,3.0,0,1,1,23,1,expected
2018-11-26 19:22:53.833230,172,52.94.229.122,443,3.0,0,1,1,23,1,expected
2018-11-26 19:22:53.847748,172,52.94.229.122,443,3.0,0,1,1,23,1,expected
2018-11-26 19:22:53.875185,172,52.94.229.122,443,3.0,0,1,1,23,1,expected
2018-11-26 19:22:53.896366,172,52.94.229.122,443,3.0,0,1,1,23,1,expected
2018-11-26 19:22:53.911001,172,52.94.229.122,443,3.0,0,1,1,23,1,expected
2018-11-26 19:22:53.924702,172,52.94.229.122,443,3.0,0,1,1,23,1,expected
2018-11-26 19:22:53.981494,172,52.94.229.122,443,3.0,0,1,1,23,1,expected
2018-11-26 19:22:53.981645,172,52.94.229.122,443,3.0,0,1,1,23,1,expected
2018-11-26 19:22:53.993956,172,52.94.229.122,443,3.0,0,1,1,23,1,expected
2018-11-26 19:22:54.008013,172,52.94.229.122,443,3.0,0,1,1,23,1,expected
2018-11-26 19:22:54.036277,172,52.94.229.122,443,3.0,0,1,1,23,1,expected
2018-11-26 19:22:54.057267,172,52.94.229.122,443,3.0,0,1,1,23,1,expected
2018-11-26 19:22:54.071314,172,52.94.229.122,443,3.0,0,1,1,23,1,expected
2018-11-26 19:22:54.085910,172,52.94.229.122,443,3.0,0,1,1,23,1,expected
2018-11-26 19:22:54.120659,172,52.94.229.122,443,3.0,0,1,1,23,1,expected
2018-11-26 19:22:54.138574,172,52.94.229.122,443,3.0,0,1,1,23,1,expected
2018-11-26 19:22:54.149666,172,52.94.229.122,443,3.0,0,1,1,23,1,expected
2018-11-26 19:22:54.169730,172,52.94.229.122,443,3.0,0,1,1,23,1,expected
2018-11-26 19:22:54.197909,172,52.94.229.122,443,3.0,0,1,1,23,1,expected
2018-11-26 19:22:54.211638,172,52.94.229.122,443,3.0,0,1,1,23,1,expected
2018-11-26 19:22:54.232891,172,52.94.229.122,443,3.0,0,1,1,23,1,expected
2018-11-26 19:22:54.246344,172,52.94.229.122,443,3.0,0,1,1,23,1,expected
2018-11-26 19:22:54.282092,172,52.94.229.122,443,3.0,0,1,1,23,1,expected
2018-11-26 19:22:54.295492,172,52.94.229.122,443,3.0,0,1,1,23,1,expected
2018-11-26 19:22:54.309572,172,52.94.229.122,443,3.0,0,1,1,23,1,expected
2018-11-26 19:22:54.323974,172,52.94.229.122,443,3.0,0,1,1,23,1,expected
2018-11-26 19:22:54.358223,172,52.94.229.122,443,3.0,0,1,1,23,1,expected
2018-11-26 19:22:54.373356,172,52.94.229.122,443,3.0,0,1,1,23,1,expected
2018-11-26 19:22:54.393850,172,52.94.229.122,443,3.0,0,1,1,23,1,expected
2018-11-26 19:22:54.407297,172,52.94.229.122,443,3.0,0,1,1,23,1,expected
2018-11-26 19:22:54.435771,172,52.94.229.122,443,3.0,0,1,1,23,1,expected
2018-11-26 19:22:54.456585,172,52.94.229.122,443,3.0,0,1,1,23,1,expected
2018-11-26 19:22:54.470650,172,52.94.229.122,443,3.0,0,1,1,23,1,expected
2018-11-26 19:22:54.484586,172,52.94.229.122,443,3.0,0,1,1,23,1,expected
2018-11-26 19:22:54.509751,136,52.94.229.122,443,3.0,0,1,1,23,1,expected
2018-11-26 19:22:54.510104,92,52.94.229.122,443,3.0,0,1,1,23,1,expected
2018-11-26 19:22:54.532970,74,54.239.29.0,443,1.0,-29461553,0,1,,1,retransmit
2018-11-26 19:22:54.557752,54,52.94.229.122,443,1.0,1872,1,1,,1,ack
2018-11-26 19:22:54.575290,54,54.239.29.0,443,1.0,42,1,1,,1,ack
2018-11-26 19:22:54.581900,312,54.239.29.0,443,3.0,0,1,1,22,1,handshake
2018-11-26 19:22:54.622829,54,54.239.29.0,443,1.0,47,1,1,,1,ack
2018-11-26 19:22:54.623215,105,54.239.29.0,443,3.0,0,1,1,20,1,handshake
2018-11-26 19:22:54.722361,810,54.239.29.0,443,3.0,0,1,1,23,1,expected
2018-11-26 19:22:54.770473,85,54.239.29.0,443,3.0,0,1,1,21,1,handshake
2018-11-26 19:22:54.770654,54,54.239.29.0,443,1.0,147,1,1,,1,ack
2018-11-26 19:22:54.813815,54,54.239.29.0,443,1.0,43,1,1,,1,ack
2018-11-26 19:22:54.922343,54,52.94.229.122,443,1.0,364,1,1,,1,ack
2018-11-26 19:22:54.922561,54,52.94.229.122,443,1.0,0,1,1,,1,ack
2018-11-26 19:22:54.922701,54,52.94.229.122,443,1.0,0,1,1,,1,ack
2018-11-26 19:22:54.922848,54,52.94.229.122,443,1.0,0,1,1,,1,ack
2018-11-26 19:22:54.922923,54,52.94.229.122,443,1.0,0,1,1,,1,ack
2018-11-26 19:22:54.922997,54,52.94.229.122,443,1.0,0,1,1,,1,ack
2018-11-26 19:22:54.923071,54,52.94.229.122,443,1.0,0,1,1,,1,ack
2018-11-26 19:22:54.923145,54,52.94.229.122,443,1.0,0,1,1,,1,ack
2018-11-26 19:22:54.923713,54,52.94.229.122,443,1.0,0,1,1,,1,ack
2018-11-26 19:22:54.923792,54,52.94.229.122,443,1.0,0,1,1,,1,ack
2018-11-26 19:22:54.966394,54,52.94.229.122,443,1.0,42,1,1,,1,ack
2018-11-26 19:22:54.968819,54,52.94.229.122,443,1.0,2,1,1,,1,ack
2018-11-26 19:22:54.968983,54,52.94.229.122,443,1.0,0,1,1,,1,ack
2018-11-26 19:22:54.969130,54,52.94.229.122,443,1.0,0,1,1,,1,ack
2018-11-26 19:22:54.969226,54,52.94.229.122,443,1.0,0,1,1,,1,ack
2018-11-26 19:22:54.969305,54,52.94.229.122,443,1.0,0,1,1,,1,ack
2018-11-26 19:22:54.973191,54,52.94.229.122,443,1.0,3,1,1,,1,ack
2018-11-26 19:22:54.973286,54,52.94.229.122,443,1.0,0,1,1,,1,ack
2018-11-26 19:22:54.973433,54,52.94.229.122,443,1.0,0,1,1,,1,ack
2018-11-26 19:22:54.973590,54,52.94.229.122,443,1.0,0,1,1,,1,ack
2018-11-26 19:22:54.973663,54,52.94.229.122,443,1.0,0,1,1,,1,ack
2018-11-26 19:22:54.973744,54,52.94.229.122,443,1.0,0,1,1,,1,ack
2018-11-26 19:22:54.983684,96,52.94.229.122,443,3.0,0,1,1,23,1,expected
2018-11-26 19:22:54.984567,74,54.239.29.0,443,1.0,-29405231,0,1,,1,retransmit
2018-11-26 19:22:55.026246,54,54.239.29.0,443,1.0,41,1,1,,1,ack
2018-11-26 19:22:55.027999,312,54.239.29.0,443,3.0,0,1,1,22,1,handshake
2018-11-26 19:22:55.067424,286,52.94.229.122,443,3.0,0,1,1,23,1,expected
2018-11-26 19:22:55.068030,190,52.94.229.122,443,3.0,0,1,1,23,1,expected
2018-11-26 19:22:55.069884,54,54.239.29.0,443,1.0,43,1,1,,1,ack
2018-11-26 19:22:55.071186,1078,52.94.229.122,443,1.0,97,1,1,,1,not_relevant
2018-11-26 19:22:55.071205,1078,52.94.229.122,443,1.0,0,1,1,,1,not_relevant
2018-11-26 19:22:55.071222,1078,52.94.229.122,443,1.0,0,1,1,,1,not_relevant
2018-11-26 19:22:55.071253,834,52.94.229.122,443,3.0,0,1,1,23,1,expected
2018-11-26 19:22:55.071267,105,54.239.29.0,443,3.0,0,1,1,20,1,handshake
2018-11-26 19:22:55.072015,136,52.94.229.122,443,3.0,0,1,1,23,1,expected
2018-11-26 19:22:55.113216,92,52.94.229.122,443,3.0,0,1,1,23,1,expected
2018-11-26 19:22:55.159943,787,54.239.29.0,443,3.0,0,1,1,23,1,expected
2018-11-26 19:22:55.207584,85,54.239.29.0,443,3.0,0,1,1,21,1,handshake
2018-11-26 19:22:55.207741,54,54.239.29.0,443,1.0,137,1,1,,1,ack
2018-11-26 19:22:55.207842,286,52.94.229.122,443,3.0,0,1,1,23,1,expected
2018-11-26 19:22:55.208203,190,52.94.229.122,443,3.0,0,1,1,23,1,expected
2018-11-26 19:22:55.209498,1078,52.94.229.122,443,1.0,138,1,1,,1,not_relevant
2018-11-26 19:22:55.210133,1078,52.94.229.122,443,1.0,0,1,1,,1,not_relevant
2018-11-26 19:22:55.210152,1078,52.94.229.122,443,1.0,0,1,1,,1,not_relevant
2018-11-26 19:22:55.210168,839,52.94.229.122,443,3.0,0,1,1,23,1,expected
2018-11-26 19:22:55.210254,136,52.94.229.122,443,3.0,0,1,1,23,1,expected
2018-11-26 19:22:55.253807,92,52.94.229.122,443,3.0,0,1,1,23,1,expected
2018-11-26 19:22:55.253950,54,54.239.29.0,443,1.0,46,1,1,,1,ack
2018-11-26 19:22:55.295360,288,52.94.229.122,443,3.0,0,1,1,23,1,expected
2018-11-26 19:22:55.295886,190,52.94.229.122,443,3.0,0,1,1,23,1,expected
2018-11-26 19:22:55.298663,1078,52.94.229.122,443,1.0,88,1,1,,1,not_relevant
2018-11-26 19:22:55.298706,1078,52.94.229.122,443,1.0,0,1,1,,1,not_relevant
2018-11-26 19:22:55.298727,1078,52.94.229.122,443,1.0,0,1,1,,1,not_relevant
2018-11-26 19:22:55.298752,835,52.94.229.122,443,3.0,0,1,1,23,1,expected
2018-11-26 19:22:55.304588,136,52.94.229.122,443,3.0,0,1,1,23,1,expected
2018-11-26 19:22:55.333981,92,52.94.229.122,443,3.0,0,1,1,23,1,expected
2018-11-26 19:22:55.342356,74,54.239.29.0,443,1.0,-29363923,0,1,,1,retransmit
2018-11-26 19:22:55.381715,54,52.94.229.122,443,1.0,82,1,1,,1,ack
2018-11-26 19:22:55.385073,54,54.239.29.0,443,1.0,42,1,1,,1,ack
2018-11-26 19:22:55.386515,54,52.94.229.122,443,1.0,4,1,1,,1,ack
2018-11-26 19:22:55.387172,54,52.94.229.122,443,1.0,0,1,1,,1,ack
2018-11-26 19:22:55.390678,312,54.239.29.0,443,3.0,0,1,1,22,1,handshake
2018-11-26 19:22:55.402551,54,52.94.229.122,443,1.0,15,1,1,,1,ack
2018-11-26 19:22:55.402902,54,52.94.229.122,443,1.0,0,1,1,,1,ack
2018-11-26 19:22:55.429011,54,52.94.229.122,443,1.0,26,1,1,,1,ack
2018-11-26 19:22:55.431635,54,52.94.229.122,443,1.0,2,1,1,,1,ack
2018-11-26 19:22:55.434886,54,54.239.29.0,443,1.0,49,1,1,,1,ack
2018-11-26 19:22:55.437539,105,54.239.29.0,443,3.0,0,1,1,20,1,handshake
2018-11-26 19:22:55.526813,795,54.239.29.0,443,3.0,0,1,1,23,1,expected
2018-11-26 19:22:55.579404,85,54.239.29.0,443,3.0,0,1,1,21,1,handshake
2018-11-26 19:22:55.579665,54,54.239.29.0,443,1.0,144,1,1,,1,ack
2018-11-26 19:22:55.621878,54,54.239.29.0,443,1.0,42,1,1,,1,ack
2018-11-26 19:23:01.035931,288,52.94.229.122,443,3.0,0,1,1,23,1,expected
2018-11-26 19:23:01.036212,190,52.94.229.122,443,3.0,0,1,1,23,1,expected
2018-11-26 19:23:01.036545,1078,52.94.229.122,443,1.0,5604,1,1,,1,not_relevant
2018-11-26 19:23:01.036566,1078,52.94.229.122,443,1.0,0,1,1,,1,not_relevant
2018-11-26 19:23:01.036583,1078,52.94.229.122,443,1.0,0,1,1,,1,not_relevant
2018-11-26 19:23:01.036599,838,52.94.229.122,443,3.0,0,1,1,23,1,expected
2018-11-26 19:23:01.036614,136,52.94.229.122,443,3.0,0,1,1,23,1,expected
2018-11-26 19:23:01.083419,92,52.94.229.122,443,3.0,0,1,1,23,1,expected
2018-11-26 19:23:01.093737,287,52.94.229.122,443,3.0,0,1,1,23,1,expected
2018-11-26 19:23:01.094190,190,52.94.229.122,443,3.0,0,1,1,23,1,expected
2018-11-26 19:23:01.095421,1078,52.94.229.122,443,1.0,58,1,1,,1,not_relevant
2018-11-26 19:23:01.095774,1078,52.94.229.122,443,1.0,0,1,1,,1,not_relevant
2018-11-26 19:23:01.095809,1078,52.94.229.122,443,1.0,0,1,1,,1,not_relevant
2018-11-26 19:23:01.095947,839,52.94.229.122,443,3.0,0,1,1,23,1,expected
2018-11-26 19:23:01.131701,174,52.94.229.122,443,3.0,0,1,1,23,1,expected
2018-11-26 19:23:01.171915,54,52.94.229.122,443,1.0,76,1,1,,1,ack
2018-11-26 19:23:01.174236,54,52.94.229.122,443,1.0,2,1,1,,1,ack
2018-11-26 19:23:01.345827,54,52.94.229.122,443,1.0,171,1,1,,1,ack
2018-11-26 19:23:01.345987,54,52.94.229.122,443,1.0,0,1,1,,1,ack
2018-11-26 19:23:01.537240,640,52.94.229.122,443,3.0,0,1,1,23,1,expected
2018-11-26 19:23:01.537651,190,52.94.229.122,443,3.0,0,1,1,23,1,expected
2018-11-26 19:23:01.538096,1078,52.94.229.122,443,1.0,192,1,1,,1,not_relevant
2018-11-26 19:23:01.538143,1078,52.94.229.122,443,1.0,0,1,1,,1,not_relevant
2018-11-26 19:23:01.538177,1078,52.94.229.122,443,1.0,0,1,1,,1,not_relevant
2018-11-26 19:23:01.538206,834,52.94.229.122,443,3.0,0,1,1,23,1,expected
2018-11-26 19:23:01.547081,136,52.94.229.122,443,3.0,0,1,1,23,1,expected
2018-11-26 19:23:01.578025,92,52.94.229.122,443,3.0,0,1,1,23,1,expected
2018-11-26 19:23:01.699757,54,52.94.229.122,443,1.0,161,1,1,,1,ack
2018-11-26 19:23:01.699969,54,52.94.229.122,443,1.0,0,1,1,,1,ack
2018-11-26 19:23:12.300406,54,52.94.229.122,443,1.0,10600,1,1,,1,ack
2018-11-26 19:23:12.306006,100,52.94.229.122,443,3.0,0,1,1,23,1,syn
2018-11-26 19:23:42.300815,100,52.94.229.122,443,3.0,0,1,1,23,1,syn
2018-11-26 19:24:12.301889,100,52.94.229.122,443,3.0,0,1,1,23,1,syn
2018-11-26 19:24:13.345604,100,52.94.229.122,443,3.0,0,1,1,23,1,syn
2018-11-26 19:24:13.420476,54,52.94.229.122,443,1.0,61120,1,1,,1,ack
2018-11-26 19:24:13.814917,66,99.84.170.140,80,1.0,-29290654,1,1,,1,ack
2018-11-26 19:24:13.873930,74,99.84.170.230,80,1.0,-29293181,0,1,,1,retransmit
2018-11-26 19:24:13.898701,66,99.84.170.230,80,1.0,24,1,1,,1,ack
2018-11-26 19:24:13.899130,256,99.84.170.230,80,3.0,0,1,1,,1,not_relevant
2018-11-26 19:24:13.962610,66,99.84.170.230,80,1.0,63,1,1,,1,ack
2018-11-26 19:24:13.964192,54,52.216.18.248,80,1.0,-29293309,1,1,,1,ack
2018-11-26 19:24:14.004981,74,52.216.97.59,80,1.0,-29293488,0,1,,1,retransmit
2018-11-26 19:24:14.043706,66,99.84.170.140,80,1.0,228,1,1,,1,ack
2018-11-26 19:24:14.045213,54,52.216.97.59,80,1.0,40,1,1,,1,ack
2018-11-26 19:24:14.045367,200,52.216.97.59,80,3.0,0,1,1,,1,not_relevant
2018-11-26 19:24:14.090685,54,52.216.97.59,80,1.0,45,1,1,,1,ack
2018-11-26 19:24:14.090885,54,52.216.97.59,80,1.0,0,1,1,,1,ack
2018-11-26 19:24:14.120188,66,52.216.97.59,80,1.0,29,1,1,,1,ack
2018-11-26 19:24:14.207495,54,52.216.18.248,80,1.0,243,1,1,,1,ack
2018-11-26 19:24:14.270546,66,99.84.170.140,80,1.0,226,1,1,,1,ack
2018-11-26 19:24:14.479464,54,52.216.18.248,80,1.0,271,1,1,,1,ack
2018-11-26 19:24:14.730539,66,99.84.170.140,80,1.0,459,1,1,,1,ack
2018-11-26 19:24:14.960686,54,52.216.18.248,80,1.0,481,1,1,,1,ack
2018-11-26 19:24:15.650939,66,99.84.170.140,80,1.0,920,1,1,,1,ack
2018-11-26 19:24:15.961016,54,52.216.18.248,80,1.0,1000,1,1,,1,ack
2018-11-26 19:24:17.491178,66,99.84.170.140,80,1.0,1840,1,1,,1,ack
2018-11-26 19:24:17.979390,54,52.216.18.248,80,1.0,2018,1,1,,1,ack
2018-11-26 19:24:19.682685,296,52.94.229.122,443,3.0,0,1,1,23,1,expected
2018-11-26 19:24:19.682976,190,52.94.229.122,443,3.0,0,1,1,23,1,expected
2018-11-26 19:24:19.686932,1078,52.94.229.122,443,1.0,6266,1,1,,1,not_relevant
2018-11-26 19:24:19.687009,1078,52.94.229.122,443,1.0,0,1,1,,1,not_relevant
2018-11-26 19:24:19.687060,1078,52.94.229.122,443,1.0,0,1,1,,1,not_relevant
2018-11-26 19:24:19.687090,1078,52.94.229.122,443,1.0,0,1,1,,1,not_relevant
2018-11-26 19:24:19.687119,1078,52.94.229.122,443,3.0,0,1,1,23,1,expected
2018-11-26 19:24:19.730223,1078,52.94.229.122,443,3.0,0,1,1,23,1,expected
2018-11-26 19:24:19.730761,1078,52.94.229.122,443,3.0,0,1,1,23,1,expected
2018-11-26 19:24:19.730803,1078,52.94.229.122,443,1.0,43,1,1,,1,not_relevant
2018-11-26 19:24:19.732500,1078,52.94.229.122,443,1.0,1,1,1,,1,not_relevant
2018-11-26 19:24:19.732538,1078,52.94.229.122,443,1.0,0,1,1,,1,not_relevant
2018-11-26 19:24:19.732567,1078,52.94.229.122,443,1.0,0,1,1,,1,not_relevant
2018-11-26 19:24:19.732601,351,52.94.229.122,443,3.0,0,1,1,23,1,expected
2018-11-26 19:24:19.739650,74,54.239.29.0,443,1.0,-29287996,0,1,,1,retransmit
2018-11-26 19:24:19.781498,54,54.239.29.0,443,1.0,41,1,1,,1,ack
2018-11-26 19:24:19.782866,312,54.239.29.0,443,3.0,0,1,1,22,1,handshake
2018-11-26 19:24:19.798563,1078,52.94.229.122,443,1.0,65,1,1,,1,not_relevant
2018-11-26 19:24:19.798593,1078,52.94.229.122,443,1.0,0,1,1,,1,not_relevant
2018-11-26 19:24:19.798610,1078,52.94.229.122,443,1.0,0,1,1,,1,not_relevant
2018-11-26 19:24:19.798625,1078,52.94.229.122,443,1.0,0,1,1,,1,not_relevant
2018-11-26 19:24:19.798642,892,52.94.229.122,443,3.0,0,1,1,23,1,expected
2018-11-26 19:24:19.817583,172,52.94.229.122,443,3.0,0,1,1,23,1,expected
2018-11-26 19:24:19.830981,54,54.239.29.0,443,1.0,49,1,1,,1,ack
2018-11-26 19:24:19.831171,54,54.239.29.0,443,1.0,0,1,1,,1,ack
2018-11-26 19:24:19.831375,54,54.239.29.0,443,1.0,0,1,1,,1,ack
2018-11-26 19:24:19.832024,172,52.94.229.122,443,3.0,0,1,1,23,1,expected
2018-11-26 19:24:19.832295,54,54.239.29.0,443,1.0,0,1,1,,1,ack
2018-11-26 19:24:19.845390,54,52.94.229.122,443,1.0,46,1,1,,1,ack
2018-11-26 19:24:19.846130,172,52.94.229.122,443,3.0,0,1,1,23,1,expected
2018-11-26 19:24:19.861958,54,52.94.229.122,443,1.0,16,1,1,,1,ack
2018-11-26 19:24:19.862134,66,54.239.29.0,443,1.0,29,1,1,,1,ack
2018-11-26 19:24:19.880346,172,52.94.229.122,443,3.0,0,1,1,23,1,expected
2018-11-26 19:24:19.894623,172,52.94.229.122,443,3.0,0,1,1,23,1,expected
2018-11-26 19:24:19.908591,172,52.94.229.122,443,3.0,0,1,1,23,1,expected
2018-11-26 19:24:19.927645,180,54.239.29.0,443,3.0,0,1,1,22,1,handshake
2018-11-26 19:24:19.929380,172,52.94.229.122,443,3.0,0,1,1,23,1,expected
2018-11-26 19:24:19.956583,172,52.94.229.122,443,3.0,0,1,1,23,1,expected
2018-11-26 19:24:19.967669,54,54.239.29.0,443,1.0,105,1,1,,1,ack
2018-11-26 19:24:19.969867,765,54.239.29.0,443,3.0,0,1,1,23,1,expected
2018-11-26 19:24:19.977384,172,52.94.229.122,443,3.0,0,1,1,23,1,expected
2018-11-26 19:24:19.991138,172,52.94.229.122,443,3.0,0,1,1,23,1,expected
2018-11-26 19:24:20.005432,172,52.94.229.122,443,3.0,0,1,1,23,1,expected
2018-11-26 19:24:20.018292,85,54.239.29.0,443,3.0,0,1,1,21,1,handshake
2018-11-26 19:24:20.018487,54,54.239.29.0,443,1.0,50,1,1,,1,ack
2018-11-26 19:24:20.039916,172,52.94.229.122,443,3.0,0,1,1,23,1,expected
2018-11-26 19:24:20.081731,172,52.94.229.122,443,3.0,0,1,1,23,1,expected
2018-11-26 19:24:20.081989,172,52.94.229.122,443,3.0,0,1,1,23,1,expected
2018-11-26 19:24:20.082088,54,54.239.29.0,443,1.0,63,1,1,,1,ack
2018-11-26 19:24:20.089106,172,52.94.229.122,443,3.0,0,1,1,23,1,expected
2018-11-26 19:24:20.117224,172,52.94.229.122,443,3.0,0,1,1,23,1,expected
2018-11-26 19:24:20.131217,172,52.94.229.122,443,3.0,0,1,1,23,1,expected
2018-11-26 19:24:20.152181,172,52.94.229.122,443,3.0,0,1,1,23,1,expected
2018-11-26 19:24:20.165955,172,52.94.229.122,443,3.0,0,1,1,23,1,expected
2018-11-26 19:24:20.201163,172,52.94.229.122,443,3.0,0,1,1,23,1,expected
2018-11-26 19:24:20.205843,288,52.94.229.122,443,3.0,0,1,1,23,1,expected
2018-11-26 19:24:20.207171,190,52.94.229.122,443,3.0,0,1,1,23,1,expected
2018-11-26 19:24:20.208526,1078,52.94.229.122,443,1.0,346,1,1,,1,not_relevant
2018-11-26 19:24:20.210008,1078,52.94.229.122,443,1.0,1,1,1,,1,not_relevant
2018-11-26 19:24:20.210042,1078,52.94.229.122,443,1.0,0,1,1,,1,not_relevant
2018-11-26 19:24:20.238970,1078,52.94.229.122,443,3.0,0,1,1,23,1,expected
2018-11-26 19:24:20.239204,170,52.94.229.122,443,3.0,0,1,1,23,1,expected
2018-11-26 19:24:20.250697,172,52.94.229.122,443,3.0,0,1,1,23,1,expected
2018-11-26 19:24:20.278054,172,52.94.229.122,443,3.0,0,1,1,23,1,expected
2018-11-26 19:24:20.292159,172,52.94.229.122,443,3.0,0,1,1,23,1,expected
2018-11-26 19:24:20.313275,172,52.94.229.122,443,3.0,0,1,1,23,1,expected
2018-11-26 19:24:20.327078,172,52.94.229.122,443,3.0,0,1,1,23,1,expected
2018-11-26 19:24:20.355336,172,52.94.229.122,443,3.0,0,1,1,23,1,expected
2018-11-26 19:24:20.375601,172,52.94.229.122,443,3.0,0,1,1,23,1,expected
2018-11-26 19:24:20.389640,172,52.94.229.122,443,3.0,0,1,1,23,1,expected
2018-11-26 19:24:20.403033,172,52.94.229.122,443,3.0,0,1,1,23,1,expected
2018-11-26 19:24:20.438149,172,52.94.229.122,443,3.0,0,1,1,23,1,expected
2018-11-26 19:24:20.452095,172,52.94.229.122,443,3.0,0,1,1,23,1,expected
2018-11-26 19:24:20.470086,54,52.94.229.122,443,1.0,260,1,1,,1,ack
2018-11-26 19:24:20.473766,172,52.94.229.122,443,3.0,0,1,1,23,1,expected
2018-11-26 19:24:20.487536,172,52.94.229.122,443,3.0,0,1,1,23,1,expected
2018-11-26 19:24:20.515350,172,52.94.229.122,443,3.0,0,1,1,23,1,expected
2018-11-26 19:24:20.536794,172,52.94.229.122,443,3.0,0,1,1,23,1,expected
2018-11-26 19:24:20.555673,172,52.94.229.122,443,3.0,0,1,1,23,1,expected
2018-11-26 19:24:20.565064,172,52.94.229.122,443,3.0,0,1,1,23,1,expected
2018-11-26 19:24:20.599447,172,52.94.229.122,443,3.0,0,1,1,23,1,expected
2018-11-26 19:24:20.698941,172,52.94.229.122,443,3.0,0,1,1,23,1,expected
2018-11-26 19:24:20.699315,172,52.94.229.122,443,3.0,0,1,1,23,1,expected
2018-11-26 19:24:20.699470,172,52.94.229.122,443,3.0,0,1,1,23,1,expected
2018-11-26 19:24:20.699611,172,52.94.229.122,443,3.0,0,1,1,23,1,expected
2018-11-26 19:24:20.699696,172,52.94.229.122,443,3.0,0,1,1,23,1,expected
2018-11-26 19:24:20.711103,172,52.94.229.122,443,3.0,0,1,1,23,1,expected
2018-11-26 19:24:20.725320,172,52.94.229.122,443,3.0,0,1,1,23,1,expected
2018-11-26 19:24:20.813163,172,52.94.229.122,443,3.0,0,1,1,23,1,expected
2018-11-26 19:24:20.835390,172,52.94.229.122,443,3.0,0,1,1,23,1,expected
2018-11-26 19:24:20.835550,290,52.94.229.122,443,3.0,0,1,1,23,1,expected
2018-11-26 19:24:20.836229,172,52.94.229.122,443,3.0,0,1,1,23,1,expected
2018-11-26 19:24:20.857129,172,52.94.229.122,443,3.0,0,1,1,23,1,expected
2018-11-26 19:24:20.871146,172,52.94.229.122,443,3.0,0,1,1,23,1,expected
2018-11-26 19:24:20.890481,172,52.94.229.122,443,3.0,0,1,1,23,1,expected
2018-11-26 19:24:20.943788,172,52.94.229.122,443,3.0,0,1,1,23,1,expected
2018-11-26 19:24:20.949635,172,52.94.229.122,443,3.0,0,1,1,23,1,expected
2018-11-26 19:24:20.968839,172,52.94.229.122,443,3.0,0,1,1,23,1,expected
2018-11-26 19:24:20.969602,172,52.94.229.122,443,3.0,0,1,1,23,1,expected
2018-11-26 19:24:20.997547,172,52.94.229.122,443,3.0,0,1,1,23,1,expected
2018-11-26 19:24:21.011677,172,52.94.229.122,443,3.0,0,1,1,23,1,expected
2018-11-26 19:24:21.032157,172,52.94.229.122,443,3.0,0,1,1,23,1,expected
2018-11-26 19:24:21.045617,172,52.94.229.122,443,3.0,0,1,1,23,1,expected
2018-11-26 19:24:21.086042,172,52.94.229.122,443,3.0,0,1,1,23,1,expected
2018-11-26 19:24:21.101990,172,52.94.229.122,443,3.0,0,1,1,23,1,expected
2018-11-26 19:24:21.112654,172,52.94.229.122,443,3.0,0,1,1,23,1,expected
2018-11-26 19:24:21.149410,172,52.94.229.122,443,3.0,0,1,1,23,1,expected
2018-11-26 19:24:21.156136,172,52.94.229.122,443,3.0,0,1,1,23,1,expected
2018-11-26 19:24:21.176327,172,52.94.229.122,443,3.0,0,1,1,23,1,expected
2018-11-26 19:24:21.177321,66,99.84.170.140,80,1.0,3686,1,1,,1,ack
2018-11-26 19:24:21.209810,172,52.94.229.122,443,3.0,0,1,1,23,1,expected
2018-11-26 19:24:21.285288,172,52.94.229.122,443,3.0,0,1,1,23,1,expected
2018-11-26 19:24:21.286213,172,52.94.229.122,443,3.0,0,1,1,23,1,expected
2018-11-26 19:24:21.286414,172,52.94.229.122,443,3.0,0,1,1,23,1,expected
2018-11-26 19:24:21.286518,172,52.94.229.122,443,3.0,0,1,1,23,1,expected
2018-11-26 19:24:21.288239,172,52.94.229.122,443,3.0,0,1,1,23,1,expected
2018-11-26 19:24:21.318300,172,52.94.229.122,443,3.0,0,1,1,23,1,expected
2018-11-26 19:24:21.337105,172,52.94.229.122,443,3.0,0,1,1,23,1,expected
2018-11-26 19:24:21.350929,172,52.94.229.122,443,3.0,0,1,1,23,1,expected
2018-11-26 19:24:21.365200,172,52.94.229.122,443,3.0,0,1,1,23,1,expected
2018-11-26 19:24:21.400167,172,52.94.229.122,443,3.0,0,1,1,23,1,expected
2018-11-26 19:24:21.414593,172,52.94.229.122,443,3.0,0,1,1,23,1,expected
2018-11-26 19:24:21.428392,172,52.94.229.122,443,3.0,0,1,1,23,1,expected
2018-11-26 19:24:21.449451,172,52.94.229.122,443,3.0,0,1,1,23,1,expected
2018-11-26 19:24:21.482080,172,52.94.229.122,443,3.0,0,1,1,23,1,expected
2018-11-26 19:24:21.492695,172,52.94.229.122,443,3.0,0,1,1,23,1,expected
2018-11-26 19:24:21.512656,172,52.94.229.122,443,3.0,0,1,1,23,1,expected
2018-11-26 19:24:21.525979,172,52.94.229.122,443,3.0,0,1,1,23,1,expected
2018-11-26 19:24:21.561393,172,52.94.229.122,443,3.0,0,1,1,23,1,expected
2018-11-26 19:24:21.575451,172,52.94.229.122,443,3.0,0,1,1,23,1,expected
2018-11-26 19:24:21.589103,172,52.94.229.122,443,3.0,0,1,1,23,1,expected
2018-11-26 19:24:21.603209,172,52.94.229.122,443,3.0,0,1,1,23,1,expected
2018-11-26 19:24:21.638061,172,52.94.229.122,443,3.0,0,1,1,23,1,expected
2018-11-26 19:24:21.652157,172,52.94.229.122,443,3.0,0,1,1,23,1,expected
2018-11-26 19:24:21.672975,172,52.94.229.122,443,3.0,0,1,1,23,1,expected
2018-11-26 19:24:21.687185,172,52.94.229.122,443,3.0,0,1,1,23,1,expected
2018-11-26 19:24:21.721874,172,52.94.229.122,443,3.0,0,1,1,23,1,expected
2018-11-26 19:24:21.735943,172,52.94.229.122,443,3.0,0,1,1,23,1,expected
2018-11-26 19:24:21.750300,172,52.94.229.122,443,3.0,0,1,1,23,1,expected
2018-11-26 19:24:21.764132,172,52.94.229.122,443,3.0,0,1,1,23,1,expected
2018-11-26 19:24:21.799809,172,52.94.229.122,443,3.0,0,1,1,23,1,expected
2018-11-26 19:24:21.813265,172,52.94.229.122,443,3.0,0,1,1,23,1,expected
2018-11-26 19:24:21.827195,172,52.94.229.122,443,3.0,0,1,1,23,1,expected
2018-11-26 19:24:21.848772,172,52.94.229.122,443,3.0,0,1,1,23,1,expected
2018-11-26 19:24:21.876367,172,52.94.229.122,443,3.0,0,1,1,23,1,expected
2018-11-26 19:24:21.897561,172,52.94.229.122,443,3.0,0,1,1,23,1,expected
2018-11-26 19:24:21.911084,172,52.94.229.122,443,3.0,0,1,1,23,1,expected
2018-11-26 19:24:21.925769,172,52.94.229.122,443,3.0,0,1,1,23,1,expected
2018-11-26 19:24:21.960010,172,52.94.229.122,443,3.0,0,1,1,23,1,expected
2018-11-26 19:24:21.967316,54,52.216.18.248,80,1.0,3987,1,1,,1,ack
2018-11-26 19:24:21.974071,172,52.94.229.122,443,3.0,0,1,1,23,1,expected
2018-11-26 19:24:21.994228,172,52.94.229.122,443,3.0,0,1,1,23,1,expected
2018-11-26 19:24:22.008314,172,52.94.229.122,443,3.0,0,1,1,23,1,expected
2018-11-26 19:24:22.036281,172,52.94.229.122,443,3.0,0,1,1,23,1,expected
2018-11-26 19:24:22.057026,172,52.94.229.122,443,3.0,0,1,1,23,1,expected
2018-11-26 19:24:22.071078,172,52.94.229.122,443,3.0,0,1,1,23,1,expected
2018-11-26 19:24:22.085113,172,52.94.229.122,443,3.0,0,1,1,23,1,expected
2018-11-26 19:24:22.120056,172,52.94.229.122,443,3.0,0,1,1,23,1,expected
2018-11-26 19:24:22.134418,172,52.94.229.122,443,3.0,0,1,1,23,1,expected
2018-11-26 19:24:22.148201,172,52.94.229.122,443,3.0,0,1,1,23,1,expected
2018-11-26 19:24:22.181764,172,52.94.229.122,443,3.0,0,1,1,23,1,expected
2018-11-26 19:24:22.196307,172,52.94.229.122,443,3.0,0,1,1,23,1,expected
2018-11-26 19:24:22.209342,136,52.94.229.122,443,3.0,0,1,1,23,1,expected
2018-11-26 19:24:22.209935,92,52.94.229.122,443,3.0,0,1,1,23,1,expected
2018-11-26 19:24:22.233112,74,54.239.29.0,443,1.0,-29300193,0,1,,1,retransmit
2018-11-26 19:24:22.257499,54,52.94.229.122,443,1.0,1787,1,1,,1,ack
2018-11-26 19:24:22.271413,54,54.239.29.0,443,1.0,38,1,1,,1,ack
2018-11-26 19:24:22.273129,312,54.239.29.0,443,3.0,0,1,1,22,1,handshake
2018-11-26 19:24:22.315959,54,54.239.29.0,443,1.0,44,1,1,,1,ack
2018-11-26 19:24:22.316141,105,54.239.29.0,443,3.0,0,1,1,20,1,handshake
2018-11-26 19:24:22.416115,812,54.239.29.0,443,3.0,0,1,1,23,1,expected
2018-11-26 19:24:22.459327,85,54.239.29.0,443,3.0,0,1,1,21,1,handshake
2018-11-26 19:24:22.459573,54,54.239.29.0,443,1.0,143,1,1,,1,ack
2018-11-26 19:24:22.506103,54,54.239.29.0,443,1.0,46,1,1,,1,ack
2018-11-26 19:24:22.685401,54,52.94.229.122,443,1.0,427,1,1,,1,ack
2018-11-26 19:24:22.690603,54,52.94.229.122,443,1.0,5,1,1,,1,ack
2018-11-26 19:24:22.690787,54,52.94.229.122,443,1.0,0,1,1,,1,ack
2018-11-26 19:24:22.690938,54,52.94.229.122,443,1.0,0,1,1,,1,ack
2018-11-26 19:24:22.691017,54,52.94.229.122,443,1.0,0,1,1,,1,ack
2018-11-26 19:24:22.691166,54,52.94.229.122,443,1.0,0,1,1,,1,ack
2018-11-26 19:24:22.691304,54,52.94.229.122,443,1.0,0,1,1,,1,ack
2018-11-26 19:24:22.691381,54,52.94.229.122,443,1.0,0,1,1,,1,ack
2018-11-26 19:24:22.691458,54,52.94.229.122,443,1.0,0,1,1,,1,ack
2018-11-26 19:24:22.691534,54,52.94.229.122,443,1.0,0,1,1,,1,ack
2018-11-26 19:24:22.725058,54,52.94.229.122,443,1.0,33,1,1,,1,ack
2018-11-26 19:24:22.725343,54,52.94.229.122,443,1.0,0,1,1,,1,ack
2018-11-26 19:24:22.728954,54,52.94.229.122,443,1.0,3,1,1,,1,ack
2018-11-26 19:24:22.729115,54,52.94.229.122,443,1.0,0,1,1,,1,ack
2018-11-26 19:24:22.729261,54,52.94.229.122,443,1.0,0,1,1,,1,ack
2018-11-26 19:24:22.730303,54,52.94.229.122,443,1.0,1,1,1,,1,ack
2018-11-26 19:24:22.731282,54,52.94.229.122,443,1.0,0,1,1,,1,ack
2018-11-26 19:24:22.738837,54,52.94.229.122,443,1.0,7,1,1,,1,ack
2018-11-26 19:24:22.739359,54,52.94.229.122,443,1.0,0,1,1,,1,ack
2018-11-26 19:24:22.739515,54,52.94.229.122,443,1.0,0,1,1,,1,ack
2018-11-26 19:24:22.739591,54,52.94.229.122,443,1.0,0,1,1,,1,ack
2018-11-26 19:24:22.742216,54,52.94.229.122,443,1.0,2,1,1,,1,ack
2018-11-26 19:24:22.745477,74,54.239.29.0,443,1.0,-29332538,0,1,,1,retransmit
2018-11-26 19:24:22.747624,96,52.94.229.122,443,3.0,0,1,1,23,1,expected
2018-11-26 19:24:22.794545,288,52.94.229.122,443,3.0,0,1,1,23,1,expected
2018-11-26 19:24:22.795747,190,52.94.229.122,443,3.0,0,1,1,23,1,expected
2018-11-26 19:24:22.795952,54,54.239.29.0,443,1.0,50,1,1,,1,ack
2018-11-26 19:24:22.803151,1078,52.94.229.122,443,1.0,60,1,1,,1,not_relevant
2018-11-26 19:24:22.804936,1078,52.94.229.122,443,1.0,1,1,1,,1,not_relevant
2018-11-26 19:24:22.804956,1078,52.94.229.122,443,1.0,0,1,1,,1,not_relevant
2018-11-26 19:24:22.804973,312,54.239.29.0,443,3.0,0,1,1,22,1,handshake
2018-11-26 19:24:22.804992,954,52.94.229.122,443,3.0,0,1,1,23,1,expected
2018-11-26 19:24:22.888599,54,54.239.29.0,443,1.0,92,1,1,,1,ack
2018-11-26 19:24:22.888784,105,54.239.29.0,443,3.0,0,1,1,20,1,handshake
2018-11-26 19:24:22.955094,54,52.94.229.122,443,1.0,150,1,1,,1,ack
2018-11-26 19:24:22.980469,786,54.239.29.0,443,3.0,0,1,1,23,1,expected
2018-11-26 19:24:22.988798,287,52.94.229.122,443,3.0,0,1,1,23,1,expected
2018-11-26 19:24:22.989012,1078,52.94.229.122,443,3.0,0,1,1,23,1,expected
2018-11-26 19:24:22.989461,1078,52.94.229.122,443,1.0,34,1,1,,1,not_relevant
2018-11-26 19:24:22.989483,1078,52.94.229.122,443,1.0,0,1,1,,1,not_relevant
2018-11-26 19:24:22.990201,1078,52.94.229.122,443,1.0,0,1,1,,1,not_relevant
2018-11-26 19:24:22.990223,1078,52.94.229.122,443,3.0,0,1,1,23,1,expected
2018-11-26 19:24:22.990238,71,52.94.229.122,443,3.0,0,1,1,23,1,expected
2018-11-26 19:24:23.033031,85,54.239.29.0,443,3.0,0,1,1,21,1,handshake
2018-11-26 19:24:23.033184,54,54.239.29.0,443,1.0,144,1,1,,1,ack
2018-11-26 19:24:23.033896,288,52.94.229.122,443,3.0,0,1,1,23,1,expected
2018-11-26 19:24:23.034642,190,52.94.229.122,443,3.0,0,1,1,23,1,expected
2018-11-26 19:24:23.036449,1078,52.94.229.122,443,1.0,46,1,1,,1,not_relevant
2018-11-26 19:24:23.037905,1078,52.94.229.122,443,1.0,1,1,1,,1,not_relevant
2018-11-26 19:24:23.039684,1078,52.94.229.122,443,1.0,1,1,1,,1,not_relevant
2018-11-26 19:24:23.039973,955,52.94.229.122,443,3.0,0,1,1,23,1,expected
2018-11-26 19:24:23.077732,54,54.239.29.0,443,1.0,44,1,1,,1,ack
2018-11-26 19:24:23.160200,54,52.94.229.122,443,1.0,120,1,1,,1,ack
2018-11-26 19:24:23.161568,74,54.239.29.0,443,1.0,-29334780,0,1,,1,retransmit
2018-11-26 19:24:23.167503,54,52.94.229.122,443,1.0,7,1,1,,1,ack
2018-11-26 19:24:23.203694,54,52.94.229.122,443,1.0,36,1,1,,1,ack
2018-11-26 19:24:23.209456,54,54.239.29.0,443,1.0,47,1,1,,1,ack
2018-11-26 19:24:23.210943,312,54.239.29.0,443,3.0,0,1,1,22,1,handshake
2018-11-26 19:24:23.257986,54,54.239.29.0,443,1.0,48,1,1,,1,ack
2018-11-26 19:24:23.258314,105,54.239.29.0,443,3.0,0,1,1,20,1,handshake
2018-11-26 19:24:23.362168,800,54.239.29.0,443,3.0,0,1,1,23,1,expected
2018-11-26 19:24:23.413416,85,54.239.29.0,443,3.0,0,1,1,21,1,handshake
2018-11-26 19:24:23.413665,54,54.239.29.0,443,1.0,155,1,1,,1,ack
2018-11-26 19:24:23.458909,54,54.239.29.0,443,1.0,45,1,1,,1,ack
2018-11-26 19:24:24.152551,74,72.21.214.79,80,1.0,-29333997,0,1,,1,retransmit
2018-11-26 19:24:24.192042,54,72.21.214.79,80,1.0,39,1,1,,1,ack
2018-11-26 19:24:24.192338,211,72.21.214.79,80,3.0,0,1,1,,1,not_relevant
2018-11-26 19:24:24.241101,54,72.21.214.79,80,1.0,49,1,1,,1,ack
2018-11-26 19:24:28.548059,66,99.84.170.140,80,1.0,7370,1,1,,1,ack
2018-11-26 19:24:28.765644,287,52.94.229.122,443,3.0,0,1,1,23,1,expected
2018-11-26 19:24:28.765930,190,52.94.229.122,443,3.0,0,1,1,23,1,expected
2018-11-26 19:24:28.771056,1078,52.94.229.122,443,1.0,5567,1,1,,1,not_relevant
2018-11-26 19:24:28.771105,1078,52.94.229.122,443,1.0,0,1,1,,1,not_relevant
2018-11-26 19:24:28.771137,1078,52.94.229.122,443,1.0,0,1,1,,1,not_relevant
2018-11-26 19:24:28.771167,838,52.94.229.122,443,3.0,0,1,1,23,1,expected
2018-11-26 19:24:28.776347,136,52.94.229.122,443,3.0,0,1,1,23,1,expected
2018-11-26 19:24:28.805641,92,52.94.229.122,443,3.0,0,1,1,23,1,expected
2018-11-26 19:24:28.847537,54,52.94.229.122,443,1.0,76,1,1,,1,ack
2018-11-26 19:24:28.863155,287,52.94.229.122,443,3.0,0,1,1,23,1,expected
2018-11-26 19:24:28.863584,190,52.94.229.122,443,3.0,0,1,1,23,1,expected
2018-11-26 19:24:28.866439,1078,52.94.229.122,443,1.0,18,1,1,,1,not_relevant
2018-11-26 19:24:28.866492,1078,52.94.229.122,443,1.0,0,1,1,,1,not_relevant
2018-11-26 19:24:28.866838,1078,52.94.229.122,443,1.0,0,1,1,,1,not_relevant
2018-11-26 19:24:28.866883,840,52.94.229.122,443,3.0,0,1,1,23,1,expected
2018-11-26 19:24:28.866914,136,52.94.229.122,443,3.0,0,1,1,23,1,expected
2018-11-26 19:24:28.907024,92,52.94.229.122,443,3.0,0,1,1,23,1,expected
2018-11-26 19:24:28.968704,54,52.94.229.122,443,1.0,101,1,1,,1,ack
2018-11-26 19:24:28.969863,54,52.94.229.122,443,1.0,1,1,1,,1,ack
2018-11-26 19:24:29.075048,54,52.94.229.122,443,1.0,105,1,1,,1,ack
2018-11-26 19:24:29.075296,54,52.94.229.122,443,1.0,0,1,1,,1,ack
2018-11-26 19:24:29.281934,288,52.94.229.122,443,3.0,0,1,1,23,1,expected
2018-11-26 19:24:29.282180,190,52.94.229.122,443,3.0,0,1,1,23,1,expected
2018-11-26 19:24:29.282511,1078,52.94.229.122,443,1.0,207,1,1,,1,not_relevant
2018-11-26 19:24:29.282539,1078,52.94.229.122,443,1.0,0,1,1,,1,not_relevant
2018-11-26 19:24:29.282556,1078,52.94.229.122,443,1.0,0,1,1,,1,not_relevant
2018-11-26 19:24:29.282571,834,52.94.229.122,443,3.0,0,1,1,23,1,expected
2018-11-26 19:24:29.282587,136,52.94.229.122,443,3.0,0,1,1,23,1,expected
2018-11-26 19:24:29.325926,92,52.94.229.122,443,3.0,0,1,1,23,1,expected
2018-11-26 19:24:29.482528,54,52.94.229.122,443,1.0,199,1,1,,1,ack
2018-11-26 19:24:29.482705,54,52.94.229.122,443,1.0,0,1,1,,1,ack
2018-11-26 19:24:29.991203,54,52.216.18.248,80,1.0,8023,1,1,,1,ack
2018-11-26 19:24:37.160720,54,52.216.97.59,80,1.0,23040,1,1,,1,ack
2018-11-26 19:24:42.300373,54,52.94.229.122,443,1.0,12817,1,1,,1,ack
2018-11-26 19:24:42.303056,100,52.94.229.122,443,3.0,0,1,1,23,1,syn
2018-11-26 19:24:43.290969,66,99.84.170.140,80,1.0,14742,1,1,,1,ack
2018-11-26 19:24:46.050988,54,52.216.18.248,80,1.0,16059,1,1,,1,ack
2018-11-26 19:24:49.231745,287,52.94.229.122,443,3.0,0,1,1,23,1,expected
2018-11-26 19:24:49.232985,190,52.94.229.122,443,3.0,0,1,1,23,1,expected
2018-11-26 19:24:49.243802,1078,52.94.229.122,443,1.0,6943,1,1,,1,not_relevant
2018-11-26 19:24:49.243897,1078,52.94.229.122,443,1.0,0,1,1,,1,not_relevant
2018-11-26 19:24:49.244030,1078,52.94.229.122,443,1.0,0,1,1,,1,not_relevant
2018-11-26 19:24:49.244077,1078,52.94.229.122,443,1.0,0,1,1,,1,not_relevant
2018-11-26 19:24:49.244143,111,52.94.229.122,443,3.0,0,1,1,23,1,expected
2018-11-26 19:24:49.270758,1078,52.94.229.122,443,3.0,0,1,1,23,1,expected
2018-11-26 19:24:49.271475,1078,52.94.229.122,443,3.0,0,1,1,23,1,expected
2018-11-26 19:24:49.275110,74,54.239.26.255,443,1.0,-29309159,0,1,,1,retransmit
2018-11-26 19:24:49.291761,1078,52.94.229.122,443,3.0,0,1,1,23,1,expected
2018-11-26 19:24:49.292650,1078,52.94.229.122,443,1.0,48,1,1,,1,not_relevant
2018-11-26 19:24:49.294651,1078,52.94.229.122,443,1.0,2,1,1,,1,not_relevant
2018-11-26 19:24:49.294695,1078,52.94.229.122,443,1.0,0,1,1,,1,not_relevant
2018-11-26 19:24:49.294775,1078,52.94.229.122,443,1.0,0,1,1,,1,not_relevant
2018-11-26 19:24:49.294850,302,52.94.229.122,443,3.0,0,1,1,23,1,expected
2018-11-26 19:24:49.317329,54,54.239.26.255,443,1.0,42,1,1,,1,ack
2018-11-26 19:24:49.320596,1078,52.94.229.122,443,1.0,25,1,1,,1,not_relevant
2018-11-26 19:24:49.320777,312,54.239.26.255,443,3.0,0,1,1,22,1,handshake
2018-11-26 19:24:49.331992,1078,52.94.229.122,443,1.0,11,1,1,,1,not_relevant
2018-11-26 19:24:49.339561,1078,52.94.229.122,443,1.0,7,1,1,,1,not_relevant
2018-11-26 19:24:49.341151,1078,52.94.229.122,443,1.0,1,1,1,,1,not_relevant
2018-11-26 19:24:49.341174,770,52.94.229.122,443,3.0,0,1,1,23,1,expected
2018-11-26 19:24:49.353635,172,52.94.229.122,443,3.0,0,1,1,23,1,expected
2018-11-26 19:24:49.368793,172,52.94.229.122,443,3.0,0,1,1,23,1,expected
2018-11-26 19:24:49.369061,54,54.239.26.255,443,1.0,51,1,1,,1,ack
2018-11-26 19:24:49.369723,105,54.239.26.255,443,3.0,0,1,1,20,1,handshake
2018-11-26 19:24:49.395841,172,52.94.229.122,443,3.0,0,1,1,23,1,expected
2018-11-26 19:24:49.415443,54,52.94.229.122,443,1.0,74,1,1,,1,ack
2018-11-26 19:24:49.418535,172,52.94.229.122,443,3.0,0,1,1,23,1,expected
2018-11-26 19:24:49.430362,172,52.94.229.122,443,3.0,0,1,1,23,1,expected
2018-11-26 19:24:49.445204,172,52.94.229.122,443,3.0,0,1,1,23,1,expected
2018-11-26 19:24:49.481930,172,52.94.229.122,443,3.0,0,1,1,23,1,expected
2018-11-26 19:24:49.482896,765,54.239.26.255,443,3.0,0,1,1,23,1,expected
2018-11-26 19:24:49.492879,172,52.94.229.122,443,3.0,0,1,1,23,1,expected
2018-11-26 19:24:49.507901,172,52.94.229.122,443,3.0,0,1,1,23,1,expected
2018-11-26 19:24:49.528687,172,52.94.229.122,443,3.0,0,1,1,23,1,expected
2018-11-26 19:24:49.530841,85,54.239.26.255,443,3.0,0,1,1,21,1,handshake
2018-11-26 19:24:49.531047,54,54.239.26.255,443,1.0,161,1,1,,1,ack
2018-11-26 19:24:49.555841,172,52.94.229.122,443,3.0,0,1,1,23,1,expected
2018-11-26 19:24:49.575921,54,54.239.26.255,443,1.0,44,1,1,,1,ack
2018-11-26 19:24:49.577177,172,52.94.229.122,443,3.0,0,1,1,23,1,expected
2018-11-26 19:24:49.591585,172,52.94.229.122,443,3.0,0,1,1,23,1,expected
2018-11-26 19:24:49.605457,172,52.94.229.122,443,3.0,0,1,1,23,1,expected
2018-11-26 19:24:49.641943,172,52.94.229.122,443,3.0,0,1,1,23,1,expected
2018-11-26 19:24:49.654270,172,52.94.229.122,443,3.0,0,1,1,23,1,expected
2018-11-26 19:24:49.668362,172,52.94.229.122,443,3.0,0,1,1,23,1,expected
2018-11-26 19:24:49.689446,172,52.94.229.122,443,3.0,0,1,1,23,1,expected
2018-11-26 19:24:49.717512,172,52.94.229.122,443,3.0,0,1,1,23,1,expected
2018-11-26 19:24:49.731436,172,52.94.229.122,443,3.0,0,1,1,23,1,expected
2018-11-26 19:24:49.751560,172,52.94.229.122,443,3.0,0,1,1,23,1,expected
2018-11-26 19:24:49.755224,286,52.94.229.122,443,3.0,0,1,1,23,1,expected
2018-11-26 19:24:49.756406,190,52.94.229.122,443,3.0,0,1,1,23,1,expected
2018-11-26 19:24:49.758543,1078,52.94.229.122,443,1.0,343,1,1,,1,not_relevant
2018-11-26 19:24:49.759912,1078,52.94.229.122,443,1.0,1,1,1,,1,not_relevant
2018-11-26 19:24:49.769795,1078,52.94.229.122,443,1.0,9,1,1,,1,not_relevant
2018-11-26 19:24:49.771069,1076,52.94.229.122,443,3.0,0,1,1,23,1,expected
2018-11-26 19:24:49.800094,172,52.94.229.122,443,3.0,0,1,1,23,1,expected
2018-11-26 19:24:49.813881,172,52.94.229.122,443,3.0,0,1,1,23,1,expected
2018-11-26 19:24:49.828720,172,52.94.229.122,443,3.0,0,1,1,23,1,expected
2018-11-26 19:24:49.849279,172,52.94.229.122,443,3.0,0,1,1,23,1,expected
2018-11-26 19:24:49.877386,172,52.94.229.122,443,3.0,0,1,1,23,1,expected
2018-11-26 19:24:49.891513,172,52.94.229.122,443,3.0,0,1,1,23,1,expected
2018-11-26 19:24:49.912323,172,52.94.229.122,443,3.0,0,1,1,23,1,expected
2018-11-26 19:24:49.927454,54,52.94.229.122,443,1.0,157,1,1,,1,ack
2018-11-26 19:24:49.928996,172,52.94.229.122,443,3.0,0,1,1,23,1,expected
2018-11-26 19:24:49.961413,172,52.94.229.122,443,3.0,0,1,1,23,1,expected
2018-11-26 19:24:49.975451,172,52.94.229.122,443,3.0,0,1,1,23,1,expected
2018-11-26 19:24:49.989849,172,52.94.229.122,443,3.0,0,1,1,23,1,expected
2018-11-26 19:24:50.003522,172,52.94.229.122,443,3.0,0,1,1,23,1,expected
2018-11-26 19:24:50.038207,172,52.94.229.122,443,3.0,0,1,1,23,1,expected
2018-11-26 19:24:50.052243,172,52.94.229.122,443,3.0,0,1,1,23,1,expected
2018-11-26 19:24:50.073730,172,52.94.229.122,443,3.0,0,1,1,23,1,expected
2018-11-26 19:24:50.087204,172,52.94.229.122,443,3.0,0,1,1,23,1,expected
2018-11-26 19:24:50.115422,172,52.94.229.122,443,3.0,0,1,1,23,1,expected
2018-11-26 19:24:50.136039,172,52.94.229.122,443,3.0,0,1,1,23,1,expected
2018-11-26 19:24:50.150156,172,52.94.229.122,443,3.0,0,1,1,23,1,expected
2018-11-26 19:24:50.176600,172,52.94.229.122,443,3.0,0,1,1,23,1,expected
2018-11-26 19:24:50.199852,172,52.94.229.122,443,3.0,0,1,1,23,1,expected
2018-11-26 19:24:50.213888,172,52.94.229.122,443,3.0,0,1,1,23,1,expected
2018-11-26 19:24:50.228014,172,52.94.229.122,443,3.0,0,1,1,23,1,expected
2018-11-26 19:24:50.249828,172,52.94.229.122,443,3.0,0,1,1,23,1,expected
2018-11-26 19:24:50.275816,172,52.94.229.122,443,3.0,0,1,1,23,1,expected
2018-11-26 19:24:50.296901,172,52.94.229.122,443,3.0,0,1,1,23,1,expected
2018-11-26 19:24:50.311570,172,52.94.229.122,443,3.0,0,1,1,23,1,expected
2018-11-26 19:24:50.325355,172,52.94.229.122,443,3.0,0,1,1,23,1,expected
2018-11-26 19:24:50.363526,172,52.94.229.122,443,3.0,0,1,1,23,1,expected
2018-11-26 19:24:50.374727,172,52.94.229.122,443,3.0,0,1,1,23,1,expected
2018-11-26 19:24:50.388680,172,52.94.229.122,443,3.0,0,1,1,23,1,expected
2018-11-26 19:24:50.409600,172,52.94.229.122,443,3.0,0,1,1,23,1,expected
2018-11-26 19:24:50.437053,172,52.94.229.122,443,3.0,0,1,1,23,1,expected
2018-11-26 19:24:50.458145,172,52.94.229.122,443,3.0,0,1,1,23,1,expected
2018-11-26 19:24:50.475725,172,52.94.229.122,443,3.0,0,1,1,23,1,expected
2018-11-26 19:24:50.489788,172,52.94.229.122,443,3.0,0,1,1,23,1,expected
2018-11-26 19:24:50.521160,172,52.94.229.122,443,3.0,0,1,1,23,1,expected
2018-11-26 19:24:50.535086,172,52.94.229.122,443,3.0,0,1,1,23,1,expected
2018-11-26 19:24:50.553724,172,52.94.229.122,443,3.0,0,1,1,23,1,expected
2018-11-26 19:24:50.563254,172,52.94.229.122,443,3.0,0,1,1,23,1,expected
2018-11-26 19:24:50.603725,172,52.94.229.122,443,3.0,0,1,1,23,1,expected
2018-11-26 19:24:50.613804,172,52.94.229.122,443,3.0,0,1,1,23,1,expected
2018-11-26 19:24:50.633063,172,52.94.229.122,443,3.0,0,1,1,23,1,expected
2018-11-26 19:24:50.646989,172,52.94.229.122,443,3.0,0,1,1,23,1,expected
2018-11-26 19:24:50.676402,172,52.94.229.122,443,3.0,0,1,1,23,1,expected
2018-11-26 19:24:50.699840,172,52.94.229.122,443,3.0,0,1,1,23,1,expected
2018-11-26 19:24:50.710425,172,52.94.229.122,443,3.0,0,1,1,23,1,expected
2018-11-26 19:24:50.724882,172,52.94.229.122,443,3.0,0,1,1,23,1,expected
2018-11-26 19:24:50.759429,172,52.94.229.122,443,3.0,0,1,1,23,1,expected
2018-11-26 19:24:50.773443,172,52.94.229.122,443,3.0,0,1,1,23,1,expected
2018-11-26 19:24:50.794342,172,52.94.229.122,443,3.0,0,1,1,23,1,expected
2018-11-26 19:24:50.807595,172,52.94.229.122,443,3.0,0,1,1,23,1,expected
2018-11-26 19:24:50.836046,172,52.94.229.122,443,3.0,0,1,1,23,1,expected
2018-11-26 19:24:50.876620,172,52.94.229.122,443,3.0,0,1,1,23,1,expected
2018-11-26 19:24:50.876878,172,52.94.229.122,443,3.0,0,1,1,23,1,expected
2018-11-26 19:24:50.885091,172,52.94.229.122,443,3.0,0,1,1,23,1,expected
2018-11-26 19:24:50.921527,172,52.94.229.122,443,3.0,0,1,1,23,1,expected
2018-11-26 19:24:50.934265,172,52.94.229.122,443,3.0,0,1,1,23,1,expected
2018-11-26 19:24:50.949246,172,52.94.229.122,443,3.0,0,1,1,23,1,expected
2018-11-26 19:24:50.970104,172,52.94.229.122,443,3.0,0,1,1,23,1,expected
2018-11-26 19:24:50.997148,172,52.94.229.122,443,3.0,0,1,1,23,1,expected
2018-11-26 19:24:51.011308,172,52.94.229.122,443,3.0,0,1,1,23,1,expected
2018-11-26 19:24:51.033030,172,52.94.229.122,443,3.0,0,1,1,23,1,expected
2018-11-26 19:24:51.046020,172,52.94.229.122,443,3.0,0,1,1,23,1,expected
2018-11-26 19:24:51.081728,172,52.94.229.122,443,3.0,0,1,1,23,1,expected
2018-11-26 19:24:51.095014,172,52.94.229.122,443,3.0,0,1,1,23,1,expected
2018-11-26 19:24:51.109525,172,52.94.229.122,443,3.0,0,1,1,23,1,expected
2018-11-26 19:24:51.122937,172,52.94.229.122,443,3.0,0,1,1,23,1,expected
2018-11-26 19:24:51.157861,172,52.94.229.122,443,3.0,0,1,1,23,1,expected
2018-11-26 19:24:51.172065,172,52.94.229.122,443,3.0,0,1,1,23,1,expected
2018-11-26 19:24:51.193026,172,52.94.229.122,443,3.0,0,1,1,23,1,expected
2018-11-26 19:24:51.207783,172,52.94.229.122,443,3.0,0,1,1,23,1,expected
2018-11-26 19:24:51.235006,172,52.94.229.122,443,3.0,0,1,1,23,1,expected
2018-11-26 19:24:51.256162,172,52.94.229.122,443,3.0,0,1,1,23,1,expected
2018-11-26 19:24:51.270858,172,52.94.229.122,443,3.0,0,1,1,23,1,expected
2018-11-26 19:24:51.284565,172,52.94.229.122,443,3.0,0,1,1,23,1,expected
2018-11-26 19:24:51.319887,172,52.94.229.122,443,3.0,0,1,1,23,1,expected
2018-11-26 19:24:51.333265,172,52.94.229.122,443,3.0,0,1,1,23,1,expected
2018-11-26 19:24:51.346969,172,52.94.229.122,443,3.0,0,1,1,23,1,expected
2018-11-26 19:24:51.368996,172,52.94.229.122,443,3.0,0,1,1,23,1,expected
2018-11-26 19:24:51.396146,172,52.94.229.122,443,3.0,0,1,1,23,1,expected
2018-11-26 19:24:51.416995,172,52.94.229.122,443,3.0,0,1,1,23,1,expected
2018-11-26 19:24:51.434213,172,52.94.229.122,443,3.0,0,1,1,23,1,expected
2018-11-26 19:24:51.450804,172,52.94.229.122,443,3.0,0,1,1,23,1,expected
2018-11-26 19:24:51.479916,172,52.94.229.122,443,3.0,0,1,1,23,1,expected
2018-11-26 19:24:51.493824,172,52.94.229.122,443,3.0,0,1,1,23,1,expected
2018-11-26 19:24:51.508513,172,52.94.229.122,443,3.0,0,1,1,23,1,expected
2018-11-26 19:24:51.528984,172,52.94.229.122,443,3.0,0,1,1,23,1,expected
2018-11-26 19:24:51.584904,172,52.94.229.122,443,3.0,0,1,1,23,1,expected
2018-11-26 19:24:51.585044,172,52.94.229.122,443,3.0,0,1,1,23,1,expected
2018-11-26 19:24:51.592262,172,52.94.229.122,443,3.0,0,1,1,23,1,expected
2018-11-26 19:24:51.605932,172,52.94.229.122,443,3.0,0,1,1,23,1,expected
2018-11-26 19:24:51.641037,172,52.94.229.122,443,3.0,0,1,1,23,1,expected
2018-11-26 19:24:51.654966,172,52.94.229.122,443,3.0,0,1,1,23,1,expected
2018-11-26 19:24:51.669935,172,52.94.229.122,443,3.0,0,1,1,23,1,expected
2018-11-26 19:24:51.686015,172,52.94.229.122,443,3.0,0,1,1,23,1,expected
2018-11-26 19:24:51.718058,172,52.94.229.122,443,3.0,0,1,1,23,1,expected
2018-11-26 19:24:51.732287,172,52.94.229.122,443,3.0,0,1,1,23,1,expected
2018-11-26 19:24:51.753738,172,52.94.229.122,443,3.0,0,1,1,23,1,expected
2018-11-26 19:24:51.767077,172,52.94.229.122,443,3.0,0,1,1,23,1,expected
2018-11-26 19:24:51.796535,172,52.94.229.122,443,3.0,0,1,1,23,1,expected
2018-11-26 19:24:51.817305,172,52.94.229.122,443,3.0,0,1,1,23,1,expected
2018-11-26 19:24:51.831239,172,52.94.229.122,443,3.0,0,1,1,23,1,expected
2018-11-26 19:24:51.845202,172,52.94.229.122,443,3.0,0,1,1,23,1,expected
2018-11-26 19:24:51.879175,172,52.94.229.122,443,3.0,0,1,1,23,1,expected
2018-11-26 19:24:51.893065,172,52.94.229.122,443,3.0,0,1,1,23,1,expected
2018-11-26 19:24:51.907511,172,52.94.229.122,443,3.0,0,1,1,23,1,expected
2018-11-26 19:24:51.929822,172,52.94.229.122,443,3.0,0,1,1,23,1,expected
2018-11-26 19:24:51.955945,172,52.94.229.122,443,3.0,0,1,1,23,1,expected
2018-11-26 19:24:51.976901,172,52.94.229.122,443,3.0,0,1,1,23,1,expected
2018-11-26 19:24:51.991718,172,52.94.229.122,443,3.0,0,1,1,23,1,expected
2018-11-26 19:24:52.005404,172,52.94.229.122,443,3.0,0,1,1,23,1,expected
2018-11-26 19:24:52.040665,172,52.94.229.122,443,3.0,0,1,1,23,1,expected
2018-11-26 19:24:52.053971,172,52.94.229.122,443,3.0,0,1,1,23,1,expected
2018-11-26 19:24:52.068105,172,52.94.229.122,443,3.0,0,1,1,23,1,expected
2018-11-26 19:24:52.089111,172,52.94.229.122,443,3.0,0,1,1,23,1,expected
2018-11-26 19:24:52.117274,172,52.94.229.122,443,3.0,0,1,1,23,1,expected
2018-11-26 19:24:52.131169,172,52.94.229.122,443,3.0,0,1,1,23,1,expected
2018-11-26 19:24:52.152242,172,52.94.229.122,443,3.0,0,1,1,23,1,expected
2018-11-26 19:24:52.166433,172,52.94.229.122,443,3.0,0,1,1,23,1,expected
2018-11-26 19:24:52.201056,172,52.94.229.122,443,3.0,0,1,1,23,1,expected
2018-11-26 19:24:52.214916,172,52.94.229.122,443,3.0,0,1,1,23,1,expected
2018-11-26 19:24:52.229496,172,52.94.229.122,443,3.0,0,1,1,23,1,expected
2018-11-26 19:24:52.243285,172,52.94.229.122,443,3.0,0,1,1,23,1,expected
2018-11-26 19:24:52.281896,172,52.94.229.122,443,3.0,0,1,1,23,1,expected
2018-11-26 19:24:52.292710,172,52.94.229.122,443,3.0,0,1,1,23,1,expected
2018-11-26 19:24:52.314845,172,52.94.229.122,443,3.0,0,1,1,23,1,expected
2018-11-26 19:24:52.327378,172,52.94.229.122,443,3.0,0,1,1,23,1,expected
2018-11-26 19:24:52.355383,172,52.94.229.122,443,3.0,0,1,1,23,1,expected
2018-11-26 19:24:52.376196,172,52.94.229.122,443,3.0,0,1,1,23,1,expected
2018-11-26 19:24:52.390796,172,52.94.229.122,443,3.0,0,1,1,23,1,expected
2018-11-26 19:24:52.393171,136,52.94.229.122,443,3.0,0,1,1,23,1,expected
2018-11-26 19:24:52.393856,92,52.94.229.122,443,3.0,0,1,1,23,1,expected
2018-11-26 19:24:52.414355,74,54.239.26.255,443,1.0,-29306281,0,1,,1,retransmit
2018-11-26 19:24:52.440716,54,52.94.229.122,443,1.0,2513,1,1,,1,ack
2018-11-26 19:24:52.451889,54,54.239.26.255,443,1.0,37,1,1,,1,ack
2018-11-26 19:24:52.454058,312,54.239.26.255,443,3.0,0,1,1,22,1,handshake
2018-11-26 19:24:52.495386,54,54.239.26.255,443,1.0,43,1,1,,1,ack
2018-11-26 19:24:52.495761,105,54.239.26.255,443,3.0,0,1,1,20,1,handshake
2018-11-26 19:24:52.578466,812,54.239.26.255,443,3.0,0,1,1,23,1,expected
2018-11-26 19:24:52.628214,85,54.239.26.255,443,3.0,0,1,1,21,1,handshake
2018-11-26 19:24:52.628376,54,54.239.26.255,443,1.0,132,1,1,,1,ack
2018-11-26 19:24:52.671995,54,54.239.26.255,443,1.0,43,1,1,,1,ack
2018-11-26 19:24:52.902421,54,52.94.229.122,443,1.0,461,1,1,,1,ack
2018-11-26 19:24:52.902731,54,52.94.229.122,443,1.0,0,1,1,,1,ack
2018-11-26 19:24:52.902879,54,52.94.229.122,443,1.0,0,1,1,,1,ack
2018-11-26 19:24:52.903540,54,52.94.229.122,443,1.0,0,1,1,,1,ack
2018-11-26 19:24:52.903789,54,52.94.229.122,443,1.0,0,1,1,,1,ack
2018-11-26 19:24:52.904717,54,52.94.229.122,443,1.0,0,1,1,,1,ack
2018-11-26 19:24:52.904951,54,52.94.229.122,443,1.0,0,1,1,,1,ack
2018-11-26 19:24:52.906169,54,52.94.229.122,443,1.0,1,1,1,,1,ack
2018-11-26 19:24:52.906332,54,52.94.229.122,443,1.0,0,1,1,,1,ack
2018-11-26 19:24:52.906664,54,52.94.229.122,443,1.0,0,1,1,,1,ack
2018-11-26 19:24:52.941784,54,52.94.229.122,443,1.0,35,1,1,,1,ack
2018-11-26 19:24:52.982042,54,52.94.229.122,443,1.0,40,1,1,,1,ack
2018-11-26 19:24:52.982262,54,52.94.229.122,443,1.0,0,1,1,,1,ack
2018-11-26 19:24:52.982533,54,52.94.229.122,443,1.0,0,1,1,,1,ack
2018-11-26 19:24:52.983055,638,52.94.229.122,443,3.0,0,1,1,23,1,expected
2018-11-26 19:24:52.983099,1078,52.94.229.122,443,3.0,0,1,1,23,1,expected
2018-11-26 19:24:52.983142,1078,52.94.229.122,443,1.0,0,1,1,,1,not_relevant
2018-11-26 19:24:52.983170,1078,52.94.229.122,443,1.0,0,1,1,,1,not_relevant
2018-11-26 19:24:52.983203,1078,52.94.229.122,443,1.0,0,1,1,,1,not_relevant
2018-11-26 19:24:52.983230,1078,52.94.229.122,443,3.0,0,1,1,23,1,expected
2018-11-26 19:24:52.983257,66,52.94.229.122,443,3.0,0,1,1,23,1,expected
2018-11-26 19:24:53.005939,54,52.94.229.122,443,1.0,22,1,1,,1,ack
2018-11-26 19:24:53.006301,54,52.94.229.122,443,1.0,0,1,1,,1,ack
2018-11-26 19:24:53.006443,54,52.94.229.122,443,1.0,0,1,1,,1,ack
2018-11-26 19:24:53.006643,54,52.94.229.122,443,1.0,0,1,1,,1,ack
2018-11-26 19:24:53.006819,96,52.94.229.122,443,3.0,0,1,1,23,1,expected
2018-11-26 19:24:53.006966,74,54.239.26.255,443,1.0,-29350432,0,1,,1,retransmit
2018-11-26 19:24:53.007089,54,52.94.229.122,443,1.0,0,1,1,,1,ack
2018-11-26 19:24:53.037449,54,52.94.229.122,443,1.0,30,1,1,,1,ack
2018-11-26 19:24:53.045298,54,54.239.26.255,443,1.0,38,1,1,,1,ack
2018-11-26 19:24:53.047089,312,54.239.26.255,443,3.0,0,1,1,22,1,handshake
2018-11-26 19:24:53.090655,54,54.239.26.255,443,1.0,45,1,1,,1,ack
2018-11-26 19:24:53.094915,105,54.239.26.255,443,3.0,0,1,1,20,1,handshake
2018-11-26 19:24:53.175378,295,52.94.229.122,443,3.0,0,1,1,23,1,expected
2018-11-26 19:24:53.175608,190,52.94.229.122,443,3.0,0,1,1,23,1,expected
2018-11-26 19:24:53.176000,1078,52.94.229.122,443,1.0,138,1,1,,1,not_relevant
2018-11-26 19:24:53.176017,1078,52.94.229.122,443,1.0,0,1,1,,1,not_relevant
2018-11-26 19:24:53.176040,1078,52.94.229.122,443,1.0,0,1,1,,1,not_relevant
2018-11-26 19:24:53.176055,839,52.94.229.122,443,3.0,0,1,1,23,1,expected
2018-11-26 19:24:53.176069,136,52.94.229.122,443,3.0,0,1,1,23,1,expected
2018-11-26 19:24:53.180240,54,52.94.229.122,443,1.0,4,1,1,,1,ack
2018-11-26 19:24:53.193739,784,54.239.26.255,443,3.0,0,1,1,23,1,expected
2018-11-26 19:24:53.215017,92,52.94.229.122,443,3.0,0,1,1,23,1,expected
2018-11-26 19:24:53.226808,286,52.94.229.122,443,3.0,0,1,1,23,1,expected
2018-11-26 19:24:53.227535,1078,52.94.229.122,443,3.0,0,1,1,23,1,expected
2018-11-26 19:24:53.227569,1078,52.94.229.122,443,1.0,47,1,1,,1,not_relevant
2018-11-26 19:24:53.227591,1078,52.94.229.122,443,1.0,0,1,1,,1,not_relevant
2018-11-26 19:24:53.227895,1078,52.94.229.122,443,1.0,0,1,1,,1,not_relevant
2018-11-26 19:24:53.227916,1078,52.94.229.122,443,3.0,0,1,1,23,1,expected
2018-11-26 19:24:53.227932,67,52.94.229.122,443,3.0,0,1,1,23,1,expected
2018-11-26 19:24:53.241736,85,54.239.26.255,443,3.0,0,1,1,21,1,handshake
2018-11-26 19:24:53.241907,54,54.239.26.255,443,1.0,151,1,1,,1,ack
2018-11-26 19:24:53.280748,54,54.239.26.255,443,1.0,38,1,1,,1,ack
2018-11-26 19:24:53.320925,54,52.94.229.122,443,1.0,93,1,1,,1,ack
2018-11-26 19:24:53.346512,54,52.94.229.122,443,1.0,25,1,1,,1,ack
2018-11-26 19:24:53.484879,74,54.239.26.255,443,1.0,-29352830,0,1,,1,retransmit
2018-11-26 19:24:53.520513,54,52.94.229.122,443,1.0,174,1,1,,1,ack
2018-11-26 19:24:53.524755,54,54.239.26.255,443,1.0,39,1,1,,1,ack
2018-11-26 19:24:53.527320,312,54.239.26.255,443,3.0,0,1,1,22,1,handshake
2018-11-26 19:24:53.533352,54,52.94.229.122,443,1.0,12,1,1,,1,ack
2018-11-26 19:24:53.536185,54,52.94.229.122,443,1.0,2,1,1,,1,ack
2018-11-26 19:24:53.570566,54,54.239.26.255,443,1.0,45,1,1,,1,ack
2018-11-26 19:24:53.570945,105,54.239.26.255,443,3.0,0,1,1,20,1,handshake
2018-11-26 19:24:53.681988,795,54.239.26.255,443,3.0,0,1,1,23,1,expected
2018-11-26 19:24:53.731156,85,54.239.26.255,443,3.0,0,1,1,21,1,handshake
2018-11-26 19:24:53.731334,54,54.239.26.255,443,1.0,160,1,1,,1,ack
2018-11-26 19:24:53.776680,54,54.239.26.255,443,1.0,45,1,1,,1,ack
2018-11-26 19:24:59.037021,288,52.94.229.122,443,3.0,0,1,1,23,1,expected
2018-11-26 19:24:59.037421,190,52.94.229.122,443,3.0,0,1,1,23,1,expected
2018-11-26 19:24:59.038001,1078,52.94.229.122,443,1.0,5501,1,1,,1,not_relevant
2018-11-26 19:24:59.038063,1078,52.94.229.122,443,1.0,0,1,1,,1,not_relevant
2018-11-26 19:24:59.038126,1078,52.94.229.122,443,1.0,0,1,1,,1,not_relevant
2018-11-26 19:24:59.038183,839,52.94.229.122,443,3.0,0,1,1,23,1,expected
2018-11-26 19:24:59.038244,136,52.94.229.122,443,3.0,0,1,1,23,1,expected
2018-11-26 19:24:59.078409,1078,52.94.229.122,443,3.0,0,1,1,23,1,expected
2018-11-26 19:24:59.082207,1078,52.94.229.122,443,1.0,44,1,1,,1,not_relevant
2018-11-26 19:24:59.083481,1078,52.94.229.122,443,1.0,1,1,1,,1,not_relevant
2018-11-26 19:24:59.083595,1078,52.94.229.122,443,1.0,0,1,1,,1,not_relevant
2018-11-26 19:24:59.084340,1078,52.94.229.122,443,1.0,0,1,1,,1,not_relevant
2018-11-26 19:24:59.084857,1078,52.94.229.122,443,1.0,0,1,1,,1,not_relevant
2018-11-26 19:24:59.125895,342,52.94.229.122,443,3.0,0,1,1,23,1,expected
2018-11-26 19:24:59.164840,54,52.94.229.122,443,1.0,79,1,1,,1,ack
2018-11-26 19:24:59.192579,54,52.94.229.122,443,1.0,27,1,1,,1,ack
2018-11-26 19:24:59.192852,54,52.94.229.122,443,1.0,0,1,1,,1,ack
2018-11-26 19:24:59.413024,54,52.94.229.122,443,1.0,220,1,1,,1,ack
2018-11-26 19:24:59.450320,54,52.94.229.122,443,1.0,37,1,1,,1,ack
2018-11-26 19:24:59.555373,288,52.94.229.122,443,3.0,0,1,1,23,1,expected
2018-11-26 19:24:59.568312,1078,52.94.229.122,443,3.0,0,1,1,23,1,expected
2018-11-26 19:24:59.586018,1078,52.94.229.122,443,1.0,135,1,1,,1,not_relevant
2018-11-26 19:24:59.596954,1078,52.94.229.122,443,1.0,10,1,1,,1,not_relevant
2018-11-26 19:24:59.597295,1078,52.94.229.122,443,1.0,0,1,1,,1,not_relevant
2018-11-26 19:24:59.598848,1078,52.94.229.122,443,3.0,0,1,1,23,1,expected
2018-11-26 19:24:59.609178,66,52.94.229.122,443,3.0,0,1,1,23,1,expected
2018-11-26 19:24:59.761330,54,52.94.229.122,443,1.0,164,1,1,,1,ack
2018-11-26 19:24:59.761654,54,52.94.229.122,443,1.0,0,1,1,,1,ack
2018-11-26 19:25:12.300256,54,52.94.229.122,443,1.0,12538,1,1,,1,ack
2018-11-26 19:25:12.306331,100,52.94.229.122,443,3.0,0,1,1,23,1,syn
2018-11-26 19:25:12.771017,66,99.84.170.140,80,1.0,29480,1,1,,1,ack
2018-11-26 19:25:18.131199,54,52.216.18.248,80,1.0,32080,1,1,,1,ack
2018-11-26 19:25:22.609908,288,52.94.229.122,443,3.0,0,1,1,23,1,expected
2018-11-26 19:25:22.610407,1078,52.94.229.122,443,3.0,0,1,1,23,1,expected
2018-11-26 19:25:22.610440,1078,52.94.229.122,443,1.0,10310,1,1,,1,not_relevant
2018-11-26 19:25:22.610457,1078,52.94.229.122,443,1.0,0,1,1,,1,not_relevant
2018-11-26 19:25:22.610475,1078,52.94.229.122,443,1.0,0,1,1,,1,not_relevant
2018-11-26 19:25:22.610663,1078,52.94.229.122,443,1.0,0,1,1,,1,not_relevant
2018-11-26 19:25:22.627649,74,54.239.26.255,443,1.0,-29323988,0,1,,1,retransmit
2018-11-26 19:25:22.649345,1078,52.94.229.122,443,3.0,0,1,1,23,1,expected
2018-11-26 19:25:22.655866,1078,52.94.229.122,443,3.0,0,1,1,23,1,expected
2018-11-26 19:25:22.656724,1078,52.94.229.122,443,3.0,0,1,1,23,1,expected
2018-11-26 19:25:22.656756,1078,52.94.229.122,443,1.0,46,1,1,,1,not_relevant
2018-11-26 19:25:22.657196,1078,52.94.229.122,443,1.0,0,1,1,,1,not_relevant
2018-11-26 19:25:22.657512,1078,52.94.229.122,443,1.0,0,1,1,,1,not_relevant
2018-11-26 19:25:22.658866,1078,52.94.229.122,443,1.0,1,1,1,,1,not_relevant
2018-11-26 19:25:22.671253,54,54.239.26.255,443,1.0,43,1,1,,1,ack
2018-11-26 19:25:22.673078,312,54.239.26.255,443,3.0,0,1,1,22,1,handshake
2018-11-26 19:25:22.687096,487,52.94.229.122,443,3.0,0,1,1,23,1,expected
2018-11-26 19:25:22.714805,1078,52.94.229.122,443,1.0,55,1,1,,1,not_relevant
2018-11-26 19:25:22.714828,1078,52.94.229.122,443,1.0,0,1,1,,1,not_relevant
2018-11-26 19:25:22.714845,1078,52.94.229.122,443,1.0,0,1,1,,1,not_relevant
2018-11-26 19:25:22.714878,1078,52.94.229.122,443,1.0,0,1,1,,1,not_relevant
2018-11-26 19:25:22.714893,892,52.94.229.122,443,3.0,0,1,1,23,1,expected
2018-11-26 19:25:22.718888,54,54.239.26.255,443,1.0,47,1,1,,1,ack
2018-11-26 19:25:22.719310,105,54.239.26.255,443,3.0,0,1,1,20,1,handshake
2018-11-26 19:25:22.733039,172,52.94.229.122,443,3.0,0,1,1,23,1,expected
2018-11-26 19:25:22.742337,172,52.94.229.122,443,3.0,0,1,1,23,1,expected
2018-11-26 19:25:22.755378,172,52.94.229.122,443,3.0,0,1,1,23,1,expected
2018-11-26 19:25:22.790888,172,52.94.229.122,443,3.0,0,1,1,23,1,expected
2018-11-26 19:25:22.803688,54,52.94.229.122,443,1.0,88,1,1,,1,ack
2018-11-26 19:25:22.806242,172,52.94.229.122,443,3.0,0,1,1,23,1,expected
2018-11-26 19:25:22.808446,766,54.239.26.255,443,3.0,0,1,1,23,1,expected
2018-11-26 19:25:22.825487,172,52.94.229.122,443,3.0,0,1,1,23,1,expected
2018-11-26 19:25:22.839042,172,52.94.229.122,443,3.0,0,1,1,23,1,expected
2018-11-26 19:25:22.858265,85,54.239.26.255,443,3.0,0,1,1,21,1,handshake
2018-11-26 19:25:22.858449,54,54.239.26.255,443,1.0,139,1,1,,1,ack
2018-11-26 19:25:22.866862,172,52.94.229.122,443,3.0,0,1,1,23,1,expected
2018-11-26 19:25:22.888144,172,52.94.229.122,443,3.0,0,1,1,23,1,expected
2018-11-26 19:25:22.901312,54,54.239.26.255,443,1.0,42,1,1,,1,ack
2018-11-26 19:25:22.901886,172,52.94.229.122,443,3.0,0,1,1,23,1,expected
2018-11-26 19:25:22.915688,172,52.94.229.122,443,3.0,0,1,1,23,1,expected
2018-11-26 19:25:22.952560,172,52.94.229.122,443,3.0,0,1,1,23,1,expected
2018-11-26 19:25:22.965111,172,52.94.229.122,443,3.0,0,1,1,23,1,expected
2018-11-26 19:25:22.978893,172,52.94.229.122,443,3.0,0,1,1,23,1,expected
2018-11-26 19:25:23.000158,172,52.94.229.122,443,3.0,0,1,1,23,1,expected
2018-11-26 19:25:23.027928,172,52.94.229.122,443,3.0,0,1,1,23,1,expected
2018-11-26 19:25:23.049123,172,52.94.229.122,443,3.0,0,1,1,23,1,expected
2018-11-26 19:25:23.076555,172,52.94.229.122,443,3.0,0,1,1,23,1,expected
2018-11-26 19:25:23.076977,172,52.94.229.122,443,3.0,0,1,1,23,1,expected
2018-11-26 19:25:23.111984,172,52.94.229.122,443,3.0,0,1,1,23,1,expected
2018-11-26 19:25:23.124077,289,52.94.229.122,443,3.0,0,1,1,23,1,expected
2018-11-26 19:25:23.125827,190,52.94.229.122,443,3.0,0,1,1,23,1,expected
2018-11-26 19:25:23.128788,1078,52.94.229.122,443,1.0,325,1,1,,1,not_relevant
2018-11-26 19:25:23.128834,1078,52.94.229.122,443,1.0,0,1,1,,1,not_relevant
2018-11-26 19:25:23.128896,1078,52.94.229.122,443,1.0,0,1,1,,1,not_relevant
2018-11-26 19:25:23.128956,838,52.94.229.122,443,3.0,0,1,1,23,1,expected
2018-11-26 19:25:23.162926,528,52.94.229.122,443,3.0,0,1,1,23,1,expected
2018-11-26 19:25:23.189504,172,52.94.229.122,443,3.0,0,1,1,23,1,expected
2018-11-26 19:25:23.203023,172,52.94.229.122,443,3.0,0,1,1,23,1,expected
2018-11-26 19:25:23.223996,172,52.94.229.122,443,3.0,0,1,1,23,1,expected
2018-11-26 19:25:23.239205,172,52.94.229.122,443,3.0,0,1,1,23,1,expected
2018-11-26 19:25:23.272877,172,52.94.229.122,443,3.0,0,1,1,23,1,expected
2018-11-26 19:25:23.286798,172,52.94.229.122,443,3.0,0,1,1,23,1,expected
2018-11-26 19:25:23.288805,54,52.94.229.122,443,1.0,159,1,1,,1,ack
2018-11-26 19:25:23.301192,172,52.94.229.122,443,3.0,0,1,1,23,1,expected
2018-11-26 19:25:23.321926,172,52.94.229.122,443,3.0,0,1,1,23,1,expected
2018-11-26 19:25:23.349987,172,52.94.229.122,443,3.0,0,1,1,23,1,expected
2018-11-26 19:25:23.365613,172,52.94.229.122,443,3.0,0,1,1,23,1,expected
2018-11-26 19:25:23.385052,172,52.94.229.122,443,3.0,0,1,1,23,1,expected
2018-11-26 19:25:23.399045,172,52.94.229.122,443,3.0,0,1,1,23,1,expected
2018-11-26 19:25:23.427509,172,52.94.229.122,443,3.0,0,1,1,23,1,expected
2018-11-26 19:25:23.448295,172,52.94.229.122,443,3.0,0,1,1,23,1,expected
2018-11-26 19:25:23.462213,172,52.94.229.122,443,3.0,0,1,1,23,1,expected
2018-11-26 19:25:23.477405,172,52.94.229.122,443,3.0,0,1,1,23,1,expected
2018-11-26 19:25:23.511273,172,52.94.229.122,443,3.0,0,1,1,23,1,expected
2018-11-26 19:25:23.525474,172,52.94.229.122,443,3.0,0,1,1,23,1,expected
2018-11-26 19:25:23.539714,172,52.94.229.122,443,3.0,0,1,1,23,1,expected
2018-11-26 19:25:23.560552,172,52.94.229.122,443,3.0,0,1,1,23,1,expected
2018-11-26 19:25:23.588652,172,52.94.229.122,443,3.0,0,1,1,23,1,expected
2018-11-26 19:25:23.610055,172,52.94.229.122,443,3.0,0,1,1,23,1,expected
2018-11-26 19:25:23.622911,172,52.94.229.122,443,3.0,0,1,1,23,1,expected
2018-11-26 19:25:23.636725,172,52.94.229.122,443,3.0,0,1,1,23,1,expected
2018-11-26 19:25:23.672779,172,52.94.229.122,443,3.0,0,1,1,23,1,expected
2018-11-26 19:25:23.686049,172,52.94.229.122,443,3.0,0,1,1,23,1,expected
2018-11-26 19:25:23.700012,172,52.94.229.122,443,3.0,0,1,1,23,1,expected
2018-11-26 19:25:23.722355,172,52.94.229.122,443,3.0,0,1,1,23,1,expected
2018-11-26 19:25:23.782048,172,52.94.229.122,443,3.0,0,1,1,23,1,expected
2018-11-26 19:25:23.782277,172,52.94.229.122,443,3.0,0,1,1,23,1,expected
2018-11-26 19:25:23.785606,172,52.94.229.122,443,3.0,0,1,1,23,1,expected
2018-11-26 19:25:23.798405,172,52.94.229.122,443,3.0,0,1,1,23,1,expected
2018-11-26 19:25:23.832900,172,52.94.229.122,443,3.0,0,1,1,23,1,expected
2018-11-26 19:25:23.847121,172,52.94.229.122,443,3.0,0,1,1,23,1,expected
2018-11-26 19:25:23.861104,172,52.94.229.122,443,3.0,0,1,1,23,1,expected
2018-11-26 19:25:23.875025,172,52.94.229.122,443,3.0,0,1,1,23,1,expected
2018-11-26 19:25:23.915533,172,52.94.229.122,443,3.0,0,1,1,23,1,expected
2018-11-26 19:25:23.929117,172,52.94.229.122,443,3.0,0,1,1,23,1,expected
2018-11-26 19:25:23.945266,172,52.94.229.122,443,3.0,0,1,1,23,1,expected
2018-11-26 19:25:23.959431,172,52.94.229.122,443,3.0,0,1,1,23,1,expected
2018-11-26 19:25:23.993676,172,52.94.229.122,443,3.0,0,1,1,23,1,expected
2018-11-26 19:25:24.007881,172,52.94.229.122,443,3.0,0,1,1,23,1,expected
2018-11-26 19:25:24.022614,172,52.94.229.122,443,3.0,0,1,1,23,1,expected
2018-11-26 19:25:24.036088,172,52.94.229.122,443,3.0,0,1,1,23,1,expected
2018-11-26 19:25:24.069921,172,52.94.229.122,443,3.0,0,1,1,23,1,expected
2018-11-26 19:25:24.084150,172,52.94.229.122,443,3.0,0,1,1,23,1,expected
2018-11-26 19:25:24.105024,172,52.94.229.122,443,3.0,0,1,1,23,1,expected
2018-11-26 19:25:24.119125,172,52.94.229.122,443,3.0,0,1,1,23,1,expected
2018-11-26 19:25:24.147510,172,52.94.229.122,443,3.0,0,1,1,23,1,expected
2018-11-26 19:25:24.168401,172,52.94.229.122,443,3.0,0,1,1,23,1,expected
2018-11-26 19:25:24.182436,172,52.94.229.122,443,3.0,0,1,1,23,1,expected
2018-11-26 19:25:24.196216,172,52.94.229.122,443,3.0,0,1,1,23,1,expected
2018-11-26 19:25:24.231093,172,52.94.229.122,443,3.0,0,1,1,23,1,expected
2018-11-26 19:25:24.250079,172,52.94.229.122,443,3.0,0,1,1,23,1,expected
2018-11-26 19:25:24.264390,172,52.94.229.122,443,3.0,0,1,1,23,1,expected
2018-11-26 19:25:24.283904,172,52.94.229.122,443,3.0,0,1,1,23,1,expected
2018-11-26 19:25:24.307931,172,52.94.229.122,443,3.0,0,1,1,23,1,expected
2018-11-26 19:25:24.329297,172,52.94.229.122,443,3.0,0,1,1,23,1,expected
2018-11-26 19:25:24.342845,172,52.94.229.122,443,3.0,0,1,1,23,1,expected
2018-11-26 19:25:24.356827,172,52.94.229.122,443,3.0,0,1,1,23,1,expected
2018-11-26 19:25:24.395885,172,52.94.229.122,443,3.0,0,1,1,23,1,expected
2018-11-26 19:25:24.409149,172,52.94.229.122,443,3.0,0,1,1,23,1,expected
2018-11-26 19:25:24.420122,172,52.94.229.122,443,3.0,0,1,1,23,1,expected
2018-11-26 19:25:24.441833,172,52.94.229.122,443,3.0,0,1,1,23,1,expected
2018-11-26 19:25:25.551829,85,54.239.26.255,443,3.0,0,1,1,21,1,handshake
2018-11-26 19:25:25.575387,54,54.239.26.255,443,1.0,-29321268,1,1,,1,ack
2018-11-26 19:25:25.595228,54,54.239.26.255,443,1.0,19,1,1,,1,ack
2018-11-26 19:25:25.782153,54,52.94.229.122,443,1.0,2493,1,1,,1,ack
2018-11-26 19:25:25.782357,54,52.94.229.122,443,1.0,0,1,1,,1,ack
2018-11-26 19:25:25.782506,54,52.94.229.122,443,1.0,0,1,1,,1,ack
2018-11-26 19:25:25.783805,54,52.94.229.122,443,1.0,1,1,1,,1,ack
2018-11-26 19:25:25.783884,54,52.94.229.122,443,1.0,0,1,1,,1,ack
2018-11-26 19:25:25.784990,54,52.94.229.122,443,1.0,1,1,1,,1,ack
2018-11-26 19:25:25.785069,54,52.94.229.122,443,1.0,0,1,1,,1,ack
2018-11-26 19:25:25.786322,54,52.94.229.122,443,1.0,1,1,1,,1,ack
2018-11-26 19:25:25.787514,54,52.94.229.122,443,1.0,1,1,1,,1,ack
2018-11-26 19:25:25.787852,54,52.94.229.122,443,1.0,0,1,1,,1,ack
2018-11-26 19:25:25.824432,54,52.94.229.122,443,1.0,36,1,1,,1,ack
2018-11-26 19:25:25.824606,54,52.94.229.122,443,1.0,0,1,1,,1,ack
2018-11-26 19:25:25.824794,54,52.94.229.122,443,1.0,0,1,1,,1,ack
2018-11-26 19:25:25.827408,54,52.94.229.122,443,1.0,2,1,1,,1,ack
2018-11-26 19:25:25.827514,54,52.94.229.122,443,1.0,0,1,1,,1,ack
2018-11-26 19:25:25.828243,54,52.94.229.122,443,1.0,0,1,1,,1,ack
2018-11-26 19:25:25.828421,54,52.94.229.122,443,1.0,0,1,1,,1,ack
2018-11-26 19:25:25.828517,54,52.94.229.122,443,1.0,0,1,1,,1,ack
2018-11-26 19:25:25.832417,54,52.94.229.122,443,1.0,3,1,1,,1,ack
2018-11-26 19:25:25.832593,54,52.94.229.122,443,1.0,0,1,1,,1,ack
2018-11-26 19:25:25.832667,54,52.94.229.122,443,1.0,0,1,1,,1,ack
2018-11-26 19:25:25.833657,286,52.94.229.122,443,3.0,0,1,1,23,1,expected
2018-11-26 19:25:25.833676,190,52.94.229.122,443,3.0,0,1,1,23,1,expected
2018-11-26 19:25:25.834837,1078,52.94.229.122,443,1.0,2,1,1,,1,not_relevant
2018-11-26 19:25:25.835595,1078,52.94.229.122,443,1.0,0,1,1,,1,not_relevant
2018-11-26 19:25:25.835631,1078,52.94.229.122,443,1.0,0,1,1,,1,not_relevant
2018-11-26 19:25:25.835648,834,52.94.229.122,443,3.0,0,1,1,23,1,expected
2018-11-26 19:25:25.835699,136,52.94.229.122,443,3.0,0,1,1,23,1,expected
2018-11-26 19:25:25.841233,74,54.239.26.255,443,1.0,-29321301,0,1,,1,retransmit
2018-11-26 19:25:25.876929,134,52.94.229.122,443,3.0,0,1,1,23,1,expected
2018-11-26 19:25:25.878732,54,54.239.26.255,443,1.0,37,1,1,,1,ack
2018-11-26 19:25:25.881362,312,54.239.26.255,443,3.0,0,1,1,22,1,handshake
2018-11-26 19:25:25.925415,54,54.239.26.255,443,1.0,46,1,1,,1,ack
2018-11-26 19:25:25.926892,105,54.239.26.255,443,3.0,0,1,1,20,1,handshake
2018-11-26 19:25:25.981086,54,52.94.229.122,443,1.0,145,1,1,,1,ack
2018-11-26 19:25:26.016497,784,54.239.26.255,443,3.0,0,1,1,23,1,expected
2018-11-26 19:25:26.071738,85,54.239.26.255,443,3.0,0,1,1,21,1,handshake
2018-11-26 19:25:26.071913,54,54.239.26.255,443,1.0,146,1,1,,1,ack
2018-11-26 19:25:26.114680,54,54.239.26.255,443,1.0,42,1,1,,1,ack
2018-11-26 19:25:26.155755,287,52.94.229.122,443,3.0,0,1,1,23,1,expected
2018-11-26 19:25:26.156100,190,52.94.229.122,443,3.0,0,1,1,23,1,expected
2018-11-26 19:25:26.156554,1078,52.94.229.122,443,1.0,175,1,1,,1,not_relevant
2018-11-26 19:25:26.156772,1078,52.94.229.122,443,1.0,0,1,1,,1,not_relevant
2018-11-26 19:25:26.156799,1078,52.94.229.122,443,1.0,0,1,1,,1,not_relevant
2018-11-26 19:25:26.157050,921,52.94.229.122,443,3.0,0,1,1,23,1,expected
2018-11-26 19:25:26.157082,92,52.94.229.122,443,3.0,0,1,1,23,1,expected
2018-11-26 19:25:26.196951,1078,52.94.229.122,443,3.0,0,1,1,23,1,expected
2018-11-26 19:25:26.198383,1078,52.94.229.122,443,1.0,41,1,1,,1,not_relevant
2018-11-26 19:25:26.201728,1078,52.94.229.122,443,1.0,3,1,1,,1,not_relevant
2018-11-26 19:25:26.203272,1078,52.94.229.122,443,1.0,1,1,1,,1,not_relevant
2018-11-26 19:25:26.203296,1078,52.94.229.122,443,1.0,0,1,1,,1,not_relevant
2018-11-26 19:25:26.203329,299,52.94.229.122,443,3.0,0,1,1,23,1,expected
2018-11-26 19:25:26.311100,54,52.94.229.122,443,1.0,107,1,1,,1,ack
2018-11-26 19:25:26.319955,54,52.94.229.122,443,1.0,8,1,1,,1,ack
2018-11-26 19:25:26.379597,74,54.239.26.255,443,1.0,-29369259,0,1,,1,retransmit
2018-11-26 19:25:26.407720,54,52.94.229.122,443,1.0,87,1,1,,1,ack
2018-11-26 19:25:26.422729,54,54.239.26.255,443,1.0,43,1,1,,1,ack
2018-11-26 19:25:26.423955,312,54.239.26.255,443,3.0,0,1,1,22,1,handshake
2018-11-26 19:25:26.435001,54,52.94.229.122,443,1.0,27,1,1,,1,ack
2018-11-26 19:25:26.435555,54,52.94.229.122,443,1.0,0,1,1,,1,ack
2018-11-26 19:25:26.469658,54,54.239.26.255,443,1.0,46,1,1,,1,ack
2018-11-26 19:25:26.470087,105,54.239.26.255,443,3.0,0,1,1,20,1,handshake
2018-11-26 19:25:26.579136,796,54.239.26.255,443,3.0,0,1,1,23,1,expected
2018-11-26 19:25:26.630490,85,54.239.26.255,443,3.0,0,1,1,21,1,handshake
2018-11-26 19:25:26.630667,54,54.239.26.255,443,1.0,161,1,1,,1,ack
2018-11-26 19:25:26.673176,54,54.239.26.255,443,1.0,42,1,1,,1,ack
2018-11-26 19:25:31.958802,288,52.94.229.122,443,3.0,0,1,1,23,1,expected
2018-11-26 19:25:31.959082,190,52.94.229.122,443,3.0,0,1,1,23,1,expected
2018-11-26 19:25:31.962632,1078,52.94.229.122,443,1.0,5527,1,1,,1,not_relevant
2018-11-26 19:25:31.962677,1078,52.94.229.122,443,1.0,0,1,1,,1,not_relevant
2018-11-26 19:25:31.962749,1078,52.94.229.122,443,1.0,0,1,1,,1,not_relevant
2018-11-26 19:25:31.962817,921,52.94.229.122,443,3.0,0,1,1,23,1,expected
2018-11-26 19:25:31.962884,92,52.94.229.122,443,3.0,0,1,1,23,1,expected
2018-11-26 19:25:32.007371,1078,52.94.229.122,443,3.0,0,1,1,23,1,expected
2018-11-26 19:25:32.007503,1078,52.94.229.122,443,1.0,44,1,1,,1,not_relevant
2018-11-26 19:25:32.007848,1078,52.94.229.122,443,1.0,0,1,1,,1,not_relevant
2018-11-26 19:25:32.008287,1078,52.94.229.122,443,1.0,0,1,1,,1,not_relevant
2018-11-26 19:25:32.008350,1078,52.94.229.122,443,1.0,0,1,1,,1,not_relevant
2018-11-26 19:25:32.008379,656,52.94.229.122,443,3.0,0,1,1,23,1,expected
2018-11-26 19:25:32.105119,54,52.94.229.122,443,1.0,96,1,1,,1,ack
2018-11-26 19:25:32.106703,54,52.94.229.122,443,1.0,1,1,1,,1,ack
2018-11-26 19:25:32.201871,54,52.94.229.122,443,1.0,95,1,1,,1,ack
2018-11-26 19:25:32.202096,54,52.94.229.122,443,1.0,0,1,1,,1,ack
2018-11-26 19:25:32.459635,297,52.94.229.122,443,3.0,0,1,1,23,1,expected
2018-11-26 19:25:32.459979,1078,52.94.229.122,443,3.0,0,1,1,23,1,expected
2018-11-26 19:25:32.460001,1078,52.94.229.122,443,1.0,257,1,1,,1,not_relevant
2018-11-26 19:25:32.460016,1078,52.94.229.122,443,1.0,0,1,1,,1,not_relevant
2018-11-26 19:25:32.460291,1078,52.94.229.122,443,1.0,0,1,1,,1,not_relevant
2018-11-26 19:25:32.460311,1078,52.94.229.122,443,3.0,0,1,1,23,1,expected
2018-11-26 19:25:32.460391,66,52.94.229.122,443,3.0,0,1,1,23,1,expected
2018-11-26 19:25:32.506584,54,52.94.229.122,443,1.0,46,1,1,,1,ack
2018-11-26 19:25:32.663157,54,52.94.229.122,443,1.0,156,1,1,,1,ack
2018-11-26 19:25:32.663332,54,52.94.229.122,443,1.0,0,1,1,,1,ack
2018-11-26 19:25:42.300136,54,52.94.229.122,443,1.0,9636,1,1,,1,ack
2018-11-26 19:25:42.301025,100,52.94.229.122,443,3.0,0,1,1,23,1,syn
