2018-11-25 19:33:47.902402,100,52.94.229.122,443,3.0,0,1,1,23,1,syn
2018-11-25 19:33:48.184343,100,52.94.229.122,443,1.0,557153,1,1,,1,not_relevant
2018-11-25 19:33:51.392568,287,52.94.229.122,443,3.0,0,1,1,23,1,expected
2018-11-25 19:33:51.395769,190,52.94.229.122,443,3.0,0,1,1,23,1,expected
2018-11-25 19:33:51.397593,1514,52.94.229.122,443,1.0,3213,1,1,,1,not_relevant
2018-11-25 19:33:51.397687,1355,52.94.229.122,443,3.0,0,1,1,23,1,expected
2018-11-25 19:33:51.398294,152,52.94.229.122,443,3.0,0,1,1,23,1,expected
2018-11-25 19:33:51.412242,286,52.94.229.122,443,3.0,0,1,1,23,1,expected
2018-11-25 19:33:51.414481,1514,52.94.229.122,443,3.0,0,1,1,23,1,expected
2018-11-25 19:33:51.414528,1514,52.94.229.122,443,1.0,16,1,1,,1,not_relevant
2018-11-25 19:33:51.450366,74,54.239.29.0,443,1.0,697200,0,1,,1,retransmit
2018-11-25 19:33:51.451637,1365,52.94.229.122,443,3.0,0,1,1,23,1,expected
2018-11-25 19:33:51.490781,1514,52.94.229.122,443,1.0,76,1,1,,1,not_relevant
2018-11-25 19:33:51.490890,1514,52.94.229.122,443,1.0,0,1,1,,1,not_relevant
2018-11-25 19:33:51.490929,1312,52.94.229.122,443,3.0,0,1,1,23,1,expected
2018-11-25 19:33:51.497573,54,54.239.29.0,443,1.0,47,1,1,,1,ack
2018-11-25 19:33:51.499214,312,54.239.29.0,443,3.0,0,1,1,22,1,handshake
2018-11-25 19:33:51.503299,172,52.94.229.122,443,3.0,0,1,1,23,1,expected
2018-11-25 19:33:51.515881,172,52.94.229.122,443,3.0,0,1,1,23,1,expected
2018-11-25 19:33:51.542771,54,54.239.29.0,443,1.0,45,1,1,,1,ack
2018-11-25 19:33:51.544243,105,54.239.29.0,443,3.0,0,1,1,20,1,handshake
2018-11-25 19:33:51.550941,172,52.94.229.122,443,3.0,0,1,1,23,1,expected
2018-11-25 19:33:51.564642,172,52.94.229.122,443,3.0,0,1,1,23,1,expected
2018-11-25 19:33:51.572532,66,52.94.229.122,443,1.0,81,1,1,,1,ack
2018-11-25 19:33:51.572719,66,52.94.229.122,443,1.0,0,1,1,,1,ack
2018-11-25 19:33:51.578663,184,52.94.229.122,443,3.0,0,1,1,23,1,expected
2018-11-25 19:33:51.599548,184,52.94.229.122,443,3.0,0,1,1,23,1,expected
2018-11-25 19:33:51.627524,184,52.94.229.122,443,3.0,0,1,1,23,1,expected
2018-11-25 19:33:51.633765,765,54.239.29.0,443,3.0,0,1,1,23,1,expected
2018-11-25 19:33:51.641169,184,52.94.229.122,443,3.0,0,1,1,23,1,expected
2018-11-25 19:33:51.662948,184,52.94.229.122,443,3.0,0,1,1,23,1,expected
2018-11-25 19:33:51.676793,184,52.94.229.122,443,3.0,0,1,1,23,1,expected
2018-11-25 19:33:51.688781,85,54.239.29.0,443,3.0,0,1,1,21,1,handshake
2018-11-25 19:33:51.688996,54,54.239.29.0,443,1.0,146,1,1,,1,ack
2018-11-25 19:33:51.714163,54,52.94.229.122,443,1.0,141,1,1,,1,ack
2018-11-25 19:33:51.714351,172,52.94.229.122,443,3.0,0,1,1,23,1,expected
2018-11-25 19:33:51.725485,172,52.94.229.122,443,3.0,0,1,1,23,1,expected
2018-11-25 19:33:51.731898,54,54.239.29.0,443,1.0,42,1,1,,1,ack
2018-11-25 19:33:51.740431,172,52.94.229.122,443,3.0,0,1,1,23,1,expected
2018-11-25 19:33:51.755498,172,52.94.229.122,443,3.0,0,1,1,23,1,expected
2018-11-25 19:33:51.787948,172,52.94.229.122,443,3.0,0,1,1,23,1,expected
2018-11-25 19:33:51.801817,172,52.94.229.122,443,3.0,0,1,1,23,1,expected
2018-11-25 19:33:51.822950,172,52.94.229.122,443,3.0,0,1,1,23,1,expected
2018-11-25 19:33:51.837976,172,52.94.229.122,443,3.0,0,1,1,23,1,expected
2018-11-25 19:33:51.870977,172,52.94.229.122,443,3.0,0,1,1,23,1,expected
2018-11-25 19:33:51.885020,172,52.94.229.122,443,3.0,0,1,1,23,1,expected
2018-11-25 19:33:51.900246,172,52.94.229.122,443,3.0,0,1,1,23,1,expected
2018-11-25 19:33:51.903070,287,52.94.229.122,443,3.0,0,1,1,23,1,expected
2018-11-25 19:33:51.903751,190,52.94.229.122,443,3.0,0,1,1,23,1,expected
2018-11-25 19:33:51.905135,1514,52.94.229.122,443,1.0,190,1,1,,1,not_relevant
2018-11-25 19:33:51.905419,854,52.94.229.122,443,3.0,0,1,1,23,1,expected
2018-11-25 19:33:51.905451,136,52.94.229.122,443,3.0,0,1,1,23,1,expected
2018-11-25 19:33:51.913817,92,52.94.229.122,443,3.0,0,1,1,23,1,expected
2018-11-25 19:33:51.919436,172,52.94.229.122,443,3.0,0,1,1,23,1,expected
2018-11-25 19:33:51.948123,172,52.94.229.122,443,3.0,0,1,1,23,1,expected
2018-11-25 19:33:51.962638,172,52.94.229.122,443,3.0,0,1,1,23,1,expected
2018-11-25 19:33:51.983100,172,52.94.229.122,443,3.0,0,1,1,23,1,expected
2018-11-25 19:33:51.998458,172,52.94.229.122,443,3.0,0,1,1,23,1,expected
2018-11-25 19:33:52.030181,286,52.94.229.122,443,3.0,0,1,1,23,1,expected
2018-11-25 19:33:52.030977,1514,52.94.229.122,443,3.0,0,1,1,23,1,expected
2018-11-25 19:33:52.031129,1514,52.94.229.122,443,1.0,125,1,1,,1,not_relevant
2018-11-25 19:33:52.031174,1435,52.94.229.122,443,3.0,0,1,1,23,1,expected
2018-11-25 19:33:52.032857,136,52.94.229.122,443,3.0,0,1,1,23,1,expected
2018-11-25 19:33:52.033464,92,52.94.229.122,443,3.0,0,1,1,23,1,expected
2018-11-25 19:33:52.034079,172,52.94.229.122,443,3.0,0,1,1,23,1,expected
2018-11-25 19:33:52.045571,172,52.94.229.122,443,3.0,0,1,1,23,1,expected
2018-11-25 19:33:52.058308,172,52.94.229.122,443,3.0,0,1,1,23,1,expected
2018-11-25 19:33:52.079916,172,52.94.229.122,443,3.0,0,1,1,23,1,expected
2018-11-25 19:33:52.107283,172,52.94.229.122,443,3.0,0,1,1,23,1,expected
2018-11-25 19:33:52.149243,172,52.94.229.122,443,3.0,0,1,1,23,1,expected
2018-11-25 19:33:52.149415,172,52.94.229.122,443,3.0,0,1,1,23,1,expected
2018-11-25 19:33:52.163188,172,52.94.229.122,443,3.0,0,1,1,23,1,expected
2018-11-25 19:33:52.191667,172,52.94.229.122,443,3.0,0,1,1,23,1,expected
2018-11-25 19:33:52.205040,172,52.94.229.122,443,3.0,0,1,1,23,1,expected
2018-11-25 19:33:52.219150,172,52.94.229.122,443,3.0,0,1,1,23,1,expected
2018-11-25 19:33:52.233268,172,52.94.229.122,443,3.0,0,1,1,23,1,expected
2018-11-25 19:33:52.244692,54,52.94.229.122,443,1.0,213,1,1,,1,ack
2018-11-25 19:33:52.268069,172,52.94.229.122,443,3.0,0,1,1,23,1,expected
2018-11-25 19:33:52.282498,172,52.94.229.122,443,3.0,0,1,1,23,1,expected
2018-11-25 19:33:52.303257,172,52.94.229.122,443,3.0,0,1,1,23,1,expected
2018-11-25 19:33:52.317524,172,52.94.229.122,443,3.0,0,1,1,23,1,expected
2018-11-25 19:33:52.346103,172,52.94.229.122,443,3.0,0,1,1,23,1,expected
2018-11-25 19:33:52.366268,172,52.94.229.122,443,3.0,0,1,1,23,1,expected
2018-11-25 19:33:52.380446,172,52.94.229.122,443,3.0,0,1,1,23,1,expected
2018-11-25 19:33:52.394214,172,52.94.229.122,443,3.0,0,1,1,23,1,expected
2018-11-25 19:33:52.429540,172,52.94.229.122,443,3.0,0,1,1,23,1,expected
2018-11-25 19:33:52.443287,172,52.94.229.122,443,3.0,0,1,1,23,1,expected
2018-11-25 19:33:52.457281,172,52.94.229.122,443,3.0,0,1,1,23,1,expected
2018-11-25 19:33:52.478356,172,52.94.229.122,443,3.0,0,1,1,23,1,expected
2018-11-25 19:33:52.506530,172,52.94.229.122,443,3.0,0,1,1,23,1,expected
2018-11-25 19:33:52.527302,172,52.94.229.122,443,3.0,0,1,1,23,1,expected
2018-11-25 19:33:52.541290,172,52.94.229.122,443,3.0,0,1,1,23,1,expected
2018-11-25 19:33:52.555438,172,52.94.229.122,443,3.0,0,1,1,23,1,expected
2018-11-25 19:33:52.591890,172,52.94.229.122,443,3.0,0,1,1,23,1,expected
2018-11-25 19:33:52.606472,172,52.94.229.122,443,3.0,0,1,1,23,1,expected
2018-11-25 19:33:52.620895,172,52.94.229.122,443,3.0,0,1,1,23,1,expected
2018-11-25 19:33:52.640060,172,52.94.229.122,443,3.0,0,1,1,23,1,expected
2018-11-25 19:33:52.668910,172,52.94.229.122,443,3.0,0,1,1,23,1,expected
2018-11-25 19:33:52.687173,172,52.94.229.122,443,3.0,0,1,1,23,1,expected
2018-11-25 19:33:52.701154,172,52.94.229.122,443,3.0,0,1,1,23,1,expected
2018-11-25 19:33:52.715203,172,52.94.229.122,443,3.0,0,1,1,23,1,expected
2018-11-25 19:33:52.750399,172,52.94.229.122,443,3.0,0,1,1,23,1,expected
2018-11-25 19:33:52.764079,172,52.94.229.122,443,3.0,0,1,1,23,1,expected
2018-11-25 19:33:52.779979,172,52.94.229.122,443,3.0,0,1,1,23,1,expected
2018-11-25 19:33:52.803435,172,52.94.229.122,443,3.0,0,1,1,23,1,expected
2018-11-25 19:33:52.850299,172,52.94.229.122,443,3.0,0,1,1,23,1,expected
2018-11-25 19:33:52.850447,172,52.94.229.122,443,3.0,0,1,1,23,1,expected
2018-11-25 19:33:52.862380,172,52.94.229.122,443,3.0,0,1,1,23,1,expected
2018-11-25 19:33:52.876130,172,52.94.229.122,443,3.0,0,1,1,23,1,expected
2018-11-25 19:33:52.911695,172,52.94.229.122,443,3.0,0,1,1,23,1,expected
2018-11-25 19:33:52.925040,172,52.94.229.122,443,3.0,0,1,1,23,1,expected
2018-11-25 19:33:52.939110,172,52.94.229.122,443,3.0,0,1,1,23,1,expected
2018-11-25 19:33:52.953167,172,52.94.229.122,443,3.0,0,1,1,23,1,expected
2018-11-25 19:33:52.988270,172,52.94.229.122,443,3.0,0,1,1,23,1,expected
2018-11-25 19:33:53.001908,172,52.94.229.122,443,3.0,0,1,1,23,1,expected
2018-11-25 19:33:53.024272,172,52.94.229.122,443,3.0,0,1,1,23,1,expected
2018-11-25 19:33:53.037367,172,52.94.229.122,443,3.0,0,1,1,23,1,expected
2018-11-25 19:33:53.066772,172,52.94.229.122,443,3.0,0,1,1,23,1,expected
2018-11-25 19:33:53.086202,172,52.94.229.122,443,3.0,0,1,1,23,1,expected
2018-11-25 19:33:53.100624,172,52.94.229.122,443,3.0,0,1,1,23,1,expected
2018-11-25 19:33:53.114245,172,52.94.229.122,443,3.0,0,1,1,23,1,expected
2018-11-25 19:33:53.149455,172,52.94.229.122,443,3.0,0,1,1,23,1,expected
2018-11-25 19:33:53.163234,172,52.94.229.122,443,3.0,0,1,1,23,1,expected
2018-11-25 19:33:53.177790,172,52.94.229.122,443,3.0,0,1,1,23,1,expected
2018-11-25 19:33:53.198916,172,52.94.229.122,443,3.0,0,1,1,23,1,expected
2018-11-25 19:33:53.227151,172,52.94.229.122,443,3.0,0,1,1,23,1,expected
2018-11-25 19:33:53.246569,172,52.94.229.122,443,3.0,0,1,1,23,1,expected
2018-11-25 19:33:53.259653,172,52.94.229.122,443,3.0,0,1,1,23,1,expected
2018-11-25 19:33:53.273945,172,52.94.229.122,443,3.0,0,1,1,23,1,expected
2018-11-25 19:33:53.307937,172,52.94.229.122,443,3.0,0,1,1,23,1,expected
2018-11-25 19:33:53.324047,172,52.94.229.122,443,3.0,0,1,1,23,1,expected
2018-11-25 19:33:53.344359,172,52.94.229.122,443,3.0,0,1,1,23,1,expected
2018-11-25 19:33:53.358449,172,52.94.229.122,443,3.0,0,1,1,23,1,expected
2018-11-25 19:33:53.385988,172,52.94.229.122,443,3.0,0,1,1,23,1,expected
2018-11-25 19:33:53.405487,172,52.94.229.122,443,3.0,0,1,1,23,1,expected
2018-11-25 19:33:53.419467,172,52.94.229.122,443,3.0,0,1,1,23,1,expected
2018-11-25 19:33:53.434072,172,52.94.229.122,443,3.0,0,1,1,23,1,expected
2018-11-25 19:33:53.468212,172,52.94.229.122,443,3.0,0,1,1,23,1,expected
2018-11-25 19:33:53.482108,172,52.94.229.122,443,3.0,0,1,1,23,1,expected
2018-11-25 19:33:53.503290,172,52.94.229.122,443,3.0,0,1,1,23,1,expected
2018-11-25 19:33:53.517661,172,52.94.229.122,443,3.0,0,1,1,23,1,expected
2018-11-25 19:33:53.550391,172,52.94.229.122,443,3.0,0,1,1,23,1,expected
2018-11-25 19:33:53.566386,172,52.94.229.122,443,3.0,0,1,1,23,1,expected
2018-11-25 19:33:53.580431,172,52.94.229.122,443,3.0,0,1,1,23,1,expected
2018-11-25 19:33:53.594260,172,52.94.229.122,443,3.0,0,1,1,23,1,expected
2018-11-25 19:33:53.628522,172,52.94.229.122,443,3.0,0,1,1,23,1,expected
2018-11-25 19:33:53.642522,172,52.94.229.122,443,3.0,0,1,1,23,1,expected
2018-11-25 19:33:53.663408,172,52.94.229.122,443,3.0,0,1,1,23,1,expected
2018-11-25 19:33:53.677978,172,52.94.229.122,443,3.0,0,1,1,23,1,expected
2018-11-25 19:33:53.705413,172,52.94.229.122,443,3.0,0,1,1,23,1,expected
2018-11-25 19:33:53.726414,172,52.94.229.122,443,3.0,0,1,1,23,1,expected
2018-11-25 19:33:53.741134,172,52.94.229.122,443,3.0,0,1,1,23,1,expected
2018-11-25 19:33:53.754457,172,52.94.229.122,443,3.0,0,1,1,23,1,expected
2018-11-25 19:33:53.789275,172,52.94.229.122,443,3.0,0,1,1,23,1,expected
2018-11-25 19:33:53.803463,172,52.94.229.122,443,3.0,0,1,1,23,1,expected
2018-11-25 19:33:53.817631,172,52.94.229.122,443,3.0,0,1,1,23,1,expected
2018-11-25 19:33:53.838549,172,52.94.229.122,443,3.0,0,1,1,23,1,expected
2018-11-25 19:33:53.866372,172,52.94.229.122,443,3.0,0,1,1,23,1,expected
2018-11-25 19:33:53.887105,172,52.94.229.122,443,3.0,0,1,1,23,1,expected
2018-11-25 19:33:53.901244,172,52.94.229.122,443,3.0,0,1,1,23,1,expected
2018-11-25 19:33:53.915084,172,52.94.229.122,443,3.0,0,1,1,23,1,expected
2018-11-25 19:33:53.950309,172,52.94.229.122,443,3.0,0,1,1,23,1,expected
2018-11-25 19:33:53.964000,172,52.94.229.122,443,3.0,0,1,1,23,1,expected
2018-11-25 19:33:53.978242,172,52.94.229.122,443,3.0,0,1,1,23,1,expected
2018-11-25 19:33:53.999850,172,52.94.229.122,443,3.0,0,1,1,23,1,expected
2018-11-25 19:33:54.027026,172,52.94.229.122,443,3.0,0,1,1,23,1,expected
2018-11-25 19:33:54.041040,172,52.94.229.122,443,3.0,0,1,1,23,1,expected
2018-11-25 19:33:54.061638,172,52.94.229.122,443,3.0,0,1,1,23,1,expected
2018-11-25 19:33:54.075569,172,52.94.229.122,443,3.0,0,1,1,23,1,expected
2018-11-25 19:33:54.110904,172,52.94.229.122,443,3.0,0,1,1,23,1,expected
2018-11-25 19:33:54.124409,172,52.94.229.122,443,3.0,0,1,1,23,1,expected
2018-11-25 19:33:54.138159,172,52.94.229.122,443,3.0,0,1,1,23,1,expected
2018-11-25 19:33:54.160015,136,52.94.229.122,443,3.0,0,1,1,23,1,expected
2018-11-25 19:33:54.160203,92,52.94.229.122,443,3.0,0,1,1,23,1,expected
2018-11-25 19:33:54.175570,74,54.239.29.0,443,1.0,697239,0,1,,1,retransmit
2018-11-25 19:33:54.205525,54,52.94.229.122,443,1.0,1960,1,1,,1,ack
2018-11-25 19:33:54.213774,54,54.239.29.0,443,1.0,38,1,1,,1,ack
2018-11-25 19:33:54.215312,312,54.239.29.0,443,3.0,0,1,1,22,1,handshake
2018-11-25 19:33:54.257657,54,54.239.29.0,443,1.0,43,1,1,,1,ack
2018-11-25 19:33:54.259844,105,54.239.29.0,443,3.0,0,1,1,20,1,handshake
2018-11-25 19:33:54.350335,810,54.239.29.0,443,3.0,0,1,1,23,1,expected
2018-11-25 19:33:54.395193,85,54.239.29.0,443,3.0,0,1,1,21,1,handshake
2018-11-25 19:33:54.395506,54,54.239.29.0,443,1.0,137,1,1,,1,ack
2018-11-25 19:33:54.434546,54,54.239.29.0,443,1.0,39,1,1,,1,ack
2018-11-25 19:33:54.548815,54,52.94.229.122,443,1.0,343,1,1,,1,ack
2018-11-25 19:33:54.550293,54,52.94.229.122,443,1.0,1,1,1,,1,ack
2018-11-25 19:33:54.550576,54,52.94.229.122,443,1.0,0,1,1,,1,ack
2018-11-25 19:33:54.550760,54,52.94.229.122,443,1.0,0,1,1,,1,ack
2018-11-25 19:33:54.598932,54,52.94.229.122,443,1.0,48,1,1,,1,ack
2018-11-25 19:33:54.599133,54,52.94.229.122,443,1.0,0,1,1,,1,ack
2018-11-25 19:33:54.599279,54,52.94.229.122,443,1.0,0,1,1,,1,ack
2018-11-25 19:33:54.602663,54,52.94.229.122,443,1.0,3,1,1,,1,ack
2018-11-25 19:33:54.602854,54,52.94.229.122,443,1.0,0,1,1,,1,ack
2018-11-25 19:33:54.602986,54,52.94.229.122,443,1.0,0,1,1,,1,ack
2018-11-25 19:33:54.603114,54,52.94.229.122,443,1.0,0,1,1,,1,ack
2018-11-25 19:33:54.654485,54,52.94.229.122,443,1.0,51,1,1,,1,ack
2018-11-25 19:33:54.655520,54,52.94.229.122,443,1.0,1,1,1,,1,ack
2018-11-25 19:33:54.656195,54,52.94.229.122,443,1.0,0,1,1,,1,ack
2018-11-25 19:33:54.656406,54,52.94.229.122,443,1.0,0,1,1,,1,ack
2018-11-25 19:33:54.656545,54,52.94.229.122,443,1.0,0,1,1,,1,ack
2018-11-25 19:33:54.657348,54,52.94.229.122,443,1.0,0,1,1,,1,ack
2018-11-25 19:33:54.706102,54,52.94.229.122,443,1.0,48,1,1,,1,ack
2018-11-25 19:33:54.706392,54,52.94.229.122,443,1.0,0,1,1,,1,ack
2018-11-25 19:33:54.707761,54,52.94.229.122,443,1.0,1,1,1,,1,ack
2018-11-25 19:33:54.711717,74,54.239.29.0,443,1.0,697230,0,1,,1,retransmit
2018-11-25 19:33:54.745624,54,52.94.229.122,443,1.0,37,1,1,,1,ack
2018-11-25 19:33:54.750717,54,52.94.229.122,443,1.0,5,1,1,,1,ack
2018-11-25 19:33:54.751338,54,52.94.229.122,443,1.0,0,1,1,,1,ack
2018-11-25 19:33:54.752708,96,52.94.229.122,443,3.0,0,1,1,23,1,expected
2018-11-25 19:33:54.757179,54,54.239.29.0,443,1.0,45,1,1,,1,ack
2018-11-25 19:33:54.758971,312,54.239.29.0,443,3.0,0,1,1,22,1,handshake
2018-11-25 19:33:54.766431,285,52.94.229.122,443,3.0,0,1,1,23,1,expected
2018-11-25 19:33:54.767393,190,52.94.229.122,443,3.0,0,1,1,23,1,expected
2018-11-25 19:33:54.770876,1514,52.94.229.122,443,1.0,19,1,1,,1,not_relevant
2018-11-25 19:33:54.771107,970,52.94.229.122,443,3.0,0,1,1,23,1,expected
2018-11-25 19:33:54.802145,54,54.239.29.0,443,1.0,44,1,1,,1,ack
2018-11-25 19:33:54.804270,105,54.239.29.0,443,3.0,0,1,1,20,1,handshake
2018-11-25 19:33:54.906511,54,52.94.229.122,443,1.0,135,1,1,,1,ack
2018-11-25 19:33:54.909967,784,54.239.29.0,443,3.0,0,1,1,23,1,expected
2018-11-25 19:33:54.962730,85,54.239.29.0,443,3.0,0,1,1,21,1,handshake
2018-11-25 19:33:54.962916,54,54.239.29.0,443,1.0,160,1,1,,1,ack
2018-11-25 19:33:54.976230,74,54.239.29.0,443,1.0,697338,0,1,,1,retransmit
2018-11-25 19:33:55.003547,54,54.239.29.0,443,1.0,40,1,1,,1,ack
2018-11-25 19:33:55.005466,54,52.94.229.122,443,1.0,98,1,1,,1,ack
2018-11-25 19:33:55.019531,54,54.239.29.0,443,1.0,43,1,1,,1,ack
2018-11-25 19:33:55.021075,312,54.239.29.0,443,3.0,0,1,1,22,1,handshake
2018-11-25 19:33:55.026365,54,52.94.229.122,443,1.0,20,1,1,,1,ack
2018-11-25 19:33:55.029753,54,52.94.229.122,443,1.0,3,1,1,,1,ack
2018-11-25 19:33:55.064651,54,54.239.29.0,443,1.0,45,1,1,,1,ack
2018-11-25 19:33:55.065281,105,54.239.29.0,443,3.0,0,1,1,20,1,handshake
2018-11-25 19:33:55.109429,288,52.94.229.122,443,3.0,0,1,1,23,1,expected
2018-11-25 19:33:55.109720,190,52.94.229.122,443,3.0,0,1,1,23,1,expected
2018-11-25 19:33:55.113199,1514,52.94.229.122,443,1.0,83,1,1,,1,not_relevant
2018-11-25 19:33:55.113279,975,52.94.229.122,443,3.0,0,1,1,23,1,expected
2018-11-25 19:33:55.158715,796,54.239.29.0,443,3.0,0,1,1,23,1,expected
2018-11-25 19:33:55.185869,286,52.94.229.122,443,3.0,0,1,1,23,1,expected
2018-11-25 19:33:55.186586,1514,52.94.229.122,443,3.0,0,1,1,23,1,expected
2018-11-25 19:33:55.186644,1514,52.94.229.122,443,1.0,73,1,1,,1,not_relevant
2018-11-25 19:33:55.186662,1069,52.94.229.122,443,3.0,0,1,1,23,1,expected
2018-11-25 19:33:55.186864,92,52.94.229.122,443,3.0,0,1,1,23,1,expected
2018-11-25 19:33:55.213074,85,54.239.29.0,443,3.0,0,1,1,21,1,handshake
2018-11-25 19:33:55.213264,54,54.239.29.0,443,1.0,148,1,1,,1,ack
2018-11-25 19:33:55.244145,54,52.94.229.122,443,1.0,57,1,1,,1,ack
2018-11-25 19:33:55.245561,54,52.94.229.122,443,1.0,1,1,1,,1,ack
2018-11-25 19:33:55.254788,54,54.239.29.0,443,1.0,41,1,1,,1,ack
2018-11-25 19:33:55.319264,54,52.94.229.122,443,1.0,73,1,1,,1,ack
2018-11-25 19:34:01.166755,287,52.94.229.122,443,3.0,0,1,1,23,1,expected
2018-11-25 19:34:01.167101,190,52.94.229.122,443,3.0,0,1,1,23,1,expected
2018-11-25 19:34:01.176866,1514,52.94.229.122,443,1.0,5857,1,1,,1,not_relevant
2018-11-25 19:34:01.176915,976,52.94.229.122,443,3.0,0,1,1,23,1,expected
2018-11-25 19:34:01.250366,286,52.94.229.122,443,3.0,0,1,1,23,1,expected
2018-11-25 19:34:01.251286,1514,52.94.229.122,443,3.0,0,1,1,23,1,expected
2018-11-25 19:34:01.251349,1514,52.94.229.122,443,1.0,74,1,1,,1,not_relevant
2018-11-25 19:34:01.251369,1111,52.94.229.122,443,3.0,0,1,1,23,1,expected
2018-11-25 19:34:01.324538,54,52.94.229.122,443,1.0,73,1,1,,1,ack
2018-11-25 19:34:01.324971,54,52.94.229.122,443,1.0,0,1,1,,1,ack
2018-11-25 19:34:01.427594,54,52.94.229.122,443,1.0,102,1,1,,1,ack
2018-11-25 19:34:01.427919,54,52.94.229.122,443,1.0,0,1,1,,1,ack
2018-11-25 19:34:01.667263,638,52.94.229.122,443,3.0,0,1,1,23,1,expected
2018-11-25 19:34:01.667698,190,52.94.229.122,443,3.0,0,1,1,23,1,expected
2018-11-25 19:34:01.675948,1514,52.94.229.122,443,1.0,248,1,1,,1,not_relevant
2018-11-25 19:34:01.676039,970,52.94.229.122,443,3.0,0,1,1,23,1,expected
2018-11-25 19:34:01.819879,54,52.94.229.122,443,1.0,143,1,1,,1,ack
2018-11-25 19:34:01.820093,54,52.94.229.122,443,1.0,0,1,1,,1,ack
2018-11-25 19:34:05.982132,66,99.84.170.80,80,1.0,675237,1,1,,1,ack
2018-11-25 19:34:06.038343,74,99.84.170.19,80,1.0,672850,0,1,,1,retransmit
2018-11-25 19:34:06.065220,66,99.84.170.19,80,1.0,26,1,1,,1,ack
2018-11-25 19:34:06.074071,256,99.84.170.19,80,3.0,0,1,1,,1,not_relevant
2018-11-25 19:34:06.110370,66,99.84.170.19,80,1.0,45,1,1,,1,ack
2018-11-25 19:34:06.112137,54,52.216.169.51,80,1.0,672420,1,1,,1,ack
2018-11-25 19:34:06.173735,74,52.216.81.80,80,1.0,672286,0,1,,1,retransmit
2018-11-25 19:34:06.219210,54,52.216.81.80,80,1.0,45,1,1,,1,ack
2018-11-25 19:34:06.220716,200,52.216.81.80,80,3.0,0,1,1,,1,not_relevant
2018-11-25 19:34:06.235537,66,99.84.170.80,80,1.0,253,1,1,,1,ack
2018-11-25 19:34:06.270458,54,52.216.81.80,80,1.0,51,1,1,,1,ack
2018-11-25 19:34:06.270786,54,52.216.81.80,80,1.0,0,1,1,,1,ack
2018-11-25 19:34:06.303058,66,52.216.81.80,80,1.0,32,1,1,,1,ack
2018-11-25 19:34:06.348276,54,52.216.169.51,80,1.0,236,1,1,,1,ack
2018-11-25 19:34:06.498686,66,99.84.170.80,80,1.0,263,1,1,,1,ack
2018-11-25 19:34:06.589566,54,52.216.169.51,80,1.0,241,1,1,,1,ack
2018-11-25 19:34:07.019066,66,99.84.170.80,80,1.0,520,1,1,,1,ack
2018-11-25 19:34:07.068649,54,52.216.169.51,80,1.0,479,1,1,,1,ack
2018-11-25 19:34:08.033072,54,52.216.169.51,80,1.0,964,1,1,,1,ack
2018-11-25 19:34:08.057843,66,99.84.170.80,80,1.0,1038,1,1,,1,ack
2018-11-25 19:34:09.946661,54,52.216.169.51,80,1.0,1913,1,1,,1,ack
2018-11-25 19:34:10.138542,66,99.84.170.80,80,1.0,2080,1,1,,1,ack
2018-11-25 19:34:13.798949,54,52.216.169.51,80,1.0,3852,1,1,,1,ack
2018-11-25 19:34:14.308961,66,99.84.170.80,80,1.0,4170,1,1,,1,ack
2018-11-25 19:34:16.918254,100,52.94.229.122,443,3.0,0,1,1,23,1,syn
2018-11-25 19:34:16.965905,54,52.94.229.122,443,1.0,15145,1,1,,1,ack
2018-11-25 19:34:17.899545,54,52.94.229.122,443,1.0,933,1,1,,1,ack
2018-11-25 19:34:17.900381,100,52.94.229.122,443,3.0,0,1,1,23,1,syn
2018-11-25 19:34:21.508760,54,52.216.169.51,80,1.0,7709,1,1,,1,ack
2018-11-25 19:34:22.649004,66,99.84.170.80,80,1.0,8340,1,1,,1,ack
2018-11-25 19:34:29.319401,54,52.216.81.80,80,1.0,23016,1,1,,1,ack
2018-11-25 19:34:30.374977,287,52.94.229.122,443,3.0,0,1,1,23,1,expected
2018-11-25 19:34:30.377275,190,52.94.229.122,443,3.0,0,1,1,23,1,expected
2018-11-25 19:34:30.378612,1514,52.94.229.122,443,1.0,12479,1,1,,1,not_relevant
2018-11-25 19:34:30.378956,1151,52.94.229.122,443,3.0,0,1,1,23,1,expected
2018-11-25 19:34:30.378976,132,52.94.229.122,443,3.0,0,1,1,23,1,expected
2018-11-25 19:34:30.380076,180,52.94.229.122,443,3.0,0,1,1,23,1,expected
2018-11-25 19:34:30.380191,168,52.94.229.122,443,3.0,0,1,1,23,1,expected
2018-11-25 19:34:30.390670,295,52.94.229.122,443,3.0,0,1,1,23,1,expected
2018-11-25 19:34:30.419038,1514,52.94.229.122,443,3.0,0,1,1,23,1,expected
2018-11-25 19:34:30.426770,1514,52.94.229.122,443,1.0,48,1,1,,1,not_relevant
2018-11-25 19:34:30.427718,1365,52.94.229.122,443,3.0,0,1,1,23,1,expected
2018-11-25 19:34:30.427750,74,54.239.29.0,443,1.0,671495,0,1,,1,retransmit
2018-11-25 19:34:30.465585,1514,52.94.229.122,443,1.0,38,1,1,,1,not_relevant
2018-11-25 19:34:30.465635,1514,52.94.229.122,443,1.0,0,1,1,,1,not_relevant
2018-11-25 19:34:30.465653,1232,52.94.229.122,443,3.0,0,1,1,23,1,expected
2018-11-25 19:34:30.477221,54,54.239.29.0,443,1.0,49,1,1,,1,ack
2018-11-25 19:34:30.477604,312,54.239.29.0,443,3.0,0,1,1,22,1,handshake
2018-11-25 19:34:30.477625,172,52.94.229.122,443,3.0,0,1,1,23,1,expected
2018-11-25 19:34:30.497071,172,52.94.229.122,443,3.0,0,1,1,23,1,expected
2018-11-25 19:34:30.605097,172,52.94.229.122,443,3.0,0,1,1,23,1,expected
2018-11-25 19:34:30.605276,172,52.94.229.122,443,3.0,0,1,1,23,1,expected
2018-11-25 19:34:30.605380,172,52.94.229.122,443,3.0,0,1,1,23,1,expected
2018-11-25 19:34:30.605491,172,52.94.229.122,443,3.0,0,1,1,23,1,expected
2018-11-25 19:34:30.605594,172,52.94.229.122,443,3.0,0,1,1,23,1,expected
2018-11-25 19:34:30.605672,54,54.239.29.0,443,1.0,128,1,1,,1,ack
2018-11-25 19:34:30.605753,105,54.239.29.0,443,3.0,0,1,1,20,1,handshake
2018-11-25 19:34:30.607583,54,52.94.229.122,443,1.0,141,1,1,,1,ack
2018-11-25 19:34:30.745021,172,52.94.229.122,443,3.0,0,1,1,23,1,expected
2018-11-25 19:34:30.745330,172,52.94.229.122,443,3.0,0,1,1,23,1,expected
2018-11-25 19:34:30.745507,172,52.94.229.122,443,3.0,0,1,1,23,1,expected
2018-11-25 19:34:30.745672,172,52.94.229.122,443,3.0,0,1,1,23,1,expected
2018-11-25 19:34:30.745819,172,52.94.229.122,443,3.0,0,1,1,23,1,expected
2018-11-25 19:34:30.746068,290,52.94.229.122,443,3.0,0,1,1,23,1,expected
2018-11-25 19:34:30.746104,768,54.239.29.0,443,3.0,0,1,1,23,1,expected
2018-11-25 19:34:30.749780,172,52.94.229.122,443,3.0,0,1,1,23,1,expected
2018-11-25 19:34:30.777553,172,52.94.229.122,443,3.0,0,1,1,23,1,expected
2018-11-25 19:34:30.801588,172,52.94.229.122,443,3.0,0,1,1,23,1,expected
2018-11-25 19:34:30.847524,172,52.94.229.122,443,3.0,0,1,1,23,1,expected
2018-11-25 19:34:30.871126,290,52.94.229.122,443,3.0,0,1,1,23,1,expected
2018-11-25 19:34:30.874595,85,54.239.29.0,443,3.0,0,1,1,21,1,handshake
2018-11-25 19:34:30.875624,172,52.94.229.122,443,3.0,0,1,1,23,1,expected
2018-11-25 19:34:30.875817,54,54.239.29.0,443,1.0,270,1,1,,1,ack
2018-11-25 19:34:30.894283,172,52.94.229.122,443,3.0,0,1,1,23,1,expected
2018-11-25 19:34:30.895801,288,52.94.229.122,443,3.0,0,1,1,23,1,expected
2018-11-25 19:34:30.897135,190,52.94.229.122,443,3.0,0,1,1,23,1,expected
2018-11-25 19:34:30.898023,1514,52.94.229.122,443,1.0,290,1,1,,1,not_relevant
2018-11-25 19:34:30.898066,974,52.94.229.122,443,3.0,0,1,1,23,1,expected
2018-11-25 19:34:30.910724,172,52.94.229.122,443,3.0,0,1,1,23,1,expected
2018-11-25 19:34:30.915762,54,54.239.29.0,443,1.0,39,1,1,,1,ack
2018-11-25 19:34:30.938025,172,52.94.229.122,443,3.0,0,1,1,23,1,expected
2018-11-25 19:34:30.965065,172,52.94.229.122,443,3.0,0,1,1,23,1,expected
2018-11-25 19:34:30.980978,172,52.94.229.122,443,3.0,0,1,1,23,1,expected
2018-11-25 19:34:30.999173,172,52.94.229.122,443,3.0,0,1,1,23,1,expected
2018-11-25 19:34:31.023660,172,52.94.229.122,443,3.0,0,1,1,23,1,expected
2018-11-25 19:34:31.053527,172,52.94.229.122,443,3.0,0,1,1,23,1,expected
2018-11-25 19:34:31.053673,172,52.94.229.122,443,3.0,0,1,1,23,1,expected
2018-11-25 19:34:31.056890,54,52.94.229.122,443,1.0,158,1,1,,1,ack
2018-11-25 19:34:31.070815,172,52.94.229.122,443,3.0,0,1,1,23,1,expected
2018-11-25 19:34:31.186677,172,52.94.229.122,443,3.0,0,1,1,23,1,expected
2018-11-25 19:34:31.189984,172,52.94.229.122,443,3.0,0,1,1,23,1,expected
2018-11-25 19:34:31.190712,172,52.94.229.122,443,3.0,0,1,1,23,1,expected
2018-11-25 19:34:31.190873,172,52.94.229.122,443,3.0,0,1,1,23,1,expected
2018-11-25 19:34:31.195599,172,52.94.229.122,443,3.0,0,1,1,23,1,expected
2018-11-25 19:34:31.210228,172,52.94.229.122,443,3.0,0,1,1,23,1,expected
2018-11-25 19:34:31.230057,172,52.94.229.122,443,3.0,0,1,1,23,1,expected
2018-11-25 19:34:31.238518,172,52.94.229.122,443,3.0,0,1,1,23,1,expected
2018-11-25 19:34:31.257194,172,52.94.229.122,443,3.0,0,1,1,23,1,expected
2018-11-25 19:34:31.278171,172,52.94.229.122,443,3.0,0,1,1,23,1,expected
2018-11-25 19:34:31.292269,172,52.94.229.122,443,3.0,0,1,1,23,1,expected
2018-11-25 19:34:31.310914,172,52.94.229.122,443,3.0,0,1,1,23,1,expected
2018-11-25 19:34:31.350342,172,52.94.229.122,443,3.0,0,1,1,23,1,expected
2018-11-25 19:34:31.353876,172,52.94.229.122,443,3.0,0,1,1,23,1,expected
2018-11-25 19:34:31.376841,172,52.94.229.122,443,3.0,0,1,1,23,1,expected
2018-11-25 19:34:31.390623,172,52.94.229.122,443,3.0,0,1,1,23,1,expected
2018-11-25 19:34:31.418722,172,52.94.229.122,443,3.0,0,1,1,23,1,expected
2018-11-25 19:34:31.440635,172,52.94.229.122,443,3.0,0,1,1,23,1,expected
2018-11-25 19:34:31.452370,172,52.94.229.122,443,3.0,0,1,1,23,1,expected
2018-11-25 19:34:31.466687,172,52.94.229.122,443,3.0,0,1,1,23,1,expected
2018-11-25 19:34:31.505376,172,52.94.229.122,443,3.0,0,1,1,23,1,expected
2018-11-25 19:34:31.515881,172,52.94.229.122,443,3.0,0,1,1,23,1,expected
2018-11-25 19:34:31.530101,172,52.94.229.122,443,3.0,0,1,1,23,1,expected
2018-11-25 19:34:31.550928,172,52.94.229.122,443,3.0,0,1,1,23,1,expected
2018-11-25 19:34:31.578692,172,52.94.229.122,443,3.0,0,1,1,23,1,expected
2018-11-25 19:34:31.599406,172,52.94.229.122,443,3.0,0,1,1,23,1,expected
2018-11-25 19:34:31.614010,172,52.94.229.122,443,3.0,0,1,1,23,1,expected
2018-11-25 19:34:31.627929,172,52.94.229.122,443,3.0,0,1,1,23,1,expected
2018-11-25 19:34:31.661990,172,52.94.229.122,443,3.0,0,1,1,23,1,expected
2018-11-25 19:34:31.676869,172,52.94.229.122,443,3.0,0,1,1,23,1,expected
2018-11-25 19:34:31.691060,172,52.94.229.122,443,3.0,0,1,1,23,1,expected
2018-11-25 19:34:31.712366,172,52.94.229.122,443,3.0,0,1,1,23,1,expected
2018-11-25 19:34:31.739746,172,52.94.229.122,443,3.0,0,1,1,23,1,expected
2018-11-25 19:34:31.753712,172,52.94.229.122,443,3.0,0,1,1,23,1,expected
2018-11-25 19:34:31.774451,172,52.94.229.122,443,3.0,0,1,1,23,1,expected
2018-11-25 19:34:31.792337,172,52.94.229.122,443,3.0,0,1,1,23,1,expected
2018-11-25 19:34:31.822901,172,52.94.229.122,443,3.0,0,1,1,23,1,expected
2018-11-25 19:34:31.836978,172,52.94.229.122,443,3.0,0,1,1,23,1,expected
2018-11-25 19:34:31.864676,172,52.94.229.122,443,3.0,0,1,1,23,1,expected
2018-11-25 19:34:31.865235,172,52.94.229.122,443,3.0,0,1,1,23,1,expected
2018-11-25 19:34:31.900244,172,52.94.229.122,443,3.0,0,1,1,23,1,expected
2018-11-25 19:34:31.914764,172,52.94.229.122,443,3.0,0,1,1,23,1,expected
2018-11-25 19:34:31.934142,172,52.94.229.122,443,3.0,0,1,1,23,1,expected
2018-11-25 19:34:31.948223,172,52.94.229.122,443,3.0,0,1,1,23,1,expected
2018-11-25 19:34:31.983284,172,52.94.229.122,443,3.0,0,1,1,23,1,expected
2018-11-25 19:34:31.997150,172,52.94.229.122,443,3.0,0,1,1,23,1,expected
2018-11-25 19:34:32.011007,172,52.94.229.122,443,3.0,0,1,1,23,1,expected
2018-11-25 19:34:32.050344,172,52.94.229.122,443,3.0,0,1,1,23,1,expected
2018-11-25 19:34:32.060150,172,52.94.229.122,443,3.0,0,1,1,23,1,expected
2018-11-25 19:34:32.073862,172,52.94.229.122,443,3.0,0,1,1,23,1,expected
2018-11-25 19:34:32.095240,172,52.94.229.122,443,3.0,0,1,1,23,1,expected
2018-11-25 19:34:32.109171,172,52.94.229.122,443,3.0,0,1,1,23,1,expected
2018-11-25 19:34:32.138805,172,52.94.229.122,443,3.0,0,1,1,23,1,expected
2018-11-25 19:34:32.160386,172,52.94.229.122,443,3.0,0,1,1,23,1,expected
2018-11-25 19:34:32.172789,172,52.94.229.122,443,3.0,0,1,1,23,1,expected
2018-11-25 19:34:32.186702,172,52.94.229.122,443,3.0,0,1,1,23,1,expected
2018-11-25 19:34:32.221193,172,52.94.229.122,443,3.0,0,1,1,23,1,expected
2018-11-25 19:34:32.235336,172,52.94.229.122,443,3.0,0,1,1,23,1,expected
2018-11-25 19:34:32.249291,172,52.94.229.122,443,3.0,0,1,1,23,1,expected
2018-11-25 19:34:32.271032,172,52.94.229.122,443,3.0,0,1,1,23,1,expected
2018-11-25 19:34:32.298355,172,52.94.229.122,443,3.0,0,1,1,23,1,expected
2018-11-25 19:34:32.319737,172,52.94.229.122,443,3.0,0,1,1,23,1,expected
2018-11-25 19:34:32.336498,172,52.94.229.122,443,3.0,0,1,1,23,1,expected
2018-11-25 19:34:32.349542,172,52.94.229.122,443,3.0,0,1,1,23,1,expected
2018-11-25 19:34:32.381068,172,52.94.229.122,443,3.0,0,1,1,23,1,expected
2018-11-25 19:34:32.395366,172,52.94.229.122,443,3.0,0,1,1,23,1,expected
2018-11-25 19:34:32.409575,172,52.94.229.122,443,3.0,0,1,1,23,1,expected
2018-11-25 19:34:32.430214,172,52.94.229.122,443,3.0,0,1,1,23,1,expected
2018-11-25 19:34:32.458865,172,52.94.229.122,443,3.0,0,1,1,23,1,expected
2018-11-25 19:34:32.479495,172,52.94.229.122,443,3.0,0,1,1,23,1,expected
2018-11-25 19:34:32.493203,172,52.94.229.122,443,3.0,0,1,1,23,1,expected
2018-11-25 19:34:32.508008,172,52.94.229.122,443,3.0,0,1,1,23,1,expected
2018-11-25 19:34:32.541199,172,52.94.229.122,443,3.0,0,1,1,23,1,expected
2018-11-25 19:34:32.555258,172,52.94.229.122,443,3.0,0,1,1,23,1,expected
2018-11-25 19:34:32.569923,172,52.94.229.122,443,3.0,0,1,1,23,1,expected
2018-11-25 19:34:32.590641,172,52.94.229.122,443,3.0,0,1,1,23,1,expected
2018-11-25 19:34:32.618933,172,52.94.229.122,443,3.0,0,1,1,23,1,expected
2018-11-25 19:34:32.639881,172,52.94.229.122,443,3.0,0,1,1,23,1,expected
2018-11-25 19:34:32.653121,172,52.94.229.122,443,3.0,0,1,1,23,1,expected
2018-11-25 19:34:32.667301,172,52.94.229.122,443,3.0,0,1,1,23,1,expected
2018-11-25 19:34:32.702398,172,52.94.229.122,443,3.0,0,1,1,23,1,expected
2018-11-25 19:34:32.715940,172,52.94.229.122,443,3.0,0,1,1,23,1,expected
2018-11-25 19:34:32.754695,172,52.94.229.122,443,3.0,0,1,1,23,1,expected
2018-11-25 19:34:32.754814,172,52.94.229.122,443,3.0,0,1,1,23,1,expected
2018-11-25 19:34:32.779165,172,52.94.229.122,443,3.0,0,1,1,23,1,expected
2018-11-25 19:34:32.793088,172,52.94.229.122,443,3.0,0,1,1,23,1,expected
2018-11-25 19:34:32.818696,172,52.94.229.122,443,3.0,0,1,1,23,1,expected
2018-11-25 19:34:32.828626,172,52.94.229.122,443,3.0,0,1,1,23,1,expected
2018-11-25 19:34:32.863405,172,52.94.229.122,443,3.0,0,1,1,23,1,expected
2018-11-25 19:34:32.877923,172,52.94.229.122,443,3.0,0,1,1,23,1,expected
2018-11-25 19:34:32.891388,172,52.94.229.122,443,3.0,0,1,1,23,1,expected
2018-11-25 19:34:32.905225,172,52.94.229.122,443,3.0,0,1,1,23,1,expected
2018-11-25 19:34:32.941659,172,52.94.229.122,443,3.0,0,1,1,23,1,expected
2018-11-25 19:34:32.955833,172,52.94.229.122,443,3.0,0,1,1,23,1,expected
2018-11-25 19:34:32.975584,172,52.94.229.122,443,3.0,0,1,1,23,1,expected
2018-11-25 19:34:32.989913,172,52.94.229.122,443,3.0,0,1,1,23,1,expected
2018-11-25 19:34:32.994770,136,52.94.229.122,443,3.0,0,1,1,23,1,expected
2018-11-25 19:34:33.003992,92,52.94.229.122,443,3.0,0,1,1,23,1,expected
2018-11-25 19:34:33.022058,74,54.239.29.0,443,1.0,671903,0,1,,1,retransmit
2018-11-25 19:34:33.045484,54,52.94.229.122,443,1.0,1988,1,1,,1,ack
2018-11-25 19:34:33.068337,54,54.239.29.0,443,1.0,46,1,1,,1,ack
2018-11-25 19:34:33.069692,312,54.239.29.0,443,3.0,0,1,1,22,1,handshake
2018-11-25 19:34:33.112247,54,54.239.29.0,443,1.0,43,1,1,,1,ack
2018-11-25 19:34:33.112903,105,54.239.29.0,443,3.0,0,1,1,20,1,handshake
2018-11-25 19:34:33.207603,811,54.239.29.0,443,3.0,0,1,1,23,1,expected
2018-11-25 19:34:33.252811,85,54.239.29.0,443,3.0,0,1,1,21,1,handshake
2018-11-25 19:34:33.252972,54,54.239.29.0,443,1.0,140,1,1,,1,ack
2018-11-25 19:34:33.294533,54,54.239.29.0,443,1.0,41,1,1,,1,ack
2018-11-25 19:34:33.550633,288,52.94.229.122,443,3.0,0,1,1,23,1,expected
2018-11-25 19:34:33.550806,190,52.94.229.122,443,3.0,0,1,1,23,1,expected
2018-11-25 19:34:33.551998,1514,52.94.229.122,443,1.0,506,1,1,,1,not_relevant
2018-11-25 19:34:33.552308,850,52.94.229.122,443,3.0,0,1,1,23,1,expected
2018-11-25 19:34:33.552330,136,52.94.229.122,443,3.0,0,1,1,23,1,expected
2018-11-25 19:34:33.552583,92,52.94.229.122,443,3.0,0,1,1,23,1,expected
2018-11-25 19:34:33.681191,54,52.94.229.122,443,1.0,129,1,1,,1,ack
2018-11-25 19:34:33.681426,54,52.94.229.122,443,1.0,0,1,1,,1,ack
2018-11-25 19:34:33.774575,54,52.94.229.122,443,1.0,93,1,1,,1,ack
2018-11-25 19:34:33.774783,54,52.94.229.122,443,1.0,0,1,1,,1,ack
2018-11-25 19:34:33.775107,54,52.94.229.122,443,1.0,0,1,1,,1,ack
2018-11-25 19:34:33.777455,54,52.94.229.122,443,1.0,2,1,1,,1,ack
2018-11-25 19:34:33.777535,54,52.94.229.122,443,1.0,0,1,1,,1,ack
2018-11-25 19:34:33.778889,54,52.94.229.122,443,1.0,1,1,1,,1,ack
2018-11-25 19:34:33.788150,54,52.94.229.122,443,1.0,9,1,1,,1,ack
2018-11-25 19:34:33.788340,54,52.94.229.122,443,1.0,0,1,1,,1,ack
2018-11-25 19:34:33.821728,54,52.94.229.122,443,1.0,33,1,1,,1,ack
2018-11-25 19:34:33.821929,54,52.94.229.122,443,1.0,0,1,1,,1,ack
2018-11-25 19:34:33.822006,54,52.94.229.122,443,1.0,0,1,1,,1,ack
2018-11-25 19:34:33.824147,54,52.94.229.122,443,1.0,2,1,1,,1,ack
2018-11-25 19:34:33.824329,54,52.94.229.122,443,1.0,0,1,1,,1,ack
2018-11-25 19:34:33.826546,54,52.94.229.122,443,1.0,2,1,1,,1,ack
2018-11-25 19:34:33.843711,54,52.94.229.122,443,1.0,17,1,1,,1,ack
2018-11-25 19:34:33.868321,54,52.94.229.122,443,1.0,24,1,1,,1,ack
2018-11-25 19:34:33.868536,54,52.94.229.122,443,1.0,0,1,1,,1,ack
2018-11-25 19:34:33.873042,54,52.94.229.122,443,1.0,4,1,1,,1,ack
2018-11-25 19:34:33.882573,74,54.239.29.0,443,1.0,672131,0,1,,1,retransmit
2018-11-25 19:34:33.886967,54,52.94.229.122,443,1.0,13,1,1,,1,ack
2018-11-25 19:34:33.912602,54,52.94.229.122,443,1.0,25,1,1,,1,ack
2018-11-25 19:34:33.913898,54,52.94.229.122,443,1.0,1,1,1,,1,ack
2018-11-25 19:34:33.918221,96,52.94.229.122,443,3.0,0,1,1,23,1,expected
2018-11-25 19:34:33.920641,54,54.239.29.0,443,1.0,38,1,1,,1,ack
2018-11-25 19:34:33.924109,312,54.239.29.0,443,3.0,0,1,1,22,1,handshake
2018-11-25 19:34:33.964562,54,54.239.29.0,443,1.0,43,1,1,,1,ack
2018-11-25 19:34:33.965991,105,54.239.29.0,443,3.0,0,1,1,20,1,handshake
2018-11-25 19:34:34.057261,787,54.239.29.0,443,3.0,0,1,1,23,1,expected
2018-11-25 19:34:34.084764,287,52.94.229.122,443,3.0,0,1,1,23,1,expected
2018-11-25 19:34:34.085189,1514,52.94.229.122,443,3.0,0,1,1,23,1,expected
2018-11-25 19:34:34.086076,1514,52.94.229.122,443,1.0,172,1,1,,1,not_relevant
2018-11-25 19:34:34.086106,1073,52.94.229.122,443,3.0,0,1,1,23,1,expected
2018-11-25 19:34:34.086896,92,52.94.229.122,443,3.0,0,1,1,23,1,expected
2018-11-25 19:34:34.099690,85,54.239.29.0,443,3.0,0,1,1,21,1,handshake
2018-11-25 19:34:34.099880,54,54.239.29.0,443,1.0,135,1,1,,1,ack
2018-11-25 19:34:34.150484,287,52.94.229.122,443,3.0,0,1,1,23,1,expected
2018-11-25 19:34:34.150939,190,52.94.229.122,443,3.0,0,1,1,23,1,expected
2018-11-25 19:34:34.150995,1514,52.94.229.122,443,1.0,64,1,1,,1,not_relevant
2018-11-25 19:34:34.151011,971,52.94.229.122,443,3.0,0,1,1,23,1,expected
2018-11-25 19:34:34.153744,54,54.239.29.0,443,1.0,53,1,1,,1,ack
2018-11-25 19:34:34.222098,74,54.239.29.0,443,1.0,672147,0,1,,1,retransmit
2018-11-25 19:34:34.258825,54,52.94.229.122,443,1.0,107,1,1,,1,ack
2018-11-25 19:34:34.260882,54,54.239.29.0,443,1.0,38,1,1,,1,ack
2018-11-25 19:34:34.262348,54,52.94.229.122,443,1.0,3,1,1,,1,ack
2018-11-25 19:34:34.262711,54,52.94.229.122,443,1.0,0,1,1,,1,ack
2018-11-25 19:34:34.266982,312,54.239.29.0,443,3.0,0,1,1,22,1,handshake
2018-11-25 19:34:34.277967,54,52.94.229.122,443,1.0,15,1,1,,1,ack
2018-11-25 19:34:34.278277,54,52.94.229.122,443,1.0,0,1,1,,1,ack
2018-11-25 19:34:34.285337,54,52.94.229.122,443,1.0,7,1,1,,1,ack
2018-11-25 19:34:34.286616,54,52.94.229.122,443,1.0,1,1,1,,1,ack
2018-11-25 19:34:34.306246,54,54.239.29.0,443,1.0,45,1,1,,1,ack
2018-11-25 19:34:34.306705,105,54.239.29.0,443,3.0,0,1,1,20,1,handshake
2018-11-25 19:34:34.403385,799,54.239.29.0,443,3.0,0,1,1,23,1,expected
2018-11-25 19:34:34.457726,85,54.239.29.0,443,3.0,0,1,1,21,1,handshake
2018-11-25 19:34:34.457904,54,54.239.29.0,443,1.0,151,1,1,,1,ack
2018-11-25 19:34:34.500581,54,54.239.29.0,443,1.0,42,1,1,,1,ack
2018-11-25 19:34:36.914174,54,52.216.169.51,80,1.0,15405,1,1,,1,ack
2018-11-25 19:34:39.310769,66,99.84.170.80,80,1.0,16661,1,1,,1,ack
2018-11-25 19:34:40.178593,287,52.94.229.122,443,3.0,0,1,1,23,1,expected
2018-11-25 19:34:40.178971,190,52.94.229.122,443,3.0,0,1,1,23,1,expected
2018-11-25 19:34:40.180734,1514,52.94.229.122,443,1.0,5894,1,1,,1,not_relevant
2018-11-25 19:34:40.180767,855,52.94.229.122,443,3.0,0,1,1,23,1,expected
2018-11-25 19:34:40.180942,136,52.94.229.122,443,3.0,0,1,1,23,1,expected
2018-11-25 19:34:40.186760,92,52.94.229.122,443,3.0,0,1,1,23,1,expected
2018-11-25 19:34:40.233580,54,52.94.229.122,443,1.0,52,1,1,,1,ack
2018-11-25 19:34:40.249843,288,52.94.229.122,443,3.0,0,1,1,23,1,expected
2018-11-25 19:34:40.251080,190,52.94.229.122,443,3.0,0,1,1,23,1,expected
2018-11-25 19:34:40.252557,1514,52.94.229.122,443,1.0,18,1,1,,1,not_relevant
2018-11-25 19:34:40.252924,855,52.94.229.122,443,3.0,0,1,1,23,1,expected
2018-11-25 19:34:40.252960,136,52.94.229.122,443,3.0,0,1,1,23,1,expected
2018-11-25 19:34:40.253129,92,52.94.229.122,443,3.0,0,1,1,23,1,expected
2018-11-25 19:34:40.315252,54,52.94.229.122,443,1.0,62,1,1,,1,ack
2018-11-25 19:34:40.457789,54,52.94.229.122,443,1.0,142,1,1,,1,ack
2018-11-25 19:34:40.678099,285,52.94.229.122,443,3.0,0,1,1,23,1,expected
2018-11-25 19:34:40.678483,190,52.94.229.122,443,3.0,0,1,1,23,1,expected
2018-11-25 19:34:40.679030,1514,52.94.229.122,443,1.0,221,1,1,,1,not_relevant
2018-11-25 19:34:40.679077,850,52.94.229.122,443,3.0,0,1,1,23,1,expected
2018-11-25 19:34:40.679115,136,52.94.229.122,443,3.0,0,1,1,23,1,expected
2018-11-25 19:34:40.679282,92,52.94.229.122,443,3.0,0,1,1,23,1,expected
2018-11-25 19:34:40.822906,54,52.94.229.122,443,1.0,143,1,1,,1,ack
2018-11-25 19:34:47.901737,100,52.94.229.122,443,3.0,0,1,1,23,1,syn
2018-11-25 19:34:48.237874,295,52.94.232.230,443,3.0,0,1,1,23,1,expected
2018-11-25 19:34:48.329710,54,52.94.232.230,443,1.0,661222,1,1,,1,ack
2018-11-25 19:35:07.709113,54,52.216.169.51,80,1.0,30794,1,1,,1,ack
2018-11-25 19:35:09.851037,287,52.94.229.122,443,3.0,0,1,1,23,1,expected
2018-11-25 19:35:09.851753,190,52.94.229.122,443,3.0,0,1,1,23,1,expected
2018-11-25 19:35:09.852436,1514,52.94.229.122,443,1.0,29029,1,1,,1,not_relevant
2018-11-25 19:35:09.852498,1151,52.94.229.122,443,3.0,0,1,1,23,1,expected
2018-11-25 19:35:09.852531,132,52.94.229.122,443,3.0,0,1,1,23,1,expected
2018-11-25 19:35:09.852809,180,52.94.229.122,443,3.0,0,1,1,23,1,expected
2018-11-25 19:35:09.852882,74,54.239.29.0,443,1.0,678515,0,1,,1,retransmit
2018-11-25 19:35:09.898989,1514,52.94.229.122,443,3.0,0,1,1,23,1,expected
2018-11-25 19:35:09.899740,1514,52.94.229.122,443,1.0,47,1,1,,1,not_relevant
2018-11-25 19:35:09.899781,1514,52.94.229.122,443,1.0,0,1,1,,1,not_relevant
2018-11-25 19:35:09.900690,1514,52.94.229.122,443,3.0,0,1,1,23,1,expected
2018-11-25 19:35:09.901100,54,54.239.29.0,443,1.0,48,1,1,,1,ack
2018-11-25 19:35:09.902579,312,54.239.29.0,443,3.0,0,1,1,22,1,handshake
2018-11-25 19:35:09.904466,1514,52.94.229.122,443,1.0,4,1,1,,1,not_relevant
2018-11-25 19:35:09.905813,1514,52.94.229.122,443,1.0,1,1,1,,1,not_relevant
2018-11-25 19:35:09.907529,1514,52.94.229.122,443,1.0,1,1,1,,1,not_relevant
2018-11-25 19:35:09.907594,347,52.94.229.122,443,3.0,0,1,1,23,1,expected
2018-11-25 19:35:09.946076,290,52.94.229.122,443,3.0,0,1,1,23,1,expected
2018-11-25 19:35:09.946879,172,52.94.229.122,443,3.0,0,1,1,23,1,expected
2018-11-25 19:35:09.947656,54,54.239.29.0,443,1.0,46,1,1,,1,ack
2018-11-25 19:35:09.948131,105,54.239.29.0,443,3.0,0,1,1,20,1,handshake
2018-11-25 19:35:09.981167,172,52.94.229.122,443,3.0,0,1,1,23,1,expected
2018-11-25 19:35:09.994648,172,52.94.229.122,443,3.0,0,1,1,23,1,expected
2018-11-25 19:35:10.009190,172,52.94.229.122,443,3.0,0,1,1,23,1,expected
2018-11-25 19:35:10.030039,172,52.94.229.122,443,3.0,0,1,1,23,1,expected
2018-11-25 19:35:10.037378,767,54.239.29.0,443,3.0,0,1,1,23,1,expected
2018-11-25 19:35:10.059708,172,52.94.229.122,443,3.0,0,1,1,23,1,expected
2018-11-25 19:35:10.087759,172,52.94.229.122,443,3.0,0,1,1,23,1,expected
2018-11-25 19:35:10.088147,85,54.239.29.0,443,3.0,0,1,1,21,1,handshake
2018-11-25 19:35:10.088241,54,54.239.29.0,443,1.0,140,1,1,,1,ack
2018-11-25 19:35:10.093572,172,52.94.229.122,443,3.0,0,1,1,23,1,expected
2018-11-25 19:35:10.107441,172,52.94.229.122,443,3.0,0,1,1,23,1,expected
2018-11-25 19:35:10.133870,54,54.239.29.0,443,1.0,45,1,1,,1,ack
2018-11-25 19:35:10.142426,172,52.94.229.122,443,3.0,0,1,1,23,1,expected
2018-11-25 19:35:10.156952,172,52.94.229.122,443,3.0,0,1,1,23,1,expected
2018-11-25 19:35:10.170138,172,52.94.229.122,443,3.0,0,1,1,23,1,expected
2018-11-25 19:35:10.191435,172,52.94.229.122,443,3.0,0,1,1,23,1,expected
2018-11-25 19:35:10.219064,172,52.94.229.122,443,3.0,0,1,1,23,1,expected
2018-11-25 19:35:10.233103,172,52.94.229.122,443,3.0,0,1,1,23,1,expected
2018-11-25 19:35:10.254192,172,52.94.229.122,443,3.0,0,1,1,23,1,expected
2018-11-25 19:35:10.267850,172,52.94.229.122,443,3.0,0,1,1,23,1,expected
2018-11-25 19:35:10.279090,286,52.94.229.122,443,3.0,0,1,1,23,1,expected
2018-11-25 19:35:10.279746,190,52.94.229.122,443,3.0,0,1,1,23,1,expected
2018-11-25 19:35:10.281564,1514,52.94.229.122,443,1.0,374,1,1,,1,not_relevant
2018-11-25 19:35:10.285521,974,52.94.229.122,443,3.0,0,1,1,23,1,expected
2018-11-25 19:35:10.303054,172,52.94.229.122,443,3.0,0,1,1,23,1,expected
2018-11-25 19:35:10.318918,172,52.94.229.122,443,3.0,0,1,1,23,1,expected
2018-11-25 19:35:10.331181,172,52.94.229.122,443,3.0,0,1,1,23,1,expected
2018-11-25 19:35:10.344794,172,52.94.229.122,443,3.0,0,1,1,23,1,expected
2018-11-25 19:35:10.380185,172,52.94.229.122,443,3.0,0,1,1,23,1,expected
2018-11-25 19:35:10.393939,172,52.94.229.122,443,3.0,0,1,1,23,1,expected
2018-11-25 19:35:10.415019,172,52.94.229.122,443,3.0,0,1,1,23,1,expected
2018-11-25 19:35:10.420281,54,52.94.229.122,443,1.0,138,1,1,,1,ack
2018-11-25 19:35:10.434084,172,52.94.229.122,443,3.0,0,1,1,23,1,expected
2018-11-25 19:35:10.457428,172,52.94.229.122,443,3.0,0,1,1,23,1,expected
2018-11-25 19:35:10.477996,172,52.94.229.122,443,3.0,0,1,1,23,1,expected
2018-11-25 19:35:10.492187,172,52.94.229.122,443,3.0,0,1,1,23,1,expected
2018-11-25 19:35:10.506293,172,52.94.229.122,443,3.0,0,1,1,23,1,expected
2018-11-25 19:35:10.545127,172,52.94.229.122,443,3.0,0,1,1,23,1,expected
2018-11-25 19:35:10.555223,172,52.94.229.122,443,3.0,0,1,1,23,1,expected
2018-11-25 19:35:10.569226,172,52.94.229.122,443,3.0,0,1,1,23,1,expected
2018-11-25 19:35:10.590125,172,52.94.229.122,443,3.0,0,1,1,23,1,expected
2018-11-25 19:35:10.618319,172,52.94.229.122,443,3.0,0,1,1,23,1,expected
2018-11-25 19:35:10.639268,172,52.94.229.122,443,3.0,0,1,1,23,1,expected
2018-11-25 19:35:10.653250,172,52.94.229.122,443,3.0,0,1,1,23,1,expected
2018-11-25 19:35:10.668277,172,52.94.229.122,443,3.0,0,1,1,23,1,expected
2018-11-25 19:35:10.701653,172,52.94.229.122,443,3.0,0,1,1,23,1,expected
2018-11-25 19:35:10.715370,172,52.94.229.122,443,3.0,0,1,1,23,1,expected
2018-11-25 19:35:10.729813,172,52.94.229.122,443,3.0,0,1,1,23,1,expected
2018-11-25 19:35:10.750607,172,52.94.229.122,443,3.0,0,1,1,23,1,expected
2018-11-25 19:35:10.778111,172,52.94.229.122,443,3.0,0,1,1,23,1,expected
2018-11-25 19:35:10.799729,172,52.94.229.122,443,3.0,0,1,1,23,1,expected
2018-11-25 19:35:10.812214,172,52.94.229.122,443,3.0,0,1,1,23,1,expected
2018-11-25 19:35:10.826096,172,52.94.229.122,443,3.0,0,1,1,23,1,expected
2018-11-25 19:35:10.861313,172,52.94.229.122,443,3.0,0,1,1,23,1,expected
2018-11-25 19:35:10.875062,172,52.94.229.122,443,3.0,0,1,1,23,1,expected
2018-11-25 19:35:10.890567,172,52.94.229.122,443,3.0,0,1,1,23,1,expected
2018-11-25 19:35:10.910487,172,52.94.229.122,443,3.0,0,1,1,23,1,expected
2018-11-25 19:35:10.937854,172,52.94.229.122,443,3.0,0,1,1,23,1,expected
2018-11-25 19:35:10.958926,172,52.94.229.122,443,3.0,0,1,1,23,1,expected
2018-11-25 19:35:10.974257,172,52.94.229.122,443,3.0,0,1,1,23,1,expected
2018-11-25 19:35:10.988076,172,52.94.229.122,443,3.0,0,1,1,23,1,expected
2018-11-25 19:35:11.021917,172,52.94.229.122,443,3.0,0,1,1,23,1,expected
2018-11-25 19:35:11.036309,172,52.94.229.122,443,3.0,0,1,1,23,1,expected
2018-11-25 19:35:11.050664,172,52.94.229.122,443,3.0,0,1,1,23,1,expected
2018-11-25 19:35:11.071110,172,52.94.229.122,443,3.0,0,1,1,23,1,expected
2018-11-25 19:35:11.099551,172,52.94.229.122,443,3.0,0,1,1,23,1,expected
2018-11-25 19:35:11.113396,172,52.94.229.122,443,3.0,0,1,1,23,1,expected
2018-11-25 19:35:11.133850,172,52.94.229.122,443,3.0,0,1,1,23,1,expected
2018-11-25 19:35:11.148279,172,52.94.229.122,443,3.0,0,1,1,23,1,expected
2018-11-25 19:35:11.182998,172,52.94.229.122,443,3.0,0,1,1,23,1,expected
2018-11-25 19:35:11.197878,172,52.94.229.122,443,3.0,0,1,1,23,1,expected
2018-11-25 19:35:11.211655,172,52.94.229.122,443,3.0,0,1,1,23,1,expected
2018-11-25 19:35:11.245386,172,52.94.229.122,443,3.0,0,1,1,23,1,expected
2018-11-25 19:35:11.260355,172,52.94.229.122,443,3.0,0,1,1,23,1,expected
2018-11-25 19:35:11.274670,172,52.94.229.122,443,3.0,0,1,1,23,1,expected
2018-11-25 19:35:11.294972,172,52.94.229.122,443,3.0,0,1,1,23,1,expected
2018-11-25 19:35:11.309129,172,52.94.229.122,443,3.0,0,1,1,23,1,expected
2018-11-25 19:35:11.337186,172,52.94.229.122,443,3.0,0,1,1,23,1,expected
2018-11-25 19:35:11.358075,172,52.94.229.122,443,3.0,0,1,1,23,1,expected
2018-11-25 19:35:11.371943,172,52.94.229.122,443,3.0,0,1,1,23,1,expected
2018-11-25 19:35:11.386381,172,52.94.229.122,443,3.0,0,1,1,23,1,expected
2018-11-25 19:35:11.420796,172,52.94.229.122,443,3.0,0,1,1,23,1,expected
2018-11-25 19:35:11.434984,172,52.94.229.122,443,3.0,0,1,1,23,1,expected
2018-11-25 19:35:11.449486,172,52.94.229.122,443,3.0,0,1,1,23,1,expected
2018-11-25 19:35:11.470227,172,52.94.229.122,443,3.0,0,1,1,23,1,expected
2018-11-25 19:35:11.498080,172,52.94.229.122,443,3.0,0,1,1,23,1,expected
2018-11-25 19:35:11.519513,172,52.94.229.122,443,3.0,0,1,1,23,1,expected
2018-11-25 19:35:11.533149,172,52.94.229.122,443,3.0,0,1,1,23,1,expected
2018-11-25 19:35:11.547023,172,52.94.229.122,443,3.0,0,1,1,23,1,expected
2018-11-25 19:35:11.582223,172,52.94.229.122,443,3.0,0,1,1,23,1,expected
2018-11-25 19:35:11.596001,172,52.94.229.122,443,3.0,0,1,1,23,1,expected
2018-11-25 19:35:11.610105,172,52.94.229.122,443,3.0,0,1,1,23,1,expected
2018-11-25 19:35:11.636181,172,52.94.229.122,443,3.0,0,1,1,23,1,expected
2018-11-25 19:35:11.658749,172,52.94.229.122,443,3.0,0,1,1,23,1,expected
2018-11-25 19:35:11.672783,172,52.94.229.122,443,3.0,0,1,1,23,1,expected
2018-11-25 19:35:11.694236,172,52.94.229.122,443,3.0,0,1,1,23,1,expected
2018-11-25 19:35:11.709784,172,52.94.229.122,443,3.0,0,1,1,23,1,expected
2018-11-25 19:35:11.742181,172,52.94.229.122,443,3.0,0,1,1,23,1,expected
2018-11-25 19:35:11.756680,172,52.94.229.122,443,3.0,0,1,1,23,1,expected
2018-11-25 19:35:11.770612,172,52.94.229.122,443,3.0,0,1,1,23,1,expected
2018-11-25 19:35:11.790911,172,52.94.229.122,443,3.0,0,1,1,23,1,expected
2018-11-25 19:35:11.820026,172,52.94.229.122,443,3.0,0,1,1,23,1,expected
2018-11-25 19:35:11.833303,172,52.94.229.122,443,3.0,0,1,1,23,1,expected
2018-11-25 19:35:11.853917,172,52.94.229.122,443,3.0,0,1,1,23,1,expected
2018-11-25 19:35:11.869867,172,52.94.229.122,443,3.0,0,1,1,23,1,expected
2018-11-25 19:35:11.903060,172,52.94.229.122,443,3.0,0,1,1,23,1,expected
2018-11-25 19:35:11.917116,172,52.94.229.122,443,3.0,0,1,1,23,1,expected
2018-11-25 19:35:11.950530,172,52.94.229.122,443,3.0,0,1,1,23,1,expected
2018-11-25 19:35:11.950672,172,52.94.229.122,443,3.0,0,1,1,23,1,expected
2018-11-25 19:35:11.979917,172,52.94.229.122,443,3.0,0,1,1,23,1,expected
2018-11-25 19:35:11.994536,172,52.94.229.122,443,3.0,0,1,1,23,1,expected
2018-11-25 19:35:12.016984,172,52.94.229.122,443,3.0,0,1,1,23,1,expected
2018-11-25 19:35:12.029091,172,52.94.229.122,443,3.0,0,1,1,23,1,expected
2018-11-25 19:35:12.057351,172,52.94.229.122,443,3.0,0,1,1,23,1,expected
2018-11-25 19:35:12.078044,172,52.94.229.122,443,3.0,0,1,1,23,1,expected
2018-11-25 19:35:12.091989,172,52.94.229.122,443,3.0,0,1,1,23,1,expected
2018-11-25 19:35:12.106663,172,52.94.229.122,443,3.0,0,1,1,23,1,expected
2018-11-25 19:35:12.141097,172,52.94.229.122,443,3.0,0,1,1,23,1,expected
2018-11-25 19:35:12.155314,172,52.94.229.122,443,3.0,0,1,1,23,1,expected
2018-11-25 19:35:12.170663,172,52.94.229.122,443,3.0,0,1,1,23,1,expected
2018-11-25 19:35:12.191729,172,52.94.229.122,443,3.0,0,1,1,23,1,expected
2018-11-25 19:35:12.218679,172,52.94.229.122,443,3.0,0,1,1,23,1,expected
2018-11-25 19:35:12.240732,172,52.94.229.122,443,3.0,0,1,1,23,1,expected
2018-11-25 19:35:12.252636,172,52.94.229.122,443,3.0,0,1,1,23,1,expected
2018-11-25 19:35:12.266115,172,52.94.229.122,443,3.0,0,1,1,23,1,expected
2018-11-25 19:35:12.301465,172,52.94.229.122,443,3.0,0,1,1,23,1,expected
2018-11-25 19:35:12.315569,172,52.94.229.122,443,3.0,0,1,1,23,1,expected
2018-11-25 19:35:12.329449,172,52.94.229.122,443,3.0,0,1,1,23,1,expected
2018-11-25 19:35:12.350916,172,52.94.229.122,443,3.0,0,1,1,23,1,expected
2018-11-25 19:35:12.378274,172,52.94.229.122,443,3.0,0,1,1,23,1,expected
2018-11-25 19:35:12.398980,172,52.94.229.122,443,3.0,0,1,1,23,1,expected
2018-11-25 19:35:12.413642,172,52.94.229.122,443,3.0,0,1,1,23,1,expected
2018-11-25 19:35:12.427500,172,52.94.229.122,443,3.0,0,1,1,23,1,expected
2018-11-25 19:35:12.462440,172,52.94.229.122,443,3.0,0,1,1,23,1,expected
2018-11-25 19:35:12.476737,172,52.94.229.122,443,3.0,0,1,1,23,1,expected
2018-11-25 19:35:12.490680,172,52.94.229.122,443,3.0,0,1,1,23,1,expected
2018-11-25 19:35:12.511395,172,52.94.229.122,443,3.0,0,1,1,23,1,expected
2018-11-25 19:35:12.539743,172,52.94.229.122,443,3.0,0,1,1,23,1,expected
2018-11-25 19:35:12.553688,172,52.94.229.122,443,3.0,0,1,1,23,1,expected
2018-11-25 19:35:12.574576,172,52.94.229.122,443,3.0,0,1,1,23,1,expected
2018-11-25 19:35:12.592583,172,52.94.229.122,443,3.0,0,1,1,23,1,expected
2018-11-25 19:35:12.650597,172,52.94.229.122,443,3.0,0,1,1,23,1,expected
2018-11-25 19:35:12.650729,172,52.94.229.122,443,3.0,0,1,1,23,1,expected
2018-11-25 19:35:12.652375,172,52.94.229.122,443,3.0,0,1,1,23,1,expected
2018-11-25 19:35:12.656675,74,54.239.29.0,443,1.0,679103,0,1,,1,retransmit
2018-11-25 19:35:12.665744,66,99.84.170.80,80,1.0,33354,1,1,,1,ack
2018-11-25 19:35:12.665916,172,52.94.229.122,443,3.0,0,1,1,23,1,expected
2018-11-25 19:35:12.672066,136,52.94.229.122,443,3.0,0,1,1,23,1,expected
2018-11-25 19:35:12.672806,92,52.94.229.122,443,3.0,0,1,1,23,1,expected
2018-11-25 19:35:12.703123,54,54.239.29.0,443,1.0,46,1,1,,1,ack
2018-11-25 19:35:12.704674,312,54.239.29.0,443,3.0,0,1,1,22,1,handshake
2018-11-25 19:35:12.751779,54,54.239.29.0,443,1.0,48,1,1,,1,ack
2018-11-25 19:35:12.752127,105,54.239.29.0,443,3.0,0,1,1,20,1,handshake
2018-11-25 19:35:12.846037,812,54.239.29.0,443,3.0,0,1,1,23,1,expected
2018-11-25 19:35:12.897765,85,54.239.29.0,443,3.0,0,1,1,21,1,handshake
2018-11-25 19:35:12.897915,54,54.239.29.0,443,1.0,146,1,1,,1,ack
2018-11-25 19:35:12.943476,54,54.239.29.0,443,1.0,45,1,1,,1,ack
2018-11-25 19:35:13.019617,54,52.94.229.122,443,1.0,2599,1,1,,1,ack
2018-11-25 19:35:13.019774,54,52.94.229.122,443,1.0,0,1,1,,1,ack
2018-11-25 19:35:13.019917,54,52.94.229.122,443,1.0,0,1,1,,1,ack
2018-11-25 19:35:13.019993,54,52.94.229.122,443,1.0,0,1,1,,1,ack
2018-11-25 19:35:13.020072,54,52.94.229.122,443,1.0,0,1,1,,1,ack
2018-11-25 19:35:13.077198,54,52.94.229.122,443,1.0,57,1,1,,1,ack
2018-11-25 19:35:13.077477,54,52.94.229.122,443,1.0,0,1,1,,1,ack
2018-11-25 19:35:13.077612,54,52.94.229.122,443,1.0,0,1,1,,1,ack
2018-11-25 19:35:13.077744,54,52.94.229.122,443,1.0,0,1,1,,1,ack
2018-11-25 19:35:13.077876,54,52.94.229.122,443,1.0,0,1,1,,1,ack
2018-11-25 19:35:13.143662,54,52.94.229.122,443,1.0,65,1,1,,1,ack
2018-11-25 19:35:13.143858,54,52.94.229.122,443,1.0,0,1,1,,1,ack
2018-11-25 19:35:13.143996,54,52.94.229.122,443,1.0,0,1,1,,1,ack
2018-11-25 19:35:13.144127,54,52.94.229.122,443,1.0,0,1,1,,1,ack
2018-11-25 19:35:13.147192,96,52.94.229.122,443,3.0,0,1,1,23,1,expected
2018-11-25 19:35:13.149979,74,54.239.29.0,443,1.0,679207,0,1,,1,retransmit
2018-11-25 19:35:13.198456,54,54.239.29.0,443,1.0,48,1,1,,1,ack
2018-11-25 19:35:13.201129,312,54.239.29.0,443,3.0,0,1,1,22,1,handshake
2018-11-25 19:35:13.231144,635,52.94.229.122,443,3.0,0,1,1,23,1,expected
2018-11-25 19:35:13.231402,190,52.94.229.122,443,3.0,0,1,1,23,1,expected
2018-11-25 19:35:13.233938,1514,52.94.229.122,443,1.0,89,1,1,,1,not_relevant
2018-11-25 19:35:13.233996,850,52.94.229.122,443,3.0,0,1,1,23,1,expected
2018-11-25 19:35:13.234032,136,52.94.229.122,443,3.0,0,1,1,23,1,expected
2018-11-25 19:35:13.234232,92,52.94.229.122,443,3.0,0,1,1,23,1,expected
2018-11-25 19:35:13.246992,54,54.239.29.0,443,1.0,48,1,1,,1,ack
2018-11-25 19:35:13.249104,105,54.239.29.0,443,3.0,0,1,1,20,1,handshake
2018-11-25 19:35:13.355637,788,54.239.29.0,443,3.0,0,1,1,23,1,expected
2018-11-25 19:35:13.371488,54,52.94.229.122,443,1.0,137,1,1,,1,ack
2018-11-25 19:35:13.395262,285,52.94.229.122,443,3.0,0,1,1,23,1,expected
2018-11-25 19:35:13.395798,190,52.94.229.122,443,3.0,0,1,1,23,1,expected
2018-11-25 19:35:13.396899,1514,52.94.229.122,443,1.0,25,1,1,,1,not_relevant
2018-11-25 19:35:13.397260,851,52.94.229.122,443,3.0,0,1,1,23,1,expected
2018-11-25 19:35:13.397308,136,52.94.229.122,443,3.0,0,1,1,23,1,expected
2018-11-25 19:35:13.397622,92,52.94.229.122,443,3.0,0,1,1,23,1,expected
2018-11-25 19:35:13.400930,296,52.94.229.122,443,3.0,0,1,1,23,1,expected
2018-11-25 19:35:13.407023,85,54.239.29.0,443,3.0,0,1,1,21,1,handshake
2018-11-25 19:35:13.407208,54,54.239.29.0,443,1.0,160,1,1,,1,ack
2018-11-25 19:35:13.443204,1514,52.94.229.122,443,3.0,0,1,1,23,1,expected
2018-11-25 19:35:13.444964,1514,52.94.229.122,443,1.0,48,1,1,,1,not_relevant
2018-11-25 19:35:13.445004,1110,52.94.229.122,443,3.0,0,1,1,23,1,expected
2018-11-25 19:35:13.456024,54,54.239.29.0,443,1.0,48,1,1,,1,ack
2018-11-25 19:35:13.518917,74,54.239.29.0,443,1.0,679293,0,1,,1,retransmit
2018-11-25 19:35:13.539964,54,52.94.229.122,443,1.0,95,1,1,,1,ack
2018-11-25 19:35:13.561713,54,54.239.29.0,443,1.0,42,1,1,,1,ack
2018-11-25 19:35:13.563303,312,54.239.29.0,443,3.0,0,1,1,22,1,handshake
2018-11-25 19:35:13.575460,54,52.94.229.122,443,1.0,35,1,1,,1,ack
2018-11-25 19:35:13.575642,54,52.94.229.122,443,1.0,0,1,1,,1,ack
2018-11-25 19:35:13.607573,54,54.239.29.0,443,1.0,45,1,1,,1,ack
2018-11-25 19:35:13.608018,105,54.239.29.0,443,3.0,0,1,1,20,1,handshake
2018-11-25 19:35:13.707994,799,54.239.29.0,443,3.0,0,1,1,23,1,expected
2018-11-25 19:35:13.750538,54,52.94.229.122,443,1.0,174,1,1,,1,ack
2018-11-25 19:35:13.753453,54,52.94.229.122,443,1.0,2,1,1,,1,ack
2018-11-25 19:35:13.760449,85,54.239.29.0,443,3.0,0,1,1,21,1,handshake
2018-11-25 19:35:13.760606,54,54.239.29.0,443,1.0,153,1,1,,1,ack
2018-11-25 19:35:13.815496,54,54.239.29.0,443,1.0,54,1,1,,1,ack
2018-11-25 19:35:17.900007,54,52.94.229.122,443,1.0,4146,1,1,,1,ack
2018-11-25 19:35:17.900970,100,52.94.229.122,443,3.0,0,1,1,23,1,syn
2018-11-25 19:35:19.445075,286,52.94.229.122,443,3.0,0,1,1,23,1,expected
2018-11-25 19:35:19.452666,190,52.94.229.122,443,3.0,0,1,1,23,1,expected
2018-11-25 19:35:19.454548,1514,52.94.229.122,443,1.0,1554,1,1,,1,not_relevant
2018-11-25 19:35:19.455570,975,52.94.229.122,443,3.0,0,1,1,23,1,expected
2018-11-25 19:35:19.484000,287,52.94.229.122,443,3.0,0,1,1,23,1,expected
2018-11-25 19:35:19.484453,190,52.94.229.122,443,3.0,0,1,1,23,1,expected
2018-11-25 19:35:19.489044,1514,52.94.229.122,443,1.0,34,1,1,,1,not_relevant
2018-11-25 19:35:19.496825,975,52.94.229.122,443,3.0,0,1,1,23,1,expected
2018-11-25 19:35:19.653936,54,52.94.229.122,443,1.0,164,1,1,,1,ack
2018-11-25 19:35:19.698621,54,52.94.229.122,443,1.0,44,1,1,,1,ack
2018-11-25 19:35:19.966422,288,52.94.229.122,443,3.0,0,1,1,23,1,expected
2018-11-25 19:35:19.966833,190,52.94.229.122,443,3.0,0,1,1,23,1,expected
2018-11-25 19:35:19.966887,1514,52.94.229.122,443,1.0,268,1,1,,1,not_relevant
2018-11-25 19:35:19.966904,850,52.94.229.122,443,3.0,0,1,1,23,1,expected
2018-11-25 19:35:19.967005,136,52.94.229.122,443,3.0,0,1,1,23,1,expected
2018-11-25 19:35:19.967113,92,52.94.229.122,443,3.0,0,1,1,23,1,expected
2018-11-25 19:35:20.203599,54,52.94.229.122,443,1.0,236,1,1,,1,ack
2018-11-25 19:35:20.240134,66,52.94.229.122,443,1.0,36,1,1,,1,ack
2018-11-25 19:35:47.899873,54,52.94.229.122,443,1.0,27659,1,1,,1,ack
2018-11-25 19:35:47.900717,100,52.94.229.122,443,3.0,0,1,1,23,1,syn
2018-11-25 19:36:00.290298,286,52.94.229.122,443,3.0,0,1,1,23,1,expected
2018-11-25 19:36:00.290728,190,52.94.229.122,443,3.0,0,1,1,23,1,expected
2018-11-25 19:36:00.293175,1514,52.94.229.122,443,1.0,12393,1,1,,1,not_relevant
2018-11-25 19:36:00.294669,1229,52.94.229.122,443,3.0,0,1,1,23,1,expected
2018-11-25 19:36:00.295272,180,52.94.229.122,443,3.0,0,1,1,23,1,expected
2018-11-25 19:36:00.302491,168,52.94.229.122,443,3.0,0,1,1,23,1,expected
2018-11-25 19:36:00.331586,74,52.94.232.195,443,1.0,685418,0,1,,1,retransmit
2018-11-25 19:36:00.335758,1514,52.94.229.122,443,3.0,0,1,1,23,1,expected
2018-11-25 19:36:00.344417,1514,52.94.229.122,443,1.0,51,1,1,,1,not_relevant
2018-11-25 19:36:00.345571,1514,52.94.229.122,443,3.0,0,1,1,23,1,expected
2018-11-25 19:36:00.345779,138,52.94.229.122,443,3.0,0,1,1,23,1,expected
2018-11-25 19:36:00.370008,54,52.94.232.195,443,1.0,38,1,1,,1,ack
2018-11-25 19:36:00.371495,312,52.94.232.195,443,3.0,0,1,1,22,1,handshake
2018-11-25 19:36:00.379075,54,52.94.229.122,443,1.0,34,1,1,,1,ack
2018-11-25 19:36:00.383492,1514,52.94.229.122,443,1.0,4,1,1,,1,not_relevant
2018-11-25 19:36:00.383537,1514,52.94.229.122,443,1.0,0,1,1,,1,not_relevant
2018-11-25 19:36:00.383570,1232,52.94.229.122,443,3.0,0,1,1,23,1,expected
2018-11-25 19:36:00.395099,172,52.94.229.122,443,3.0,0,1,1,23,1,expected
2018-11-25 19:36:00.415910,172,52.94.229.122,443,3.0,0,1,1,23,1,expected
2018-11-25 19:36:00.416278,54,52.94.232.195,443,1.0,46,1,1,,1,ack
2018-11-25 19:36:00.418171,105,52.94.232.195,443,3.0,0,1,1,20,1,handshake
2018-11-25 19:36:00.429465,172,52.94.229.122,443,3.0,0,1,1,23,1,expected
2018-11-25 19:36:00.457590,172,52.94.229.122,443,3.0,0,1,1,23,1,expected
2018-11-25 19:36:00.471447,54,52.94.229.122,443,1.0,87,1,1,,1,ack
2018-11-25 19:36:00.471632,54,52.94.229.122,443,1.0,0,1,1,,1,ack
2018-11-25 19:36:00.478900,172,52.94.229.122,443,3.0,0,1,1,23,1,expected
2018-11-25 19:36:00.493143,172,52.94.229.122,443,3.0,0,1,1,23,1,expected
2018-11-25 19:36:00.506446,172,52.94.229.122,443,3.0,0,1,1,23,1,expected
2018-11-25 19:36:00.510660,768,52.94.232.195,443,3.0,0,1,1,23,1,expected
2018-11-25 19:36:00.541705,172,52.94.229.122,443,3.0,0,1,1,23,1,expected
2018-11-25 19:36:00.555806,172,52.94.229.122,443,3.0,0,1,1,23,1,expected
2018-11-25 19:36:00.559317,85,52.94.232.195,443,3.0,0,1,1,21,1,handshake
2018-11-25 19:36:00.559484,54,52.94.232.195,443,1.0,143,1,1,,1,ack
2018-11-25 19:36:00.569613,172,52.94.229.122,443,3.0,0,1,1,23,1,expected
2018-11-25 19:36:00.591245,172,52.94.229.122,443,3.0,0,1,1,23,1,expected
2018-11-25 19:36:00.601540,54,52.94.232.195,443,1.0,42,1,1,,1,ack
2018-11-25 19:36:00.618129,172,52.94.229.122,443,3.0,0,1,1,23,1,expected
2018-11-25 19:36:00.639222,172,52.94.229.122,443,3.0,0,1,1,23,1,expected
2018-11-25 19:36:00.653573,172,52.94.229.122,443,3.0,0,1,1,23,1,expected
2018-11-25 19:36:00.667731,172,52.94.229.122,443,3.0,0,1,1,23,1,expected
2018-11-25 19:36:00.707068,172,52.94.229.122,443,3.0,0,1,1,23,1,expected
2018-11-25 19:36:00.721575,172,52.94.229.122,443,3.0,0,1,1,23,1,expected
2018-11-25 19:36:00.735509,172,52.94.229.122,443,3.0,0,1,1,23,1,expected
2018-11-25 19:36:00.751465,172,52.94.229.122,443,3.0,0,1,1,23,1,expected
2018-11-25 19:36:00.780099,172,52.94.229.122,443,3.0,0,1,1,23,1,expected
2018-11-25 19:36:00.793415,172,52.94.229.122,443,3.0,0,1,1,23,1,expected
2018-11-25 19:36:00.799567,285,52.94.229.122,443,3.0,0,1,1,23,1,expected
2018-11-25 19:36:00.800192,190,52.94.229.122,443,3.0,0,1,1,23,1,expected
2018-11-25 19:36:00.801430,1514,52.94.229.122,443,1.0,329,1,1,,1,not_relevant
2018-11-25 19:36:00.801475,854,52.94.229.122,443,3.0,0,1,1,23,1,expected
2018-11-25 19:36:00.828502,292,52.94.229.122,443,3.0,0,1,1,23,1,expected
2018-11-25 19:36:00.828767,172,52.94.229.122,443,3.0,0,1,1,23,1,expected
2018-11-25 19:36:00.863426,172,52.94.229.122,443,3.0,0,1,1,23,1,expected
2018-11-25 19:36:00.877565,172,52.94.229.122,443,3.0,0,1,1,23,1,expected
2018-11-25 19:36:00.891769,172,52.94.229.122,443,3.0,0,1,1,23,1,expected
2018-11-25 19:36:00.907086,172,52.94.229.122,443,3.0,0,1,1,23,1,expected
2018-11-25 19:36:00.950938,172,52.94.229.122,443,3.0,0,1,1,23,1,expected
2018-11-25 19:36:00.954463,172,52.94.229.122,443,3.0,0,1,1,23,1,expected
2018-11-25 19:36:00.961685,54,52.94.229.122,443,1.0,160,1,1,,1,ack
2018-11-25 19:36:00.975457,172,52.94.229.122,443,3.0,0,1,1,23,1,expected
2018-11-25 19:36:00.989161,172,52.94.229.122,443,3.0,0,1,1,23,1,expected
2018-11-25 19:36:01.017429,172,52.94.229.122,443,3.0,0,1,1,23,1,expected
2018-11-25 19:36:01.038152,172,52.94.229.122,443,3.0,0,1,1,23,1,expected
2018-11-25 19:36:01.051699,172,52.94.229.122,443,3.0,0,1,1,23,1,expected
2018-11-25 19:36:01.067051,172,52.94.229.122,443,3.0,0,1,1,23,1,expected
2018-11-25 19:36:01.101049,172,52.94.229.122,443,3.0,0,1,1,23,1,expected
2018-11-25 19:36:01.116064,172,52.94.229.122,443,3.0,0,1,1,23,1,expected
2018-11-25 19:36:01.129533,172,52.94.229.122,443,3.0,0,1,1,23,1,expected
2018-11-25 19:36:01.150156,172,52.94.229.122,443,3.0,0,1,1,23,1,expected
2018-11-25 19:36:01.179094,172,52.94.229.122,443,3.0,0,1,1,23,1,expected
2018-11-25 19:36:01.199900,172,52.94.229.122,443,3.0,0,1,1,23,1,expected
2018-11-25 19:36:01.213755,172,52.94.229.122,443,3.0,0,1,1,23,1,expected
2018-11-25 19:36:01.227293,172,52.94.229.122,443,3.0,0,1,1,23,1,expected
2018-11-25 19:36:01.262591,172,52.94.229.122,443,3.0,0,1,1,23,1,expected
2018-11-25 19:36:01.276139,172,52.94.229.122,443,3.0,0,1,1,23,1,expected
2018-11-25 19:36:01.290217,172,52.94.229.122,443,3.0,0,1,1,23,1,expected
2018-11-25 19:36:01.311505,172,52.94.229.122,443,3.0,0,1,1,23,1,expected
2018-11-25 19:36:01.339021,172,52.94.229.122,443,3.0,0,1,1,23,1,expected
2018-11-25 19:36:01.352950,172,52.94.229.122,443,3.0,0,1,1,23,1,expected
2018-11-25 19:36:01.374433,172,52.94.229.122,443,3.0,0,1,1,23,1,expected
2018-11-25 19:36:01.388046,172,52.94.229.122,443,3.0,0,1,1,23,1,expected
2018-11-25 19:36:01.422806,172,52.94.229.122,443,3.0,0,1,1,23,1,expected
2018-11-25 19:36:01.437394,172,52.94.229.122,443,3.0,0,1,1,23,1,expected
2018-11-25 19:36:01.451296,172,52.94.229.122,443,3.0,0,1,1,23,1,expected
2018-11-25 19:36:01.465040,172,52.94.229.122,443,3.0,0,1,1,23,1,expected
2018-11-25 19:36:01.502917,172,52.94.229.122,443,3.0,0,1,1,23,1,expected
2018-11-25 19:36:01.515413,172,52.94.229.122,443,3.0,0,1,1,23,1,expected
2018-11-25 19:36:01.536923,172,52.94.229.122,443,3.0,0,1,1,23,1,expected
2018-11-25 19:36:01.549775,172,52.94.229.122,443,3.0,0,1,1,23,1,expected
2018-11-25 19:36:01.584197,172,52.94.229.122,443,3.0,0,1,1,23,1,expected
2018-11-25 19:36:01.598092,172,52.94.229.122,443,3.0,0,1,1,23,1,expected
2018-11-25 19:36:01.612595,172,52.94.229.122,443,3.0,0,1,1,23,1,expected
2018-11-25 19:36:01.645305,172,52.94.229.122,443,3.0,0,1,1,23,1,expected
2018-11-25 19:36:01.661019,172,52.94.229.122,443,3.0,0,1,1,23,1,expected
2018-11-25 19:36:01.674603,172,52.94.229.122,443,3.0,0,1,1,23,1,expected
2018-11-25 19:36:01.694214,172,52.94.229.122,443,3.0,0,1,1,23,1,expected
2018-11-25 19:36:01.709442,172,52.94.229.122,443,3.0,0,1,1,23,1,expected
2018-11-25 19:36:01.743709,172,52.94.229.122,443,3.0,0,1,1,23,1,expected
2018-11-25 19:36:01.757348,172,52.94.229.122,443,3.0,0,1,1,23,1,expected
2018-11-25 19:36:01.771067,172,52.94.229.122,443,3.0,0,1,1,23,1,expected
2018-11-25 19:36:01.785705,172,52.94.229.122,443,3.0,0,1,1,23,1,expected
2018-11-25 19:36:01.820264,172,52.94.229.122,443,3.0,0,1,1,23,1,expected
2018-11-25 19:36:01.833831,172,52.94.229.122,443,3.0,0,1,1,23,1,expected
2018-11-25 19:36:01.855619,172,52.94.229.122,443,3.0,0,1,1,23,1,expected
2018-11-25 19:36:01.869063,172,52.94.229.122,443,3.0,0,1,1,23,1,expected
2018-11-25 19:36:01.898015,172,52.94.229.122,443,3.0,0,1,1,23,1,expected
2018-11-25 19:36:01.919993,172,52.94.229.122,443,3.0,0,1,1,23,1,expected
2018-11-25 19:36:01.931475,172,52.94.229.122,443,3.0,0,1,1,23,1,expected
2018-11-25 19:36:01.944690,172,52.94.229.122,443,3.0,0,1,1,23,1,expected
2018-11-25 19:36:01.980507,172,52.94.229.122,443,3.0,0,1,1,23,1,expected
2018-11-25 19:36:01.994197,172,52.94.229.122,443,3.0,0,1,1,23,1,expected
2018-11-25 19:36:02.015117,172,52.94.229.122,443,3.0,0,1,1,23,1,expected
2018-11-25 19:36:02.032605,172,52.94.229.122,443,3.0,0,1,1,23,1,expected
2018-11-25 19:36:02.057123,172,52.94.229.122,443,3.0,0,1,1,23,1,expected
2018-11-25 19:36:02.077941,172,52.94.229.122,443,3.0,0,1,1,23,1,expected
2018-11-25 19:36:02.092415,172,52.94.229.122,443,3.0,0,1,1,23,1,expected
2018-11-25 19:36:02.106327,172,52.94.229.122,443,3.0,0,1,1,23,1,expected
2018-11-25 19:36:02.140838,172,52.94.229.122,443,3.0,0,1,1,23,1,expected
2018-11-25 19:36:02.155421,172,52.94.229.122,443,3.0,0,1,1,23,1,expected
2018-11-25 19:36:02.169257,172,52.94.229.122,443,3.0,0,1,1,23,1,expected
2018-11-25 19:36:02.190098,172,52.94.229.122,443,3.0,0,1,1,23,1,expected
2018-11-25 19:36:02.218260,172,52.94.229.122,443,3.0,0,1,1,23,1,expected
2018-11-25 19:36:02.239184,172,52.94.229.122,443,3.0,0,1,1,23,1,expected
2018-11-25 19:36:02.254207,172,52.94.229.122,443,3.0,0,1,1,23,1,expected
2018-11-25 19:36:02.267600,172,52.94.229.122,443,3.0,0,1,1,23,1,expected
2018-11-25 19:36:02.301710,172,52.94.229.122,443,3.0,0,1,1,23,1,expected
2018-11-25 19:36:02.316124,172,52.94.229.122,443,3.0,0,1,1,23,1,expected
2018-11-25 19:36:02.345348,172,52.94.229.122,443,3.0,0,1,1,23,1,expected
2018-11-25 19:36:02.351036,172,52.94.229.122,443,3.0,0,1,1,23,1,expected
2018-11-25 19:36:02.380508,172,52.94.229.122,443,3.0,0,1,1,23,1,expected
2018-11-25 19:36:02.393695,172,52.94.229.122,443,3.0,0,1,1,23,1,expected
2018-11-25 19:36:02.414183,172,52.94.229.122,443,3.0,0,1,1,23,1,expected
2018-11-25 19:36:02.429088,172,52.94.229.122,443,3.0,0,1,1,23,1,expected
2018-11-25 19:36:02.463493,172,52.94.229.122,443,3.0,0,1,1,23,1,expected
2018-11-25 19:36:02.478165,172,52.94.229.122,443,3.0,0,1,1,23,1,expected
2018-11-25 19:36:02.492241,172,52.94.229.122,443,3.0,0,1,1,23,1,expected
2018-11-25 19:36:02.506553,172,52.94.229.122,443,3.0,0,1,1,23,1,expected
2018-11-25 19:36:02.540413,172,52.94.229.122,443,3.0,0,1,1,23,1,expected
2018-11-25 19:36:02.554013,172,52.94.229.122,443,3.0,0,1,1,23,1,expected
2018-11-25 19:36:02.575670,172,52.94.229.122,443,3.0,0,1,1,23,1,expected
2018-11-25 19:36:02.589124,172,52.94.229.122,443,3.0,0,1,1,23,1,expected
2018-11-25 19:36:02.618042,172,52.94.229.122,443,3.0,0,1,1,23,1,expected
2018-11-25 19:36:02.640425,172,52.94.229.122,443,3.0,0,1,1,23,1,expected
2018-11-25 19:36:02.652399,172,52.94.229.122,443,3.0,0,1,1,23,1,expected
2018-11-25 19:36:02.665830,172,52.94.229.122,443,3.0,0,1,1,23,1,expected
2018-11-25 19:36:02.701286,172,52.94.229.122,443,3.0,0,1,1,23,1,expected
2018-11-25 19:36:02.715175,172,52.94.229.122,443,3.0,0,1,1,23,1,expected
2018-11-25 19:36:02.729162,172,52.94.229.122,443,3.0,0,1,1,23,1,expected
2018-11-25 19:36:02.749755,172,52.94.229.122,443,3.0,0,1,1,23,1,expected
2018-11-25 19:36:02.777455,172,52.94.229.122,443,3.0,0,1,1,23,1,expected
2018-11-25 19:36:02.797980,172,52.94.229.122,443,3.0,0,1,1,23,1,expected
2018-11-25 19:36:02.817613,172,52.94.229.122,443,3.0,0,1,1,23,1,expected
2018-11-25 19:36:02.829631,172,52.94.229.122,443,3.0,0,1,1,23,1,expected
2018-11-25 19:36:02.861076,172,52.94.229.122,443,3.0,0,1,1,23,1,expected
2018-11-25 19:36:02.875573,172,52.94.229.122,443,3.0,0,1,1,23,1,expected
2018-11-25 19:36:02.889349,172,52.94.229.122,443,3.0,0,1,1,23,1,expected
2018-11-25 19:36:02.910254,172,52.94.229.122,443,3.0,0,1,1,23,1,expected
2018-11-25 19:36:02.938624,172,52.94.229.122,443,3.0,0,1,1,23,1,expected
2018-11-25 19:36:02.959080,172,52.94.229.122,443,3.0,0,1,1,23,1,expected
2018-11-25 19:36:02.972856,172,52.94.229.122,443,3.0,0,1,1,23,1,expected
2018-11-25 19:36:02.990833,172,52.94.229.122,443,3.0,0,1,1,23,1,expected
2018-11-25 19:36:03.050881,136,52.94.229.122,443,3.0,0,1,1,23,1,expected
2018-11-25 19:36:03.051043,92,52.94.229.122,443,3.0,0,1,1,23,1,expected
2018-11-25 19:36:03.061366,74,52.94.232.195,443,1.0,717476,0,1,,1,retransmit
2018-11-25 19:36:03.085765,54,52.94.229.122,443,1.0,2124,1,1,,1,ack
2018-11-25 19:36:03.106079,54,52.94.232.195,443,1.0,44,1,1,,1,ack
2018-11-25 19:36:03.107383,312,52.94.232.195,443,3.0,0,1,1,22,1,handshake
2018-11-25 19:36:03.146854,54,52.94.232.195,443,1.0,40,1,1,,1,ack
2018-11-25 19:36:03.147715,105,52.94.232.195,443,3.0,0,1,1,20,1,handshake
2018-11-25 19:36:03.236787,810,52.94.232.195,443,3.0,0,1,1,23,1,expected
2018-11-25 19:36:03.284110,85,52.94.232.195,443,3.0,0,1,1,21,1,handshake
2018-11-25 19:36:03.284293,54,52.94.232.195,443,1.0,137,1,1,,1,ack
2018-11-25 19:36:03.325047,54,52.94.232.195,443,1.0,40,1,1,,1,ack
2018-11-25 19:36:03.572388,286,52.94.229.122,443,3.0,0,1,1,23,1,expected
2018-11-25 19:36:03.572640,190,52.94.229.122,443,3.0,0,1,1,23,1,expected
2018-11-25 19:36:03.573102,1514,52.94.229.122,443,1.0,487,1,1,,1,not_relevant
2018-11-25 19:36:03.573135,850,52.94.229.122,443,3.0,0,1,1,23,1,expected
2018-11-25 19:36:03.573169,136,52.94.229.122,443,3.0,0,1,1,23,1,expected
2018-11-25 19:36:03.573317,92,52.94.229.122,443,3.0,0,1,1,23,1,expected
2018-11-25 19:36:03.588736,54,52.94.229.122,443,1.0,15,1,1,,1,ack
2018-11-25 19:36:03.589059,54,52.94.229.122,443,1.0,0,1,1,,1,ack
2018-11-25 19:36:03.594081,54,52.94.229.122,443,1.0,5,1,1,,1,ack
2018-11-25 19:36:03.594491,54,52.94.229.122,443,1.0,0,1,1,,1,ack
2018-11-25 19:36:03.594806,54,52.94.229.122,443,1.0,0,1,1,,1,ack
2018-11-25 19:36:03.595286,54,52.94.229.122,443,1.0,0,1,1,,1,ack
2018-11-25 19:36:03.595453,54,52.94.229.122,443,1.0,0,1,1,,1,ack
2018-11-25 19:36:03.595601,54,52.94.229.122,443,1.0,0,1,1,,1,ack
2018-11-25 19:36:03.595754,54,52.94.229.122,443,1.0,0,1,1,,1,ack
2018-11-25 19:36:03.596000,54,52.94.229.122,443,1.0,0,1,1,,1,ack
2018-11-25 19:36:03.638232,54,52.94.229.122,443,1.0,42,1,1,,1,ack
2018-11-25 19:36:03.638680,54,52.94.229.122,443,1.0,0,1,1,,1,ack
2018-11-25 19:36:03.639286,54,52.94.229.122,443,1.0,0,1,1,,1,ack
2018-11-25 19:36:03.639584,54,52.94.229.122,443,1.0,0,1,1,,1,ack
2018-11-25 19:36:03.641935,54,52.94.229.122,443,1.0,2,1,1,,1,ack
2018-11-25 19:36:03.642303,54,52.94.229.122,443,1.0,0,1,1,,1,ack
2018-11-25 19:36:03.643133,54,52.94.229.122,443,1.0,0,1,1,,1,ack
2018-11-25 19:36:03.644067,54,52.94.229.122,443,1.0,0,1,1,,1,ack
2018-11-25 19:36:03.646196,54,52.94.229.122,443,1.0,2,1,1,,1,ack
2018-11-25 19:36:03.646448,54,52.94.229.122,443,1.0,0,1,1,,1,ack
2018-11-25 19:36:03.647223,54,52.94.229.122,443,1.0,0,1,1,,1,ack
2018-11-25 19:36:03.670359,74,52.94.232.195,443,1.0,685999,0,1,,1,retransmit
2018-11-25 19:36:03.685604,54,52.94.229.122,443,1.0,38,1,1,,1,ack
2018-11-25 19:36:03.686095,96,52.94.229.122,443,3.0,0,1,1,23,1,expected
2018-11-25 19:36:03.708513,54,52.94.232.195,443,1.0,38,1,1,,1,ack
2018-11-25 19:36:03.709324,312,52.94.232.195,443,3.0,0,1,1,22,1,handshake
2018-11-25 19:36:03.745340,54,52.94.229.122,443,1.0,59,1,1,,1,ack
2018-11-25 19:36:03.755446,54,52.94.232.195,443,1.0,46,1,1,,1,ack
2018-11-25 19:36:03.757728,105,52.94.232.195,443,3.0,0,1,1,20,1,handshake
2018-11-25 19:36:03.842831,287,52.94.229.122,443,3.0,0,1,1,23,1,expected
2018-11-25 19:36:03.843041,190,52.94.229.122,443,3.0,0,1,1,23,1,expected
2018-11-25 19:36:03.843303,1514,52.94.229.122,443,1.0,97,1,1,,1,not_relevant
2018-11-25 19:36:03.843326,855,52.94.229.122,443,3.0,0,1,1,23,1,expected
2018-11-25 19:36:03.843342,136,52.94.229.122,443,3.0,0,1,1,23,1,expected
2018-11-25 19:36:03.843425,92,52.94.229.122,443,3.0,0,1,1,23,1,expected
2018-11-25 19:36:03.845014,786,52.94.232.195,443,3.0,0,1,1,23,1,expected
2018-11-25 19:36:03.890067,85,52.94.232.195,443,3.0,0,1,1,21,1,handshake
2018-11-25 19:36:03.890153,54,52.94.232.195,443,1.0,134,1,1,,1,ack
2018-11-25 19:36:03.919085,287,52.94.229.122,443,3.0,0,1,1,23,1,expected
2018-11-25 19:36:03.920149,190,52.94.229.122,443,3.0,0,1,1,23,1,expected
2018-11-25 19:36:03.921117,1514,52.94.229.122,443,1.0,77,1,1,,1,not_relevant
2018-11-25 19:36:03.921340,851,52.94.229.122,443,3.0,0,1,1,23,1,expected
2018-11-25 19:36:03.921914,136,52.94.229.122,443,3.0,0,1,1,23,1,expected
2018-11-25 19:36:03.922085,92,52.94.229.122,443,3.0,0,1,1,23,1,expected
2018-11-25 19:36:03.935461,54,52.94.232.195,443,1.0,45,1,1,,1,ack
2018-11-25 19:36:04.041558,54,52.94.229.122,443,1.0,120,1,1,,1,ack
2018-11-25 19:36:04.045482,74,52.94.232.195,443,1.0,695294,0,1,,1,retransmit
2018-11-25 19:36:04.094211,54,52.94.232.195,443,1.0,48,1,1,,1,ack
2018-11-25 19:36:04.097352,312,52.94.232.195,443,3.0,0,1,1,22,1,handshake
2018-11-25 19:36:04.106185,54,52.94.229.122,443,1.0,64,1,1,,1,ack
2018-11-25 19:36:04.131097,54,52.94.229.122,443,1.0,24,1,1,,1,ack
2018-11-25 19:36:04.140211,54,52.94.232.195,443,1.0,46,1,1,,1,ack
2018-11-25 19:36:04.140562,105,52.94.232.195,443,3.0,0,1,1,20,1,handshake
2018-11-25 19:36:04.226371,799,52.94.232.195,443,3.0,0,1,1,23,1,expected
2018-11-25 19:36:04.279479,85,52.94.232.195,443,3.0,0,1,1,21,1,handshake
2018-11-25 19:36:04.279652,54,52.94.232.195,443,1.0,139,1,1,,1,ack
2018-11-25 19:36:04.325517,54,52.94.232.195,443,1.0,45,1,1,,1,ack
2018-11-25 19:36:06.148603,66,99.84.170.19,80,1.0,120038,1,1,,1,ack
2018-11-25 19:36:09.952228,287,52.94.229.122,443,3.0,0,1,1,23,1,expected
2018-11-25 19:36:09.952572,1514,52.94.229.122,443,3.0,0,1,1,23,1,expected
2018-11-25 19:36:09.954147,1514,52.94.229.122,443,1.0,5823,1,1,,1,not_relevant
2018-11-25 19:36:09.954168,1111,52.94.229.122,443,3.0,0,1,1,23,1,expected
2018-11-25 19:36:10.097087,54,52.94.229.122,443,1.0,142,1,1,,1,ack
2018-11-25 19:36:10.225346,638,52.94.229.122,443,3.0,0,1,1,23,1,expected
2018-11-25 19:36:10.225587,190,52.94.229.122,443,3.0,0,1,1,23,1,expected
2018-11-25 19:36:10.225975,1514,52.94.229.122,443,1.0,128,1,1,,1,not_relevant
2018-11-25 19:36:10.225992,856,52.94.229.122,443,3.0,0,1,1,23,1,expected
2018-11-25 19:36:10.226010,136,52.94.229.122,443,3.0,0,1,1,23,1,expected
2018-11-25 19:36:10.226159,92,52.94.229.122,443,3.0,0,1,1,23,1,expected
2018-11-25 19:36:10.450949,287,52.94.229.122,443,3.0,0,1,1,23,1,expected
2018-11-25 19:36:10.451669,190,52.94.229.122,443,3.0,0,1,1,23,1,expected
2018-11-25 19:36:10.452313,1514,52.94.229.122,443,1.0,226,1,1,,1,not_relevant
2018-11-25 19:36:10.452335,850,52.94.229.122,443,3.0,0,1,1,23,1,expected
2018-11-25 19:36:10.452349,136,52.94.229.122,443,3.0,0,1,1,23,1,expected
2018-11-25 19:36:10.452594,92,52.94.229.122,443,3.0,0,1,1,23,1,expected
2018-11-25 19:36:10.452925,54,52.94.229.122,443,1.0,0,1,1,,1,ack
2018-11-25 19:36:10.620739,54,52.94.229.122,443,1.0,167,1,1,,1,ack
2018-11-25 19:36:17.900934,100,52.94.229.122,443,3.0,0,1,1,23,1,syn
2018-11-25 19:36:47.901486,100,52.94.229.122,443,3.0,0,1,1,23,1,syn
2018-11-25 19:36:59.805753,297,52.94.229.122,443,3.0,0,1,1,23,1,expected
2018-11-25 19:36:59.805940,190,52.94.229.122,443,3.0,0,1,1,23,1,expected
2018-11-25 19:36:59.806799,1514,52.94.229.122,443,1.0,49186,1,1,,1,not_relevant
2018-11-25 19:36:59.806817,1514,52.94.229.122,443,3.0,0,1,1,23,1,expected
2018-11-25 19:36:59.806834,1453,52.94.229.122,443,3.0,0,1,1,23,1,expected
2018-11-25 19:36:59.822248,286,52.94.229.122,443,3.0,0,1,1,23,1,expected
2018-11-25 19:36:59.825849,190,52.94.229.122,443,3.0,0,1,1,23,1,expected
2018-11-25 19:36:59.849151,74,54.239.26.255,443,1.0,764265,0,1,,1,retransmit
2018-11-25 19:36:59.854713,1514,52.94.229.122,443,1.0,47,1,1,,1,not_relevant
2018-11-25 19:36:59.857391,1228,52.94.229.122,443,3.0,0,1,1,23,1,expected
2018-11-25 19:36:59.887528,54,54.239.26.255,443,1.0,38,1,1,,1,ack
2018-11-25 19:36:59.889049,312,54.239.26.255,443,3.0,0,1,1,22,1,handshake
2018-11-25 19:36:59.923343,1514,52.94.229.122,443,1.0,68,1,1,,1,not_relevant
2018-11-25 19:36:59.923368,1514,52.94.229.122,443,1.0,0,1,1,,1,not_relevant
2018-11-25 19:36:59.923384,1514,52.94.229.122,443,1.0,0,1,1,,1,not_relevant
2018-11-25 19:36:59.923401,332,52.94.229.122,443,3.0,0,1,1,23,1,expected
2018-11-25 19:36:59.932492,54,54.239.26.255,443,1.0,44,1,1,,1,ack
2018-11-25 19:36:59.933193,172,52.94.229.122,443,3.0,0,1,1,23,1,expected
2018-11-25 19:36:59.934398,105,54.239.26.255,443,3.0,0,1,1,20,1,handshake
2018-11-25 19:36:59.947854,172,52.94.229.122,443,3.0,0,1,1,23,1,expected
2018-11-25 19:36:59.985467,172,52.94.229.122,443,3.0,0,1,1,23,1,expected
2018-11-25 19:36:59.989739,54,52.94.229.122,443,1.0,66,1,1,,1,ack
2018-11-25 19:36:59.996844,172,52.94.229.122,443,3.0,0,1,1,23,1,expected
2018-11-25 19:37:00.011524,172,52.94.229.122,443,3.0,0,1,1,23,1,expected
2018-11-25 19:37:00.023333,766,54.239.26.255,443,3.0,0,1,1,23,1,expected
2018-11-25 19:37:00.031121,172,52.94.229.122,443,3.0,0,1,1,23,1,expected
2018-11-25 19:37:00.059406,172,52.94.229.122,443,3.0,0,1,1,23,1,expected
2018-11-25 19:37:00.072951,172,52.94.229.122,443,3.0,0,1,1,23,1,expected
2018-11-25 19:37:00.076238,85,54.239.26.255,443,3.0,0,1,1,21,1,handshake
2018-11-25 19:37:00.076514,54,54.239.26.255,443,1.0,144,1,1,,1,ack
2018-11-25 19:37:00.093904,172,52.94.229.122,443,3.0,0,1,1,23,1,expected
2018-11-25 19:37:00.108367,172,52.94.229.122,443,3.0,0,1,1,23,1,expected
2018-11-25 19:37:00.117722,54,54.239.26.255,443,1.0,41,1,1,,1,ack
2018-11-25 19:37:00.143049,172,52.94.229.122,443,3.0,0,1,1,23,1,expected
2018-11-25 19:37:00.157060,172,52.94.229.122,443,3.0,0,1,1,23,1,expected
2018-11-25 19:37:00.171270,172,52.94.229.122,443,3.0,0,1,1,23,1,expected
2018-11-25 19:37:00.185139,172,52.94.229.122,443,3.0,0,1,1,23,1,expected
2018-11-25 19:37:00.220009,172,52.94.229.122,443,3.0,0,1,1,23,1,expected
2018-11-25 19:37:00.234115,172,52.94.229.122,443,3.0,0,1,1,23,1,expected
2018-11-25 19:37:00.255884,172,52.94.229.122,443,3.0,0,1,1,23,1,expected
2018-11-25 19:37:00.269091,172,52.94.229.122,443,3.0,0,1,1,23,1,expected
2018-11-25 19:37:00.300362,172,52.94.229.122,443,3.0,0,1,1,23,1,expected
2018-11-25 19:37:00.318352,286,52.94.229.122,443,3.0,0,1,1,23,1,expected
2018-11-25 19:37:00.319053,190,52.94.229.122,443,3.0,0,1,1,23,1,expected
2018-11-25 19:37:00.320827,1514,52.94.229.122,443,1.0,331,1,1,,1,not_relevant
2018-11-25 19:37:00.320867,854,52.94.229.122,443,3.0,0,1,1,23,1,expected
2018-11-25 19:37:00.320927,136,52.94.229.122,443,3.0,0,1,1,23,1,expected
2018-11-25 19:37:00.345729,328,52.94.229.122,443,3.0,0,1,1,23,1,expected
2018-11-25 19:37:00.346308,172,52.94.229.122,443,3.0,0,1,1,23,1,expected
2018-11-25 19:37:00.380917,172,52.94.229.122,443,3.0,0,1,1,23,1,expected
2018-11-25 19:37:00.394988,172,52.94.229.122,443,3.0,0,1,1,23,1,expected
2018-11-25 19:37:00.409542,172,52.94.229.122,443,3.0,0,1,1,23,1,expected
2018-11-25 19:37:00.451158,172,52.94.229.122,443,3.0,0,1,1,23,1,expected
2018-11-25 19:37:00.453795,54,52.94.229.122,443,1.0,132,1,1,,1,ack
2018-11-25 19:37:00.458869,172,52.94.229.122,443,3.0,0,1,1,23,1,expected
2018-11-25 19:37:00.478469,172,52.94.229.122,443,3.0,0,1,1,23,1,expected
2018-11-25 19:37:00.492092,172,52.94.229.122,443,3.0,0,1,1,23,1,expected
2018-11-25 19:37:00.505985,172,52.94.229.122,443,3.0,0,1,1,23,1,expected
2018-11-25 19:37:00.541094,172,52.94.229.122,443,3.0,0,1,1,23,1,expected
2018-11-25 19:37:00.555017,172,52.94.229.122,443,3.0,0,1,1,23,1,expected
2018-11-25 19:37:00.568891,172,52.94.229.122,443,3.0,0,1,1,23,1,expected
2018-11-25 19:37:00.590242,172,52.94.229.122,443,3.0,0,1,1,23,1,expected
2018-11-25 19:37:00.618626,172,52.94.229.122,443,3.0,0,1,1,23,1,expected
2018-11-25 19:37:00.639001,172,52.94.229.122,443,3.0,0,1,1,23,1,expected
2018-11-25 19:37:00.654130,172,52.94.229.122,443,3.0,0,1,1,23,1,expected
2018-11-25 19:37:00.667717,172,52.94.229.122,443,3.0,0,1,1,23,1,expected
2018-11-25 19:37:00.700831,172,52.94.229.122,443,3.0,0,1,1,23,1,expected
2018-11-25 19:37:00.715494,172,52.94.229.122,443,3.0,0,1,1,23,1,expected
2018-11-25 19:37:00.729052,172,52.94.229.122,443,3.0,0,1,1,23,1,expected
2018-11-25 19:37:00.749908,172,52.94.229.122,443,3.0,0,1,1,23,1,expected
2018-11-25 19:37:00.780441,172,52.94.229.122,443,3.0,0,1,1,23,1,expected
2018-11-25 19:37:00.799193,172,52.94.229.122,443,3.0,0,1,1,23,1,expected
2018-11-25 19:37:00.813066,172,52.94.229.122,443,3.0,0,1,1,23,1,expected
2018-11-25 19:37:00.827470,172,52.94.229.122,443,3.0,0,1,1,23,1,expected
2018-11-25 19:37:00.861914,172,52.94.229.122,443,3.0,0,1,1,23,1,expected
2018-11-25 19:37:00.875936,172,52.94.229.122,443,3.0,0,1,1,23,1,expected
2018-11-25 19:37:00.890455,172,52.94.229.122,443,3.0,0,1,1,23,1,expected
2018-11-25 19:37:00.910894,172,52.94.229.122,443,3.0,0,1,1,23,1,expected
2018-11-25 19:37:00.939187,172,52.94.229.122,443,3.0,0,1,1,23,1,expected
2018-11-25 19:37:00.953083,172,52.94.229.122,443,3.0,0,1,1,23,1,expected
2018-11-25 19:37:00.973736,172,52.94.229.122,443,3.0,0,1,1,23,1,expected
2018-11-25 19:37:00.987840,172,52.94.229.122,443,3.0,0,1,1,23,1,expected
2018-11-25 19:37:01.025254,172,52.94.229.122,443,3.0,0,1,1,23,1,expected
2018-11-25 19:37:01.037373,172,52.94.229.122,443,3.0,0,1,1,23,1,expected
2018-11-25 19:37:01.051082,172,52.94.229.122,443,3.0,0,1,1,23,1,expected
2018-11-25 19:37:01.065152,172,52.94.229.122,443,3.0,0,1,1,23,1,expected
2018-11-25 19:37:01.100024,172,52.94.229.122,443,3.0,0,1,1,23,1,expected
2018-11-25 19:37:01.114016,172,52.94.229.122,443,3.0,0,1,1,23,1,expected
2018-11-25 19:37:01.145634,172,52.94.229.122,443,3.0,0,1,1,23,1,expected
2018-11-25 19:37:01.149284,172,52.94.229.122,443,3.0,0,1,1,23,1,expected
2018-11-25 19:37:01.177281,172,52.94.229.122,443,3.0,0,1,1,23,1,expected
2018-11-25 19:37:01.198213,172,52.94.229.122,443,3.0,0,1,1,23,1,expected
2018-11-25 19:37:01.211956,172,52.94.229.122,443,3.0,0,1,1,23,1,expected
2018-11-25 19:37:01.225947,172,52.94.229.122,443,3.0,0,1,1,23,1,expected
2018-11-25 19:37:01.261199,172,52.94.229.122,443,3.0,0,1,1,23,1,expected
2018-11-25 19:37:01.274094,172,52.94.229.122,443,3.0,0,1,1,23,1,expected
2018-11-25 19:37:01.294801,172,52.94.229.122,443,3.0,0,1,1,23,1,expected
2018-11-25 19:37:01.309132,172,52.94.229.122,443,3.0,0,1,1,23,1,expected
2018-11-25 19:37:01.336843,172,52.94.229.122,443,3.0,0,1,1,23,1,expected
2018-11-25 19:37:01.358030,172,52.94.229.122,443,3.0,0,1,1,23,1,expected
2018-11-25 19:37:01.372241,172,52.94.229.122,443,3.0,0,1,1,23,1,expected
2018-11-25 19:37:01.386196,172,52.94.229.122,443,3.0,0,1,1,23,1,expected
2018-11-25 19:37:01.421030,172,52.94.229.122,443,3.0,0,1,1,23,1,expected
2018-11-25 19:37:01.435302,172,52.94.229.122,443,3.0,0,1,1,23,1,expected
2018-11-25 19:37:01.449551,172,52.94.229.122,443,3.0,0,1,1,23,1,expected
2018-11-25 19:37:01.470114,172,52.94.229.122,443,3.0,0,1,1,23,1,expected
2018-11-25 19:37:01.498536,172,52.94.229.122,443,3.0,0,1,1,23,1,expected
2018-11-25 19:37:01.519387,172,52.94.229.122,443,3.0,0,1,1,23,1,expected
2018-11-25 19:37:01.533134,172,52.94.229.122,443,3.0,0,1,1,23,1,expected
2018-11-25 19:37:01.547940,172,52.94.229.122,443,3.0,0,1,1,23,1,expected
2018-11-25 19:37:01.581837,172,52.94.229.122,443,3.0,0,1,1,23,1,expected
2018-11-25 19:37:01.595957,172,52.94.229.122,443,3.0,0,1,1,23,1,expected
2018-11-25 19:37:01.610244,172,52.94.229.122,443,3.0,0,1,1,23,1,expected
2018-11-25 19:37:01.630858,172,52.94.229.122,443,3.0,0,1,1,23,1,expected
2018-11-25 19:37:01.657821,172,52.94.229.122,443,3.0,0,1,1,23,1,expected
2018-11-25 19:37:01.679326,172,52.94.229.122,443,3.0,0,1,1,23,1,expected
2018-11-25 19:37:01.693097,172,52.94.229.122,443,3.0,0,1,1,23,1,expected
2018-11-25 19:37:01.707006,172,52.94.229.122,443,3.0,0,1,1,23,1,expected
2018-11-25 19:37:01.742280,172,52.94.229.122,443,3.0,0,1,1,23,1,expected
2018-11-25 19:37:01.755867,172,52.94.229.122,443,3.0,0,1,1,23,1,expected
2018-11-25 19:37:01.770014,172,52.94.229.122,443,3.0,0,1,1,23,1,expected
2018-11-25 19:37:01.793252,172,52.94.229.122,443,3.0,0,1,1,23,1,expected
2018-11-25 19:37:01.850984,172,52.94.229.122,443,3.0,0,1,1,23,1,expected
2018-11-25 19:37:01.851125,172,52.94.229.122,443,3.0,0,1,1,23,1,expected
2018-11-25 19:37:01.854371,172,52.94.229.122,443,3.0,0,1,1,23,1,expected
2018-11-25 19:37:01.868099,172,52.94.229.122,443,3.0,0,1,1,23,1,expected
2018-11-25 19:37:01.902937,172,52.94.229.122,443,3.0,0,1,1,23,1,expected
2018-11-25 19:37:01.917928,172,52.94.229.122,443,3.0,0,1,1,23,1,expected
2018-11-25 19:37:01.931257,172,52.94.229.122,443,3.0,0,1,1,23,1,expected
2018-11-25 19:37:01.944582,172,52.94.229.122,443,3.0,0,1,1,23,1,expected
2018-11-25 19:37:01.980079,172,52.94.229.122,443,3.0,0,1,1,23,1,expected
2018-11-25 19:37:01.994768,172,52.94.229.122,443,3.0,0,1,1,23,1,expected
2018-11-25 19:37:02.014206,172,52.94.229.122,443,3.0,0,1,1,23,1,expected
2018-11-25 19:37:02.028306,172,52.94.229.122,443,3.0,0,1,1,23,1,expected
2018-11-25 19:37:02.062901,172,52.94.229.122,443,3.0,0,1,1,23,1,expected
2018-11-25 19:37:02.077025,172,52.94.229.122,443,3.0,0,1,1,23,1,expected
2018-11-25 19:37:02.091285,172,52.94.229.122,443,3.0,0,1,1,23,1,expected
2018-11-25 19:37:02.105204,172,52.94.229.122,443,3.0,0,1,1,23,1,expected
2018-11-25 19:37:02.140259,172,52.94.229.122,443,3.0,0,1,1,23,1,expected
2018-11-25 19:37:02.154692,172,52.94.229.122,443,3.0,0,1,1,23,1,expected
2018-11-25 19:37:02.175189,172,52.94.229.122,443,3.0,0,1,1,23,1,expected
2018-11-25 19:37:02.189159,172,52.94.229.122,443,3.0,0,1,1,23,1,expected
2018-11-25 19:37:02.217613,172,52.94.229.122,443,3.0,0,1,1,23,1,expected
2018-11-25 19:37:02.237980,172,52.94.229.122,443,3.0,0,1,1,23,1,expected
2018-11-25 19:37:02.251842,172,52.94.229.122,443,3.0,0,1,1,23,1,expected
2018-11-25 19:37:02.266938,172,52.94.229.122,443,3.0,0,1,1,23,1,expected
2018-11-25 19:37:02.302092,172,52.94.229.122,443,3.0,0,1,1,23,1,expected
2018-11-25 19:37:02.314973,172,52.94.229.122,443,3.0,0,1,1,23,1,expected
2018-11-25 19:37:02.329476,172,52.94.229.122,443,3.0,0,1,1,23,1,expected
2018-11-25 19:37:02.350176,172,52.94.229.122,443,3.0,0,1,1,23,1,expected
2018-11-25 19:37:02.378336,172,52.94.229.122,443,3.0,0,1,1,23,1,expected
2018-11-25 19:37:02.399519,172,52.94.229.122,443,3.0,0,1,1,23,1,expected
2018-11-25 19:37:02.413031,172,52.94.229.122,443,3.0,0,1,1,23,1,expected
2018-11-25 19:37:02.427387,172,52.94.229.122,443,3.0,0,1,1,23,1,expected
2018-11-25 19:37:02.462641,172,52.94.229.122,443,3.0,0,1,1,23,1,expected
2018-11-25 19:37:02.476045,172,52.94.229.122,443,3.0,0,1,1,23,1,expected
2018-11-25 19:37:02.490042,172,52.94.229.122,443,3.0,0,1,1,23,1,expected
2018-11-25 19:37:02.511341,172,52.94.229.122,443,3.0,0,1,1,23,1,expected
2018-11-25 19:37:02.551351,172,52.94.229.122,443,3.0,0,1,1,23,1,expected
2018-11-25 19:37:02.553231,172,52.94.229.122,443,3.0,0,1,1,23,1,expected
2018-11-25 19:37:02.574385,172,52.94.229.122,443,3.0,0,1,1,23,1,expected
2018-11-25 19:37:02.595779,172,52.94.229.122,443,3.0,0,1,1,23,1,expected
2018-11-25 19:37:02.604703,136,52.94.229.122,443,3.0,0,1,1,23,1,expected
2018-11-25 19:37:02.605286,92,52.94.229.122,443,3.0,0,1,1,23,1,expected
2018-11-25 19:37:02.637123,74,54.239.26.255,443,1.0,766764,0,1,,1,retransmit
2018-11-25 19:37:02.645245,54,52.94.229.122,443,1.0,2191,1,1,,1,ack
2018-11-25 19:37:02.680794,54,54.239.26.255,443,1.0,43,1,1,,1,ack
2018-11-25 19:37:02.686828,312,54.239.26.255,443,3.0,0,1,1,22,1,handshake
2018-11-25 19:37:02.727299,54,54.239.26.255,443,1.0,46,1,1,,1,ack
2018-11-25 19:37:02.727723,105,54.239.26.255,443,3.0,0,1,1,20,1,handshake
2018-11-25 19:37:02.818310,811,54.239.26.255,443,3.0,0,1,1,23,1,expected
2018-11-25 19:37:02.879299,85,54.239.26.255,443,3.0,0,1,1,21,1,handshake
2018-11-25 19:37:02.879617,54,54.239.26.255,443,1.0,152,1,1,,1,ack
2018-11-25 19:37:02.924870,54,54.239.26.255,443,1.0,45,1,1,,1,ack
2018-11-25 19:37:03.015968,54,52.94.229.122,443,1.0,370,1,1,,1,ack
2018-11-25 19:37:03.018767,54,52.94.229.122,443,1.0,2,1,1,,1,ack
2018-11-25 19:37:03.018920,54,52.94.229.122,443,1.0,0,1,1,,1,ack
2018-11-25 19:37:03.018995,54,52.94.229.122,443,1.0,0,1,1,,1,ack
2018-11-25 19:37:03.020465,54,52.94.229.122,443,1.0,1,1,1,,1,ack
2018-11-25 19:37:03.020622,54,52.94.229.122,443,1.0,0,1,1,,1,ack
2018-11-25 19:37:03.020711,54,52.94.229.122,443,1.0,0,1,1,,1,ack
2018-11-25 19:37:03.022148,54,52.94.229.122,443,1.0,1,1,1,,1,ack
2018-11-25 19:37:03.022222,54,52.94.229.122,443,1.0,0,1,1,,1,ack
2018-11-25 19:37:03.022458,54,52.94.229.122,443,1.0,0,1,1,,1,ack
2018-11-25 19:37:03.070550,54,52.94.229.122,443,1.0,48,1,1,,1,ack
2018-11-25 19:37:03.071758,54,52.94.229.122,443,1.0,1,1,1,,1,ack
2018-11-25 19:37:03.073467,54,52.94.229.122,443,1.0,1,1,1,,1,ack
2018-11-25 19:37:03.073942,54,52.94.229.122,443,1.0,0,1,1,,1,ack
2018-11-25 19:37:03.074150,54,52.94.229.122,443,1.0,0,1,1,,1,ack
2018-11-25 19:37:03.074291,54,52.94.229.122,443,1.0,0,1,1,,1,ack
2018-11-25 19:37:03.077336,54,52.94.229.122,443,1.0,3,1,1,,1,ack
2018-11-25 19:37:03.078836,54,52.94.229.122,443,1.0,1,1,1,,1,ack
2018-11-25 19:37:03.079871,54,52.94.229.122,443,1.0,1,1,1,,1,ack
2018-11-25 19:37:03.081388,54,52.94.229.122,443,1.0,1,1,1,,1,ack
2018-11-25 19:37:03.082171,54,52.94.229.122,443,1.0,0,1,1,,1,ack
2018-11-25 19:37:03.087946,74,54.239.26.255,443,1.0,764836,0,1,,1,retransmit
2018-11-25 19:37:03.117413,54,52.94.229.122,443,1.0,35,1,1,,1,ack
2018-11-25 19:37:03.121101,96,52.94.229.122,443,3.0,0,1,1,23,1,expected
2018-11-25 19:37:03.130887,54,54.239.26.255,443,1.0,42,1,1,,1,ack
2018-11-25 19:37:03.132505,312,54.239.26.255,443,3.0,0,1,1,22,1,handshake
2018-11-25 19:37:03.184083,285,52.94.229.122,443,3.0,0,1,1,23,1,expected
2018-11-25 19:37:03.184175,54,54.239.26.255,443,1.0,53,1,1,,1,ack
2018-11-25 19:37:03.186509,190,52.94.229.122,443,3.0,0,1,1,23,1,expected
2018-11-25 19:37:03.186698,105,54.239.26.255,443,3.0,0,1,1,20,1,handshake
2018-11-25 19:37:03.188886,1514,52.94.229.122,443,1.0,71,1,1,,1,not_relevant
2018-11-25 19:37:03.200706,850,52.94.229.122,443,3.0,0,1,1,23,1,expected
2018-11-25 19:37:03.200896,136,52.94.229.122,443,3.0,0,1,1,23,1,expected
2018-11-25 19:37:03.202459,92,52.94.229.122,443,3.0,0,1,1,23,1,expected
2018-11-25 19:37:03.277859,787,54.239.26.255,443,3.0,0,1,1,23,1,expected
2018-11-25 19:37:03.328983,85,54.239.26.255,443,3.0,0,1,1,21,1,handshake
2018-11-25 19:37:03.329139,54,54.239.26.255,443,1.0,144,1,1,,1,ack
2018-11-25 19:37:03.343191,54,52.94.229.122,443,1.0,154,1,1,,1,ack
2018-11-25 19:37:03.373101,54,54.239.26.255,443,1.0,43,1,1,,1,ack
2018-11-25 19:37:03.393997,287,52.94.229.122,443,3.0,0,1,1,23,1,expected
2018-11-25 19:37:03.394683,190,52.94.229.122,443,3.0,0,1,1,23,1,expected
2018-11-25 19:37:03.396114,1514,52.94.229.122,443,1.0,52,1,1,,1,not_relevant
2018-11-25 19:37:03.396456,855,52.94.229.122,443,3.0,0,1,1,23,1,expected
2018-11-25 19:37:03.396478,136,52.94.229.122,443,3.0,0,1,1,23,1,expected
2018-11-25 19:37:03.396793,92,52.94.229.122,443,3.0,0,1,1,23,1,expected
2018-11-25 19:37:03.446817,288,52.94.229.122,443,3.0,0,1,1,23,1,expected
2018-11-25 19:37:03.447496,190,52.94.229.122,443,3.0,0,1,1,23,1,expected
2018-11-25 19:37:03.449226,1514,52.94.229.122,443,1.0,53,1,1,,1,not_relevant
2018-11-25 19:37:03.449248,851,52.94.229.122,443,3.0,0,1,1,23,1,expected
2018-11-25 19:37:03.449262,136,52.94.229.122,443,3.0,0,1,1,23,1,expected
2018-11-25 19:37:03.449483,92,52.94.229.122,443,3.0,0,1,1,23,1,expected
2018-11-25 19:37:03.502253,74,54.239.26.255,443,1.0,764794,0,1,,1,retransmit
2018-11-25 19:37:03.525365,54,52.94.229.122,443,1.0,76,1,1,,1,ack
2018-11-25 19:37:03.534100,54,52.94.229.122,443,1.0,8,1,1,,1,ack
2018-11-25 19:37:03.536598,54,52.94.229.122,443,1.0,2,1,1,,1,ack
2018-11-25 19:37:03.538025,54,52.94.229.122,443,1.0,1,1,1,,1,ack
2018-11-25 19:37:03.545281,54,54.239.26.255,443,1.0,43,1,1,,1,ack
2018-11-25 19:37:03.546987,312,54.239.26.255,443,3.0,0,1,1,22,1,handshake
2018-11-25 19:37:03.566241,54,52.94.229.122,443,1.0,28,1,1,,1,ack
2018-11-25 19:37:03.568321,54,52.94.229.122,443,1.0,2,1,1,,1,ack
2018-11-25 19:37:03.592417,54,54.239.26.255,443,1.0,47,1,1,,1,ack
2018-11-25 19:37:03.592927,105,54.239.26.255,443,3.0,0,1,1,20,1,handshake
2018-11-25 19:37:03.684230,795,54.239.26.255,443,3.0,0,1,1,23,1,expected
2018-11-25 19:37:03.737903,85,54.239.26.255,443,3.0,0,1,1,21,1,handshake
2018-11-25 19:37:03.738109,54,54.239.26.255,443,1.0,145,1,1,,1,ack
2018-11-25 19:37:03.785046,54,54.239.26.255,443,1.0,46,1,1,,1,ack
2018-11-25 19:37:09.511165,286,52.94.229.122,443,3.0,0,1,1,23,1,expected
2018-11-25 19:37:09.547730,190,52.94.229.122,443,3.0,0,1,1,23,1,expected
2018-11-25 19:37:09.548979,1514,52.94.229.122,443,1.0,5980,1,1,,1,not_relevant
2018-11-25 19:37:09.549032,855,52.94.229.122,443,3.0,0,1,1,23,1,expected
2018-11-25 19:37:09.549062,136,52.94.229.122,443,3.0,0,1,1,23,1,expected
2018-11-25 19:37:09.549209,92,52.94.229.122,443,3.0,0,1,1,23,1,expected
2018-11-25 19:37:09.549356,284,52.94.229.122,443,3.0,0,1,1,23,1,expected
2018-11-25 19:37:09.555341,1514,52.94.229.122,443,3.0,0,1,1,23,1,expected
2018-11-25 19:37:09.597118,1514,52.94.229.122,443,1.0,48,1,1,,1,not_relevant
2018-11-25 19:37:09.598672,1111,52.94.229.122,443,3.0,0,1,1,23,1,expected
2018-11-25 19:37:09.703329,54,52.94.229.122,443,1.0,106,1,1,,1,ack
2018-11-25 19:37:09.711050,54,52.94.229.122,443,1.0,7,1,1,,1,ack
2018-11-25 19:37:09.932271,66,52.94.229.122,443,1.0,221,1,1,,1,ack
2018-11-25 19:37:10.003493,287,52.94.229.122,443,3.0,0,1,1,23,1,expected
2018-11-25 19:37:10.005707,190,52.94.229.122,443,3.0,0,1,1,23,1,expected
2018-11-25 19:37:10.007396,1514,52.94.229.122,443,1.0,75,1,1,,1,not_relevant
2018-11-25 19:37:10.014949,970,52.94.229.122,443,3.0,0,1,1,23,1,expected
2018-11-25 19:37:10.061247,54,52.94.229.122,443,1.0,53,1,1,,1,ack
2018-11-25 19:37:10.149517,54,52.94.229.122,443,1.0,88,1,1,,1,ack
2018-11-25 19:37:10.149688,54,52.94.229.122,443,1.0,0,1,1,,1,ack
2018-11-25 19:37:17.899790,54,52.94.229.122,443,1.0,7750,1,1,,1,ack
2018-11-25 19:37:17.904586,100,52.94.229.122,443,3.0,0,1,1,23,1,syn
