2018-11-27 03:46:11.709936,100,52.94.235.50,443,3.0,0,1,1,23,1,syn
2018-11-27 03:46:23.468586,287,52.94.235.50,443,3.0,0,1,1,23,1,expected
2018-11-27 03:46:23.468849,190,52.94.235.50,443,3.0,0,1,1,23,1,expected
2018-11-27 03:46:23.482991,1514,52.94.235.50,443,1.0,3659907407,1,1,,1,not_relevant
2018-11-27 03:46:23.483017,1514,52.94.235.50,443,1.0,0,1,1,,1,not_relevant
2018-11-27 03:46:23.483034,703,52.94.235.50,443,3.0,0,1,1,23,1,expected
2018-11-27 03:46:23.505761,74,54.239.26.255,443,1.0,3660079341,0,1,,1,retransmit
2018-11-27 03:46:23.512227,1514,52.94.235.50,443,3.0,0,1,1,23,1,expected
2018-11-27 03:46:23.512560,1514,52.94.235.50,443,3.0,0,1,1,23,1,expected
2018-11-27 03:46:23.526359,1514,52.94.235.50,443,1.0,43,1,1,,1,not_relevant
2018-11-27 03:46:23.529533,1514,52.94.235.50,443,1.0,3,1,1,,1,not_relevant
2018-11-27 03:46:23.529900,1475,52.94.235.50,443,3.0,0,1,1,23,1,expected
2018-11-27 03:46:23.547206,54,54.239.26.255,443,1.0,41,1,1,,1,ack
2018-11-27 03:46:23.551020,312,54.239.26.255,443,3.0,0,1,1,22,1,handshake
2018-11-27 03:46:23.554110,1514,52.94.235.50,443,1.0,24,1,1,,1,not_relevant
2018-11-27 03:46:23.562108,1514,52.94.235.50,443,1.0,7,1,1,,1,not_relevant
2018-11-27 03:46:23.568338,1514,52.94.235.50,443,1.0,6,1,1,,1,not_relevant
2018-11-27 03:46:23.576858,210,52.94.235.50,443,3.0,0,1,1,23,1,expected
2018-11-27 03:46:23.577082,172,52.94.235.50,443,3.0,0,1,1,23,1,expected
2018-11-27 03:46:23.593965,172,52.94.235.50,443,3.0,0,1,1,23,1,expected
2018-11-27 03:46:23.594410,54,54.239.26.255,443,1.0,47,1,1,,1,ack
2018-11-27 03:46:23.595008,105,54.239.26.255,443,3.0,0,1,1,20,1,handshake
2018-11-27 03:46:23.612003,172,52.94.235.50,443,3.0,0,1,1,23,1,expected
2018-11-27 03:46:23.624866,172,52.94.235.50,443,3.0,0,1,1,23,1,expected
2018-11-27 03:46:23.660035,172,52.94.235.50,443,3.0,0,1,1,23,1,expected
2018-11-27 03:46:23.660900,54,52.94.235.50,443,1.0,92,1,1,,1,ack
2018-11-27 03:46:23.673579,172,52.94.235.50,443,3.0,0,1,1,23,1,expected
2018-11-27 03:46:23.688087,172,52.94.235.50,443,3.0,0,1,1,23,1,expected
2018-11-27 03:46:23.689841,765,54.239.26.255,443,3.0,0,1,1,23,1,expected
2018-11-27 03:46:23.708888,172,52.94.235.50,443,3.0,0,1,1,23,1,expected
2018-11-27 03:46:23.736459,172,52.94.235.50,443,3.0,0,1,1,23,1,expected
2018-11-27 03:46:23.741539,85,54.239.26.255,443,3.0,0,1,1,21,1,handshake
2018-11-27 03:46:23.741725,54,54.239.26.255,443,1.0,147,1,1,,1,ack
2018-11-27 03:46:23.750288,172,52.94.235.50,443,3.0,0,1,1,23,1,expected
2018-11-27 03:46:23.771699,172,52.94.235.50,443,3.0,0,1,1,23,1,expected
2018-11-27 03:46:23.780966,54,54.239.26.255,443,1.0,39,1,1,,1,ack
2018-11-27 03:46:23.785379,172,52.94.235.50,443,3.0,0,1,1,23,1,expected
2018-11-27 03:46:23.822644,172,52.94.235.50,443,3.0,0,1,1,23,1,expected
2018-11-27 03:46:23.834565,172,52.94.235.50,443,3.0,0,1,1,23,1,expected
2018-11-27 03:46:23.848408,172,52.94.235.50,443,3.0,0,1,1,23,1,expected
2018-11-27 03:46:23.862397,172,52.94.235.50,443,3.0,0,1,1,23,1,expected
2018-11-27 03:46:23.897276,172,52.94.235.50,443,3.0,0,1,1,23,1,expected
2018-11-27 03:46:23.911329,172,52.94.235.50,443,3.0,0,1,1,23,1,expected
2018-11-27 03:46:23.949329,172,52.94.235.50,443,3.0,0,1,1,23,1,expected
2018-11-27 03:46:23.949503,172,52.94.235.50,443,3.0,0,1,1,23,1,expected
2018-11-27 03:46:23.954131,287,52.94.235.50,443,3.0,0,1,1,23,1,expected
2018-11-27 03:46:23.960039,190,52.94.235.50,443,3.0,0,1,1,23,1,expected
2018-11-27 03:46:23.989705,1514,52.94.235.50,443,1.0,328,1,1,,1,not_relevant
2018-11-27 03:46:23.991205,1514,52.94.235.50,443,1.0,1,1,1,,1,not_relevant
2018-11-27 03:46:23.995919,762,52.94.235.50,443,3.0,0,1,1,23,1,expected
2018-11-27 03:46:24.009949,172,52.94.235.50,443,3.0,0,1,1,23,1,expected
2018-11-27 03:46:24.023759,172,52.94.235.50,443,3.0,0,1,1,23,1,expected
2018-11-27 03:46:24.062048,172,52.94.235.50,443,3.0,0,1,1,23,1,expected
2018-11-27 03:46:24.082048,172,52.94.235.50,443,3.0,0,1,1,23,1,expected
2018-11-27 03:46:24.087579,172,52.94.235.50,443,3.0,0,1,1,23,1,expected
2018-11-27 03:46:24.108037,172,52.94.235.50,443,3.0,0,1,1,23,1,expected
2018-11-27 03:46:24.138072,172,52.94.235.50,443,3.0,0,1,1,23,1,expected
2018-11-27 03:46:24.150092,172,52.94.235.50,443,3.0,0,1,1,23,1,expected
2018-11-27 03:46:24.170344,172,52.94.235.50,443,3.0,0,1,1,23,1,expected
2018-11-27 03:46:24.184602,172,52.94.235.50,443,3.0,0,1,1,23,1,expected
2018-11-27 03:46:24.219501,172,52.94.235.50,443,3.0,0,1,1,23,1,expected
2018-11-27 03:46:24.233176,172,52.94.235.50,443,3.0,0,1,1,23,1,expected
2018-11-27 03:46:24.247685,172,52.94.235.50,443,3.0,0,1,1,23,1,expected
2018-11-27 03:46:24.268462,172,52.94.235.50,443,3.0,0,1,1,23,1,expected
2018-11-27 03:46:24.296972,172,52.94.235.50,443,3.0,0,1,1,23,1,expected
2018-11-27 03:46:24.310517,172,52.94.235.50,443,3.0,0,1,1,23,1,expected
2018-11-27 03:46:24.331067,172,52.94.235.50,443,3.0,0,1,1,23,1,expected
2018-11-27 03:46:24.345147,172,52.94.235.50,443,3.0,0,1,1,23,1,expected
2018-11-27 03:46:24.380921,172,52.94.235.50,443,3.0,0,1,1,23,1,expected
2018-11-27 03:46:24.395294,172,52.94.235.50,443,3.0,0,1,1,23,1,expected
2018-11-27 03:46:24.408761,172,52.94.235.50,443,3.0,0,1,1,23,1,expected
2018-11-27 03:46:24.422620,172,52.94.235.50,443,3.0,0,1,1,23,1,expected
2018-11-27 03:46:24.457504,172,52.94.235.50,443,3.0,0,1,1,23,1,expected
2018-11-27 03:46:24.471397,172,52.94.235.50,443,3.0,0,1,1,23,1,expected
2018-11-27 03:46:24.493026,172,52.94.235.50,443,3.0,0,1,1,23,1,expected
2018-11-27 03:46:24.507239,172,52.94.235.50,443,3.0,0,1,1,23,1,expected
2018-11-27 03:46:24.535121,172,52.94.235.50,443,3.0,0,1,1,23,1,expected
2018-11-27 03:46:24.555708,172,52.94.235.50,443,3.0,0,1,1,23,1,expected
2018-11-27 03:46:24.569750,172,52.94.235.50,443,3.0,0,1,1,23,1,expected
2018-11-27 03:46:24.583103,172,52.94.235.50,443,3.0,0,1,1,23,1,expected
2018-11-27 03:46:24.643876,172,52.94.235.50,443,3.0,0,1,1,23,1,expected
2018-11-27 03:46:24.644029,172,52.94.235.50,443,3.0,0,1,1,23,1,expected
2018-11-27 03:46:24.646091,172,52.94.235.50,443,3.0,0,1,1,23,1,expected
2018-11-27 03:46:24.667646,172,52.94.235.50,443,3.0,0,1,1,23,1,expected
2018-11-27 03:46:24.694260,172,52.94.235.50,443,3.0,0,1,1,23,1,expected
2018-11-27 03:46:24.715290,172,52.94.235.50,443,3.0,0,1,1,23,1,expected
2018-11-27 03:46:24.729557,172,52.94.235.50,443,3.0,0,1,1,23,1,expected
2018-11-27 03:46:24.743427,172,52.94.235.50,443,3.0,0,1,1,23,1,expected
2018-11-27 03:46:24.778747,172,52.94.235.50,443,3.0,0,1,1,23,1,expected
2018-11-27 03:46:24.792680,172,52.94.235.50,443,3.0,0,1,1,23,1,expected
2018-11-27 03:46:24.807068,172,52.94.235.50,443,3.0,0,1,1,23,1,expected
2018-11-27 03:46:24.827386,172,52.94.235.50,443,3.0,0,1,1,23,1,expected
2018-11-27 03:46:24.857101,172,52.94.235.50,443,3.0,0,1,1,23,1,expected
2018-11-27 03:46:24.974091,172,52.94.235.50,443,3.0,0,1,1,23,1,expected
2018-11-27 03:46:24.974288,172,52.94.235.50,443,3.0,0,1,1,23,1,expected
2018-11-27 03:46:24.974397,172,52.94.235.50,443,3.0,0,1,1,23,1,expected
2018-11-27 03:46:24.974486,172,52.94.235.50,443,3.0,0,1,1,23,1,expected
2018-11-27 03:46:24.974575,172,52.94.235.50,443,3.0,0,1,1,23,1,expected
2018-11-27 03:46:24.974710,172,52.94.235.50,443,3.0,0,1,1,23,1,expected
2018-11-27 03:46:25.117734,644,52.94.235.50,443,3.0,0,1,1,23,1,expected
2018-11-27 03:46:25.118156,172,52.94.235.50,443,3.0,0,1,1,23,1,expected
2018-11-27 03:46:25.118312,172,52.94.235.50,443,3.0,0,1,1,23,1,expected
2018-11-27 03:46:25.128435,172,52.94.235.50,443,3.0,0,1,1,23,1,expected
2018-11-27 03:46:25.142727,172,52.94.235.50,443,3.0,0,1,1,23,1,expected
2018-11-27 03:46:25.180370,172,52.94.235.50,443,3.0,0,1,1,23,1,expected
2018-11-27 03:46:25.241694,408,52.94.235.50,443,3.0,0,1,1,23,1,expected
2018-11-27 03:46:25.254663,172,52.94.235.50,443,3.0,0,1,1,23,1,expected
2018-11-27 03:46:25.275553,172,52.94.235.50,443,3.0,0,1,1,23,1,expected
2018-11-27 03:46:25.292389,172,52.94.235.50,443,3.0,0,1,1,23,1,expected
2018-11-27 03:46:25.303110,172,52.94.235.50,443,3.0,0,1,1,23,1,expected
2018-11-27 03:46:25.354908,172,52.94.235.50,443,3.0,0,1,1,23,1,expected
2018-11-27 03:46:25.355033,172,52.94.235.50,443,3.0,0,1,1,23,1,expected
2018-11-27 03:46:25.376993,172,52.94.235.50,443,3.0,0,1,1,23,1,expected
2018-11-27 03:46:25.421828,172,52.94.235.50,443,3.0,0,1,1,23,1,expected
2018-11-27 03:46:25.422899,172,52.94.235.50,443,3.0,0,1,1,23,1,expected
2018-11-27 03:46:25.433858,172,52.94.235.50,443,3.0,0,1,1,23,1,expected
2018-11-27 03:46:25.448826,172,52.94.235.50,443,3.0,0,1,1,23,1,expected
2018-11-27 03:46:25.557987,172,52.94.235.50,443,3.0,0,1,1,23,1,expected
2018-11-27 03:46:25.560417,172,52.94.235.50,443,3.0,0,1,1,23,1,expected
2018-11-27 03:46:25.562809,408,52.94.235.50,443,3.0,0,1,1,23,1,expected
2018-11-27 03:46:25.582359,172,52.94.235.50,443,3.0,0,1,1,23,1,expected
2018-11-27 03:46:25.594440,172,52.94.235.50,443,3.0,0,1,1,23,1,expected
2018-11-27 03:46:25.609360,172,52.94.235.50,443,3.0,0,1,1,23,1,expected
2018-11-27 03:46:25.624976,172,52.94.235.50,443,3.0,0,1,1,23,1,expected
2018-11-27 03:46:25.657911,172,52.94.235.50,443,3.0,0,1,1,23,1,expected
2018-11-27 03:46:25.671936,172,52.94.235.50,443,3.0,0,1,1,23,1,expected
2018-11-27 03:46:25.692884,172,52.94.235.50,443,3.0,0,1,1,23,1,expected
2018-11-27 03:46:25.706862,172,52.94.235.50,443,3.0,0,1,1,23,1,expected
2018-11-27 03:46:25.735833,172,52.94.235.50,443,3.0,0,1,1,23,1,expected
2018-11-27 03:46:25.755654,172,52.94.235.50,443,3.0,0,1,1,23,1,expected
2018-11-27 03:46:25.769549,172,52.94.235.50,443,3.0,0,1,1,23,1,expected
2018-11-27 03:46:25.783709,172,52.94.235.50,443,3.0,0,1,1,23,1,expected
2018-11-27 03:46:25.818516,172,52.94.235.50,443,3.0,0,1,1,23,1,expected
2018-11-27 03:46:25.832506,172,52.94.235.50,443,3.0,0,1,1,23,1,expected
2018-11-27 03:46:25.846767,172,52.94.235.50,443,3.0,0,1,1,23,1,expected
2018-11-27 03:46:25.867900,172,52.94.235.50,443,3.0,0,1,1,23,1,expected
2018-11-27 03:46:25.895486,172,52.94.235.50,443,3.0,0,1,1,23,1,expected
2018-11-27 03:46:25.916666,172,52.94.235.50,443,3.0,0,1,1,23,1,expected
2018-11-27 03:46:25.930765,172,52.94.235.50,443,3.0,0,1,1,23,1,expected
2018-11-27 03:46:25.944803,172,52.94.235.50,443,3.0,0,1,1,23,1,expected
2018-11-27 03:46:25.979075,172,52.94.235.50,443,3.0,0,1,1,23,1,expected
2018-11-27 03:46:25.993205,172,52.94.235.50,443,3.0,0,1,1,23,1,expected
2018-11-27 03:46:26.007159,172,52.94.235.50,443,3.0,0,1,1,23,1,expected
2018-11-27 03:46:26.049467,172,52.94.235.50,443,3.0,0,1,1,23,1,expected
2018-11-27 03:46:26.054189,172,52.94.235.50,443,3.0,0,1,1,23,1,expected
2018-11-27 03:46:26.075260,172,52.94.235.50,443,3.0,0,1,1,23,1,expected
2018-11-27 03:46:26.089099,172,52.94.235.50,443,3.0,0,1,1,23,1,expected
2018-11-27 03:46:26.103048,172,52.94.235.50,443,3.0,0,1,1,23,1,expected
2018-11-27 03:46:26.137372,172,52.94.235.50,443,3.0,0,1,1,23,1,expected
2018-11-27 03:46:26.151511,172,52.94.235.50,443,3.0,0,1,1,23,1,expected
2018-11-27 03:46:26.173298,172,52.94.235.50,443,3.0,0,1,1,23,1,expected
2018-11-27 03:46:26.185978,172,52.94.235.50,443,3.0,0,1,1,23,1,expected
2018-11-27 03:46:26.220710,172,52.94.235.50,443,3.0,0,1,1,23,1,expected
2018-11-27 03:46:26.234386,172,52.94.235.50,443,3.0,0,1,1,23,1,expected
2018-11-27 03:46:26.248525,172,52.94.235.50,443,3.0,0,1,1,23,1,expected
2018-11-27 03:46:26.263027,172,52.94.235.50,443,3.0,0,1,1,23,1,expected
2018-11-27 03:46:26.297860,172,52.94.235.50,443,3.0,0,1,1,23,1,expected
2018-11-27 03:46:26.310499,172,52.94.235.50,443,3.0,0,1,1,23,1,expected
2018-11-27 03:46:26.331434,172,52.94.235.50,443,3.0,0,1,1,23,1,expected
2018-11-27 03:46:26.346130,172,52.94.235.50,443,3.0,0,1,1,23,1,expected
2018-11-27 03:46:26.380638,172,52.94.235.50,443,3.0,0,1,1,23,1,expected
2018-11-27 03:46:26.394511,172,52.94.235.50,443,3.0,0,1,1,23,1,expected
2018-11-27 03:46:26.409252,172,52.94.235.50,443,3.0,0,1,1,23,1,expected
2018-11-27 03:46:26.422957,172,52.94.235.50,443,3.0,0,1,1,23,1,expected
2018-11-27 03:46:26.462878,172,52.94.235.50,443,3.0,0,1,1,23,1,expected
2018-11-27 03:46:26.472988,172,52.94.235.50,443,3.0,0,1,1,23,1,expected
2018-11-27 03:46:26.492645,172,52.94.235.50,443,3.0,0,1,1,23,1,expected
2018-11-27 03:46:26.506706,172,52.94.235.50,443,3.0,0,1,1,23,1,expected
2018-11-27 03:46:26.535138,172,52.94.235.50,443,3.0,0,1,1,23,1,expected
2018-11-27 03:46:26.555137,172,52.94.235.50,443,3.0,0,1,1,23,1,expected
2018-11-27 03:46:26.570318,172,52.94.235.50,443,3.0,0,1,1,23,1,expected
2018-11-27 03:46:26.583551,172,52.94.235.50,443,3.0,0,1,1,23,1,expected
2018-11-27 03:46:26.618113,172,52.94.235.50,443,3.0,0,1,1,23,1,expected
2018-11-27 03:46:26.632112,172,52.94.235.50,443,3.0,0,1,1,23,1,expected
2018-11-27 03:46:26.647125,172,52.94.235.50,443,3.0,0,1,1,23,1,expected
2018-11-27 03:46:26.667557,172,52.94.235.50,443,3.0,0,1,1,23,1,expected
2018-11-27 03:46:26.695690,172,52.94.235.50,443,3.0,0,1,1,23,1,expected
2018-11-27 03:46:26.716457,172,52.94.235.50,443,3.0,0,1,1,23,1,expected
2018-11-27 03:46:26.749256,172,52.94.235.50,443,3.0,0,1,1,23,1,expected
2018-11-27 03:46:26.749413,172,52.94.235.50,443,3.0,0,1,1,23,1,expected
2018-11-27 03:46:26.778422,172,52.94.235.50,443,3.0,0,1,1,23,1,expected
2018-11-27 03:46:26.792527,172,52.94.235.50,443,3.0,0,1,1,23,1,expected
2018-11-27 03:46:26.811310,172,52.94.235.50,443,3.0,0,1,1,23,1,expected
2018-11-27 03:46:26.831823,172,52.94.235.50,443,3.0,0,1,1,23,1,expected
2018-11-27 03:46:26.855947,172,52.94.235.50,443,3.0,0,1,1,23,1,expected
2018-11-27 03:46:26.876825,172,52.94.235.50,443,3.0,0,1,1,23,1,expected
2018-11-27 03:46:26.891094,172,52.94.235.50,443,3.0,0,1,1,23,1,expected
2018-11-27 03:46:26.904188,172,52.94.235.50,443,3.0,0,1,1,23,1,expected
2018-11-27 03:46:26.940938,172,52.94.235.50,443,3.0,0,1,1,23,1,expected
2018-11-27 03:46:26.954528,172,52.94.235.50,443,3.0,0,1,1,23,1,expected
2018-11-27 03:46:26.967239,172,52.94.235.50,443,3.0,0,1,1,23,1,expected
2018-11-27 03:46:26.989107,172,52.94.235.50,443,3.0,0,1,1,23,1,expected
2018-11-27 03:46:27.016453,172,52.94.235.50,443,3.0,0,1,1,23,1,expected
2018-11-27 03:46:27.030243,172,52.94.235.50,443,3.0,0,1,1,23,1,expected
2018-11-27 03:46:27.051313,172,52.94.235.50,443,3.0,0,1,1,23,1,expected
2018-11-27 03:46:27.067047,172,52.94.235.50,443,3.0,0,1,1,23,1,expected
2018-11-27 03:46:27.100474,172,52.94.235.50,443,3.0,0,1,1,23,1,expected
2018-11-27 03:46:27.114409,172,52.94.235.50,443,3.0,0,1,1,23,1,expected
2018-11-27 03:46:27.129094,172,52.94.235.50,443,3.0,0,1,1,23,1,expected
2018-11-27 03:46:27.142851,172,52.94.235.50,443,3.0,0,1,1,23,1,expected
2018-11-27 03:46:27.178000,172,52.94.235.50,443,3.0,0,1,1,23,1,expected
2018-11-27 03:46:27.191939,172,52.94.235.50,443,3.0,0,1,1,23,1,expected
2018-11-27 03:46:27.212858,172,52.94.235.50,443,3.0,0,1,1,23,1,expected
2018-11-27 03:46:27.226903,172,52.94.235.50,443,3.0,0,1,1,23,1,expected
2018-11-27 03:46:27.255122,172,52.94.235.50,443,3.0,0,1,1,23,1,expected
2018-11-27 03:46:27.276959,172,52.94.235.50,443,3.0,0,1,1,23,1,expected
2018-11-27 03:46:27.292627,172,52.94.235.50,443,3.0,0,1,1,23,1,expected
2018-11-27 03:46:27.306006,172,52.94.235.50,443,3.0,0,1,1,23,1,expected
2018-11-27 03:46:27.337391,172,52.94.235.50,443,3.0,0,1,1,23,1,expected
2018-11-27 03:46:27.351721,172,52.94.235.50,443,3.0,0,1,1,23,1,expected
2018-11-27 03:46:27.374071,172,52.94.235.50,443,3.0,0,1,1,23,1,expected
2018-11-27 03:46:27.386767,172,52.94.235.50,443,3.0,0,1,1,23,1,expected
2018-11-27 03:46:27.449263,172,52.94.235.50,443,3.0,0,1,1,23,1,expected
2018-11-27 03:46:27.449410,172,52.94.235.50,443,3.0,0,1,1,23,1,expected
2018-11-27 03:46:27.449890,172,52.94.235.50,443,3.0,0,1,1,23,1,expected
2018-11-27 03:46:27.465382,172,52.94.235.50,443,3.0,0,1,1,23,1,expected
2018-11-27 03:46:27.498501,172,52.94.235.50,443,3.0,0,1,1,23,1,expected
2018-11-27 03:46:27.512429,172,52.94.235.50,443,3.0,0,1,1,23,1,expected
2018-11-27 03:46:27.526545,172,52.94.235.50,443,3.0,0,1,1,23,1,expected
2018-11-27 03:46:27.548303,172,52.94.235.50,443,3.0,0,1,1,23,1,expected
2018-11-27 03:46:27.575547,172,52.94.235.50,443,3.0,0,1,1,23,1,expected
2018-11-27 03:46:27.596854,172,52.94.235.50,443,3.0,0,1,1,23,1,expected
2018-11-27 03:46:27.616506,172,52.94.235.50,443,3.0,0,1,1,23,1,expected
2018-11-27 03:46:27.616855,136,52.94.235.50,443,3.0,0,1,1,23,1,expected
2018-11-27 03:46:27.617968,92,52.94.235.50,443,3.0,0,1,1,23,1,expected
2018-11-27 03:46:27.664870,54,52.94.235.50,443,1.0,3673,1,1,,1,ack
2018-11-27 03:46:27.672904,74,54.239.26.255,443,1.0,3660080376,0,1,,1,retransmit
2018-11-27 03:46:27.715265,54,54.239.26.255,443,1.0,42,1,1,,1,ack
2018-11-27 03:46:27.722254,312,54.239.26.255,443,3.0,0,1,1,22,1,handshake
2018-11-27 03:46:27.766477,54,54.239.26.255,443,1.0,51,1,1,,1,ack
2018-11-27 03:46:27.772717,105,54.239.26.255,443,3.0,0,1,1,20,1,handshake
2018-11-27 03:46:27.863281,810,54.239.26.255,443,3.0,0,1,1,23,1,expected
2018-11-27 03:46:27.913239,85,54.239.26.255,443,3.0,0,1,1,21,1,handshake
2018-11-27 03:46:27.913515,54,54.239.26.255,443,1.0,147,1,1,,1,ack
2018-11-27 03:46:27.961945,54,54.239.26.255,443,1.0,48,1,1,,1,ack
2018-11-27 03:46:28.010490,54,52.94.235.50,443,1.0,345,1,1,,1,ack
2018-11-27 03:46:28.014653,74,54.239.26.255,443,1.0,3660080111,0,1,,1,retransmit
2018-11-27 03:46:28.053753,54,54.239.26.255,443,1.0,39,1,1,,1,ack
2018-11-27 03:46:28.055462,312,54.239.26.255,443,3.0,0,1,1,22,1,handshake
2018-11-27 03:46:28.101239,54,54.239.26.255,443,1.0,47,1,1,,1,ack
2018-11-27 03:46:28.103490,105,54.239.26.255,443,3.0,0,1,1,20,1,handshake
2018-11-27 03:46:28.197216,287,52.94.235.50,443,3.0,0,1,1,23,1,expected
2018-11-27 03:46:28.197395,190,52.94.235.50,443,3.0,0,1,1,23,1,expected
2018-11-27 03:46:28.197788,1514,52.94.235.50,443,1.0,187,1,1,,1,not_relevant
2018-11-27 03:46:28.198849,1514,52.94.235.50,443,1.0,1,1,1,,1,not_relevant
2018-11-27 03:46:28.198878,402,52.94.235.50,443,3.0,0,1,1,23,1,expected
2018-11-27 03:46:28.199328,781,54.239.26.255,443,3.0,0,1,1,23,1,expected
2018-11-27 03:46:28.215133,54,52.94.235.50,443,1.0,16,1,1,,1,ack
2018-11-27 03:46:28.215317,54,52.94.235.50,443,1.0,0,1,1,,1,ack
2018-11-27 03:46:28.215454,54,52.94.235.50,443,1.0,0,1,1,,1,ack
2018-11-27 03:46:28.217029,54,52.94.235.50,443,1.0,1,1,1,,1,ack
2018-11-27 03:46:28.217193,54,52.94.235.50,443,1.0,0,1,1,,1,ack
2018-11-27 03:46:28.217356,54,52.94.235.50,443,1.0,0,1,1,,1,ack
2018-11-27 03:46:28.217430,54,52.94.235.50,443,1.0,0,1,1,,1,ack
2018-11-27 03:46:28.219127,54,52.94.235.50,443,1.0,1,1,1,,1,ack
2018-11-27 03:46:28.219223,54,52.94.235.50,443,1.0,0,1,1,,1,ack
2018-11-27 03:46:28.241749,174,52.94.235.50,443,3.0,0,1,1,23,1,expected
2018-11-27 03:46:28.253866,85,54.239.26.255,443,3.0,0,1,1,21,1,handshake
2018-11-27 03:46:28.254033,54,54.239.26.255,443,1.0,152,1,1,,1,ack
2018-11-27 03:46:28.281911,54,52.94.235.50,443,1.0,62,1,1,,1,ack
2018-11-27 03:46:28.282037,54,52.94.235.50,443,1.0,0,1,1,,1,ack
2018-11-27 03:46:28.282180,54,52.94.235.50,443,1.0,0,1,1,,1,ack
2018-11-27 03:46:28.282327,54,52.94.235.50,443,1.0,0,1,1,,1,ack
2018-11-27 03:46:28.282398,54,52.94.235.50,443,1.0,0,1,1,,1,ack
2018-11-27 03:46:28.282468,54,52.94.235.50,443,1.0,0,1,1,,1,ack
2018-11-27 03:46:28.282541,54,52.94.235.50,443,1.0,0,1,1,,1,ack
2018-11-27 03:46:28.282613,54,52.94.235.50,443,1.0,0,1,1,,1,ack
2018-11-27 03:46:28.289202,54,52.94.235.50,443,1.0,6,1,1,,1,ack
2018-11-27 03:46:28.289376,96,52.94.235.50,443,3.0,0,1,1,23,1,expected
2018-11-27 03:46:28.289510,74,54.239.26.255,443,1.0,3660080126,0,1,,1,retransmit
2018-11-27 03:46:28.289583,54,52.94.235.50,443,1.0,0,1,1,,1,ack
2018-11-27 03:46:28.296548,54,54.239.26.255,443,1.0,42,1,1,,1,ack
2018-11-27 03:46:28.323988,54,52.94.235.50,443,1.0,34,1,1,,1,ack
2018-11-27 03:46:28.330565,54,54.239.26.255,443,1.0,41,1,1,,1,ack
2018-11-27 03:46:28.331912,312,54.239.26.255,443,3.0,0,1,1,22,1,handshake
2018-11-27 03:46:28.378307,54,54.239.26.255,443,1.0,47,1,1,,1,ack
2018-11-27 03:46:28.378838,105,54.239.26.255,443,3.0,0,1,1,20,1,handshake
2018-11-27 03:46:28.392418,54,52.94.235.50,443,1.0,68,1,1,,1,ack
2018-11-27 03:46:28.468317,787,54.239.26.255,443,3.0,0,1,1,23,1,expected
2018-11-27 03:46:28.517002,85,54.239.26.255,443,3.0,0,1,1,21,1,handshake
2018-11-27 03:46:28.517160,54,54.239.26.255,443,1.0,138,1,1,,1,ack
2018-11-27 03:46:28.552967,287,52.94.235.50,443,3.0,0,1,1,23,1,expected
2018-11-27 03:46:28.557147,190,52.94.235.50,443,3.0,0,1,1,23,1,expected
2018-11-27 03:46:28.561082,1514,52.94.235.50,443,1.0,168,1,1,,1,not_relevant
2018-11-27 03:46:28.561932,1514,52.94.235.50,443,1.0,0,1,1,,1,not_relevant
2018-11-27 03:46:28.561965,407,52.94.235.50,443,3.0,0,1,1,23,1,expected
2018-11-27 03:46:28.567869,54,54.239.26.255,443,1.0,50,1,1,,1,ack
2018-11-27 03:46:28.600435,1514,52.94.235.50,443,3.0,0,1,1,23,1,expected
2018-11-27 03:46:28.602049,1514,52.94.235.50,443,1.0,40,1,1,,1,not_relevant
2018-11-27 03:46:28.605247,1514,52.94.235.50,443,1.0,3,1,1,,1,not_relevant
2018-11-27 03:46:28.605554,1014,52.94.235.50,443,3.0,0,1,1,23,1,expected
2018-11-27 03:46:28.627863,74,54.239.26.255,443,1.0,3660017466,0,1,,1,retransmit
2018-11-27 03:46:28.644892,54,52.94.235.50,443,1.0,39,1,1,,1,ack
2018-11-27 03:46:28.655775,54,52.94.235.50,443,1.0,10,1,1,,1,ack
2018-11-27 03:46:28.673682,54,54.239.26.255,443,1.0,45,1,1,,1,ack
2018-11-27 03:46:28.679140,312,54.239.26.255,443,3.0,0,1,1,22,1,handshake
2018-11-27 03:46:28.728528,54,52.94.235.50,443,1.0,72,1,1,,1,ack
2018-11-27 03:46:28.728966,54,54.239.26.255,443,1.0,55,1,1,,1,ack
2018-11-27 03:46:28.730827,105,54.239.26.255,443,3.0,0,1,1,20,1,handshake
2018-11-27 03:46:28.743794,54,52.94.235.50,443,1.0,15,1,1,,1,ack
2018-11-27 03:46:28.746948,54,52.94.235.50,443,1.0,3,1,1,,1,ack
2018-11-27 03:46:28.850283,797,54.239.26.255,443,3.0,0,1,1,23,1,expected
2018-11-27 03:46:28.910179,85,54.239.26.255,443,3.0,0,1,1,21,1,handshake
2018-11-27 03:46:28.910377,54,54.239.26.255,443,1.0,181,1,1,,1,ack
2018-11-27 03:46:28.961262,54,54.239.26.255,443,1.0,50,1,1,,1,ack
2018-11-27 03:46:35.689394,287,52.94.235.50,443,3.0,0,1,1,23,1,expected
2018-11-27 03:46:35.690000,1514,52.94.235.50,443,3.0,0,1,1,23,1,expected
2018-11-27 03:46:35.690057,1514,52.94.235.50,443,1.0,6943,1,1,,1,not_relevant
2018-11-27 03:46:35.690088,1514,52.94.235.50,443,1.0,0,1,1,,1,not_relevant
2018-11-27 03:46:35.690151,663,52.94.235.50,443,3.0,0,1,1,23,1,expected
2018-11-27 03:46:35.799486,286,52.94.235.50,443,3.0,0,1,1,23,1,expected
2018-11-27 03:46:35.800104,1514,52.94.235.50,443,3.0,0,1,1,23,1,expected
2018-11-27 03:46:35.800160,1514,52.94.235.50,443,1.0,110,1,1,,1,not_relevant
2018-11-27 03:46:35.800223,1514,52.94.235.50,443,1.0,0,1,1,,1,not_relevant
2018-11-27 03:46:35.800498,663,52.94.235.50,443,3.0,0,1,1,23,1,expected
2018-11-27 03:46:35.800533,54,52.94.235.50,443,1.0,0,1,1,,1,ack
2018-11-27 03:46:35.964008,663,52.94.235.50,443,1.0,163,1,1,,1,not_relevant
2018-11-27 03:46:35.964265,54,52.94.235.50,443,1.0,0,1,1,,1,ack
2018-11-27 03:46:35.964404,54,52.94.235.50,443,1.0,0,1,1,,1,ack
2018-11-27 03:46:35.986242,54,52.94.235.50,443,1.0,21,1,1,,1,ack
2018-11-27 03:46:35.986430,54,52.94.235.50,443,1.0,0,1,1,,1,ack
2018-11-27 03:46:36.197259,287,52.94.235.50,443,3.0,0,1,1,23,1,expected
2018-11-27 03:46:36.246872,190,52.94.235.50,443,3.0,0,1,1,23,1,expected
2018-11-27 03:46:36.247902,1514,52.94.235.50,443,1.0,261,1,1,,1,not_relevant
2018-11-27 03:46:36.249156,1514,52.94.235.50,443,1.0,1,1,1,,1,not_relevant
2018-11-27 03:46:36.249249,402,52.94.235.50,443,3.0,0,1,1,23,1,expected
2018-11-27 03:46:36.288494,174,52.94.235.50,443,3.0,0,1,1,23,1,expected
2018-11-27 03:46:36.488756,54,52.94.235.50,443,1.0,239,1,1,,1,ack
2018-11-27 03:46:36.488972,54,52.94.235.50,443,1.0,0,1,1,,1,ack
2018-11-27 03:46:41.710331,54,52.94.235.50,443,1.0,5221,1,1,,1,ack
2018-11-27 03:46:41.710647,100,52.94.235.50,443,3.0,0,1,1,23,1,syn
2018-11-27 03:46:51.750953,100,52.94.235.50,443,3.0,0,1,1,23,1,syn
2018-11-27 03:46:51.840070,54,52.94.235.50,443,1.0,10129,1,1,,1,ack
2018-11-27 03:46:56.884918,66,99.84.170.230,80,1.0,3659984509,1,1,,1,ack
2018-11-27 03:46:57.036256,74,99.84.170.230,80,1.0,3660040590,0,1,,1,retransmit
2018-11-27 03:46:57.065083,66,99.84.170.230,80,1.0,28,1,1,,1,ack
2018-11-27 03:46:57.066918,256,99.84.170.230,80,3.0,0,1,1,,1,not_relevant
2018-11-27 03:46:57.126724,66,99.84.170.230,80,1.0,241,1,1,,1,ack
2018-11-27 03:46:57.172934,66,99.84.170.230,80,1.0,107,1,1,,1,ack
2018-11-27 03:46:57.179377,54,52.216.105.235,80,1.0,3660081662,1,1,,1,ack
2018-11-27 03:46:57.214700,74,52.216.169.227,80,1.0,3660081331,0,1,,1,retransmit
2018-11-27 03:46:57.299948,54,52.216.169.227,80,1.0,85,1,1,,1,ack
2018-11-27 03:46:57.304533,200,52.216.169.227,80,3.0,0,1,1,,1,not_relevant
2018-11-27 03:46:57.348150,66,99.84.170.230,80,1.0,221,1,1,,1,ack
2018-11-27 03:46:57.358969,54,52.216.169.227,80,1.0,59,1,1,,1,ack
2018-11-27 03:46:57.359560,54,52.216.169.227,80,1.0,0,1,1,,1,ack
2018-11-27 03:46:57.441440,54,52.216.105.235,80,1.0,262,1,1,,1,ack
2018-11-27 03:46:57.681633,54,52.216.105.235,80,1.0,240,1,1,,1,ack
2018-11-27 03:46:57.805343,66,99.84.170.230,80,1.0,457,1,1,,1,ack
2018-11-27 03:46:58.178316,54,52.216.105.235,80,1.0,496,1,1,,1,ack
2018-11-27 03:46:58.728369,66,99.84.170.230,80,1.0,923,1,1,,1,ack
2018-11-27 03:46:59.178334,54,52.216.105.235,80,1.0,1000,1,1,,1,ack
2018-11-27 03:47:00.568377,66,99.84.170.230,80,1.0,1840,1,1,,1,ack
2018-11-27 03:47:01.180610,54,52.216.105.235,80,1.0,2002,1,1,,1,ack
2018-11-27 03:47:04.255336,66,99.84.170.230,80,1.0,3686,1,1,,1,ack
2018-11-27 03:47:05.188553,54,52.216.105.235,80,1.0,4007,1,1,,1,ack
2018-11-27 03:47:11.637205,66,99.84.170.230,80,1.0,7381,1,1,,1,ack
2018-11-27 03:47:11.708758,54,52.94.235.50,443,1.0,19868,1,1,,1,ack
2018-11-27 03:47:11.709920,100,52.94.235.50,443,3.0,0,1,1,23,1,syn
2018-11-27 03:47:13.218440,54,52.216.105.235,80,1.0,8029,1,1,,1,ack
2018-11-27 03:47:14.499377,286,52.94.235.50,443,3.0,0,1,1,23,1,expected
2018-11-27 03:47:14.536273,190,52.94.235.50,443,3.0,0,1,1,23,1,expected
2018-11-27 03:47:14.561239,1514,52.94.235.50,443,1.0,2852,1,1,,1,not_relevant
2018-11-27 03:47:14.562292,1514,52.94.235.50,443,1.0,1,1,1,,1,not_relevant
2018-11-27 03:47:14.563823,1514,52.94.235.50,443,3.0,0,1,1,23,1,expected
2018-11-27 03:47:14.578382,1514,52.94.235.50,443,3.0,0,1,1,23,1,expected
2018-11-27 03:47:14.599330,74,54.239.26.255,443,1.0,3660095453,0,1,,1,retransmit
2018-11-27 03:47:14.602451,1514,52.94.235.50,443,1.0,40,1,1,,1,not_relevant
2018-11-27 03:47:14.613449,1514,52.94.235.50,443,1.0,10,1,1,,1,not_relevant
2018-11-27 03:47:14.613930,1514,52.94.235.50,443,1.0,0,1,1,,1,not_relevant
2018-11-27 03:47:14.613954,1514,52.94.235.50,443,3.0,0,1,1,23,1,expected
2018-11-27 03:47:14.619730,1514,52.94.235.50,443,1.0,5,1,1,,1,not_relevant
2018-11-27 03:47:14.642725,54,54.239.26.255,443,1.0,43,1,1,,1,ack
2018-11-27 03:47:14.644451,312,54.239.26.255,443,3.0,0,1,1,22,1,handshake
2018-11-27 03:47:14.645965,1514,52.94.235.50,443,1.0,26,1,1,,1,not_relevant
2018-11-27 03:47:14.741171,1514,52.94.235.50,443,1.0,95,1,1,,1,not_relevant
2018-11-27 03:47:14.741492,1514,52.94.235.50,443,3.0,0,1,1,23,1,expected
2018-11-27 03:47:14.741518,70,52.94.235.50,443,3.0,0,1,1,23,1,expected
2018-11-27 03:47:14.743317,54,54.239.26.255,443,1.0,100,1,1,,1,ack
2018-11-27 03:47:14.745120,105,54.239.26.255,443,3.0,0,1,1,20,1,handshake
2018-11-27 03:47:14.747936,172,52.94.235.50,443,3.0,0,1,1,23,1,expected
2018-11-27 03:47:14.781204,172,52.94.235.50,443,3.0,0,1,1,23,1,expected
2018-11-27 03:47:14.883520,765,54.239.26.255,443,3.0,0,1,1,23,1,expected
2018-11-27 03:47:14.896942,172,52.94.235.50,443,3.0,0,1,1,23,1,expected
2018-11-27 03:47:14.907387,172,52.94.235.50,443,3.0,0,1,1,23,1,expected
2018-11-27 03:47:14.934991,172,52.94.235.50,443,3.0,0,1,1,23,1,expected
2018-11-27 03:47:14.939388,85,54.239.26.255,443,3.0,0,1,1,21,1,handshake
2018-11-27 03:47:14.939607,54,54.239.26.255,443,1.0,196,1,1,,1,ack
2018-11-27 03:47:14.947200,644,52.94.235.50,443,3.0,0,1,1,23,1,expected
2018-11-27 03:47:14.955588,172,52.94.235.50,443,3.0,0,1,1,23,1,expected
2018-11-27 03:47:14.969761,172,52.94.235.50,443,3.0,0,1,1,23,1,expected
2018-11-27 03:47:14.983340,172,52.94.235.50,443,3.0,0,1,1,23,1,expected
2018-11-27 03:47:14.984517,54,54.239.26.255,443,1.0,44,1,1,,1,ack
2018-11-27 03:47:15.007890,641,52.94.235.50,443,3.0,0,1,1,23,1,expected
2018-11-27 03:47:15.008226,1514,52.94.235.50,443,3.0,0,1,1,23,1,expected
2018-11-27 03:47:15.009560,1514,52.94.235.50,443,1.0,268,1,1,,1,not_relevant
2018-11-27 03:47:15.011455,1514,52.94.235.50,443,1.0,1,1,1,,1,not_relevant
2018-11-27 03:47:15.049575,898,52.94.235.50,443,3.0,0,1,1,23,1,expected
2018-11-27 03:47:15.050908,172,52.94.235.50,443,3.0,0,1,1,23,1,expected
2018-11-27 03:47:15.069884,172,52.94.235.50,443,3.0,0,1,1,23,1,expected
2018-11-27 03:47:15.094695,172,52.94.235.50,443,3.0,0,1,1,23,1,expected
2018-11-27 03:47:15.116369,172,52.94.235.50,443,3.0,0,1,1,23,1,expected
2018-11-27 03:47:15.130195,172,52.94.235.50,443,3.0,0,1,1,23,1,expected
2018-11-27 03:47:15.143856,172,52.94.235.50,443,3.0,0,1,1,23,1,expected
2018-11-27 03:47:15.178986,172,52.94.235.50,443,3.0,0,1,1,23,1,expected
2018-11-27 03:47:15.193059,172,52.94.235.50,443,3.0,0,1,1,23,1,expected
2018-11-27 03:47:15.207734,172,52.94.235.50,443,3.0,0,1,1,23,1,expected
2018-11-27 03:47:15.212075,54,52.94.235.50,443,1.0,200,1,1,,1,ack
2018-11-27 03:47:15.228383,172,52.94.235.50,443,3.0,0,1,1,23,1,expected
2018-11-27 03:47:15.257479,172,52.94.235.50,443,3.0,0,1,1,23,1,expected
2018-11-27 03:47:15.276758,172,52.94.235.50,443,3.0,0,1,1,23,1,expected
2018-11-27 03:47:15.290970,172,52.94.235.50,443,3.0,0,1,1,23,1,expected
2018-11-27 03:47:15.305172,172,52.94.235.50,443,3.0,0,1,1,23,1,expected
2018-11-27 03:47:15.340812,172,52.94.235.50,443,3.0,0,1,1,23,1,expected
2018-11-27 03:47:15.353714,172,52.94.235.50,443,3.0,0,1,1,23,1,expected
2018-11-27 03:47:15.368074,172,52.94.235.50,443,3.0,0,1,1,23,1,expected
2018-11-27 03:47:15.388824,172,52.94.235.50,443,3.0,0,1,1,23,1,expected
2018-11-27 03:47:15.416472,172,52.94.235.50,443,3.0,0,1,1,23,1,expected
2018-11-27 03:47:15.430810,172,52.94.235.50,443,3.0,0,1,1,23,1,expected
2018-11-27 03:47:15.450624,172,52.94.235.50,443,3.0,0,1,1,23,1,expected
2018-11-27 03:47:15.464839,172,52.94.235.50,443,3.0,0,1,1,23,1,expected
2018-11-27 03:47:15.501962,172,52.94.235.50,443,3.0,0,1,1,23,1,expected
2018-11-27 03:47:15.514366,172,52.94.235.50,443,3.0,0,1,1,23,1,expected
2018-11-27 03:47:15.528898,172,52.94.235.50,443,3.0,0,1,1,23,1,expected
2018-11-27 03:47:15.550041,172,52.94.235.50,443,3.0,0,1,1,23,1,expected
2018-11-27 03:47:15.579054,172,52.94.235.50,443,3.0,0,1,1,23,1,expected
2018-11-27 03:47:15.593720,172,52.94.235.50,443,3.0,0,1,1,23,1,expected
2018-11-27 03:47:15.613127,172,52.94.235.50,443,3.0,0,1,1,23,1,expected
2018-11-27 03:47:15.626725,172,52.94.235.50,443,3.0,0,1,1,23,1,expected
2018-11-27 03:47:15.666137,172,52.94.235.50,443,3.0,0,1,1,23,1,expected
2018-11-27 03:47:15.675030,172,52.94.235.50,443,3.0,0,1,1,23,1,expected
2018-11-27 03:47:15.688602,172,52.94.235.50,443,3.0,0,1,1,23,1,expected
2018-11-27 03:47:15.702443,172,52.94.235.50,443,3.0,0,1,1,23,1,expected
2018-11-27 03:47:15.744149,172,52.94.235.50,443,3.0,0,1,1,23,1,expected
2018-11-27 03:47:15.751563,172,52.94.235.50,443,3.0,0,1,1,23,1,expected
2018-11-27 03:47:15.772619,172,52.94.235.50,443,3.0,0,1,1,23,1,expected
2018-11-27 03:47:15.787141,172,52.94.235.50,443,3.0,0,1,1,23,1,expected
2018-11-27 03:47:15.814483,172,52.94.235.50,443,3.0,0,1,1,23,1,expected
2018-11-27 03:47:15.838849,172,52.94.235.50,443,3.0,0,1,1,23,1,expected
2018-11-27 03:47:15.853562,172,52.94.235.50,443,3.0,0,1,1,23,1,expected
2018-11-27 03:47:15.866164,172,52.94.235.50,443,3.0,0,1,1,23,1,expected
2018-11-27 03:47:15.900776,172,52.94.235.50,443,3.0,0,1,1,23,1,expected
2018-11-27 03:47:15.912837,172,52.94.235.50,443,3.0,0,1,1,23,1,expected
2018-11-27 03:47:15.926781,172,52.94.235.50,443,3.0,0,1,1,23,1,expected
2018-11-27 03:47:15.948086,172,52.94.235.50,443,3.0,0,1,1,23,1,expected
2018-11-27 03:47:15.981538,172,52.94.235.50,443,3.0,0,1,1,23,1,expected
2018-11-27 03:47:15.990912,172,52.94.235.50,443,3.0,0,1,1,23,1,expected
2018-11-27 03:47:16.010752,172,52.94.235.50,443,3.0,0,1,1,23,1,expected
2018-11-27 03:47:16.025177,172,52.94.235.50,443,3.0,0,1,1,23,1,expected
2018-11-27 03:47:16.059597,172,52.94.235.50,443,3.0,0,1,1,23,1,expected
2018-11-27 03:47:16.073377,172,52.94.235.50,443,3.0,0,1,1,23,1,expected
2018-11-27 03:47:16.088064,172,52.94.235.50,443,3.0,0,1,1,23,1,expected
2018-11-27 03:47:16.108747,172,52.94.235.50,443,3.0,0,1,1,23,1,expected
2018-11-27 03:47:16.140293,172,52.94.235.50,443,3.0,0,1,1,23,1,expected
2018-11-27 03:47:16.151608,172,52.94.235.50,443,3.0,0,1,1,23,1,expected
2018-11-27 03:47:16.171591,172,52.94.235.50,443,3.0,0,1,1,23,1,expected
2018-11-27 03:47:16.187155,172,52.94.235.50,443,3.0,0,1,1,23,1,expected
2018-11-27 03:47:16.220554,172,52.94.235.50,443,3.0,0,1,1,23,1,expected
2018-11-27 03:47:16.234429,172,52.94.235.50,443,3.0,0,1,1,23,1,expected
2018-11-27 03:47:16.250365,172,52.94.235.50,443,3.0,0,1,1,23,1,expected
2018-11-27 03:47:16.266473,172,52.94.235.50,443,3.0,0,1,1,23,1,expected
2018-11-27 03:47:16.297692,172,52.94.235.50,443,3.0,0,1,1,23,1,expected
2018-11-27 03:47:16.312427,172,52.94.235.50,443,3.0,0,1,1,23,1,expected
2018-11-27 03:47:16.333118,172,52.94.235.50,443,3.0,0,1,1,23,1,expected
2018-11-27 03:47:16.346748,172,52.94.235.50,443,3.0,0,1,1,23,1,expected
2018-11-27 03:47:16.375124,172,52.94.235.50,443,3.0,0,1,1,23,1,expected
2018-11-27 03:47:16.395195,172,52.94.235.50,443,3.0,0,1,1,23,1,expected
2018-11-27 03:47:16.409248,172,52.94.235.50,443,3.0,0,1,1,23,1,expected
2018-11-27 03:47:16.449548,172,52.94.235.50,443,3.0,0,1,1,23,1,expected
2018-11-27 03:47:16.457551,172,52.94.235.50,443,3.0,0,1,1,23,1,expected
2018-11-27 03:47:16.471362,172,52.94.235.50,443,3.0,0,1,1,23,1,expected
2018-11-27 03:47:16.497709,172,52.94.235.50,443,3.0,0,1,1,23,1,expected
2018-11-27 03:47:16.511894,172,52.94.235.50,443,3.0,0,1,1,23,1,expected
2018-11-27 03:47:16.535083,172,52.94.235.50,443,3.0,0,1,1,23,1,expected
2018-11-27 03:47:16.556292,172,52.94.235.50,443,3.0,0,1,1,23,1,expected
2018-11-27 03:47:16.575639,172,52.94.235.50,443,3.0,0,1,1,23,1,expected
2018-11-27 03:47:16.585633,172,52.94.235.50,443,3.0,0,1,1,23,1,expected
2018-11-27 03:47:16.619680,172,52.94.235.50,443,3.0,0,1,1,23,1,expected
2018-11-27 03:47:16.632887,172,52.94.235.50,443,3.0,0,1,1,23,1,expected
2018-11-27 03:47:16.646817,172,52.94.235.50,443,3.0,0,1,1,23,1,expected
2018-11-27 03:47:16.667858,172,52.94.235.50,443,3.0,0,1,1,23,1,expected
2018-11-27 03:47:16.696053,172,52.94.235.50,443,3.0,0,1,1,23,1,expected
2018-11-27 03:47:16.716995,172,52.94.235.50,443,3.0,0,1,1,23,1,expected
2018-11-27 03:47:16.731326,172,52.94.235.50,443,3.0,0,1,1,23,1,expected
2018-11-27 03:47:16.745159,172,52.94.235.50,443,3.0,0,1,1,23,1,expected
2018-11-27 03:47:16.780010,172,52.94.235.50,443,3.0,0,1,1,23,1,expected
2018-11-27 03:47:16.793493,172,52.94.235.50,443,3.0,0,1,1,23,1,expected
2018-11-27 03:47:16.809779,172,52.94.235.50,443,3.0,0,1,1,23,1,expected
2018-11-27 03:47:16.828793,172,52.94.235.50,443,3.0,0,1,1,23,1,expected
2018-11-27 03:47:16.860271,172,52.94.235.50,443,3.0,0,1,1,23,1,expected
2018-11-27 03:47:16.871742,172,52.94.235.50,443,3.0,0,1,1,23,1,expected
2018-11-27 03:47:16.891682,172,52.94.235.50,443,3.0,0,1,1,23,1,expected
2018-11-27 03:47:16.905745,172,52.94.235.50,443,3.0,0,1,1,23,1,expected
2018-11-27 03:47:16.940662,172,52.94.235.50,443,3.0,0,1,1,23,1,expected
2018-11-27 03:47:16.954570,172,52.94.235.50,443,3.0,0,1,1,23,1,expected
2018-11-27 03:47:16.968853,172,52.94.235.50,443,3.0,0,1,1,23,1,expected
2018-11-27 03:47:16.983545,172,52.94.235.50,443,3.0,0,1,1,23,1,expected
2018-11-27 03:47:17.017489,172,52.94.235.50,443,3.0,0,1,1,23,1,expected
2018-11-27 03:47:17.030652,172,52.94.235.50,443,3.0,0,1,1,23,1,expected
2018-11-27 03:47:17.052185,172,52.94.235.50,443,3.0,0,1,1,23,1,expected
2018-11-27 03:47:17.065842,172,52.94.235.50,443,3.0,0,1,1,23,1,expected
2018-11-27 03:47:17.100894,172,52.94.235.50,443,3.0,0,1,1,23,1,expected
2018-11-27 03:47:17.114617,172,52.94.235.50,443,3.0,0,1,1,23,1,expected
2018-11-27 03:47:17.144228,172,52.94.235.50,443,3.0,0,1,1,23,1,expected
2018-11-27 03:47:17.144510,172,52.94.235.50,443,3.0,0,1,1,23,1,expected
2018-11-27 03:47:17.177928,172,52.94.235.50,443,3.0,0,1,1,23,1,expected
2018-11-27 03:47:17.186909,136,52.94.235.50,443,3.0,0,1,1,23,1,expected
2018-11-27 03:47:17.187132,92,52.94.235.50,443,3.0,0,1,1,23,1,expected
2018-11-27 03:47:17.219609,74,54.239.26.255,443,1.0,3660097757,0,1,,1,retransmit
2018-11-27 03:47:17.239897,54,52.94.235.50,443,1.0,2027,1,1,,1,ack
2018-11-27 03:47:17.258029,54,54.239.26.255,443,1.0,38,1,1,,1,ack
2018-11-27 03:47:17.259353,312,54.239.26.255,443,3.0,0,1,1,22,1,handshake
2018-11-27 03:47:17.302459,54,54.239.26.255,443,1.0,44,1,1,,1,ack
2018-11-27 03:47:17.302778,105,54.239.26.255,443,3.0,0,1,1,20,1,handshake
2018-11-27 03:47:17.390006,809,54.239.26.255,443,3.0,0,1,1,23,1,expected
2018-11-27 03:47:17.440077,85,54.239.26.255,443,3.0,0,1,1,21,1,handshake
2018-11-27 03:47:17.440205,54,54.239.26.255,443,1.0,137,1,1,,1,ack
2018-11-27 03:47:17.482622,54,54.239.26.255,443,1.0,42,1,1,,1,ack
2018-11-27 03:47:17.484239,54,52.94.235.50,443,1.0,244,1,1,,1,ack
2018-11-27 03:47:17.488859,74,54.239.26.255,443,1.0,3660097754,0,1,,1,retransmit
2018-11-27 03:47:17.534656,54,54.239.26.255,443,1.0,45,1,1,,1,ack
2018-11-27 03:47:17.536166,312,54.239.26.255,443,3.0,0,1,1,22,1,handshake
2018-11-27 03:47:17.590711,54,54.239.26.255,443,1.0,56,1,1,,1,ack
2018-11-27 03:47:17.591063,105,54.239.26.255,443,3.0,0,1,1,20,1,handshake
2018-11-27 03:47:17.688924,54,52.94.235.50,443,1.0,204,1,1,,1,ack
2018-11-27 03:47:17.695971,54,52.94.235.50,443,1.0,7,1,1,,1,ack
2018-11-27 03:47:17.696182,54,52.94.235.50,443,1.0,0,1,1,,1,ack
2018-11-27 03:47:17.696369,54,52.94.235.50,443,1.0,0,1,1,,1,ack
2018-11-27 03:47:17.696626,54,52.94.235.50,443,1.0,0,1,1,,1,ack
2018-11-27 03:47:17.696734,54,52.94.235.50,443,1.0,0,1,1,,1,ack
2018-11-27 03:47:17.696826,54,52.94.235.50,443,1.0,0,1,1,,1,ack
2018-11-27 03:47:17.696918,54,52.94.235.50,443,1.0,0,1,1,,1,ack
2018-11-27 03:47:17.697004,54,52.94.235.50,443,1.0,0,1,1,,1,ack
2018-11-27 03:47:17.697088,54,52.94.235.50,443,1.0,0,1,1,,1,ack
2018-11-27 03:47:17.703585,781,54.239.26.255,443,3.0,0,1,1,23,1,expected
2018-11-27 03:47:17.728090,296,52.94.235.50,443,3.0,0,1,1,23,1,expected
2018-11-27 03:47:17.728660,190,52.94.235.50,443,3.0,0,1,1,23,1,expected
2018-11-27 03:47:17.733436,1514,52.94.235.50,443,1.0,36,1,1,,1,not_relevant
2018-11-27 03:47:17.733511,1514,52.94.235.50,443,1.0,0,1,1,,1,not_relevant
2018-11-27 03:47:17.734797,54,52.94.235.50,443,1.0,1,1,1,,1,ack
2018-11-27 03:47:17.740325,54,52.94.235.50,443,1.0,5,1,1,,1,ack
2018-11-27 03:47:17.741064,54,52.94.235.50,443,1.0,0,1,1,,1,ack
2018-11-27 03:47:17.746593,54,52.94.235.50,443,1.0,5,1,1,,1,ack
2018-11-27 03:47:17.746750,54,52.94.235.50,443,1.0,0,1,1,,1,ack
2018-11-27 03:47:17.759169,54,52.94.235.50,443,1.0,12,1,1,,1,ack
2018-11-27 03:47:17.759347,54,52.94.235.50,443,1.0,0,1,1,,1,ack
2018-11-27 03:47:17.759665,54,52.94.235.50,443,1.0,0,1,1,,1,ack
2018-11-27 03:47:17.759792,54,52.94.235.50,443,1.0,0,1,1,,1,ack
2018-11-27 03:47:17.759922,54,52.94.235.50,443,1.0,0,1,1,,1,ack
2018-11-27 03:47:17.760040,85,54.239.26.255,443,3.0,0,1,1,21,1,handshake
2018-11-27 03:47:17.760163,54,54.239.26.255,443,1.0,169,1,1,,1,ack
2018-11-27 03:47:17.764174,74,54.239.26.255,443,1.0,3660062640,0,1,,1,retransmit
2018-11-27 03:47:17.772076,564,52.94.235.50,443,3.0,0,1,1,23,1,expected
2018-11-27 03:47:17.781510,54,52.94.235.50,443,1.0,21,1,1,,1,ack
2018-11-27 03:47:17.807178,54,54.239.26.255,443,1.0,43,1,1,,1,ack
2018-11-27 03:47:17.813634,54,54.239.26.255,443,1.0,53,1,1,,1,ack
2018-11-27 03:47:17.813927,312,54.239.26.255,443,3.0,0,1,1,22,1,handshake
2018-11-27 03:47:17.865738,54,54.239.26.255,443,1.0,58,1,1,,1,ack
2018-11-27 03:47:17.865910,105,54.239.26.255,443,3.0,0,1,1,20,1,handshake
2018-11-27 03:47:17.916904,54,52.94.235.50,443,1.0,135,1,1,,1,ack
2018-11-27 03:47:17.951560,786,54.239.26.255,443,3.0,0,1,1,23,1,expected
2018-11-27 03:47:18.000081,85,54.239.26.255,443,3.0,0,1,1,21,1,handshake
2018-11-27 03:47:18.000274,54,54.239.26.255,443,1.0,134,1,1,,1,ack
2018-11-27 03:47:18.005693,287,52.94.235.50,443,3.0,0,1,1,23,1,expected
2018-11-27 03:47:18.006477,190,52.94.235.50,443,3.0,0,1,1,23,1,expected
2018-11-27 03:47:18.009366,1514,52.94.235.50,443,1.0,92,1,1,,1,not_relevant
2018-11-27 03:47:18.009444,1514,52.94.235.50,443,1.0,0,1,1,,1,not_relevant
2018-11-27 03:47:18.039042,54,54.239.26.255,443,1.0,38,1,1,,1,ack
2018-11-27 03:47:18.053478,527,52.94.235.50,443,3.0,0,1,1,23,1,expected
2018-11-27 03:47:18.071895,287,52.94.235.50,443,3.0,0,1,1,23,1,expected
2018-11-27 03:47:18.072695,190,52.94.235.50,443,3.0,0,1,1,23,1,expected
2018-11-27 03:47:18.075259,1514,52.94.235.50,443,1.0,65,1,1,,1,not_relevant
2018-11-27 03:47:18.094992,1514,52.94.235.50,443,1.0,19,1,1,,1,not_relevant
2018-11-27 03:47:18.114722,523,52.94.235.50,443,3.0,0,1,1,23,1,expected
2018-11-27 03:47:18.146796,74,54.239.26.255,443,1.0,3660062685,0,1,,1,retransmit
2018-11-27 03:47:18.175671,54,52.94.235.50,443,1.0,80,1,1,,1,ack
2018-11-27 03:47:18.188271,54,54.239.26.255,443,1.0,41,1,1,,1,ack
2018-11-27 03:47:18.192482,312,54.239.26.255,443,3.0,0,1,1,22,1,handshake
2018-11-27 03:47:18.206591,54,52.94.235.50,443,1.0,30,1,1,,1,ack
2018-11-27 03:47:18.206785,54,52.94.235.50,443,1.0,0,1,1,,1,ack
2018-11-27 03:47:18.231555,54,52.94.235.50,443,1.0,24,1,1,,1,ack
2018-11-27 03:47:18.235454,54,52.94.235.50,443,1.0,3,1,1,,1,ack
2018-11-27 03:47:18.236801,54,54.239.26.255,443,1.0,48,1,1,,1,ack
2018-11-27 03:47:18.238824,105,54.239.26.255,443,3.0,0,1,1,20,1,handshake
2018-11-27 03:47:18.337664,798,54.239.26.255,443,3.0,0,1,1,23,1,expected
2018-11-27 03:47:18.388251,85,54.239.26.255,443,3.0,0,1,1,21,1,handshake
2018-11-27 03:47:18.388507,54,54.239.26.255,443,1.0,151,1,1,,1,ack
2018-11-27 03:47:18.437391,54,54.239.26.255,443,1.0,48,1,1,,1,ack
2018-11-27 03:47:20.394852,54,52.216.169.227,80,1.0,23035,1,1,,1,ack
2018-11-27 03:47:25.166207,287,52.94.235.50,443,3.0,0,1,1,23,1,expected
2018-11-27 03:47:25.216296,190,52.94.235.50,443,3.0,0,1,1,23,1,expected
2018-11-27 03:47:25.268937,1514,52.94.235.50,443,1.0,7033,1,1,,1,not_relevant
2018-11-27 03:47:25.269454,1514,52.94.235.50,443,1.0,0,1,1,,1,not_relevant
2018-11-27 03:47:25.269564,528,52.94.235.50,443,3.0,0,1,1,23,1,expected
2018-11-27 03:47:25.296244,287,52.94.235.50,443,3.0,0,1,1,23,1,expected
2018-11-27 03:47:25.315126,1514,52.94.235.50,443,3.0,0,1,1,23,1,expected
2018-11-27 03:47:25.316773,1514,52.94.235.50,443,1.0,47,1,1,,1,not_relevant
2018-11-27 03:47:25.319036,1514,52.94.235.50,443,1.0,2,1,1,,1,not_relevant
2018-11-27 03:47:25.320441,664,52.94.235.50,443,3.0,0,1,1,23,1,expected
2018-11-27 03:47:25.424416,54,52.94.235.50,443,1.0,105,1,1,,1,ack
2018-11-27 03:47:25.424867,54,52.94.235.50,443,1.0,0,1,1,,1,ack
2018-11-27 03:47:25.425022,54,52.94.235.50,443,1.0,0,1,1,,1,ack
2018-11-27 03:47:25.556839,54,52.94.235.50,443,1.0,131,1,1,,1,ack
2018-11-27 03:47:25.557008,54,52.94.235.50,443,1.0,0,1,1,,1,ack
2018-11-27 03:47:25.660246,287,52.94.235.50,443,3.0,0,1,1,23,1,expected
2018-11-27 03:47:25.660696,190,52.94.235.50,443,3.0,0,1,1,23,1,expected
2018-11-27 03:47:25.664528,1514,52.94.235.50,443,1.0,107,1,1,,1,not_relevant
2018-11-27 03:47:25.665911,1514,52.94.235.50,443,1.0,1,1,1,,1,not_relevant
2018-11-27 03:47:25.705517,522,52.94.235.50,443,3.0,0,1,1,23,1,expected
2018-11-27 03:47:25.860138,54,52.94.235.50,443,1.0,194,1,1,,1,ack
2018-11-27 03:47:25.860310,54,52.94.235.50,443,1.0,0,1,1,,1,ack
2018-11-27 03:47:26.375435,66,99.84.170.230,80,1.0,14738,1,1,,1,ack
2018-11-27 03:47:29.262028,54,52.216.105.235,80,1.0,16043,1,1,,1,ack
2018-11-27 03:47:34.647531,295,52.94.232.230,443,3.0,0,1,1,23,1,expected
2018-11-27 03:47:34.692047,54,52.94.232.230,443,1.0,3660079015,1,1,,1,ack
2018-11-27 03:47:41.709140,54,52.94.235.50,443,1.0,15848,1,1,,1,ack
2018-11-27 03:47:41.710011,100,52.94.235.50,443,3.0,0,1,1,23,1,syn
2018-11-27 03:47:55.895674,66,99.84.170.230,80,1.0,29520,1,1,,1,ack
2018-11-27 03:48:01.340827,54,52.216.105.235,80,1.0,32078,1,1,,1,ack
2018-11-27 03:48:09.918235,289,52.94.235.50,443,3.0,0,1,1,23,1,expected
2018-11-27 03:48:09.918590,190,52.94.235.50,443,3.0,0,1,1,23,1,expected
2018-11-27 03:48:09.921033,1514,52.94.235.50,443,1.0,28211,1,1,,1,not_relevant
2018-11-27 03:48:09.921076,1514,52.94.235.50,443,1.0,0,1,1,,1,not_relevant
2018-11-27 03:48:09.966277,1514,52.94.235.50,443,3.0,0,1,1,23,1,expected
2018-11-27 03:48:09.968467,1514,52.94.235.50,443,3.0,0,1,1,23,1,expected
2018-11-27 03:48:09.968554,1514,52.94.235.50,443,1.0,47,1,1,,1,not_relevant
2018-11-27 03:48:09.968633,1514,52.94.235.50,443,1.0,0,1,1,,1,not_relevant
2018-11-27 03:48:09.968699,1514,52.94.235.50,443,1.0,0,1,1,,1,not_relevant
2018-11-27 03:48:09.982085,74,52.94.232.195,443,1.0,3660114048,0,1,,1,retransmit
2018-11-27 03:48:10.009488,649,52.94.235.50,443,3.0,0,1,1,23,1,expected
2018-11-27 03:48:10.017374,1514,52.94.235.50,443,1.0,48,1,1,,1,not_relevant
2018-11-27 03:48:10.017501,1514,52.94.235.50,443,1.0,0,1,1,,1,not_relevant
2018-11-27 03:48:10.017549,1514,52.94.235.50,443,1.0,0,1,1,,1,not_relevant
2018-11-27 03:48:10.017609,92,52.94.235.50,443,3.0,0,1,1,23,1,expected
2018-11-27 03:48:10.027974,54,52.94.232.195,443,1.0,45,1,1,,1,ack
2018-11-27 03:48:10.029997,312,52.94.232.195,443,3.0,0,1,1,22,1,handshake
2018-11-27 03:48:10.051027,290,52.94.235.50,443,3.0,0,1,1,23,1,expected
2018-11-27 03:48:10.059769,172,52.94.235.50,443,3.0,0,1,1,23,1,expected
2018-11-27 03:48:10.074721,54,52.94.232.195,443,1.0,46,1,1,,1,ack
2018-11-27 03:48:10.074865,105,52.94.232.195,443,3.0,0,1,1,20,1,handshake
2018-11-27 03:48:10.091015,172,52.94.235.50,443,3.0,0,1,1,23,1,expected
2018-11-27 03:48:10.104944,172,52.94.235.50,443,3.0,0,1,1,23,1,expected
2018-11-27 03:48:10.118819,172,52.94.235.50,443,3.0,0,1,1,23,1,expected
2018-11-27 03:48:10.131398,54,52.94.235.50,443,1.0,113,1,1,,1,ack
2018-11-27 03:48:10.140572,172,52.94.235.50,443,3.0,0,1,1,23,1,expected
2018-11-27 03:48:10.167845,172,52.94.235.50,443,3.0,0,1,1,23,1,expected
2018-11-27 03:48:10.176832,765,52.94.232.195,443,3.0,0,1,1,23,1,expected
2018-11-27 03:48:10.189618,172,52.94.235.50,443,3.0,0,1,1,23,1,expected
2018-11-27 03:48:10.202656,172,52.94.235.50,443,3.0,0,1,1,23,1,expected
2018-11-27 03:48:10.216533,172,52.94.235.50,443,3.0,0,1,1,23,1,expected
2018-11-27 03:48:10.223374,85,52.94.232.195,443,3.0,0,1,1,21,1,handshake
2018-11-27 03:48:10.223588,54,52.94.232.195,443,1.0,148,1,1,,1,ack
2018-11-27 03:48:10.252140,172,52.94.235.50,443,3.0,0,1,1,23,1,expected
2018-11-27 03:48:10.266716,172,52.94.235.50,443,3.0,0,1,1,23,1,expected
2018-11-27 03:48:10.266929,54,52.94.232.195,443,1.0,43,1,1,,1,ack
2018-11-27 03:48:10.280334,172,52.94.235.50,443,3.0,0,1,1,23,1,expected
2018-11-27 03:48:10.300838,172,52.94.235.50,443,3.0,0,1,1,23,1,expected
2018-11-27 03:48:10.352541,172,52.94.235.50,443,3.0,0,1,1,23,1,expected
2018-11-27 03:48:10.352705,172,52.94.235.50,443,3.0,0,1,1,23,1,expected
2018-11-27 03:48:10.365607,172,52.94.235.50,443,3.0,0,1,1,23,1,expected
2018-11-27 03:48:10.378284,172,52.94.235.50,443,3.0,0,1,1,23,1,expected
2018-11-27 03:48:10.412641,172,52.94.235.50,443,3.0,0,1,1,23,1,expected
2018-11-27 03:48:10.426781,172,52.94.235.50,443,3.0,0,1,1,23,1,expected
2018-11-27 03:48:10.441385,286,52.94.235.50,443,3.0,0,1,1,23,1,expected
2018-11-27 03:48:10.441936,190,52.94.235.50,443,3.0,0,1,1,23,1,expected
2018-11-27 03:48:10.443639,1514,52.94.235.50,443,1.0,312,1,1,,1,not_relevant
2018-11-27 03:48:10.472133,1514,52.94.235.50,443,1.0,28,1,1,,1,not_relevant
2018-11-27 03:48:10.472390,762,52.94.235.50,443,3.0,0,1,1,23,1,expected
2018-11-27 03:48:10.490621,172,52.94.235.50,443,3.0,0,1,1,23,1,expected
2018-11-27 03:48:10.503658,172,52.94.235.50,443,3.0,0,1,1,23,1,expected
2018-11-27 03:48:10.524498,172,52.94.235.50,443,3.0,0,1,1,23,1,expected
2018-11-27 03:48:10.538522,172,52.94.235.50,443,3.0,0,1,1,23,1,expected
2018-11-27 03:48:10.566938,172,52.94.235.50,443,3.0,0,1,1,23,1,expected
2018-11-27 03:48:10.587515,172,52.94.235.50,443,3.0,0,1,1,23,1,expected
2018-11-27 03:48:10.601484,172,52.94.235.50,443,3.0,0,1,1,23,1,expected
2018-11-27 03:48:10.615810,172,52.94.235.50,443,3.0,0,1,1,23,1,expected
2018-11-27 03:48:10.649971,54,52.94.235.50,443,1.0,177,1,1,,1,ack
2018-11-27 03:48:10.651969,172,52.94.235.50,443,3.0,0,1,1,23,1,expected
2018-11-27 03:48:10.664509,172,52.94.235.50,443,3.0,0,1,1,23,1,expected
2018-11-27 03:48:10.678870,172,52.94.235.50,443,3.0,0,1,1,23,1,expected
2018-11-27 03:48:10.699783,172,52.94.235.50,443,3.0,0,1,1,23,1,expected
2018-11-27 03:48:10.727496,172,52.94.235.50,443,3.0,0,1,1,23,1,expected
2018-11-27 03:48:10.748780,172,52.94.235.50,443,3.0,0,1,1,23,1,expected
2018-11-27 03:48:10.762511,172,52.94.235.50,443,3.0,0,1,1,23,1,expected
2018-11-27 03:48:10.777070,172,52.94.235.50,443,3.0,0,1,1,23,1,expected
2018-11-27 03:48:10.811763,172,52.94.235.50,443,3.0,0,1,1,23,1,expected
2018-11-27 03:48:10.825600,172,52.94.235.50,443,3.0,0,1,1,23,1,expected
2018-11-27 03:48:10.839779,172,52.94.235.50,443,3.0,0,1,1,23,1,expected
2018-11-27 03:48:10.860889,172,52.94.235.50,443,3.0,0,1,1,23,1,expected
2018-11-27 03:48:10.889785,172,52.94.235.50,443,3.0,0,1,1,23,1,expected
2018-11-27 03:48:10.902503,172,52.94.235.50,443,3.0,0,1,1,23,1,expected
2018-11-27 03:48:10.923658,172,52.94.235.50,443,3.0,0,1,1,23,1,expected
2018-11-27 03:48:10.937512,172,52.94.235.50,443,3.0,0,1,1,23,1,expected
2018-11-27 03:48:10.972630,172,52.94.235.50,443,3.0,0,1,1,23,1,expected
2018-11-27 03:48:10.986877,172,52.94.235.50,443,3.0,0,1,1,23,1,expected
2018-11-27 03:48:11.000753,172,52.94.235.50,443,3.0,0,1,1,23,1,expected
2018-11-27 03:48:11.014487,172,52.94.235.50,443,3.0,0,1,1,23,1,expected
2018-11-27 03:48:11.054624,172,52.94.235.50,443,3.0,0,1,1,23,1,expected
2018-11-27 03:48:11.063720,172,52.94.235.50,443,3.0,0,1,1,23,1,expected
2018-11-27 03:48:11.084640,172,52.94.235.50,443,3.0,0,1,1,23,1,expected
2018-11-27 03:48:11.099050,172,52.94.235.50,443,3.0,0,1,1,23,1,expected
2018-11-27 03:48:11.126818,172,52.94.235.50,443,3.0,0,1,1,23,1,expected
2018-11-27 03:48:11.147520,172,52.94.235.50,443,3.0,0,1,1,23,1,expected
2018-11-27 03:48:11.161762,172,52.94.235.50,443,3.0,0,1,1,23,1,expected
2018-11-27 03:48:11.175857,172,52.94.235.50,443,3.0,0,1,1,23,1,expected
2018-11-27 03:48:11.211133,172,52.94.235.50,443,3.0,0,1,1,23,1,expected
2018-11-27 03:48:11.224388,172,52.94.235.50,443,3.0,0,1,1,23,1,expected
2018-11-27 03:48:11.238472,172,52.94.235.50,443,3.0,0,1,1,23,1,expected
2018-11-27 03:48:11.259267,172,52.94.235.50,443,3.0,0,1,1,23,1,expected
2018-11-27 03:48:11.288809,172,52.94.235.50,443,3.0,0,1,1,23,1,expected
2018-11-27 03:48:11.308091,172,52.94.235.50,443,3.0,0,1,1,23,1,expected
2018-11-27 03:48:11.321838,172,52.94.235.50,443,3.0,0,1,1,23,1,expected
2018-11-27 03:48:11.337008,172,52.94.235.50,443,3.0,0,1,1,23,1,expected
2018-11-27 03:48:11.369980,172,52.94.235.50,443,3.0,0,1,1,23,1,expected
2018-11-27 03:48:11.383794,172,52.94.235.50,443,3.0,0,1,1,23,1,expected
2018-11-27 03:48:11.405405,172,52.94.235.50,443,3.0,0,1,1,23,1,expected
2018-11-27 03:48:11.418562,172,52.94.235.50,443,3.0,0,1,1,23,1,expected
2018-11-27 03:48:11.447586,172,52.94.235.50,443,3.0,0,1,1,23,1,expected
2018-11-27 03:48:11.471631,172,52.94.235.50,443,3.0,0,1,1,23,1,expected
2018-11-27 03:48:11.484859,172,52.94.235.50,443,3.0,0,1,1,23,1,expected
2018-11-27 03:48:11.495649,172,52.94.235.50,443,3.0,0,1,1,23,1,expected
2018-11-27 03:48:11.530621,172,52.94.235.50,443,3.0,0,1,1,23,1,expected
2018-11-27 03:48:11.544556,172,52.94.235.50,443,3.0,0,1,1,23,1,expected
2018-11-27 03:48:11.563953,172,52.94.235.50,443,3.0,0,1,1,23,1,expected
2018-11-27 03:48:11.580222,172,52.94.235.50,443,3.0,0,1,1,23,1,expected
2018-11-27 03:48:11.607485,172,52.94.235.50,443,3.0,0,1,1,23,1,expected
2018-11-27 03:48:11.628561,172,52.94.235.50,443,3.0,0,1,1,23,1,expected
2018-11-27 03:48:11.642817,172,52.94.235.50,443,3.0,0,1,1,23,1,expected
2018-11-27 03:48:11.656672,172,52.94.235.50,443,3.0,0,1,1,23,1,expected
2018-11-27 03:48:11.691420,172,52.94.235.50,443,3.0,0,1,1,23,1,expected
2018-11-27 03:48:11.705746,172,52.94.235.50,443,3.0,0,1,1,23,1,expected
2018-11-27 03:48:11.708990,100,52.94.235.50,443,3.0,0,1,1,23,1,syn
2018-11-27 03:48:11.744394,172,52.94.235.50,443,3.0,0,1,1,23,1,expected
2018-11-27 03:48:11.744529,172,52.94.235.50,443,3.0,0,1,1,23,1,expected
2018-11-27 03:48:11.768825,172,52.94.235.50,443,3.0,0,1,1,23,1,expected
2018-11-27 03:48:11.782619,172,52.94.235.50,443,3.0,0,1,1,23,1,expected
2018-11-27 03:48:11.803476,172,52.94.235.50,443,3.0,0,1,1,23,1,expected
2018-11-27 03:48:11.820893,172,52.94.235.50,443,3.0,0,1,1,23,1,expected
2018-11-27 03:48:11.852721,172,52.94.235.50,443,3.0,0,1,1,23,1,expected
2018-11-27 03:48:11.868093,172,52.94.235.50,443,3.0,0,1,1,23,1,expected
2018-11-27 03:48:11.880981,172,52.94.235.50,443,3.0,0,1,1,23,1,expected
2018-11-27 03:48:11.894722,172,52.94.235.50,443,3.0,0,1,1,23,1,expected
2018-11-27 03:48:11.929880,172,52.94.235.50,443,3.0,0,1,1,23,1,expected
2018-11-27 03:48:11.943898,172,52.94.235.50,443,3.0,0,1,1,23,1,expected
2018-11-27 03:48:11.964516,172,52.94.235.50,443,3.0,0,1,1,23,1,expected
2018-11-27 03:48:11.978837,172,52.94.235.50,443,3.0,0,1,1,23,1,expected
2018-11-27 03:48:12.012915,172,52.94.235.50,443,3.0,0,1,1,23,1,expected
2018-11-27 03:48:12.026930,172,52.94.235.50,443,3.0,0,1,1,23,1,expected
2018-11-27 03:48:12.040900,172,52.94.235.50,443,3.0,0,1,1,23,1,expected
2018-11-27 03:48:12.054863,172,52.94.235.50,443,3.0,0,1,1,23,1,expected
2018-11-27 03:48:12.089679,172,52.94.235.50,443,3.0,0,1,1,23,1,expected
2018-11-27 03:48:12.103403,172,52.94.235.50,443,3.0,0,1,1,23,1,expected
2018-11-27 03:48:12.124988,172,52.94.235.50,443,3.0,0,1,1,23,1,expected
2018-11-27 03:48:12.138962,172,52.94.235.50,443,3.0,0,1,1,23,1,expected
2018-11-27 03:48:12.166751,172,52.94.235.50,443,3.0,0,1,1,23,1,expected
2018-11-27 03:48:12.187992,172,52.94.235.50,443,3.0,0,1,1,23,1,expected
2018-11-27 03:48:12.201744,172,52.94.235.50,443,3.0,0,1,1,23,1,expected
2018-11-27 03:48:12.215652,172,52.94.235.50,443,3.0,0,1,1,23,1,expected
2018-11-27 03:48:12.251425,172,52.94.235.50,443,3.0,0,1,1,23,1,expected
2018-11-27 03:48:12.255310,136,52.94.235.50,443,3.0,0,1,1,23,1,expected
2018-11-27 03:48:12.255480,92,52.94.235.50,443,3.0,0,1,1,23,1,expected
2018-11-27 03:48:12.284802,74,52.94.232.195,443,1.0,3660092056,0,1,,1,retransmit
2018-11-27 03:48:12.304964,54,52.94.235.50,443,1.0,1654,1,1,,1,ack
2018-11-27 03:48:12.329981,54,52.94.232.195,443,1.0,45,1,1,,1,ack
2018-11-27 03:48:12.331518,312,52.94.232.195,443,3.0,0,1,1,22,1,handshake
2018-11-27 03:48:12.376439,54,52.94.232.195,443,1.0,46,1,1,,1,ack
2018-11-27 03:48:12.376709,105,52.94.232.195,443,3.0,0,1,1,20,1,handshake
2018-11-27 03:48:12.462060,813,52.94.232.195,443,3.0,0,1,1,23,1,expected
2018-11-27 03:48:12.513022,85,52.94.232.195,443,3.0,0,1,1,21,1,handshake
2018-11-27 03:48:12.513231,54,52.94.232.195,443,1.0,136,1,1,,1,ack
2018-11-27 03:48:12.559994,54,52.94.232.195,443,1.0,46,1,1,,1,ack
2018-11-27 03:48:12.571961,54,52.94.235.50,443,1.0,266,1,1,,1,ack
2018-11-27 03:48:12.576932,74,52.94.232.195,443,1.0,3660089199,0,1,,1,retransmit
2018-11-27 03:48:12.614943,54,52.94.232.195,443,1.0,38,1,1,,1,ack
2018-11-27 03:48:12.616302,312,52.94.232.195,443,3.0,0,1,1,22,1,handshake
2018-11-27 03:48:12.659457,54,52.94.232.195,443,1.0,44,1,1,,1,ack
2018-11-27 03:48:12.662450,105,52.94.232.195,443,3.0,0,1,1,20,1,handshake
2018-11-27 03:48:12.762428,780,52.94.232.195,443,3.0,0,1,1,23,1,expected
2018-11-27 03:48:12.786563,288,52.94.235.50,443,3.0,0,1,1,23,1,expected
2018-11-27 03:48:12.787551,190,52.94.235.50,443,3.0,0,1,1,23,1,expected
2018-11-27 03:48:12.790087,1514,52.94.235.50,443,1.0,218,1,1,,1,not_relevant
2018-11-27 03:48:12.790123,1514,52.94.235.50,443,1.0,0,1,1,,1,not_relevant
2018-11-27 03:48:12.790246,402,52.94.235.50,443,3.0,0,1,1,23,1,expected
2018-11-27 03:48:12.792961,54,52.94.235.50,443,1.0,2,1,1,,1,ack
2018-11-27 03:48:12.793360,54,52.94.235.50,443,1.0,0,1,1,,1,ack
2018-11-27 03:48:12.793503,54,52.94.235.50,443,1.0,0,1,1,,1,ack
2018-11-27 03:48:12.794261,54,52.94.235.50,443,1.0,0,1,1,,1,ack
2018-11-27 03:48:12.794567,54,52.94.235.50,443,1.0,0,1,1,,1,ack
2018-11-27 03:48:12.795457,54,52.94.235.50,443,1.0,0,1,1,,1,ack
2018-11-27 03:48:12.795601,54,52.94.235.50,443,1.0,0,1,1,,1,ack
2018-11-27 03:48:12.797562,54,52.94.235.50,443,1.0,1,1,1,,1,ack
2018-11-27 03:48:12.797764,54,52.94.235.50,443,1.0,0,1,1,,1,ack
2018-11-27 03:48:12.809940,85,52.94.232.195,443,3.0,0,1,1,21,1,handshake
2018-11-27 03:48:12.810211,54,52.94.232.195,443,1.0,150,1,1,,1,ack
2018-11-27 03:48:12.835787,54,52.94.235.50,443,1.0,38,1,1,,1,ack
2018-11-27 03:48:12.837636,174,52.94.235.50,443,3.0,0,1,1,23,1,expected
2018-11-27 03:48:12.841075,54,52.94.235.50,443,1.0,5,1,1,,1,ack
2018-11-27 03:48:12.841318,54,52.94.235.50,443,1.0,0,1,1,,1,ack
2018-11-27 03:48:12.841913,54,52.94.235.50,443,1.0,0,1,1,,1,ack
2018-11-27 03:48:12.843576,54,52.94.235.50,443,1.0,1,1,1,,1,ack
2018-11-27 03:48:12.843863,54,52.94.235.50,443,1.0,0,1,1,,1,ack
2018-11-27 03:48:12.846987,54,52.94.235.50,443,1.0,3,1,1,,1,ack
2018-11-27 03:48:12.847858,96,52.94.235.50,443,3.0,0,1,1,23,1,expected
2018-11-27 03:48:12.848252,54,52.94.235.50,443,1.0,1,1,1,,1,ack
2018-11-27 03:48:12.848627,54,52.94.235.50,443,1.0,0,1,1,,1,ack
2018-11-27 03:48:12.850549,74,52.94.232.195,443,1.0,3660088991,0,1,,1,retransmit
2018-11-27 03:48:12.850721,54,52.94.232.195,443,1.0,40,1,1,,1,ack
2018-11-27 03:48:12.882083,54,52.94.235.50,443,1.0,33,1,1,,1,ack
2018-11-27 03:48:12.883021,54,52.94.235.50,443,1.0,0,1,1,,1,ack
2018-11-27 03:48:12.893906,54,52.94.232.195,443,1.0,43,1,1,,1,ack
2018-11-27 03:48:12.895386,312,52.94.232.195,443,3.0,0,1,1,22,1,handshake
2018-11-27 03:48:12.915105,54,52.94.235.50,443,1.0,32,1,1,,1,ack
2018-11-27 03:48:12.940885,54,52.94.232.195,443,1.0,46,1,1,,1,ack
2018-11-27 03:48:12.941385,105,52.94.232.195,443,3.0,0,1,1,20,1,handshake
2018-11-27 03:48:12.998156,54,52.94.235.50,443,1.0,83,1,1,,1,ack
2018-11-27 03:48:13.027747,287,52.94.235.50,443,3.0,0,1,1,23,1,expected
2018-11-27 03:48:13.032371,788,52.94.232.195,443,3.0,0,1,1,23,1,expected
2018-11-27 03:48:13.034068,190,52.94.235.50,443,3.0,0,1,1,23,1,expected
2018-11-27 03:48:13.038441,1514,52.94.235.50,443,1.0,40,1,1,,1,not_relevant
2018-11-27 03:48:13.038477,1514,52.94.235.50,443,1.0,0,1,1,,1,not_relevant
2018-11-27 03:48:13.038496,407,52.94.235.50,443,3.0,0,1,1,23,1,expected
2018-11-27 03:48:13.068054,174,52.94.235.50,443,3.0,0,1,1,23,1,expected
2018-11-27 03:48:13.081387,85,52.94.232.195,443,3.0,0,1,1,21,1,handshake
2018-11-27 03:48:13.081555,54,52.94.232.195,443,1.0,140,1,1,,1,ack
2018-11-27 03:48:13.144363,54,52.94.232.195,443,1.0,62,1,1,,1,ack
2018-11-27 03:48:13.145452,287,52.94.235.50,443,3.0,0,1,1,23,1,expected
2018-11-27 03:48:13.145474,190,52.94.235.50,443,3.0,0,1,1,23,1,expected
2018-11-27 03:48:13.145507,1514,52.94.235.50,443,1.0,107,1,1,,1,not_relevant
2018-11-27 03:48:13.146911,1514,52.94.235.50,443,1.0,1,1,1,,1,not_relevant
2018-11-27 03:48:13.146963,523,52.94.235.50,443,3.0,0,1,1,23,1,expected
2018-11-27 03:48:13.211577,54,52.94.235.50,443,1.0,64,1,1,,1,ack
2018-11-27 03:48:13.226483,74,52.94.232.195,443,1.0,3660088684,0,1,,1,retransmit
2018-11-27 03:48:13.233782,54,52.94.235.50,443,1.0,22,1,1,,1,ack
2018-11-27 03:48:13.236297,54,52.94.235.50,443,1.0,2,1,1,,1,ack
2018-11-27 03:48:13.269827,54,52.94.232.195,443,1.0,43,1,1,,1,ack
2018-11-27 03:48:13.271239,312,52.94.232.195,443,3.0,0,1,1,22,1,handshake
2018-11-27 03:48:13.273187,54,52.94.235.50,443,1.0,36,1,1,,1,ack
2018-11-27 03:48:13.276160,54,52.94.235.50,443,1.0,2,1,1,,1,ack
2018-11-27 03:48:13.317207,54,52.94.232.195,443,1.0,47,1,1,,1,ack
2018-11-27 03:48:13.322852,105,52.94.232.195,443,3.0,0,1,1,20,1,handshake
2018-11-27 03:48:13.416583,795,52.94.232.195,443,3.0,0,1,1,23,1,expected
2018-11-27 03:48:13.470597,85,52.94.232.195,443,3.0,0,1,1,21,1,handshake
2018-11-27 03:48:13.470781,54,52.94.232.195,443,1.0,153,1,1,,1,ack
2018-11-27 03:48:13.522806,54,52.94.232.195,443,1.0,52,1,1,,1,ack
2018-11-27 03:48:20.301369,639,52.94.235.50,443,3.0,0,1,1,23,1,expected
2018-11-27 03:48:20.301578,190,52.94.235.50,443,3.0,0,1,1,23,1,expected
2018-11-27 03:48:20.302045,1514,52.94.235.50,443,1.0,7025,1,1,,1,not_relevant
2018-11-27 03:48:20.302062,1514,52.94.235.50,443,1.0,0,1,1,,1,not_relevant
2018-11-27 03:48:20.302077,407,52.94.235.50,443,3.0,0,1,1,23,1,expected
2018-11-27 03:48:20.363412,1514,52.94.235.50,443,3.0,0,1,1,23,1,expected
2018-11-27 03:48:20.363770,1514,52.94.235.50,443,1.0,61,1,1,,1,not_relevant
2018-11-27 03:48:20.365350,1514,52.94.235.50,443,1.0,1,1,1,,1,not_relevant
2018-11-27 03:48:20.365385,1024,52.94.235.50,443,3.0,0,1,1,23,1,expected
2018-11-27 03:48:20.512239,54,52.94.235.50,443,1.0,146,1,1,,1,ack
2018-11-27 03:48:20.512364,54,52.94.235.50,443,1.0,0,1,1,,1,ack
2018-11-27 03:48:20.555241,54,52.94.235.50,443,1.0,42,1,1,,1,ack
2018-11-27 03:48:20.555427,54,52.94.235.50,443,1.0,0,1,1,,1,ack
2018-11-27 03:48:20.801230,287,52.94.235.50,443,3.0,0,1,1,23,1,expected
2018-11-27 03:48:20.801734,190,52.94.235.50,443,3.0,0,1,1,23,1,expected
2018-11-27 03:48:20.801792,1514,52.94.235.50,443,1.0,246,1,1,,1,not_relevant
2018-11-27 03:48:20.801808,1514,52.94.235.50,443,1.0,0,1,1,,1,not_relevant
2018-11-27 03:48:20.801825,402,52.94.235.50,443,3.0,0,1,1,23,1,expected
2018-11-27 03:48:20.923103,174,52.94.235.50,443,3.0,0,1,1,23,1,expected
2018-11-27 03:48:20.926538,54,52.94.235.50,443,1.0,124,1,1,,1,ack
2018-11-27 03:48:21.060383,54,52.94.235.50,443,1.0,133,1,1,,1,ack
2018-11-27 03:48:21.060538,54,52.94.235.50,443,1.0,0,1,1,,1,ack
2018-11-27 03:48:41.709453,54,52.94.235.50,443,1.0,20648,1,1,,1,ack
2018-11-27 03:48:41.712291,100,52.94.235.50,443,3.0,0,1,1,23,1,syn
2018-11-27 03:48:57.184994,66,99.84.170.230,80,1.0,120012,1,1,,1,ack
2018-11-27 03:49:01.159628,287,52.94.235.50,443,3.0,0,1,1,23,1,expected
2018-11-27 03:49:01.163434,190,52.94.235.50,443,3.0,0,1,1,23,1,expected
2018-11-27 03:49:01.165767,1514,52.94.235.50,443,1.0,19456,1,1,,1,not_relevant
2018-11-27 03:49:01.167503,1514,52.94.235.50,443,1.0,1,1,1,,1,not_relevant
2018-11-27 03:49:01.167565,703,52.94.235.50,443,3.0,0,1,1,23,1,expected
2018-11-27 03:49:01.167691,132,52.94.235.50,443,3.0,0,1,1,23,1,expected
2018-11-27 03:49:01.201192,1514,52.94.235.50,443,3.0,0,1,1,23,1,expected
2018-11-27 03:49:01.206217,1514,52.94.235.50,443,3.0,0,1,1,23,1,expected
2018-11-27 03:49:01.214773,1514,52.94.235.50,443,1.0,47,1,1,,1,not_relevant
2018-11-27 03:49:01.215095,1514,52.94.235.50,443,1.0,0,1,1,,1,not_relevant
2018-11-27 03:49:01.216480,1357,52.94.235.50,443,3.0,0,1,1,23,1,expected
2018-11-27 03:49:01.227338,74,52.94.232.195,443,1.0,3660100838,0,1,,1,retransmit
2018-11-27 03:49:01.255949,1514,52.94.235.50,443,1.0,40,1,1,,1,not_relevant
2018-11-27 03:49:01.256559,1514,52.94.235.50,443,1.0,0,1,1,,1,not_relevant
2018-11-27 03:49:01.256603,1472,52.94.235.50,443,3.0,0,1,1,23,1,expected
2018-11-27 03:49:01.266731,54,52.94.232.195,443,1.0,39,1,1,,1,ack
2018-11-27 03:49:01.268142,312,52.94.232.195,443,3.0,0,1,1,22,1,handshake
2018-11-27 03:49:01.276470,172,52.94.235.50,443,3.0,0,1,1,23,1,expected
2018-11-27 03:49:01.290743,172,52.94.235.50,443,3.0,0,1,1,23,1,expected
2018-11-27 03:49:01.304721,172,52.94.235.50,443,3.0,0,1,1,23,1,expected
2018-11-27 03:49:01.311476,54,52.94.232.195,443,1.0,44,1,1,,1,ack
2018-11-27 03:49:01.311634,54,52.94.232.195,443,1.0,0,1,1,,1,ack
2018-11-27 03:49:01.312986,54,52.94.232.195,443,1.0,1,1,1,,1,ack
2018-11-27 03:49:01.313669,54,52.94.232.195,443,1.0,0,1,1,,1,ack
2018-11-27 03:49:01.338757,172,52.94.235.50,443,3.0,0,1,1,23,1,expected
2018-11-27 03:49:01.343263,54,52.94.235.50,443,1.0,86,1,1,,1,ack
2018-11-27 03:49:01.345124,66,52.94.232.195,443,1.0,31,1,1,,1,ack
2018-11-27 03:49:01.354365,172,52.94.235.50,443,3.0,0,1,1,23,1,expected
2018-11-27 03:49:01.367418,172,52.94.235.50,443,3.0,0,1,1,23,1,expected
2018-11-27 03:49:01.376707,180,52.94.232.195,443,3.0,0,1,1,22,1,handshake
2018-11-27 03:49:01.388179,172,52.94.235.50,443,3.0,0,1,1,23,1,expected
2018-11-27 03:49:01.419143,172,52.94.235.50,443,3.0,0,1,1,23,1,expected
2018-11-27 03:49:01.450114,172,52.94.235.50,443,3.0,0,1,1,23,1,expected
2018-11-27 03:49:01.450273,54,52.94.232.195,443,1.0,105,1,1,,1,ack
2018-11-27 03:49:01.451203,768,52.94.232.195,443,3.0,0,1,1,23,1,expected
2018-11-27 03:49:01.453032,172,52.94.235.50,443,3.0,0,1,1,23,1,expected
2018-11-27 03:49:01.464848,172,52.94.235.50,443,3.0,0,1,1,23,1,expected
2018-11-27 03:49:01.500445,172,52.94.235.50,443,3.0,0,1,1,23,1,expected
2018-11-27 03:49:01.502723,85,52.94.232.195,443,3.0,0,1,1,21,1,handshake
2018-11-27 03:49:01.502821,54,52.94.232.195,443,1.0,52,1,1,,1,ack
2018-11-27 03:49:01.514346,172,52.94.235.50,443,3.0,0,1,1,23,1,expected
2018-11-27 03:49:01.527688,172,52.94.235.50,443,3.0,0,1,1,23,1,expected
2018-11-27 03:49:01.544718,54,52.94.232.195,443,1.0,41,1,1,,1,ack
2018-11-27 03:49:01.549513,172,52.94.235.50,443,3.0,0,1,1,23,1,expected
2018-11-27 03:49:01.578024,172,52.94.235.50,443,3.0,0,1,1,23,1,expected
2018-11-27 03:49:01.590667,172,52.94.235.50,443,3.0,0,1,1,23,1,expected
2018-11-27 03:49:01.611855,172,52.94.235.50,443,3.0,0,1,1,23,1,expected
2018-11-27 03:49:01.626735,172,52.94.235.50,443,3.0,0,1,1,23,1,expected
2018-11-27 03:49:01.661248,172,52.94.235.50,443,3.0,0,1,1,23,1,expected
2018-11-27 03:49:01.675234,172,52.94.235.50,443,3.0,0,1,1,23,1,expected
2018-11-27 03:49:01.690996,172,52.94.235.50,443,3.0,0,1,1,23,1,expected
2018-11-27 03:49:01.694302,288,52.94.235.50,443,3.0,0,1,1,23,1,expected
2018-11-27 03:49:01.696416,190,52.94.235.50,443,3.0,0,1,1,23,1,expected
2018-11-27 03:49:01.704433,1514,52.94.235.50,443,1.0,361,1,1,,1,not_relevant
2018-11-27 03:49:01.704487,1514,52.94.235.50,443,1.0,0,1,1,,1,not_relevant
2018-11-27 03:49:01.736509,644,52.94.235.50,443,3.0,0,1,1,23,1,expected
2018-11-27 03:49:01.741314,172,52.94.235.50,443,3.0,0,1,1,23,1,expected
2018-11-27 03:49:01.751893,172,52.94.235.50,443,3.0,0,1,1,23,1,expected
2018-11-27 03:49:01.772837,172,52.94.235.50,443,3.0,0,1,1,23,1,expected
2018-11-27 03:49:01.786656,172,52.94.235.50,443,3.0,0,1,1,23,1,expected
2018-11-27 03:49:01.817393,172,52.94.235.50,443,3.0,0,1,1,23,1,expected
2018-11-27 03:49:01.835736,172,52.94.235.50,443,3.0,0,1,1,23,1,expected
2018-11-27 03:49:01.849992,172,52.94.235.50,443,3.0,0,1,1,23,1,expected
2018-11-27 03:49:01.864223,172,52.94.235.50,443,3.0,0,1,1,23,1,expected
2018-11-27 03:49:01.898628,172,52.94.235.50,443,3.0,0,1,1,23,1,expected
2018-11-27 03:49:01.912647,172,52.94.235.50,443,3.0,0,1,1,23,1,expected
2018-11-27 03:49:01.927340,172,52.94.235.50,443,3.0,0,1,1,23,1,expected
2018-11-27 03:49:01.946820,54,52.94.235.50,443,1.0,242,1,1,,1,ack
2018-11-27 03:49:01.949484,172,52.94.235.50,443,3.0,0,1,1,23,1,expected
2018-11-27 03:49:01.976572,172,52.94.235.50,443,3.0,0,1,1,23,1,expected
2018-11-27 03:49:01.998118,172,52.94.235.50,443,3.0,0,1,1,23,1,expected
2018-11-27 03:49:02.010524,172,52.94.235.50,443,3.0,0,1,1,23,1,expected
2018-11-27 03:49:02.024483,172,52.94.235.50,443,3.0,0,1,1,23,1,expected
2018-11-27 03:49:02.060975,172,52.94.235.50,443,3.0,0,1,1,23,1,expected
2018-11-27 03:49:02.074667,172,52.94.235.50,443,3.0,0,1,1,23,1,expected
2018-11-27 03:49:02.090107,172,52.94.235.50,443,3.0,0,1,1,23,1,expected
2018-11-27 03:49:02.110442,172,52.94.235.50,443,3.0,0,1,1,23,1,expected
2018-11-27 03:49:02.150014,172,52.94.235.50,443,3.0,0,1,1,23,1,expected
2018-11-27 03:49:02.150862,172,52.94.235.50,443,3.0,0,1,1,23,1,expected
2018-11-27 03:49:02.172543,172,52.94.235.50,443,3.0,0,1,1,23,1,expected
2018-11-27 03:49:02.186134,172,52.94.235.50,443,3.0,0,1,1,23,1,expected
2018-11-27 03:49:02.220819,172,52.94.235.50,443,3.0,0,1,1,23,1,expected
2018-11-27 03:49:02.234549,172,52.94.235.50,443,3.0,0,1,1,23,1,expected
2018-11-27 03:49:02.248693,172,52.94.235.50,443,3.0,0,1,1,23,1,expected
2018-11-27 03:49:02.262749,172,52.94.235.50,443,3.0,0,1,1,23,1,expected
2018-11-27 03:49:02.298859,172,52.94.235.50,443,3.0,0,1,1,23,1,expected
2018-11-27 03:49:02.312686,172,52.94.235.50,443,3.0,0,1,1,23,1,expected
2018-11-27 03:49:02.338266,172,52.94.235.50,443,3.0,0,1,1,23,1,expected
2018-11-27 03:49:02.348552,172,52.94.235.50,443,3.0,0,1,1,23,1,expected
2018-11-27 03:49:02.375036,172,52.94.235.50,443,3.0,0,1,1,23,1,expected
2018-11-27 03:49:02.399277,172,52.94.235.50,443,3.0,0,1,1,23,1,expected
2018-11-27 03:49:02.410328,172,52.94.235.50,443,3.0,0,1,1,23,1,expected
2018-11-27 03:49:02.423839,172,52.94.235.50,443,3.0,0,1,1,23,1,expected
2018-11-27 03:49:02.459217,172,52.94.235.50,443,3.0,0,1,1,23,1,expected
2018-11-27 03:49:02.473139,172,52.94.235.50,443,3.0,0,1,1,23,1,expected
2018-11-27 03:49:02.487424,172,52.94.235.50,443,3.0,0,1,1,23,1,expected
2018-11-27 03:49:02.510302,172,52.94.235.50,443,3.0,0,1,1,23,1,expected
2018-11-27 03:49:02.539369,172,52.94.235.50,443,3.0,0,1,1,23,1,expected
2018-11-27 03:49:02.557197,172,52.94.235.50,443,3.0,0,1,1,23,1,expected
2018-11-27 03:49:02.570743,172,52.94.235.50,443,3.0,0,1,1,23,1,expected
2018-11-27 03:49:02.585469,172,52.94.235.50,443,3.0,0,1,1,23,1,expected
2018-11-27 03:49:02.619854,172,52.94.235.50,443,3.0,0,1,1,23,1,expected
2018-11-27 03:49:02.633797,172,52.94.235.50,443,3.0,0,1,1,23,1,expected
2018-11-27 03:49:02.648521,172,52.94.235.50,443,3.0,0,1,1,23,1,expected
2018-11-27 03:49:02.669057,172,52.94.235.50,443,3.0,0,1,1,23,1,expected
2018-11-27 03:49:02.697394,172,52.94.235.50,443,3.0,0,1,1,23,1,expected
2018-11-27 03:49:02.710838,172,52.94.235.50,443,3.0,0,1,1,23,1,expected
2018-11-27 03:49:02.731228,172,52.94.235.50,443,3.0,0,1,1,23,1,expected
2018-11-27 03:49:02.745372,172,52.94.235.50,443,3.0,0,1,1,23,1,expected
2018-11-27 03:49:02.780532,172,52.94.235.50,443,3.0,0,1,1,23,1,expected
2018-11-27 03:49:02.794802,172,52.94.235.50,443,3.0,0,1,1,23,1,expected
2018-11-27 03:49:02.810613,172,52.94.235.50,443,3.0,0,1,1,23,1,expected
2018-11-27 03:49:02.850022,172,52.94.235.50,443,3.0,0,1,1,23,1,expected
2018-11-27 03:49:02.857871,172,52.94.235.50,443,3.0,0,1,1,23,1,expected
2018-11-27 03:49:02.872088,172,52.94.235.50,443,3.0,0,1,1,23,1,expected
2018-11-27 03:49:02.893738,172,52.94.235.50,443,3.0,0,1,1,23,1,expected
2018-11-27 03:49:02.907188,172,52.94.235.50,443,3.0,0,1,1,23,1,expected
2018-11-27 03:49:02.935373,172,52.94.235.50,443,3.0,0,1,1,23,1,expected
2018-11-27 03:49:02.956219,172,52.94.235.50,443,3.0,0,1,1,23,1,expected
2018-11-27 03:49:02.972077,172,52.94.235.50,443,3.0,0,1,1,23,1,expected
2018-11-27 03:49:02.983511,172,52.94.235.50,443,3.0,0,1,1,23,1,expected
2018-11-27 03:49:03.019804,172,52.94.235.50,443,3.0,0,1,1,23,1,expected
2018-11-27 03:49:03.033669,172,52.94.235.50,443,3.0,0,1,1,23,1,expected
2018-11-27 03:49:03.048098,172,52.94.235.50,443,3.0,0,1,1,23,1,expected
2018-11-27 03:49:03.069185,172,52.94.235.50,443,3.0,0,1,1,23,1,expected
2018-11-27 03:49:03.096308,172,52.94.235.50,443,3.0,0,1,1,23,1,expected
2018-11-27 03:49:03.117476,172,52.94.235.50,443,3.0,0,1,1,23,1,expected
2018-11-27 03:49:03.132513,172,52.94.235.50,443,3.0,0,1,1,23,1,expected
2018-11-27 03:49:03.145851,172,52.94.235.50,443,3.0,0,1,1,23,1,expected
2018-11-27 03:49:03.180692,172,52.94.235.50,443,3.0,0,1,1,23,1,expected
2018-11-27 03:49:03.194032,172,52.94.235.50,443,3.0,0,1,1,23,1,expected
2018-11-27 03:49:03.208226,172,52.94.235.50,443,3.0,0,1,1,23,1,expected
2018-11-27 03:49:03.222277,172,52.94.235.50,443,3.0,0,1,1,23,1,expected
2018-11-27 03:49:03.258062,172,52.94.235.50,443,3.0,0,1,1,23,1,expected
2018-11-27 03:49:03.271922,172,52.94.235.50,443,3.0,0,1,1,23,1,expected
2018-11-27 03:49:03.293219,172,52.94.235.50,443,3.0,0,1,1,23,1,expected
2018-11-27 03:49:03.307454,172,52.94.235.50,443,3.0,0,1,1,23,1,expected
2018-11-27 03:49:03.334506,172,52.94.235.50,443,3.0,0,1,1,23,1,expected
2018-11-27 03:49:03.355943,172,52.94.235.50,443,3.0,0,1,1,23,1,expected
2018-11-27 03:49:03.370422,172,52.94.235.50,443,3.0,0,1,1,23,1,expected
2018-11-27 03:49:03.384235,172,52.94.235.50,443,3.0,0,1,1,23,1,expected
2018-11-27 03:49:03.421440,172,52.94.235.50,443,3.0,0,1,1,23,1,expected
2018-11-27 03:49:03.433263,172,52.94.235.50,443,3.0,0,1,1,23,1,expected
2018-11-27 03:49:03.447114,172,52.94.235.50,443,3.0,0,1,1,23,1,expected
2018-11-27 03:49:03.468515,172,52.94.235.50,443,3.0,0,1,1,23,1,expected
2018-11-27 03:49:03.496535,172,52.94.235.50,443,3.0,0,1,1,23,1,expected
2018-11-27 03:49:03.598634,136,52.94.235.50,443,3.0,0,1,1,23,1,expected
2018-11-27 03:49:03.598788,92,52.94.235.50,443,3.0,0,1,1,23,1,expected
2018-11-27 03:49:03.601085,74,52.94.232.195,443,1.0,3660100488,0,1,,1,retransmit
2018-11-27 03:49:03.628284,54,52.94.235.50,443,1.0,1681,1,1,,1,ack
2018-11-27 03:49:03.732533,54,52.94.232.195,443,1.0,131,1,1,,1,ack
2018-11-27 03:49:03.732702,312,52.94.232.195,443,3.0,0,1,1,22,1,handshake
2018-11-27 03:49:03.867712,54,52.94.232.195,443,1.0,135,1,1,,1,ack
2018-11-27 03:49:03.868029,54,52.94.235.50,443,1.0,239,1,1,,1,ack
2018-11-27 03:49:03.870839,105,52.94.232.195,443,3.0,0,1,1,20,1,handshake
2018-11-27 03:49:03.888147,74,52.94.232.195,443,1.0,3660100311,0,1,,1,retransmit
2018-11-27 03:49:03.934483,54,52.94.232.195,443,1.0,46,1,1,,1,ack
2018-11-27 03:49:03.935827,312,52.94.232.195,443,3.0,0,1,1,22,1,handshake
2018-11-27 03:49:04.043372,811,52.94.232.195,443,3.0,0,1,1,23,1,expected
2018-11-27 03:49:04.043838,54,52.94.232.195,443,1.0,109,1,1,,1,ack
2018-11-27 03:49:04.046126,105,52.94.232.195,443,3.0,0,1,1,20,1,handshake
2018-11-27 03:49:04.054603,54,52.94.235.50,443,1.0,186,1,1,,1,ack
2018-11-27 03:49:04.055582,54,52.94.235.50,443,1.0,0,1,1,,1,ack
2018-11-27 03:49:04.055679,54,52.94.235.50,443,1.0,0,1,1,,1,ack
2018-11-27 03:49:04.056828,54,52.94.235.50,443,1.0,1,1,1,,1,ack
2018-11-27 03:49:04.057134,54,52.94.235.50,443,1.0,0,1,1,,1,ack
2018-11-27 03:49:04.057754,54,52.94.235.50,443,1.0,0,1,1,,1,ack
2018-11-27 03:49:04.057965,54,52.94.235.50,443,1.0,0,1,1,,1,ack
2018-11-27 03:49:04.058757,54,52.94.235.50,443,1.0,0,1,1,,1,ack
2018-11-27 03:49:04.058963,54,52.94.235.50,443,1.0,0,1,1,,1,ack
2018-11-27 03:49:04.059872,54,52.94.235.50,443,1.0,0,1,1,,1,ack
2018-11-27 03:49:04.180731,287,52.94.235.50,443,3.0,0,1,1,23,1,expected
2018-11-27 03:49:04.181434,190,52.94.235.50,443,3.0,0,1,1,23,1,expected
2018-11-27 03:49:04.188647,54,52.94.235.50,443,1.0,128,1,1,,1,ack
2018-11-27 03:49:04.189489,54,52.94.235.50,443,1.0,0,1,1,,1,ack
2018-11-27 03:49:04.189775,54,52.94.235.50,443,1.0,0,1,1,,1,ack
2018-11-27 03:49:04.190191,54,52.94.235.50,443,1.0,0,1,1,,1,ack
2018-11-27 03:49:04.190588,54,52.94.235.50,443,1.0,0,1,1,,1,ack
2018-11-27 03:49:04.190774,54,52.94.235.50,443,1.0,0,1,1,,1,ack
2018-11-27 03:49:04.191085,54,52.94.235.50,443,1.0,0,1,1,,1,ack
2018-11-27 03:49:04.191296,54,52.94.235.50,443,1.0,0,1,1,,1,ack
2018-11-27 03:49:04.204391,74,52.94.232.195,443,1.0,3660100433,0,1,,1,retransmit
2018-11-27 03:49:04.204841,54,52.94.235.50,443,1.0,13,1,1,,1,ack
2018-11-27 03:49:04.205116,54,52.94.235.50,443,1.0,0,1,1,,1,ack
2018-11-27 03:49:04.205370,781,52.94.232.195,443,3.0,0,1,1,23,1,expected
2018-11-27 03:49:04.250215,134,52.94.235.50,443,3.0,0,1,1,23,1,expected
2018-11-27 03:49:04.255449,54,52.94.235.50,443,1.0,50,1,1,,1,ack
2018-11-27 03:49:04.255688,54,52.94.232.195,443,1.0,51,1,1,,1,ack
2018-11-27 03:49:04.259861,85,52.94.232.195,443,3.0,0,1,1,21,1,handshake
2018-11-27 03:49:04.260254,54,52.94.232.195,443,1.0,216,1,1,,1,ack
2018-11-27 03:49:04.260412,312,52.94.232.195,443,3.0,0,1,1,22,1,handshake
2018-11-27 03:49:04.295226,1514,52.94.235.50,443,1.0,39,1,1,,1,not_relevant
2018-11-27 03:49:04.295542,1514,52.94.235.50,443,1.0,0,1,1,,1,not_relevant
2018-11-27 03:49:04.305659,54,52.94.232.195,443,1.0,45,1,1,,1,ack
2018-11-27 03:49:04.308867,54,52.94.232.195,443,1.0,53,1,1,,1,ack
2018-11-27 03:49:04.311302,105,52.94.232.195,443,3.0,0,1,1,20,1,handshake
2018-11-27 03:49:04.315886,66,52.94.232.195,443,1.0,448,1,1,,1,ack
2018-11-27 03:49:04.343091,1514,52.94.235.50,443,1.0,47,1,1,,1,not_relevant
2018-11-27 03:49:04.344346,484,52.94.235.50,443,1.0,1,1,1,,1,not_relevant
2018-11-27 03:49:04.394612,54,52.94.235.50,443,1.0,50,1,1,,1,ack
2018-11-27 03:49:04.412876,787,52.94.232.195,443,3.0,0,1,1,23,1,expected
2018-11-27 03:49:04.439616,286,52.94.235.50,443,3.0,0,1,1,23,1,expected
2018-11-27 03:49:04.442458,190,52.94.235.50,443,3.0,0,1,1,23,1,expected
2018-11-27 03:49:04.444256,1514,52.94.235.50,443,1.0,49,1,1,,1,not_relevant
2018-11-27 03:49:04.460582,85,52.94.232.195,443,3.0,0,1,1,21,1,handshake
2018-11-27 03:49:04.460772,54,52.94.232.195,443,1.0,151,1,1,,1,ack
2018-11-27 03:49:04.483072,54,52.94.235.50,443,1.0,38,1,1,,1,ack
2018-11-27 03:49:04.483450,1514,52.94.235.50,443,1.0,0,1,1,,1,not_relevant
2018-11-27 03:49:04.484772,527,52.94.235.50,443,3.0,0,1,1,23,1,expected
2018-11-27 03:49:04.504538,288,52.94.235.50,443,3.0,0,1,1,23,1,expected
2018-11-27 03:49:04.506421,190,52.94.235.50,443,3.0,0,1,1,23,1,expected
2018-11-27 03:49:04.507032,54,52.94.232.195,443,1.0,46,1,1,,1,ack
2018-11-27 03:49:04.528145,1514,52.94.235.50,443,1.0,44,1,1,,1,not_relevant
2018-11-27 03:49:04.529669,1514,52.94.235.50,443,1.0,1,1,1,,1,not_relevant
2018-11-27 03:49:04.535073,54,52.94.232.195,443,1.0,219,1,1,,1,ack
2018-11-27 03:49:04.558681,523,52.94.235.50,443,3.0,0,1,1,23,1,expected
2018-11-27 03:49:04.571740,74,52.94.232.195,443,1.0,3036792239,0,1,,1,retransmit
2018-11-27 03:49:04.604922,54,52.94.235.50,443,1.0,75,1,1,,1,ack
2018-11-27 03:49:04.608331,54,52.94.232.195,443,1.0,36,1,1,,1,ack
2018-11-27 03:49:04.619122,312,52.94.232.195,443,3.0,0,1,1,22,1,handshake
2018-11-27 03:49:04.619311,54,52.94.235.50,443,1.0,14,1,1,,1,ack
2018-11-27 03:49:04.637382,54,52.94.235.50,443,1.0,18,1,1,,1,ack
2018-11-27 03:49:04.637564,85,52.94.232.195,443,1.0,102,1,1,,1,not_relevant
2018-11-27 03:49:04.637716,54,52.94.235.50,443,1.0,0,1,1,,1,ack
2018-11-27 03:49:04.664435,54,52.94.232.195,443,1.0,56,1,1,,1,ack
2018-11-27 03:49:04.667131,105,52.94.232.195,443,3.0,0,1,1,20,1,handshake
2018-11-27 03:49:04.677694,54,52.94.232.195,443,1.0,40,1,1,,1,ack
2018-11-27 03:49:04.741631,54,52.94.235.50,443,1.0,103,1,1,,1,ack
2018-11-27 03:49:04.752478,798,52.94.232.195,443,3.0,0,1,1,23,1,expected
2018-11-27 03:49:04.801250,85,52.94.232.195,443,3.0,0,1,1,21,1,handshake
2018-11-27 03:49:04.801406,54,52.94.232.195,443,1.0,136,1,1,,1,ack
2018-11-27 03:49:04.845786,54,52.94.232.195,443,1.0,44,1,1,,1,ack
2018-11-27 03:49:11.621943,287,52.94.235.50,443,3.0,0,1,1,23,1,expected
2018-11-27 03:49:11.630679,190,52.94.235.50,443,3.0,0,1,1,23,1,expected
2018-11-27 03:49:11.632802,1514,52.94.235.50,443,1.0,6891,1,1,,1,not_relevant
2018-11-27 03:49:11.632898,1514,52.94.235.50,443,1.0,0,1,1,,1,not_relevant
2018-11-27 03:49:11.675214,1514,52.94.235.50,443,3.0,0,1,1,23,1,expected
2018-11-27 03:49:11.676666,1514,52.94.235.50,443,1.0,43,1,1,,1,not_relevant
2018-11-27 03:49:11.680817,1514,52.94.235.50,443,1.0,4,1,1,,1,not_relevant
2018-11-27 03:49:11.681734,1370,52.94.235.50,443,3.0,0,1,1,23,1,expected
2018-11-27 03:49:11.706644,54,52.94.235.50,443,1.0,25,1,1,,1,ack
2018-11-27 03:49:11.708182,100,52.94.235.50,443,3.0,0,1,1,23,1,syn
2018-11-27 03:49:11.835557,54,52.94.235.50,443,1.0,128,1,1,,1,ack
2018-11-27 03:49:11.884118,54,52.94.235.50,443,1.0,48,1,1,,1,ack
2018-11-27 03:49:12.098027,287,52.94.235.50,443,3.0,0,1,1,23,1,expected
2018-11-27 03:49:12.098398,190,52.94.235.50,443,3.0,0,1,1,23,1,expected
2018-11-27 03:49:12.098678,1514,52.94.235.50,443,1.0,214,1,1,,1,not_relevant
2018-11-27 03:49:12.098700,1514,52.94.235.50,443,1.0,0,1,1,,1,not_relevant
2018-11-27 03:49:12.098718,402,52.94.235.50,443,3.0,0,1,1,23,1,expected
2018-11-27 03:49:12.139968,174,52.94.235.50,443,3.0,0,1,1,23,1,expected
2018-11-27 03:49:12.378380,54,52.94.235.50,443,1.0,279,1,1,,1,ack
2018-11-27 03:49:41.711028,100,52.94.235.50,443,3.0,0,1,1,23,1,syn
2018-11-27 03:49:49.098013,288,52.94.235.50,443,3.0,0,1,1,23,1,expected
2018-11-27 03:49:49.098194,190,52.94.235.50,443,3.0,0,1,1,23,1,expected
2018-11-27 03:49:49.103383,1514,52.94.235.50,443,1.0,36725,1,1,,1,not_relevant
2018-11-27 03:49:49.104957,1514,52.94.235.50,443,1.0,1,1,1,,1,not_relevant
2018-11-27 03:49:49.104977,703,52.94.235.50,443,3.0,0,1,1,23,1,expected
2018-11-27 03:49:49.136078,74,54.239.29.0,443,1.0,114458012,0,1,,1,retransmit
2018-11-27 03:49:49.142194,1514,52.94.235.50,443,3.0,0,1,1,23,1,expected
2018-11-27 03:49:49.145159,1514,52.94.235.50,443,3.0,0,1,1,23,1,expected
2018-11-27 03:49:49.152532,1514,52.94.235.50,443,1.0,47,1,1,,1,not_relevant
2018-11-27 03:49:49.154292,1514,52.94.235.50,443,1.0,1,1,1,,1,not_relevant
2018-11-27 03:49:49.154315,1514,52.94.235.50,443,1.0,0,1,1,,1,not_relevant
2018-11-27 03:49:49.154332,337,52.94.235.50,443,3.0,0,1,1,23,1,expected
2018-11-27 03:49:49.178333,54,54.239.29.0,443,1.0,42,1,1,,1,ack
2018-11-27 03:49:49.181175,312,54.239.29.0,443,3.0,0,1,1,22,1,handshake
2018-11-27 03:49:49.191881,1514,52.94.235.50,443,1.0,37,1,1,,1,not_relevant
2018-11-27 03:49:49.198574,1514,52.94.235.50,443,1.0,6,1,1,,1,not_relevant
2018-11-27 03:49:49.202353,1514,52.94.235.50,443,1.0,3,1,1,,1,not_relevant
2018-11-27 03:49:49.202437,92,52.94.235.50,443,3.0,0,1,1,23,1,expected
2018-11-27 03:49:49.213035,172,52.94.235.50,443,3.0,0,1,1,23,1,expected
2018-11-27 03:49:49.225211,54,54.239.29.0,443,1.0,46,1,1,,1,ack
2018-11-27 03:49:49.226277,105,54.239.29.0,443,3.0,0,1,1,20,1,handshake
2018-11-27 03:49:49.236413,172,52.94.235.50,443,3.0,0,1,1,23,1,expected
2018-11-27 03:49:49.241877,172,52.94.235.50,443,3.0,0,1,1,23,1,expected
2018-11-27 03:49:49.255055,172,52.94.235.50,443,3.0,0,1,1,23,1,expected
2018-11-27 03:49:49.277040,54,52.94.235.50,443,1.0,74,1,1,,1,ack
2018-11-27 03:49:49.290172,172,52.94.235.50,443,3.0,0,1,1,23,1,expected
2018-11-27 03:49:49.304371,172,52.94.235.50,443,3.0,0,1,1,23,1,expected
2018-11-27 03:49:49.313349,766,54.239.29.0,443,3.0,0,1,1,23,1,expected
2018-11-27 03:49:49.325183,172,52.94.235.50,443,3.0,0,1,1,23,1,expected
2018-11-27 03:49:49.338938,172,52.94.235.50,443,3.0,0,1,1,23,1,expected
2018-11-27 03:49:49.367472,172,52.94.235.50,443,3.0,0,1,1,23,1,expected
2018-11-27 03:49:49.367739,85,54.239.29.0,443,3.0,0,1,1,21,1,handshake
2018-11-27 03:49:49.367836,54,54.239.29.0,443,1.0,142,1,1,,1,ack
2018-11-27 03:49:49.388492,172,52.94.235.50,443,3.0,0,1,1,23,1,expected
2018-11-27 03:49:49.401732,172,52.94.235.50,443,3.0,0,1,1,23,1,expected
2018-11-27 03:49:49.407009,54,54.239.29.0,443,1.0,39,1,1,,1,ack
2018-11-27 03:49:49.415916,172,52.94.235.50,443,3.0,0,1,1,23,1,expected
2018-11-27 03:49:49.451027,172,52.94.235.50,443,3.0,0,1,1,23,1,expected
2018-11-27 03:49:49.465347,172,52.94.235.50,443,3.0,0,1,1,23,1,expected
2018-11-27 03:49:49.479272,172,52.94.235.50,443,3.0,0,1,1,23,1,expected
2018-11-27 03:49:49.501337,172,52.94.235.50,443,3.0,0,1,1,23,1,expected
2018-11-27 03:49:49.528294,172,52.94.235.50,443,3.0,0,1,1,23,1,expected
2018-11-27 03:49:49.555020,172,52.94.235.50,443,3.0,0,1,1,23,1,expected
2018-11-27 03:49:49.563254,172,52.94.235.50,443,3.0,0,1,1,23,1,expected
2018-11-27 03:49:49.577140,172,52.94.235.50,443,3.0,0,1,1,23,1,expected
2018-11-27 03:49:49.615025,295,52.94.235.50,443,3.0,0,1,1,23,1,expected
2018-11-27 03:49:49.615366,1514,52.94.235.50,443,3.0,0,1,1,23,1,expected
2018-11-27 03:49:49.616619,1514,52.94.235.50,443,1.0,339,1,1,,1,not_relevant
2018-11-27 03:49:49.616674,1514,52.94.235.50,443,1.0,0,1,1,,1,not_relevant
2018-11-27 03:49:49.616783,662,52.94.235.50,443,3.0,0,1,1,23,1,expected
2018-11-27 03:49:49.660347,408,52.94.235.50,443,3.0,0,1,1,23,1,expected
2018-11-27 03:49:49.661694,172,52.94.235.50,443,3.0,0,1,1,23,1,expected
2018-11-27 03:49:49.689646,172,52.94.235.50,443,3.0,0,1,1,23,1,expected
2018-11-27 03:49:49.703136,172,52.94.235.50,443,3.0,0,1,1,23,1,expected
2018-11-27 03:49:49.745014,172,52.94.235.50,443,3.0,0,1,1,23,1,expected
2018-11-27 03:49:49.745134,172,52.94.235.50,443,3.0,0,1,1,23,1,expected
2018-11-27 03:49:49.772777,172,52.94.235.50,443,3.0,0,1,1,23,1,expected
2018-11-27 03:49:49.786453,54,52.94.235.50,443,1.0,169,1,1,,1,ack
2018-11-27 03:49:49.789774,172,52.94.235.50,443,3.0,0,1,1,23,1,expected
2018-11-27 03:49:49.801207,172,52.94.235.50,443,3.0,0,1,1,23,1,expected
2018-11-27 03:49:49.815107,172,52.94.235.50,443,3.0,0,1,1,23,1,expected
2018-11-27 03:49:49.850510,172,52.94.235.50,443,3.0,0,1,1,23,1,expected
2018-11-27 03:49:49.864088,172,52.94.235.50,443,3.0,0,1,1,23,1,expected
2018-11-27 03:49:49.884573,172,52.94.235.50,443,3.0,0,1,1,23,1,expected
2018-11-27 03:49:49.898664,172,52.94.235.50,443,3.0,0,1,1,23,1,expected
2018-11-27 03:49:49.926367,172,52.94.235.50,443,3.0,0,1,1,23,1,expected
2018-11-27 03:49:49.947245,172,52.94.235.50,443,3.0,0,1,1,23,1,expected
2018-11-27 03:49:49.961275,172,52.94.235.50,443,3.0,0,1,1,23,1,expected
2018-11-27 03:49:49.975525,172,52.94.235.50,443,3.0,0,1,1,23,1,expected
2018-11-27 03:49:50.010253,172,52.94.235.50,443,3.0,0,1,1,23,1,expected
2018-11-27 03:49:50.024334,172,52.94.235.50,443,3.0,0,1,1,23,1,expected
2018-11-27 03:49:50.038838,172,52.94.235.50,443,3.0,0,1,1,23,1,expected
2018-11-27 03:49:50.059651,172,52.94.235.50,443,3.0,0,1,1,23,1,expected
2018-11-27 03:49:50.087484,172,52.94.235.50,443,3.0,0,1,1,23,1,expected
2018-11-27 03:49:50.109986,172,52.94.235.50,443,3.0,0,1,1,23,1,expected
2018-11-27 03:49:50.123645,172,52.94.235.50,443,3.0,0,1,1,23,1,expected
2018-11-27 03:49:50.137760,172,52.94.235.50,443,3.0,0,1,1,23,1,expected
2018-11-27 03:49:50.172915,172,52.94.235.50,443,3.0,0,1,1,23,1,expected
2018-11-27 03:49:50.185634,172,52.94.235.50,443,3.0,0,1,1,23,1,expected
2018-11-27 03:49:50.199835,172,52.94.235.50,443,3.0,0,1,1,23,1,expected
2018-11-27 03:49:50.220932,172,52.94.235.50,443,3.0,0,1,1,23,1,expected
2018-11-27 03:49:50.248701,172,52.94.235.50,443,3.0,0,1,1,23,1,expected
2018-11-27 03:49:50.262987,172,52.94.235.50,443,3.0,0,1,1,23,1,expected
2018-11-27 03:49:50.283963,172,52.94.235.50,443,3.0,0,1,1,23,1,expected
2018-11-27 03:49:50.297917,172,52.94.235.50,443,3.0,0,1,1,23,1,expected
2018-11-27 03:49:50.332571,172,52.94.235.50,443,3.0,0,1,1,23,1,expected
2018-11-27 03:49:50.346999,172,52.94.235.50,443,3.0,0,1,1,23,1,expected
2018-11-27 03:49:50.360797,172,52.94.235.50,443,3.0,0,1,1,23,1,expected
2018-11-27 03:49:50.380878,172,52.94.235.50,443,3.0,0,1,1,23,1,expected
2018-11-27 03:49:50.409590,172,52.94.235.50,443,3.0,0,1,1,23,1,expected
2018-11-27 03:49:50.450193,172,52.94.235.50,443,3.0,0,1,1,23,1,expected
2018-11-27 03:49:50.450354,172,52.94.235.50,443,3.0,0,1,1,23,1,expected
2018-11-27 03:49:50.457553,172,52.94.235.50,443,3.0,0,1,1,23,1,expected
2018-11-27 03:49:50.492156,172,52.94.235.50,443,3.0,0,1,1,23,1,expected
2018-11-27 03:49:50.506362,172,52.94.235.50,443,3.0,0,1,1,23,1,expected
2018-11-27 03:49:50.520748,172,52.94.235.50,443,3.0,0,1,1,23,1,expected
2018-11-27 03:49:50.535555,172,52.94.235.50,443,3.0,0,1,1,23,1,expected
2018-11-27 03:49:50.569789,172,52.94.235.50,443,3.0,0,1,1,23,1,expected
2018-11-27 03:49:50.584035,172,52.94.235.50,443,3.0,0,1,1,23,1,expected
2018-11-27 03:49:50.604765,172,52.94.235.50,443,3.0,0,1,1,23,1,expected
2018-11-27 03:49:50.618847,172,52.94.235.50,443,3.0,0,1,1,23,1,expected
2018-11-27 03:49:50.647180,172,52.94.235.50,443,3.0,0,1,1,23,1,expected
2018-11-27 03:49:50.667860,172,52.94.235.50,443,3.0,0,1,1,23,1,expected
2018-11-27 03:49:50.681804,172,52.94.235.50,443,3.0,0,1,1,23,1,expected
2018-11-27 03:49:50.696671,172,52.94.235.50,443,3.0,0,1,1,23,1,expected
2018-11-27 03:49:50.730601,172,52.94.235.50,443,3.0,0,1,1,23,1,expected
2018-11-27 03:49:50.744561,172,52.94.235.50,443,3.0,0,1,1,23,1,expected
2018-11-27 03:49:50.759177,172,52.94.235.50,443,3.0,0,1,1,23,1,expected
2018-11-27 03:49:50.780111,172,52.94.235.50,443,3.0,0,1,1,23,1,expected
2018-11-27 03:49:50.808027,172,52.94.235.50,443,3.0,0,1,1,23,1,expected
2018-11-27 03:49:50.829305,172,52.94.235.50,443,3.0,0,1,1,23,1,expected
2018-11-27 03:49:50.842896,172,52.94.235.50,443,3.0,0,1,1,23,1,expected
2018-11-27 03:49:50.856883,172,52.94.235.50,443,3.0,0,1,1,23,1,expected
2018-11-27 03:49:50.891858,172,52.94.235.50,443,3.0,0,1,1,23,1,expected
2018-11-27 03:49:50.905699,172,52.94.235.50,443,3.0,0,1,1,23,1,expected
2018-11-27 03:49:50.919948,172,52.94.235.50,443,3.0,0,1,1,23,1,expected
2018-11-27 03:49:50.940892,172,52.94.235.50,443,3.0,0,1,1,23,1,expected
2018-11-27 03:49:50.968590,172,52.94.235.50,443,3.0,0,1,1,23,1,expected
2018-11-27 03:49:50.983600,172,52.94.235.50,443,3.0,0,1,1,23,1,expected
2018-11-27 03:49:51.003975,172,52.94.235.50,443,3.0,0,1,1,23,1,expected
2018-11-27 03:49:51.017560,172,52.94.235.50,443,3.0,0,1,1,23,1,expected
2018-11-27 03:49:51.052597,172,52.94.235.50,443,3.0,0,1,1,23,1,expected
2018-11-27 03:49:51.066751,172,52.94.235.50,443,3.0,0,1,1,23,1,expected
2018-11-27 03:49:51.080874,172,52.94.235.50,443,3.0,0,1,1,23,1,expected
2018-11-27 03:49:51.094484,172,52.94.235.50,443,3.0,0,1,1,23,1,expected
2018-11-27 03:49:51.150662,172,52.94.235.50,443,3.0,0,1,1,23,1,expected
2018-11-27 03:49:51.150805,172,52.94.235.50,443,3.0,0,1,1,23,1,expected
2018-11-27 03:49:51.164082,172,52.94.235.50,443,3.0,0,1,1,23,1,expected
2018-11-27 03:49:51.178534,172,52.94.235.50,443,3.0,0,1,1,23,1,expected
2018-11-27 03:49:51.206289,172,52.94.235.50,443,3.0,0,1,1,23,1,expected
2018-11-27 03:49:51.227270,172,52.94.235.50,443,3.0,0,1,1,23,1,expected
2018-11-27 03:49:51.242179,172,52.94.235.50,443,3.0,0,1,1,23,1,expected
2018-11-27 03:49:51.255498,172,52.94.235.50,443,3.0,0,1,1,23,1,expected
2018-11-27 03:49:51.290977,172,52.94.235.50,443,3.0,0,1,1,23,1,expected
2018-11-27 03:49:51.305398,172,52.94.235.50,443,3.0,0,1,1,23,1,expected
2018-11-27 03:49:51.319131,172,52.94.235.50,443,3.0,0,1,1,23,1,expected
2018-11-27 03:49:51.339962,172,52.94.235.50,443,3.0,0,1,1,23,1,expected
2018-11-27 03:49:51.367954,172,52.94.235.50,443,3.0,0,1,1,23,1,expected
2018-11-27 03:49:51.388353,172,52.94.235.50,443,3.0,0,1,1,23,1,expected
2018-11-27 03:49:51.402015,172,52.94.235.50,443,3.0,0,1,1,23,1,expected
2018-11-27 03:49:51.416725,172,52.94.235.50,443,3.0,0,1,1,23,1,expected
2018-11-27 03:49:51.450503,172,52.94.235.50,443,3.0,0,1,1,23,1,expected
2018-11-27 03:49:51.464961,172,52.94.235.50,443,3.0,0,1,1,23,1,expected
2018-11-27 03:49:51.479403,172,52.94.235.50,443,3.0,0,1,1,23,1,expected
2018-11-27 03:49:51.500127,172,52.94.235.50,443,3.0,0,1,1,23,1,expected
2018-11-27 03:49:51.527768,172,52.94.235.50,443,3.0,0,1,1,23,1,expected
2018-11-27 03:49:51.550124,172,52.94.235.50,443,3.0,0,1,1,23,1,expected
2018-11-27 03:49:51.563217,172,52.94.235.50,443,3.0,0,1,1,23,1,expected
2018-11-27 03:49:51.577095,172,52.94.235.50,443,3.0,0,1,1,23,1,expected
2018-11-27 03:49:51.612119,172,52.94.235.50,443,3.0,0,1,1,23,1,expected
2018-11-27 03:49:51.625719,172,52.94.235.50,443,3.0,0,1,1,23,1,expected
2018-11-27 03:49:51.639839,172,52.94.235.50,443,3.0,0,1,1,23,1,expected
2018-11-27 03:49:51.666185,172,52.94.235.50,443,3.0,0,1,1,23,1,expected
2018-11-27 03:49:51.688759,172,52.94.235.50,443,3.0,0,1,1,23,1,expected
2018-11-27 03:49:51.702679,172,52.94.235.50,443,3.0,0,1,1,23,1,expected
2018-11-27 03:49:51.725946,172,52.94.235.50,443,3.0,0,1,1,23,1,expected
2018-11-27 03:49:51.729874,136,52.94.235.50,443,3.0,0,1,1,23,1,expected
2018-11-27 03:49:51.730368,92,52.94.235.50,443,3.0,0,1,1,23,1,expected
2018-11-27 03:49:51.753318,74,54.239.29.0,443,1.0,114416545,0,1,,1,retransmit
2018-11-27 03:49:51.774927,54,52.94.235.50,443,1.0,1988,1,1,,1,ack
2018-11-27 03:49:51.790577,54,54.239.29.0,443,1.0,37,1,1,,1,ack
2018-11-27 03:49:51.792399,312,54.239.29.0,443,3.0,0,1,1,22,1,handshake
2018-11-27 03:49:51.847382,54,54.239.29.0,443,1.0,56,1,1,,1,ack
2018-11-27 03:49:51.850911,105,54.239.29.0,443,3.0,0,1,1,20,1,handshake
2018-11-27 03:49:51.949933,811,54.239.29.0,443,3.0,0,1,1,23,1,expected
2018-11-27 03:49:52.000947,85,54.239.29.0,443,3.0,0,1,1,21,1,handshake
2018-11-27 03:49:52.001115,54,54.239.29.0,443,1.0,153,1,1,,1,ack
2018-11-27 03:49:52.041499,54,54.239.29.0,443,1.0,40,1,1,,1,ack
2018-11-27 03:49:52.067148,54,52.94.235.50,443,1.0,292,1,1,,1,ack
2018-11-27 03:49:52.075080,74,54.239.29.0,443,1.0,114414754,0,1,,1,retransmit
2018-11-27 03:49:52.120066,54,54.239.29.0,443,1.0,44,1,1,,1,ack
2018-11-27 03:49:52.121374,312,54.239.29.0,443,3.0,0,1,1,22,1,handshake
2018-11-27 03:49:52.171909,54,54.239.29.0,443,1.0,51,1,1,,1,ack
2018-11-27 03:49:52.174127,105,54.239.29.0,443,3.0,0,1,1,20,1,handshake
2018-11-27 03:49:52.174328,54,54.239.29.0,443,1.0,2,1,1,,1,ack
2018-11-27 03:49:52.210430,54,52.94.235.50,443,1.0,143,1,1,,1,ack
2018-11-27 03:49:52.210598,54,52.94.235.50,443,1.0,0,1,1,,1,ack
2018-11-27 03:49:52.210758,54,52.94.235.50,443,1.0,0,1,1,,1,ack
2018-11-27 03:49:52.210920,54,52.94.235.50,443,1.0,0,1,1,,1,ack
2018-11-27 03:49:52.211077,54,52.94.235.50,443,1.0,0,1,1,,1,ack
2018-11-27 03:49:52.211215,54,52.94.235.50,443,1.0,0,1,1,,1,ack
2018-11-27 03:49:52.211292,54,52.94.235.50,443,1.0,0,1,1,,1,ack
2018-11-27 03:49:52.211367,54,52.94.235.50,443,1.0,0,1,1,,1,ack
2018-11-27 03:49:52.211442,54,52.94.235.50,443,1.0,0,1,1,,1,ack
2018-11-27 03:49:52.211517,54,52.94.235.50,443,1.0,0,1,1,,1,ack
2018-11-27 03:49:52.257305,287,52.94.235.50,443,3.0,0,1,1,23,1,expected
2018-11-27 03:49:52.257657,190,52.94.235.50,443,3.0,0,1,1,23,1,expected
2018-11-27 03:49:52.258185,1514,52.94.235.50,443,1.0,46,1,1,,1,not_relevant
2018-11-27 03:49:52.258209,1514,52.94.235.50,443,1.0,0,1,1,,1,not_relevant
2018-11-27 03:49:52.258226,402,52.94.235.50,443,3.0,0,1,1,23,1,expected
2018-11-27 03:49:52.270005,54,52.94.235.50,443,1.0,11,1,1,,1,ack
2018-11-27 03:49:52.270179,54,52.94.235.50,443,1.0,0,1,1,,1,ack
2018-11-27 03:49:52.270326,54,52.94.235.50,443,1.0,0,1,1,,1,ack
2018-11-27 03:49:52.270465,54,52.94.235.50,443,1.0,0,1,1,,1,ack
2018-11-27 03:49:52.270545,54,52.94.235.50,443,1.0,0,1,1,,1,ack
2018-11-27 03:49:52.270621,54,52.94.235.50,443,1.0,0,1,1,,1,ack
2018-11-27 03:49:52.270701,54,52.94.235.50,443,1.0,0,1,1,,1,ack
2018-11-27 03:49:52.270777,54,52.94.235.50,443,1.0,0,1,1,,1,ack
2018-11-27 03:49:52.283514,54,52.94.235.50,443,1.0,12,1,1,,1,ack
2018-11-27 03:49:52.283743,74,54.239.29.0,443,1.0,114414544,0,1,,1,retransmit
2018-11-27 03:49:52.283920,54,52.94.235.50,443,1.0,0,1,1,,1,ack
2018-11-27 03:49:52.284071,778,54.239.29.0,443,3.0,0,1,1,23,1,expected
2018-11-27 03:49:52.305039,216,52.94.235.50,443,3.0,0,1,1,23,1,expected
2018-11-27 03:49:52.315409,54,52.94.235.50,443,1.0,31,1,1,,1,ack
2018-11-27 03:49:52.326977,54,54.239.29.0,443,1.0,43,1,1,,1,ack
2018-11-27 03:49:52.330798,312,54.239.29.0,443,3.0,0,1,1,22,1,handshake
2018-11-27 03:49:52.335761,85,54.239.29.0,443,3.0,0,1,1,21,1,handshake
2018-11-27 03:49:52.336185,54,54.239.29.0,443,1.0,161,1,1,,1,ack
2018-11-27 03:49:52.381280,54,54.239.29.0,443,1.0,54,1,1,,1,ack
2018-11-27 03:49:52.381562,54,54.239.29.0,443,1.0,45,1,1,,1,ack
2018-11-27 03:49:52.388451,105,54.239.29.0,443,3.0,0,1,1,20,1,handshake
2018-11-27 03:49:52.413926,287,52.94.235.50,443,3.0,0,1,1,23,1,expected
2018-11-27 03:49:52.414403,190,52.94.235.50,443,3.0,0,1,1,23,1,expected
2018-11-27 03:49:52.415878,1514,52.94.235.50,443,1.0,100,1,1,,1,not_relevant
2018-11-27 03:49:52.417069,1514,52.94.235.50,443,1.0,1,1,1,,1,not_relevant
2018-11-27 03:49:52.417168,407,52.94.235.50,443,3.0,0,1,1,23,1,expected
2018-11-27 03:49:52.456221,54,52.94.235.50,443,1.0,39,1,1,,1,ack
2018-11-27 03:49:52.459424,174,52.94.235.50,443,3.0,0,1,1,23,1,expected
2018-11-27 03:49:52.473390,287,52.94.235.50,443,3.0,0,1,1,23,1,expected
2018-11-27 03:49:52.473849,190,52.94.235.50,443,3.0,0,1,1,23,1,expected
2018-11-27 03:49:52.475033,1514,52.94.235.50,443,1.0,18,1,1,,1,not_relevant
2018-11-27 03:49:52.476454,1514,52.94.235.50,443,1.0,1,1,1,,1,not_relevant
2018-11-27 03:49:52.493293,785,54.239.29.0,443,3.0,0,1,1,23,1,expected
2018-11-27 03:49:52.500544,523,52.94.235.50,443,3.0,0,1,1,23,1,expected
2018-11-27 03:49:52.556633,85,54.239.29.0,443,3.0,0,1,1,21,1,handshake
2018-11-27 03:49:52.556947,54,54.239.29.0,443,1.0,175,1,1,,1,ack
2018-11-27 03:49:52.574192,54,52.94.235.50,443,1.0,97,1,1,,1,ack
2018-11-27 03:49:52.581736,74,54.239.29.0,443,1.0,114414624,0,1,,1,retransmit
2018-11-27 03:49:52.598101,54,54.239.29.0,443,1.0,41,1,1,,1,ack
2018-11-27 03:49:52.604882,54,52.94.235.50,443,1.0,30,1,1,,1,ack
2018-11-27 03:49:52.614542,54,52.94.235.50,443,1.0,9,1,1,,1,ack
2018-11-27 03:49:52.624002,54,54.239.29.0,443,1.0,42,1,1,,1,ack
2018-11-27 03:49:52.625381,312,54.239.29.0,443,3.0,0,1,1,22,1,handshake
2018-11-27 03:49:52.638232,54,52.94.235.50,443,1.0,23,1,1,,1,ack
2018-11-27 03:49:52.670041,54,54.239.29.0,443,1.0,46,1,1,,1,ack
2018-11-27 03:49:52.670492,105,54.239.29.0,443,3.0,0,1,1,20,1,handshake
2018-11-27 03:49:52.762429,799,54.239.29.0,443,3.0,0,1,1,23,1,expected
2018-11-27 03:49:52.812654,85,54.239.29.0,443,3.0,0,1,1,21,1,handshake
2018-11-27 03:49:52.812887,54,54.239.29.0,443,1.0,142,1,1,,1,ack
2018-11-27 03:49:52.856623,54,54.239.29.0,443,1.0,43,1,1,,1,ack
2018-11-27 03:49:59.741849,289,52.94.235.50,443,3.0,0,1,1,23,1,expected
2018-11-27 03:49:59.743120,190,52.94.235.50,443,3.0,0,1,1,23,1,expected
2018-11-27 03:49:59.756886,1514,52.94.235.50,443,1.0,7118,1,1,,1,not_relevant
2018-11-27 03:49:59.758369,1514,52.94.235.50,443,1.0,1,1,1,,1,not_relevant
2018-11-27 03:49:59.758404,528,52.94.235.50,443,3.0,0,1,1,23,1,expected
2018-11-27 03:49:59.811921,287,52.94.235.50,443,3.0,0,1,1,23,1,expected
2018-11-27 03:49:59.812269,1514,52.94.235.50,443,3.0,0,1,1,23,1,expected
2018-11-27 03:49:59.812800,1514,52.94.235.50,443,1.0,54,1,1,,1,not_relevant
2018-11-27 03:49:59.812821,1514,52.94.235.50,443,1.0,0,1,1,,1,not_relevant
2018-11-27 03:49:59.814050,663,52.94.235.50,443,3.0,0,1,1,23,1,expected
2018-11-27 03:49:59.912083,54,52.94.235.50,443,1.0,99,1,1,,1,ack
2018-11-27 03:50:00.021412,54,52.94.235.50,443,1.0,109,1,1,,1,ack
2018-11-27 03:50:00.257548,287,52.94.235.50,443,3.0,0,1,1,23,1,expected
2018-11-27 03:50:00.258033,190,52.94.235.50,443,3.0,0,1,1,23,1,expected
2018-11-27 03:50:00.258485,1514,52.94.235.50,443,1.0,237,1,1,,1,not_relevant
2018-11-27 03:50:00.258517,1514,52.94.235.50,443,1.0,0,1,1,,1,not_relevant
2018-11-27 03:50:00.258735,402,52.94.235.50,443,3.0,0,1,1,23,1,expected
2018-11-27 03:50:00.308554,174,52.94.235.50,443,3.0,0,1,1,23,1,expected
2018-11-27 03:50:00.493339,54,52.94.235.50,443,1.0,234,1,1,,1,ack
2018-11-27 03:50:11.711633,100,52.94.235.50,443,3.0,0,1,1,23,1,syn
