2018-11-26 21:39:35.498394,100,52.94.235.50,443,3.0,0,1,1,23,1,syn
2018-11-26 21:39:53.246084,286,52.94.235.50,443,3.0,0,1,1,23,1,expected
2018-11-26 21:39:53.253934,190,52.94.235.50,443,3.0,0,1,1,23,1,expected
2018-11-26 21:39:53.263420,1514,52.94.235.50,443,1.0,4551665336,1,1,,1,not_relevant
2018-11-26 21:39:53.263450,1514,52.94.235.50,443,1.0,0,1,1,,1,not_relevant
2018-11-26 21:39:53.263468,122,52.94.235.50,443,3.0,0,1,1,23,1,expected
2018-11-26 21:39:53.285985,1514,52.94.235.50,443,3.0,0,1,1,23,1,expected
2018-11-26 21:39:53.294271,1514,52.94.235.50,443,3.0,0,1,1,23,1,expected
2018-11-26 21:39:53.294671,74,54.239.26.255,443,1.0,4551793267,0,1,,1,retransmit
2018-11-26 21:39:53.306088,1514,52.94.235.50,443,1.0,42,1,1,,1,not_relevant
2018-11-26 21:39:53.306383,1514,52.94.235.50,443,1.0,0,1,1,,1,not_relevant
2018-11-26 21:39:53.306614,864,52.94.235.50,443,3.0,0,1,1,23,1,expected
2018-11-26 21:39:53.337058,54,54.239.26.255,443,1.0,42,1,1,,1,ack
2018-11-26 21:39:53.338385,312,54.239.26.255,443,3.0,0,1,1,22,1,handshake
2018-11-26 21:39:53.355087,1514,52.94.235.50,443,1.0,48,1,1,,1,not_relevant
2018-11-26 21:39:53.355211,1514,52.94.235.50,443,1.0,0,1,1,,1,not_relevant
2018-11-26 21:39:53.355301,1514,52.94.235.50,443,1.0,0,1,1,,1,not_relevant
2018-11-26 21:39:53.355351,92,52.94.235.50,443,3.0,0,1,1,23,1,expected
2018-11-26 21:39:53.366603,172,52.94.235.50,443,3.0,0,1,1,23,1,expected
2018-11-26 21:39:53.386912,54,54.239.26.255,443,1.0,49,1,1,,1,ack
2018-11-26 21:39:53.387330,105,54.239.26.255,443,3.0,0,1,1,20,1,handshake
2018-11-26 21:39:53.392328,172,52.94.235.50,443,3.0,0,1,1,23,1,expected
2018-11-26 21:39:53.424120,172,52.94.235.50,443,3.0,0,1,1,23,1,expected
2018-11-26 21:39:53.429098,54,52.94.235.50,443,1.0,73,1,1,,1,ack
2018-11-26 21:39:53.433098,172,52.94.235.50,443,3.0,0,1,1,23,1,expected
2018-11-26 21:39:53.451291,172,52.94.235.50,443,3.0,0,1,1,23,1,expected
2018-11-26 21:39:53.464371,172,52.94.235.50,443,3.0,0,1,1,23,1,expected
2018-11-26 21:39:53.478200,172,52.94.235.50,443,3.0,0,1,1,23,1,expected
2018-11-26 21:39:53.487969,766,54.239.26.255,443,3.0,0,1,1,23,1,expected
2018-11-26 21:39:53.512965,172,52.94.235.50,443,3.0,0,1,1,23,1,expected
2018-11-26 21:39:53.527007,172,52.94.235.50,443,3.0,0,1,1,23,1,expected
2018-11-26 21:39:53.538999,85,54.239.26.255,443,3.0,0,1,1,21,1,handshake
2018-11-26 21:39:53.539147,54,54.239.26.255,443,1.0,152,1,1,,1,ack
2018-11-26 21:39:53.541419,172,52.94.235.50,443,3.0,0,1,1,23,1,expected
2018-11-26 21:39:53.562041,172,52.94.235.50,443,3.0,0,1,1,23,1,expected
2018-11-26 21:39:53.583226,54,54.239.26.255,443,1.0,44,1,1,,1,ack
2018-11-26 21:39:53.590060,172,52.94.235.50,443,3.0,0,1,1,23,1,expected
2018-11-26 21:39:53.618430,172,52.94.235.50,443,3.0,0,1,1,23,1,expected
2018-11-26 21:39:53.625125,172,52.94.235.50,443,3.0,0,1,1,23,1,expected
2018-11-26 21:39:53.639317,172,52.94.235.50,443,3.0,0,1,1,23,1,expected
2018-11-26 21:39:53.674194,172,52.94.235.50,443,3.0,0,1,1,23,1,expected
2018-11-26 21:39:53.688046,172,52.94.235.50,443,3.0,0,1,1,23,1,expected
2018-11-26 21:39:53.702054,172,52.94.235.50,443,3.0,0,1,1,23,1,expected
2018-11-26 21:39:53.723378,172,52.94.235.50,443,3.0,0,1,1,23,1,expected
2018-11-26 21:39:53.752429,172,52.94.235.50,443,3.0,0,1,1,23,1,expected
2018-11-26 21:39:53.764362,287,52.94.235.50,443,3.0,0,1,1,23,1,expected
2018-11-26 21:39:53.765516,190,52.94.235.50,443,3.0,0,1,1,23,1,expected
2018-11-26 21:39:53.766097,1514,52.94.235.50,443,1.0,336,1,1,,1,not_relevant
2018-11-26 21:39:53.767463,1285,52.94.235.50,443,3.0,0,1,1,23,1,expected
2018-11-26 21:39:53.808225,528,52.94.235.50,443,3.0,0,1,1,23,1,expected
2018-11-26 21:39:53.834884,172,52.94.235.50,443,3.0,0,1,1,23,1,expected
2018-11-26 21:39:53.849296,172,52.94.235.50,443,3.0,0,1,1,23,1,expected
2018-11-26 21:39:53.863306,172,52.94.235.50,443,3.0,0,1,1,23,1,expected
2018-11-26 21:39:53.883780,172,52.94.235.50,443,3.0,0,1,1,23,1,expected
2018-11-26 21:39:53.916830,172,52.94.235.50,443,3.0,0,1,1,23,1,expected
2018-11-26 21:39:53.931387,172,52.94.235.50,443,3.0,0,1,1,23,1,expected
2018-11-26 21:39:53.946149,172,52.94.235.50,443,3.0,0,1,1,23,1,expected
2018-11-26 21:39:53.960273,172,52.94.235.50,443,3.0,0,1,1,23,1,expected
2018-11-26 21:39:53.995022,172,52.94.235.50,443,3.0,0,1,1,23,1,expected
2018-11-26 21:39:54.009218,172,52.94.235.50,443,3.0,0,1,1,23,1,expected
2018-11-26 21:39:54.024106,172,52.94.235.50,443,3.0,0,1,1,23,1,expected
2018-11-26 21:39:54.037498,172,52.94.235.50,443,3.0,0,1,1,23,1,expected
2018-11-26 21:39:54.051619,54,52.94.235.50,443,1.0,285,1,1,,1,ack
2018-11-26 21:39:54.072130,172,52.94.235.50,443,3.0,0,1,1,23,1,expected
2018-11-26 21:39:54.086370,172,52.94.235.50,443,3.0,0,1,1,23,1,expected
2018-11-26 21:39:54.125390,172,52.94.235.50,443,3.0,0,1,1,23,1,expected
2018-11-26 21:39:54.125518,172,52.94.235.50,443,3.0,0,1,1,23,1,expected
2018-11-26 21:39:54.149981,172,52.94.235.50,443,3.0,0,1,1,23,1,expected
2018-11-26 21:39:54.170071,172,52.94.235.50,443,3.0,0,1,1,23,1,expected
2018-11-26 21:39:54.184342,172,52.94.235.50,443,3.0,0,1,1,23,1,expected
2018-11-26 21:39:54.198334,172,52.94.235.50,443,3.0,0,1,1,23,1,expected
2018-11-26 21:39:54.233079,172,52.94.235.50,443,3.0,0,1,1,23,1,expected
2018-11-26 21:39:54.247092,172,52.94.235.50,443,3.0,0,1,1,23,1,expected
2018-11-26 21:39:54.261389,172,52.94.235.50,443,3.0,0,1,1,23,1,expected
2018-11-26 21:39:54.282086,172,52.94.235.50,443,3.0,0,1,1,23,1,expected
2018-11-26 21:39:54.309891,172,52.94.235.50,443,3.0,0,1,1,23,1,expected
2018-11-26 21:39:54.331172,172,52.94.235.50,443,3.0,0,1,1,23,1,expected
2018-11-26 21:39:54.344877,172,52.94.235.50,443,3.0,0,1,1,23,1,expected
2018-11-26 21:39:54.358817,172,52.94.235.50,443,3.0,0,1,1,23,1,expected
2018-11-26 21:39:54.394491,172,52.94.235.50,443,3.0,0,1,1,23,1,expected
2018-11-26 21:39:54.407847,172,52.94.235.50,443,3.0,0,1,1,23,1,expected
2018-11-26 21:39:54.421964,172,52.94.235.50,443,3.0,0,1,1,23,1,expected
2018-11-26 21:39:54.443388,172,52.94.235.50,443,3.0,0,1,1,23,1,expected
2018-11-26 21:39:54.471043,172,52.94.235.50,443,3.0,0,1,1,23,1,expected
2018-11-26 21:39:54.485053,172,52.94.235.50,443,3.0,0,1,1,23,1,expected
2018-11-26 21:39:54.508217,172,52.94.235.50,443,3.0,0,1,1,23,1,expected
2018-11-26 21:39:54.520473,172,52.94.235.50,443,3.0,0,1,1,23,1,expected
2018-11-26 21:39:54.554973,172,52.94.235.50,443,3.0,0,1,1,23,1,expected
2018-11-26 21:39:54.569178,172,52.94.235.50,443,3.0,0,1,1,23,1,expected
2018-11-26 21:39:54.583213,172,52.94.235.50,443,3.0,0,1,1,23,1,expected
2018-11-26 21:39:54.596955,172,52.94.235.50,443,3.0,0,1,1,23,1,expected
2018-11-26 21:39:54.632306,172,52.94.235.50,443,3.0,0,1,1,23,1,expected
2018-11-26 21:39:54.645879,172,52.94.235.50,443,3.0,0,1,1,23,1,expected
2018-11-26 21:39:54.667430,172,52.94.235.50,443,3.0,0,1,1,23,1,expected
2018-11-26 21:39:54.681230,172,52.94.235.50,443,3.0,0,1,1,23,1,expected
2018-11-26 21:39:54.708910,172,52.94.235.50,443,3.0,0,1,1,23,1,expected
2018-11-26 21:39:54.730083,172,52.94.235.50,443,3.0,0,1,1,23,1,expected
2018-11-26 21:39:54.746588,172,52.94.235.50,443,3.0,0,1,1,23,1,expected
2018-11-26 21:39:54.758114,172,52.94.235.50,443,3.0,0,1,1,23,1,expected
2018-11-26 21:39:54.792969,172,52.94.235.50,443,3.0,0,1,1,23,1,expected
2018-11-26 21:39:54.832563,172,52.94.235.50,443,3.0,0,1,1,23,1,expected
2018-11-26 21:39:54.832700,172,52.94.235.50,443,3.0,0,1,1,23,1,expected
2018-11-26 21:39:54.842576,172,52.94.235.50,443,3.0,0,1,1,23,1,expected
2018-11-26 21:39:54.872213,172,52.94.235.50,443,3.0,0,1,1,23,1,expected
2018-11-26 21:39:54.891333,172,52.94.235.50,443,3.0,0,1,1,23,1,expected
2018-11-26 21:39:54.905139,172,52.94.235.50,443,3.0,0,1,1,23,1,expected
2018-11-26 21:39:54.919443,172,52.94.235.50,443,3.0,0,1,1,23,1,expected
2018-11-26 21:39:54.954504,172,52.94.235.50,443,3.0,0,1,1,23,1,expected
2018-11-26 21:39:54.969073,172,52.94.235.50,443,3.0,0,1,1,23,1,expected
2018-11-26 21:39:54.982589,172,52.94.235.50,443,3.0,0,1,1,23,1,expected
2018-11-26 21:39:55.004555,172,52.94.235.50,443,3.0,0,1,1,23,1,expected
2018-11-26 21:39:55.031963,172,52.94.235.50,443,3.0,0,1,1,23,1,expected
2018-11-26 21:39:55.046215,172,52.94.235.50,443,3.0,0,1,1,23,1,expected
2018-11-26 21:39:55.066601,172,52.94.235.50,443,3.0,0,1,1,23,1,expected
2018-11-26 21:39:55.080643,172,52.94.235.50,443,3.0,0,1,1,23,1,expected
2018-11-26 21:39:55.115449,172,52.94.235.50,443,3.0,0,1,1,23,1,expected
2018-11-26 21:39:55.128878,172,52.94.235.50,443,3.0,0,1,1,23,1,expected
2018-11-26 21:39:55.143070,172,52.94.235.50,443,3.0,0,1,1,23,1,expected
2018-11-26 21:39:55.157310,172,52.94.235.50,443,3.0,0,1,1,23,1,expected
2018-11-26 21:39:55.192452,172,52.94.235.50,443,3.0,0,1,1,23,1,expected
2018-11-26 21:39:55.206023,172,52.94.235.50,443,3.0,0,1,1,23,1,expected
2018-11-26 21:39:55.227346,172,52.94.235.50,443,3.0,0,1,1,23,1,expected
2018-11-26 21:39:55.241092,172,52.94.235.50,443,3.0,0,1,1,23,1,expected
2018-11-26 21:39:55.276392,172,52.94.235.50,443,3.0,0,1,1,23,1,expected
2018-11-26 21:39:55.291657,172,52.94.235.50,443,3.0,0,1,1,23,1,expected
2018-11-26 21:39:55.303097,172,52.94.235.50,443,3.0,0,1,1,23,1,expected
2018-11-26 21:39:55.324023,172,52.94.235.50,443,3.0,0,1,1,23,1,expected
2018-11-26 21:39:55.351991,172,52.94.235.50,443,3.0,0,1,1,23,1,expected
2018-11-26 21:39:55.366464,172,52.94.235.50,443,3.0,0,1,1,23,1,expected
2018-11-26 21:39:55.387462,172,52.94.235.50,443,3.0,0,1,1,23,1,expected
2018-11-26 21:39:55.401845,172,52.94.235.50,443,3.0,0,1,1,23,1,expected
2018-11-26 21:39:55.429120,172,52.94.235.50,443,3.0,0,1,1,23,1,expected
2018-11-26 21:39:55.450147,172,52.94.235.50,443,3.0,0,1,1,23,1,expected
2018-11-26 21:39:55.464851,172,52.94.235.50,443,3.0,0,1,1,23,1,expected
2018-11-26 21:39:55.478178,172,52.94.235.50,443,3.0,0,1,1,23,1,expected
2018-11-26 21:39:55.529665,172,52.94.235.50,443,3.0,0,1,1,23,1,expected
2018-11-26 21:39:55.529955,172,52.94.235.50,443,3.0,0,1,1,23,1,expected
2018-11-26 21:39:55.541547,172,52.94.235.50,443,3.0,0,1,1,23,1,expected
2018-11-26 21:39:55.562286,172,52.94.235.50,443,3.0,0,1,1,23,1,expected
2018-11-26 21:39:55.596030,172,52.94.235.50,443,3.0,0,1,1,23,1,expected
2018-11-26 21:39:55.618237,172,52.94.235.50,443,3.0,0,1,1,23,1,expected
2018-11-26 21:39:55.624775,172,52.94.235.50,443,3.0,0,1,1,23,1,expected
2018-11-26 21:39:55.638767,172,52.94.235.50,443,3.0,0,1,1,23,1,expected
2018-11-26 21:39:55.673115,172,52.94.235.50,443,3.0,0,1,1,23,1,expected
2018-11-26 21:39:55.687124,172,52.94.235.50,443,3.0,0,1,1,23,1,expected
2018-11-26 21:39:55.701807,172,52.94.235.50,443,3.0,0,1,1,23,1,expected
2018-11-26 21:39:55.722929,172,52.94.235.50,443,3.0,0,1,1,23,1,expected
2018-11-26 21:39:55.750375,172,52.94.235.50,443,3.0,0,1,1,23,1,expected
2018-11-26 21:39:55.774267,172,52.94.235.50,443,3.0,0,1,1,23,1,expected
2018-11-26 21:39:55.785522,172,52.94.235.50,443,3.0,0,1,1,23,1,expected
2018-11-26 21:39:55.799065,172,52.94.235.50,443,3.0,0,1,1,23,1,expected
2018-11-26 21:39:55.834976,172,52.94.235.50,443,3.0,0,1,1,23,1,expected
2018-11-26 21:39:55.848057,172,52.94.235.50,443,3.0,0,1,1,23,1,expected
2018-11-26 21:39:55.862518,172,52.94.235.50,443,3.0,0,1,1,23,1,expected
2018-11-26 21:39:55.883620,172,52.94.235.50,443,3.0,0,1,1,23,1,expected
2018-11-26 21:39:55.911065,172,52.94.235.50,443,3.0,0,1,1,23,1,expected
2018-11-26 21:39:55.932696,172,52.94.235.50,443,3.0,0,1,1,23,1,expected
2018-11-26 21:39:55.952210,172,52.94.235.50,443,3.0,0,1,1,23,1,expected
2018-11-26 21:39:55.963504,172,52.94.235.50,443,3.0,0,1,1,23,1,expected
2018-11-26 21:39:55.995177,172,52.94.235.50,443,3.0,0,1,1,23,1,expected
2018-11-26 21:39:56.009375,172,52.94.235.50,443,3.0,0,1,1,23,1,expected
2018-11-26 21:39:56.023086,172,52.94.235.50,443,3.0,0,1,1,23,1,expected
2018-11-26 21:39:56.043983,172,52.94.235.50,443,3.0,0,1,1,23,1,expected
2018-11-26 21:39:56.072171,172,52.94.235.50,443,3.0,0,1,1,23,1,expected
2018-11-26 21:39:56.086267,172,52.94.235.50,443,3.0,0,1,1,23,1,expected
2018-11-26 21:39:56.107034,172,52.94.235.50,443,3.0,0,1,1,23,1,expected
2018-11-26 21:39:56.121296,172,52.94.235.50,443,3.0,0,1,1,23,1,expected
2018-11-26 21:39:56.148960,172,52.94.235.50,443,3.0,0,1,1,23,1,expected
2018-11-26 21:39:56.169978,172,52.94.235.50,443,3.0,0,1,1,23,1,expected
2018-11-26 21:39:56.184613,172,52.94.235.50,443,3.0,0,1,1,23,1,expected
2018-11-26 21:39:56.229775,172,52.94.235.50,443,3.0,0,1,1,23,1,expected
2018-11-26 21:39:56.229968,136,52.94.235.50,443,3.0,0,1,1,23,1,expected
2018-11-26 21:39:56.230071,92,52.94.235.50,443,3.0,0,1,1,23,1,expected
2018-11-26 21:39:56.259445,54,52.94.235.50,443,1.0,2207,1,1,,1,ack
2018-11-26 21:39:56.264632,74,54.239.26.255,443,1.0,4551791785,0,1,,1,retransmit
2018-11-26 21:39:56.303424,54,54.239.26.255,443,1.0,38,1,1,,1,ack
2018-11-26 21:39:56.308969,312,54.239.26.255,443,3.0,0,1,1,22,1,handshake
2018-11-26 21:39:56.351191,54,54.239.26.255,443,1.0,47,1,1,,1,ack
2018-11-26 21:39:56.351552,105,54.239.26.255,443,3.0,0,1,1,20,1,handshake
2018-11-26 21:39:56.443066,809,54.239.26.255,443,3.0,0,1,1,23,1,expected
2018-11-26 21:39:56.491110,85,54.239.26.255,443,3.0,0,1,1,21,1,handshake
2018-11-26 21:39:56.491309,54,54.239.26.255,443,1.0,140,1,1,,1,ack
2018-11-26 21:39:56.535910,54,54.239.26.255,443,1.0,44,1,1,,1,ack
2018-11-26 21:39:56.752153,286,52.94.235.50,443,3.0,0,1,1,23,1,expected
2018-11-26 21:39:56.752470,190,52.94.235.50,443,3.0,0,1,1,23,1,expected
2018-11-26 21:39:56.752930,1514,52.94.235.50,443,1.0,493,1,1,,1,not_relevant
2018-11-26 21:39:56.753191,1281,52.94.235.50,443,3.0,0,1,1,23,1,expected
2018-11-26 21:39:56.753235,136,52.94.235.50,443,3.0,0,1,1,23,1,expected
2018-11-26 21:39:56.794338,92,52.94.235.50,443,3.0,0,1,1,23,1,expected
2018-11-26 21:39:56.800164,54,52.94.235.50,443,1.0,47,1,1,,1,ack
2018-11-26 21:39:56.883989,54,52.94.235.50,443,1.0,83,1,1,,1,ack
2018-11-26 21:39:56.884157,54,52.94.235.50,443,1.0,0,1,1,,1,ack
2018-11-26 21:39:56.884236,54,52.94.235.50,443,1.0,0,1,1,,1,ack
2018-11-26 21:39:56.885236,54,52.94.235.50,443,1.0,1,1,1,,1,ack
2018-11-26 21:39:56.891703,54,52.94.235.50,443,1.0,6,1,1,,1,ack
2018-11-26 21:39:56.892209,54,52.94.235.50,443,1.0,0,1,1,,1,ack
2018-11-26 21:39:56.892373,54,52.94.235.50,443,1.0,0,1,1,,1,ack
2018-11-26 21:39:56.892524,54,52.94.235.50,443,1.0,0,1,1,,1,ack
2018-11-26 21:39:56.892598,54,52.94.235.50,443,1.0,0,1,1,,1,ack
2018-11-26 21:39:56.892684,54,52.94.235.50,443,1.0,0,1,1,,1,ack
2018-11-26 21:39:56.932097,54,52.94.235.50,443,1.0,39,1,1,,1,ack
2018-11-26 21:39:56.932299,54,52.94.235.50,443,1.0,0,1,1,,1,ack
2018-11-26 21:39:56.932412,54,52.94.235.50,443,1.0,0,1,1,,1,ack
2018-11-26 21:39:56.932501,54,52.94.235.50,443,1.0,0,1,1,,1,ack
2018-11-26 21:39:56.940693,74,54.239.26.255,443,1.0,4551792537,0,1,,1,retransmit
2018-11-26 21:39:56.980446,54,54.239.26.255,443,1.0,39,1,1,,1,ack
2018-11-26 21:39:56.982785,312,54.239.26.255,443,3.0,0,1,1,22,1,handshake
2018-11-26 21:39:57.030308,54,54.239.26.255,443,1.0,49,1,1,,1,ack
2018-11-26 21:39:57.033111,105,54.239.26.255,443,3.0,0,1,1,20,1,handshake
2018-11-26 21:39:57.135559,787,54.239.26.255,443,3.0,0,1,1,23,1,expected
2018-11-26 21:39:57.178544,286,52.94.235.50,443,3.0,0,1,1,23,1,expected
2018-11-26 21:39:57.178946,1514,52.94.235.50,443,3.0,0,1,1,23,1,expected
2018-11-26 21:39:57.178985,1514,52.94.235.50,443,1.0,246,1,1,,1,not_relevant
2018-11-26 21:39:57.179157,1504,52.94.235.50,443,3.0,0,1,1,23,1,expected
2018-11-26 21:39:57.179750,92,52.94.235.50,443,3.0,0,1,1,23,1,expected
2018-11-26 21:39:57.184561,85,54.239.26.255,443,3.0,0,1,1,21,1,handshake
2018-11-26 21:39:57.184652,54,54.239.26.255,443,1.0,154,1,1,,1,ack
2018-11-26 21:39:57.224821,54,54.239.26.255,443,1.0,40,1,1,,1,ack
2018-11-26 21:39:57.251168,288,52.94.235.50,443,3.0,0,1,1,23,1,expected
2018-11-26 21:39:57.252074,190,52.94.235.50,443,3.0,0,1,1,23,1,expected
2018-11-26 21:39:57.253850,1514,52.94.235.50,443,1.0,74,1,1,,1,not_relevant
2018-11-26 21:39:57.253918,1282,52.94.235.50,443,3.0,0,1,1,23,1,expected
2018-11-26 21:39:57.254036,136,52.94.235.50,443,3.0,0,1,1,23,1,expected
2018-11-26 21:39:57.293876,92,52.94.235.50,443,3.0,0,1,1,23,1,expected
2018-11-26 21:39:57.332222,54,52.94.235.50,443,1.0,78,1,1,,1,ack
2018-11-26 21:39:57.332383,54,52.94.235.50,443,1.0,0,1,1,,1,ack
2018-11-26 21:39:57.375939,54,52.94.235.50,443,1.0,43,1,1,,1,ack
2018-11-26 21:39:57.376111,54,52.94.235.50,443,1.0,0,1,1,,1,ack
2018-11-26 21:39:57.502380,54,52.94.235.50,443,1.0,126,1,1,,1,ack
2018-11-26 21:39:57.514748,74,54.239.26.255,443,1.0,4551792892,0,1,,1,retransmit
2018-11-26 21:39:57.555164,54,52.94.235.50,443,1.0,52,1,1,,1,ack
2018-11-26 21:39:57.555314,54,52.94.235.50,443,1.0,0,1,1,,1,ack
2018-11-26 21:39:57.556731,54,54.239.26.255,443,1.0,41,1,1,,1,ack
2018-11-26 21:39:57.564271,312,54.239.26.255,443,3.0,0,1,1,22,1,handshake
2018-11-26 21:39:57.632147,54,54.239.26.255,443,1.0,75,1,1,,1,ack
2018-11-26 21:39:57.632551,105,54.239.26.255,443,3.0,0,1,1,20,1,handshake
2018-11-26 21:39:57.723233,796,54.239.26.255,443,3.0,0,1,1,23,1,expected
2018-11-26 21:39:57.773214,85,54.239.26.255,443,3.0,0,1,1,21,1,handshake
2018-11-26 21:39:57.773374,54,54.239.26.255,443,1.0,141,1,1,,1,ack
2018-11-26 21:39:57.819959,54,54.239.26.255,443,1.0,46,1,1,,1,ack
2018-11-26 21:40:00.128043,287,52.94.235.50,443,3.0,0,1,1,23,1,expected
2018-11-26 21:40:00.128791,190,52.94.235.50,443,3.0,0,1,1,23,1,expected
2018-11-26 21:40:00.128897,1514,52.94.235.50,443,1.0,2573,1,1,,1,not_relevant
2018-11-26 21:40:00.128931,1286,52.94.235.50,443,3.0,0,1,1,23,1,expected
2018-11-26 21:40:00.128964,136,52.94.235.50,443,3.0,0,1,1,23,1,expected
2018-11-26 21:40:00.176095,1514,52.94.235.50,443,3.0,0,1,1,23,1,expected
2018-11-26 21:40:00.176728,1514,52.94.235.50,443,1.0,47,1,1,,1,not_relevant
2018-11-26 21:40:00.176769,1514,52.94.235.50,443,1.0,0,1,1,,1,not_relevant
2018-11-26 21:40:00.178015,353,52.94.235.50,443,3.0,0,1,1,23,1,expected
2018-11-26 21:40:00.288057,54,52.94.235.50,443,1.0,111,1,1,,1,ack
2018-11-26 21:40:00.288224,54,52.94.235.50,443,1.0,0,1,1,,1,ack
2018-11-26 21:40:00.354930,54,52.94.235.50,443,1.0,66,1,1,,1,ack
2018-11-26 21:40:00.355096,54,52.94.235.50,443,1.0,0,1,1,,1,ack
2018-11-26 21:40:00.633960,640,52.94.235.50,443,3.0,0,1,1,23,1,expected
2018-11-26 21:40:00.634111,190,52.94.235.50,443,3.0,0,1,1,23,1,expected
2018-11-26 21:40:00.636956,1514,52.94.235.50,443,1.0,281,1,1,,1,not_relevant
2018-11-26 21:40:00.637313,1281,52.94.235.50,443,3.0,0,1,1,23,1,expected
2018-11-26 21:40:00.637335,136,52.94.235.50,443,3.0,0,1,1,23,1,expected
2018-11-26 21:40:00.675265,92,52.94.235.50,443,3.0,0,1,1,23,1,expected
2018-11-26 21:40:00.783977,54,52.94.235.50,443,1.0,147,1,1,,1,ack
2018-11-26 21:40:00.784130,54,52.94.235.50,443,1.0,0,1,1,,1,ack
2018-11-26 21:40:05.497810,54,52.94.235.50,443,1.0,4713,1,1,,1,ack
2018-11-26 21:40:05.499040,100,52.94.235.50,443,3.0,0,1,1,23,1,syn
2018-11-26 21:40:33.993879,295,52.94.235.50,443,3.0,0,1,1,23,1,expected
2018-11-26 21:40:33.994453,1514,52.94.235.50,443,3.0,0,1,1,23,1,expected
2018-11-26 21:40:33.994560,1514,52.94.235.50,443,1.0,28496,1,1,,1,not_relevant
2018-11-26 21:40:33.994686,1514,52.94.235.50,443,1.0,0,1,1,,1,not_relevant
2018-11-26 21:40:33.994724,258,52.94.235.50,443,3.0,0,1,1,23,1,expected
2018-11-26 21:40:33.994751,132,52.94.235.50,443,3.0,0,1,1,23,1,expected
2018-11-26 21:40:34.033689,74,54.239.26.255,443,1.0,4551829004,0,1,,1,retransmit
2018-11-26 21:40:34.038765,1514,52.94.235.50,443,3.0,0,1,1,23,1,expected
2018-11-26 21:40:34.039714,1514,52.94.235.50,443,3.0,0,1,1,23,1,expected
2018-11-26 21:40:34.039782,1514,52.94.235.50,443,1.0,45,1,1,,1,not_relevant
2018-11-26 21:40:34.047110,1514,52.94.235.50,443,1.0,7,1,1,,1,not_relevant
2018-11-26 21:40:34.048755,1514,52.94.235.50,443,1.0,1,1,1,,1,not_relevant
2018-11-26 21:40:34.078054,54,54.239.26.255,443,1.0,44,1,1,,1,ack
2018-11-26 21:40:34.080276,312,54.239.26.255,443,3.0,0,1,1,22,1,handshake
2018-11-26 21:40:34.087409,809,52.94.235.50,443,3.0,0,1,1,23,1,expected
2018-11-26 21:40:34.126925,1514,52.94.235.50,443,1.0,78,1,1,,1,not_relevant
2018-11-26 21:40:34.126972,1514,52.94.235.50,443,1.0,0,1,1,,1,not_relevant
2018-11-26 21:40:34.127043,54,54.239.26.255,443,1.0,48,1,1,,1,ack
2018-11-26 21:40:34.127523,1392,52.94.235.50,443,3.0,0,1,1,23,1,expected
2018-11-26 21:40:34.127562,105,54.239.26.255,443,3.0,0,1,1,20,1,handshake
2018-11-26 21:40:34.137001,54,54.239.26.255,443,1.0,9,1,1,,1,ack
2018-11-26 21:40:34.151656,172,52.94.235.50,443,3.0,0,1,1,23,1,expected
2018-11-26 21:40:34.165364,172,52.94.235.50,443,3.0,0,1,1,23,1,expected
2018-11-26 21:40:34.186109,172,52.94.235.50,443,3.0,0,1,1,23,1,expected
2018-11-26 21:40:34.200122,172,52.94.235.50,443,3.0,0,1,1,23,1,expected
2018-11-26 21:40:34.211509,54,52.94.235.50,443,1.0,84,1,1,,1,ack
2018-11-26 21:40:34.216807,764,54.239.26.255,443,3.0,0,1,1,23,1,expected
2018-11-26 21:40:34.235727,172,52.94.235.50,443,3.0,0,1,1,23,1,expected
2018-11-26 21:40:34.249057,172,52.94.235.50,443,3.0,0,1,1,23,1,expected
2018-11-26 21:40:34.263301,172,52.94.235.50,443,3.0,0,1,1,23,1,expected
2018-11-26 21:40:34.269294,85,54.239.26.255,443,3.0,0,1,1,21,1,handshake
2018-11-26 21:40:34.269532,54,54.239.26.255,443,1.0,132,1,1,,1,ack
2018-11-26 21:40:34.277449,172,52.94.235.50,443,3.0,0,1,1,23,1,expected
2018-11-26 21:40:34.312290,172,52.94.235.50,443,3.0,0,1,1,23,1,expected
2018-11-26 21:40:34.312488,54,54.239.26.255,443,1.0,42,1,1,,1,ack
2018-11-26 21:40:34.326351,172,52.94.235.50,443,3.0,0,1,1,23,1,expected
2018-11-26 21:40:34.347801,172,52.94.235.50,443,3.0,0,1,1,23,1,expected
2018-11-26 21:40:34.361440,172,52.94.235.50,443,3.0,0,1,1,23,1,expected
2018-11-26 21:40:34.395795,172,52.94.235.50,443,3.0,0,1,1,23,1,expected
2018-11-26 21:40:34.410008,172,52.94.235.50,443,3.0,0,1,1,23,1,expected
2018-11-26 21:40:34.423995,172,52.94.235.50,443,3.0,0,1,1,23,1,expected
2018-11-26 21:40:34.437853,172,52.94.235.50,443,3.0,0,1,1,23,1,expected
2018-11-26 21:40:34.473416,172,52.94.235.50,443,3.0,0,1,1,23,1,expected
2018-11-26 21:40:34.487098,172,52.94.235.50,443,3.0,0,1,1,23,1,expected
2018-11-26 21:40:34.501149,172,52.94.235.50,443,3.0,0,1,1,23,1,expected
2018-11-26 21:40:34.522300,172,52.94.235.50,443,3.0,0,1,1,23,1,expected
2018-11-26 21:40:34.533788,287,52.94.235.50,443,3.0,0,1,1,23,1,expected
2018-11-26 21:40:34.534572,190,52.94.235.50,443,3.0,0,1,1,23,1,expected
2018-11-26 21:40:34.560775,1514,52.94.235.50,443,1.0,349,1,1,,1,not_relevant
2018-11-26 21:40:34.561090,1514,52.94.235.50,443,3.0,0,1,1,23,1,expected
2018-11-26 21:40:34.571129,181,52.94.235.50,443,3.0,0,1,1,23,1,expected
2018-11-26 21:40:34.584938,172,52.94.235.50,443,3.0,0,1,1,23,1,expected
2018-11-26 21:40:34.600646,172,52.94.235.50,443,3.0,0,1,1,23,1,expected
2018-11-26 21:40:34.633735,172,52.94.235.50,443,3.0,0,1,1,23,1,expected
2018-11-26 21:40:34.647872,172,52.94.235.50,443,3.0,0,1,1,23,1,expected
2018-11-26 21:40:34.662124,172,52.94.235.50,443,3.0,0,1,1,23,1,expected
2018-11-26 21:40:34.682911,172,52.94.235.50,443,3.0,0,1,1,23,1,expected
2018-11-26 21:40:34.724391,172,52.94.235.50,443,3.0,0,1,1,23,1,expected
2018-11-26 21:40:34.724921,172,52.94.235.50,443,3.0,0,1,1,23,1,expected
2018-11-26 21:40:34.725184,54,52.94.235.50,443,1.0,164,1,1,,1,ack
2018-11-26 21:40:34.745920,172,52.94.235.50,443,3.0,0,1,1,23,1,expected
2018-11-26 21:40:34.760293,172,52.94.235.50,443,3.0,0,1,1,23,1,expected
2018-11-26 21:40:34.795000,172,52.94.235.50,443,3.0,0,1,1,23,1,expected
2018-11-26 21:40:34.808956,172,52.94.235.50,443,3.0,0,1,1,23,1,expected
2018-11-26 21:40:34.825407,172,52.94.235.50,443,3.0,0,1,1,23,1,expected
2018-11-26 21:40:34.843931,172,52.94.235.50,443,3.0,0,1,1,23,1,expected
2018-11-26 21:40:34.871743,172,52.94.235.50,443,3.0,0,1,1,23,1,expected
2018-11-26 21:40:34.885972,172,52.94.235.50,443,3.0,0,1,1,23,1,expected
2018-11-26 21:40:34.906837,172,52.94.235.50,443,3.0,0,1,1,23,1,expected
2018-11-26 21:40:34.921377,172,52.94.235.50,443,3.0,0,1,1,23,1,expected
2018-11-26 21:40:34.954822,172,52.94.235.50,443,3.0,0,1,1,23,1,expected
2018-11-26 21:40:34.967948,172,52.94.235.50,443,3.0,0,1,1,23,1,expected
2018-11-26 21:40:34.982037,172,52.94.235.50,443,3.0,0,1,1,23,1,expected
2018-11-26 21:40:35.004439,172,52.94.235.50,443,3.0,0,1,1,23,1,expected
2018-11-26 21:40:35.031266,172,52.94.235.50,443,3.0,0,1,1,23,1,expected
2018-11-26 21:40:35.045267,172,52.94.235.50,443,3.0,0,1,1,23,1,expected
2018-11-26 21:40:35.066814,172,52.94.235.50,443,3.0,0,1,1,23,1,expected
2018-11-26 21:40:35.080147,172,52.94.235.50,443,3.0,0,1,1,23,1,expected
2018-11-26 21:40:35.114942,172,52.94.235.50,443,3.0,0,1,1,23,1,expected
2018-11-26 21:40:35.129298,172,52.94.235.50,443,3.0,0,1,1,23,1,expected
2018-11-26 21:40:35.144188,172,52.94.235.50,443,3.0,0,1,1,23,1,expected
2018-11-26 21:40:35.157017,172,52.94.235.50,443,3.0,0,1,1,23,1,expected
2018-11-26 21:40:35.192255,172,52.94.235.50,443,3.0,0,1,1,23,1,expected
2018-11-26 21:40:35.206074,172,52.94.235.50,443,3.0,0,1,1,23,1,expected
2018-11-26 21:40:35.227090,172,52.94.235.50,443,3.0,0,1,1,23,1,expected
2018-11-26 21:40:35.241536,172,52.94.235.50,443,3.0,0,1,1,23,1,expected
2018-11-26 21:40:35.269050,172,52.94.235.50,443,3.0,0,1,1,23,1,expected
2018-11-26 21:40:35.290211,172,52.94.235.50,443,3.0,0,1,1,23,1,expected
2018-11-26 21:40:35.305362,172,52.94.235.50,443,3.0,0,1,1,23,1,expected
2018-11-26 21:40:35.318241,172,52.94.235.50,443,3.0,0,1,1,23,1,expected
2018-11-26 21:40:35.353038,172,52.94.235.50,443,3.0,0,1,1,23,1,expected
2018-11-26 21:40:35.372311,172,52.94.235.50,443,3.0,0,1,1,23,1,expected
2018-11-26 21:40:35.383912,172,52.94.235.50,443,3.0,0,1,1,23,1,expected
2018-11-26 21:40:35.429778,172,52.94.235.50,443,3.0,0,1,1,23,1,expected
2018-11-26 21:40:35.430366,172,52.94.235.50,443,3.0,0,1,1,23,1,expected
2018-11-26 21:40:35.451515,172,52.94.235.50,443,3.0,0,1,1,23,1,expected
2018-11-26 21:40:35.465133,172,52.94.235.50,443,3.0,0,1,1,23,1,expected
2018-11-26 21:40:35.479604,172,52.94.235.50,443,3.0,0,1,1,23,1,expected
2018-11-26 21:40:35.494859,100,52.94.235.50,443,3.0,0,1,1,23,1,syn
2018-11-26 21:40:35.514309,172,52.94.235.50,443,3.0,0,1,1,23,1,expected
2018-11-26 21:40:35.527774,172,52.94.235.50,443,3.0,0,1,1,23,1,expected
2018-11-26 21:40:35.542225,172,52.94.235.50,443,3.0,0,1,1,23,1,expected
2018-11-26 21:40:35.563009,172,52.94.235.50,443,3.0,0,1,1,23,1,expected
2018-11-26 21:40:35.591064,172,52.94.235.50,443,3.0,0,1,1,23,1,expected
2018-11-26 21:40:35.605099,172,52.94.235.50,443,3.0,0,1,1,23,1,expected
2018-11-26 21:40:35.625896,172,52.94.235.50,443,3.0,0,1,1,23,1,expected
2018-11-26 21:40:35.640012,172,52.94.235.50,443,3.0,0,1,1,23,1,expected
2018-11-26 21:40:35.675390,172,52.94.235.50,443,3.0,0,1,1,23,1,expected
2018-11-26 21:40:35.688785,172,52.94.235.50,443,3.0,0,1,1,23,1,expected
2018-11-26 21:40:35.702934,172,52.94.235.50,443,3.0,0,1,1,23,1,expected
2018-11-26 21:40:35.724388,172,52.94.235.50,443,3.0,0,1,1,23,1,expected
2018-11-26 21:40:35.751853,172,52.94.235.50,443,3.0,0,1,1,23,1,expected
2018-11-26 21:40:35.765809,172,52.94.235.50,443,3.0,0,1,1,23,1,expected
2018-11-26 21:40:35.787258,172,52.94.235.50,443,3.0,0,1,1,23,1,expected
2018-11-26 21:40:35.801086,172,52.94.235.50,443,3.0,0,1,1,23,1,expected
2018-11-26 21:40:35.829629,172,52.94.235.50,443,3.0,0,1,1,23,1,expected
2018-11-26 21:40:35.850291,172,52.94.235.50,443,3.0,0,1,1,23,1,expected
2018-11-26 21:40:35.864208,172,52.94.235.50,443,3.0,0,1,1,23,1,expected
2018-11-26 21:40:35.877843,172,52.94.235.50,443,3.0,0,1,1,23,1,expected
2018-11-26 21:40:35.913241,172,52.94.235.50,443,3.0,0,1,1,23,1,expected
2018-11-26 21:40:35.929241,172,52.94.235.50,443,3.0,0,1,1,23,1,expected
2018-11-26 21:40:35.941363,172,52.94.235.50,443,3.0,0,1,1,23,1,expected
2018-11-26 21:40:35.963290,172,52.94.235.50,443,3.0,0,1,1,23,1,expected
2018-11-26 21:40:35.990063,172,52.94.235.50,443,3.0,0,1,1,23,1,expected
2018-11-26 21:40:36.011139,172,52.94.235.50,443,3.0,0,1,1,23,1,expected
2018-11-26 21:40:36.025233,172,52.94.235.50,443,3.0,0,1,1,23,1,expected
2018-11-26 21:40:36.039024,172,52.94.235.50,443,3.0,0,1,1,23,1,expected
2018-11-26 21:40:36.073302,172,52.94.235.50,443,3.0,0,1,1,23,1,expected
2018-11-26 21:40:36.087658,172,52.94.235.50,443,3.0,0,1,1,23,1,expected
2018-11-26 21:40:36.129791,172,52.94.235.50,443,3.0,0,1,1,23,1,expected
2018-11-26 21:40:36.129945,172,52.94.235.50,443,3.0,0,1,1,23,1,expected
2018-11-26 21:40:36.150613,172,52.94.235.50,443,3.0,0,1,1,23,1,expected
2018-11-26 21:40:36.171647,172,52.94.235.50,443,3.0,0,1,1,23,1,expected
2018-11-26 21:40:36.184873,172,52.94.235.50,443,3.0,0,1,1,23,1,expected
2018-11-26 21:40:36.199135,172,52.94.235.50,443,3.0,0,1,1,23,1,expected
2018-11-26 21:40:36.234090,172,52.94.235.50,443,3.0,0,1,1,23,1,expected
2018-11-26 21:40:36.248636,172,52.94.235.50,443,3.0,0,1,1,23,1,expected
2018-11-26 21:40:36.262826,172,52.94.235.50,443,3.0,0,1,1,23,1,expected
2018-11-26 21:40:36.283444,172,52.94.235.50,443,3.0,0,1,1,23,1,expected
2018-11-26 21:40:36.311615,172,52.94.235.50,443,3.0,0,1,1,23,1,expected
2018-11-26 21:40:36.326261,172,52.94.235.50,443,3.0,0,1,1,23,1,expected
2018-11-26 21:40:36.345850,172,52.94.235.50,443,3.0,0,1,1,23,1,expected
2018-11-26 21:40:36.359912,172,52.94.235.50,443,3.0,0,1,1,23,1,expected
2018-11-26 21:40:36.395657,172,52.94.235.50,443,3.0,0,1,1,23,1,expected
2018-11-26 21:40:36.411380,172,52.94.235.50,443,3.0,0,1,1,23,1,expected
2018-11-26 21:40:36.423311,172,52.94.235.50,443,3.0,0,1,1,23,1,expected
2018-11-26 21:40:36.437710,172,52.94.235.50,443,3.0,0,1,1,23,1,expected
2018-11-26 21:40:36.473286,172,52.94.235.50,443,3.0,0,1,1,23,1,expected
2018-11-26 21:40:36.489625,172,52.94.235.50,443,3.0,0,1,1,23,1,expected
2018-11-26 21:40:36.510901,172,52.94.235.50,443,3.0,0,1,1,23,1,expected
2018-11-26 21:40:36.521919,172,52.94.235.50,443,3.0,0,1,1,23,1,expected
2018-11-26 21:40:36.549275,172,52.94.235.50,443,3.0,0,1,1,23,1,expected
2018-11-26 21:40:36.570539,172,52.94.235.50,443,3.0,0,1,1,23,1,expected
2018-11-26 21:40:36.584222,172,52.94.235.50,443,3.0,0,1,1,23,1,expected
2018-11-26 21:40:36.597853,172,52.94.235.50,443,3.0,0,1,1,23,1,expected
2018-11-26 21:40:36.638630,172,52.94.235.50,443,3.0,0,1,1,23,1,expected
2018-11-26 21:40:36.647386,172,52.94.235.50,443,3.0,0,1,1,23,1,expected
2018-11-26 21:40:36.661384,172,52.94.235.50,443,3.0,0,1,1,23,1,expected
2018-11-26 21:40:36.683069,172,52.94.235.50,443,3.0,0,1,1,23,1,expected
2018-11-26 21:40:36.709852,172,52.94.235.50,443,3.0,0,1,1,23,1,expected
2018-11-26 21:40:36.731330,172,52.94.235.50,443,3.0,0,1,1,23,1,expected
2018-11-26 21:40:36.745530,172,52.94.235.50,443,3.0,0,1,1,23,1,expected
2018-11-26 21:40:36.760052,172,52.94.235.50,443,3.0,0,1,1,23,1,expected
2018-11-26 21:40:36.774024,136,52.94.235.50,443,3.0,0,1,1,23,1,expected
2018-11-26 21:40:36.775151,92,52.94.235.50,443,3.0,0,1,1,23,1,expected
2018-11-26 21:40:36.829921,74,54.239.26.255,443,1.0,4551818164,0,1,,1,retransmit
2018-11-26 21:40:36.830108,54,52.94.235.50,443,1.0,2104,1,1,,1,ack
2018-11-26 21:40:36.874701,54,54.239.26.255,443,1.0,44,1,1,,1,ack
2018-11-26 21:40:36.876090,312,54.239.26.255,443,3.0,0,1,1,22,1,handshake
2018-11-26 21:40:36.919757,54,54.239.26.255,443,1.0,45,1,1,,1,ack
2018-11-26 21:40:36.921930,105,54.239.26.255,443,3.0,0,1,1,20,1,handshake
2018-11-26 21:40:37.019683,808,54.239.26.255,443,3.0,0,1,1,23,1,expected
2018-11-26 21:40:37.070824,85,54.239.26.255,443,3.0,0,1,1,21,1,handshake
2018-11-26 21:40:37.070988,54,54.239.26.255,443,1.0,151,1,1,,1,ack
2018-11-26 21:40:37.113064,54,54.239.26.255,443,1.0,42,1,1,,1,ack
2018-11-26 21:40:37.312928,287,52.94.235.50,443,3.0,0,1,1,23,1,expected
2018-11-26 21:40:37.313225,190,52.94.235.50,443,3.0,0,1,1,23,1,expected
2018-11-26 21:40:37.313502,1514,52.94.235.50,443,1.0,483,1,1,,1,not_relevant
2018-11-26 21:40:37.313525,1281,52.94.235.50,443,3.0,0,1,1,23,1,expected
2018-11-26 21:40:37.360019,174,52.94.235.50,443,3.0,0,1,1,23,1,expected
2018-11-26 21:40:37.490100,54,52.94.235.50,443,1.0,176,1,1,,1,ack
2018-11-26 21:40:37.492449,54,52.94.235.50,443,1.0,2,1,1,,1,ack
2018-11-26 21:40:37.492654,54,52.94.235.50,443,1.0,0,1,1,,1,ack
2018-11-26 21:40:37.492877,54,52.94.235.50,443,1.0,0,1,1,,1,ack
2018-11-26 21:40:37.492974,54,52.94.235.50,443,1.0,0,1,1,,1,ack
2018-11-26 21:40:37.499084,54,52.94.235.50,443,1.0,6,1,1,,1,ack
2018-11-26 21:40:37.499236,54,52.94.235.50,443,1.0,0,1,1,,1,ack
2018-11-26 21:40:37.529936,54,52.94.235.50,443,1.0,30,1,1,,1,ack
2018-11-26 21:40:37.530123,54,52.94.235.50,443,1.0,0,1,1,,1,ack
2018-11-26 21:40:37.530205,54,52.94.235.50,443,1.0,0,1,1,,1,ack
2018-11-26 21:40:37.534642,54,52.94.235.50,443,1.0,4,1,1,,1,ack
2018-11-26 21:40:37.535635,54,52.94.235.50,443,1.0,0,1,1,,1,ack
2018-11-26 21:40:37.535717,54,52.94.235.50,443,1.0,0,1,1,,1,ack
2018-11-26 21:40:37.547634,96,52.94.235.50,443,3.0,0,1,1,23,1,expected
2018-11-26 21:40:37.549559,74,54.239.26.255,443,1.0,4551815124,0,1,,1,retransmit
2018-11-26 21:40:37.596001,54,54.239.26.255,443,1.0,46,1,1,,1,ack
2018-11-26 21:40:37.597651,312,54.239.26.255,443,3.0,0,1,1,22,1,handshake
2018-11-26 21:40:37.644022,54,54.239.26.255,443,1.0,48,1,1,,1,ack
2018-11-26 21:40:37.645777,105,54.239.26.255,443,3.0,0,1,1,20,1,handshake
2018-11-26 21:40:37.742692,786,54.239.26.255,443,3.0,0,1,1,23,1,expected
2018-11-26 21:40:37.757528,288,52.94.235.50,443,3.0,0,1,1,23,1,expected
2018-11-26 21:40:37.757903,1514,52.94.235.50,443,3.0,0,1,1,23,1,expected
2018-11-26 21:40:37.758118,1514,52.94.235.50,443,1.0,222,1,1,,1,not_relevant
2018-11-26 21:40:37.758622,1514,52.94.235.50,443,3.0,0,1,1,23,1,expected
2018-11-26 21:40:37.758655,82,52.94.235.50,443,3.0,0,1,1,23,1,expected
2018-11-26 21:40:37.796298,1514,52.94.235.50,443,3.0,0,1,1,23,1,expected
2018-11-26 21:40:37.800478,85,54.239.26.255,443,3.0,0,1,1,21,1,handshake
2018-11-26 21:40:37.800680,54,54.239.26.255,443,1.0,156,1,1,,1,ack
2018-11-26 21:40:37.804356,1514,52.94.235.50,443,1.0,46,1,1,,1,not_relevant
2018-11-26 21:40:37.804702,1514,52.94.235.50,443,1.0,0,1,1,,1,not_relevant
2018-11-26 21:40:37.806010,310,52.94.235.50,443,3.0,0,1,1,23,1,expected
2018-11-26 21:40:37.845881,54,54.239.26.255,443,1.0,45,1,1,,1,ack
2018-11-26 21:40:37.925860,54,52.94.235.50,443,1.0,121,1,1,,1,ack
2018-11-26 21:40:37.951794,54,52.94.235.50,443,1.0,25,1,1,,1,ack
2018-11-26 21:40:37.978887,74,54.239.26.255,443,1.0,4551815249,0,1,,1,retransmit
2018-11-26 21:40:38.009328,54,52.94.235.50,443,1.0,57,1,1,,1,ack
2018-11-26 21:40:38.019053,54,54.239.26.255,443,1.0,40,1,1,,1,ack
2018-11-26 21:40:38.020553,312,54.239.26.255,443,3.0,0,1,1,22,1,handshake
2018-11-26 21:40:38.033530,54,52.94.235.50,443,1.0,24,1,1,,1,ack
2018-11-26 21:40:38.033804,54,52.94.235.50,443,1.0,0,1,1,,1,ack
2018-11-26 21:40:38.065844,54,54.239.26.255,443,1.0,46,1,1,,1,ack
2018-11-26 21:40:38.066203,105,54.239.26.255,443,3.0,0,1,1,20,1,handshake
2018-11-26 21:40:38.167656,797,54.239.26.255,443,3.0,0,1,1,23,1,expected
2018-11-26 21:40:38.231361,85,54.239.26.255,443,3.0,0,1,1,21,1,handshake
2018-11-26 21:40:38.231572,54,54.239.26.255,443,1.0,165,1,1,,1,ack
2018-11-26 21:40:38.281510,54,54.239.26.255,443,1.0,49,1,1,,1,ack
2018-11-26 21:40:40.342760,287,52.94.235.50,443,3.0,0,1,1,23,1,expected
2018-11-26 21:40:40.343011,190,52.94.235.50,443,3.0,0,1,1,23,1,expected
2018-11-26 21:40:40.346604,1514,52.94.235.50,443,1.0,2312,1,1,,1,not_relevant
2018-11-26 21:40:40.346647,1285,52.94.235.50,443,3.0,0,1,1,23,1,expected
2018-11-26 21:40:40.382858,1514,52.94.235.50,443,3.0,0,1,1,23,1,expected
2018-11-26 21:40:40.392166,1514,52.94.235.50,443,1.0,45,1,1,,1,not_relevant
2018-11-26 21:40:40.393892,1514,52.94.235.50,443,1.0,1,1,1,,1,not_relevant
2018-11-26 21:40:40.393941,435,52.94.235.50,443,3.0,0,1,1,23,1,expected
2018-11-26 21:40:40.437603,54,52.94.235.50,443,1.0,43,1,1,,1,ack
2018-11-26 21:40:40.566765,54,52.94.235.50,443,1.0,129,1,1,,1,ack
2018-11-26 21:40:40.566943,54,52.94.235.50,443,1.0,0,1,1,,1,ack
2018-11-26 21:40:40.614867,54,52.94.235.50,443,1.0,47,1,1,,1,ack
2018-11-26 21:40:40.615097,54,52.94.235.50,443,1.0,0,1,1,,1,ack
2018-11-26 21:40:40.849763,288,52.94.235.50,443,3.0,0,1,1,23,1,expected
2018-11-26 21:40:40.850016,190,52.94.235.50,443,3.0,0,1,1,23,1,expected
2018-11-26 21:40:40.850523,1514,52.94.235.50,443,1.0,235,1,1,,1,not_relevant
2018-11-26 21:40:40.850629,1281,52.94.235.50,443,3.0,0,1,1,23,1,expected
2018-11-26 21:40:40.894025,174,52.94.235.50,443,3.0,0,1,1,23,1,expected
2018-11-26 21:40:41.056723,54,52.94.235.50,443,1.0,206,1,1,,1,ack
2018-11-26 21:40:41.056939,54,52.94.235.50,443,1.0,0,1,1,,1,ack
2018-11-26 21:41:05.552101,54,52.94.235.50,443,1.0,24495,1,1,,1,ack
2018-11-26 21:41:05.552565,100,52.94.235.50,443,3.0,0,1,1,23,1,syn
2018-11-26 21:41:06.998671,287,52.94.235.50,443,3.0,0,1,1,23,1,expected
2018-11-26 21:41:07.002074,190,52.94.235.50,443,3.0,0,1,1,23,1,expected
2018-11-26 21:41:07.004462,1514,52.94.235.50,443,1.0,1452,1,1,,1,not_relevant
2018-11-26 21:41:07.004483,1514,52.94.235.50,443,1.0,0,1,1,,1,not_relevant
2018-11-26 21:41:07.037388,74,54.239.29.0,443,1.0,4551843987,0,1,,1,retransmit
2018-11-26 21:41:07.041154,1514,52.94.235.50,443,3.0,0,1,1,23,1,expected
2018-11-26 21:41:07.056364,1514,52.94.235.50,443,3.0,0,1,1,23,1,expected
2018-11-26 21:41:07.056684,1514,52.94.235.50,443,1.0,52,1,1,,1,not_relevant
2018-11-26 21:41:07.058231,1514,52.94.235.50,443,1.0,1,1,1,,1,not_relevant
2018-11-26 21:41:07.058253,946,52.94.235.50,443,3.0,0,1,1,23,1,expected
2018-11-26 21:41:07.087376,54,54.239.29.0,443,1.0,49,1,1,,1,ack
2018-11-26 21:41:07.088737,312,54.239.29.0,443,3.0,0,1,1,22,1,handshake
2018-11-26 21:41:07.128009,1514,52.94.235.50,443,1.0,69,1,1,,1,not_relevant
2018-11-26 21:41:07.128049,1514,52.94.235.50,443,1.0,0,1,1,,1,not_relevant
2018-11-26 21:41:07.128985,1392,52.94.235.50,443,3.0,0,1,1,23,1,expected
2018-11-26 21:41:07.138572,54,54.239.29.0,443,1.0,51,1,1,,1,ack
2018-11-26 21:41:07.139537,105,54.239.29.0,443,3.0,0,1,1,20,1,handshake
2018-11-26 21:41:07.161549,172,52.94.235.50,443,3.0,0,1,1,23,1,expected
2018-11-26 21:41:07.174611,172,52.94.235.50,443,3.0,0,1,1,23,1,expected
2018-11-26 21:41:07.183515,54,52.94.235.50,443,1.0,55,1,1,,1,ack
2018-11-26 21:41:07.195742,172,52.94.235.50,443,3.0,0,1,1,23,1,expected
2018-11-26 21:41:07.210047,172,52.94.235.50,443,3.0,0,1,1,23,1,expected
2018-11-26 21:41:07.234802,766,54.239.29.0,443,3.0,0,1,1,23,1,expected
2018-11-26 21:41:07.238162,172,52.94.235.50,443,3.0,0,1,1,23,1,expected
2018-11-26 21:41:07.257903,172,52.94.235.50,443,3.0,0,1,1,23,1,expected
2018-11-26 21:41:07.272367,172,52.94.235.50,443,3.0,0,1,1,23,1,expected
2018-11-26 21:41:07.287208,85,54.239.29.0,443,3.0,0,1,1,21,1,handshake
2018-11-26 21:41:07.287514,54,54.239.29.0,443,1.0,148,1,1,,1,ack
2018-11-26 21:41:07.287693,172,52.94.235.50,443,3.0,0,1,1,23,1,expected
2018-11-26 21:41:07.322202,172,52.94.235.50,443,3.0,0,1,1,23,1,expected
2018-11-26 21:41:07.333353,54,54.239.29.0,443,1.0,45,1,1,,1,ack
2018-11-26 21:41:07.340455,172,52.94.235.50,443,3.0,0,1,1,23,1,expected
2018-11-26 21:41:07.353585,172,52.94.235.50,443,3.0,0,1,1,23,1,expected
2018-11-26 21:41:07.372617,172,52.94.235.50,443,3.0,0,1,1,23,1,expected
2018-11-26 21:41:07.398684,172,52.94.235.50,443,3.0,0,1,1,23,1,expected
2018-11-26 21:41:07.419561,172,52.94.235.50,443,3.0,0,1,1,23,1,expected
2018-11-26 21:41:07.436761,172,52.94.235.50,443,3.0,0,1,1,23,1,expected
2018-11-26 21:41:07.447094,172,52.94.235.50,443,3.0,0,1,1,23,1,expected
2018-11-26 21:41:07.482645,172,52.94.235.50,443,3.0,0,1,1,23,1,expected
2018-11-26 21:41:07.497972,172,52.94.235.50,443,3.0,0,1,1,23,1,expected
2018-11-26 21:41:07.503615,287,52.94.235.50,443,3.0,0,1,1,23,1,expected
2018-11-26 21:41:07.505067,190,52.94.235.50,443,3.0,0,1,1,23,1,expected
2018-11-26 21:41:07.537049,1514,52.94.235.50,443,1.0,353,1,1,,1,not_relevant
2018-11-26 21:41:07.537346,1514,52.94.235.50,443,3.0,0,1,1,23,1,expected
2018-11-26 21:41:07.552675,181,52.94.235.50,443,3.0,0,1,1,23,1,expected
2018-11-26 21:41:07.557721,172,52.94.235.50,443,3.0,0,1,1,23,1,expected
2018-11-26 21:41:07.578844,172,52.94.235.50,443,3.0,0,1,1,23,1,expected
2018-11-26 21:41:07.598975,172,52.94.235.50,443,3.0,0,1,1,23,1,expected
2018-11-26 21:41:07.631254,172,52.94.235.50,443,3.0,0,1,1,23,1,expected
2018-11-26 21:41:07.649334,172,52.94.235.50,443,3.0,0,1,1,23,1,expected
2018-11-26 21:41:07.664890,172,52.94.235.50,443,3.0,0,1,1,23,1,expected
2018-11-26 21:41:07.670037,172,52.94.235.50,443,3.0,0,1,1,23,1,expected
2018-11-26 21:41:07.691412,172,52.94.235.50,443,3.0,0,1,1,23,1,expected
2018-11-26 21:41:07.693214,54,52.94.235.50,443,1.0,156,1,1,,1,ack
2018-11-26 21:41:07.719538,172,52.94.235.50,443,3.0,0,1,1,23,1,expected
2018-11-26 21:41:07.740844,172,52.94.235.50,443,3.0,0,1,1,23,1,expected
2018-11-26 21:41:07.755198,172,52.94.235.50,443,3.0,0,1,1,23,1,expected
2018-11-26 21:41:07.769312,172,52.94.235.50,443,3.0,0,1,1,23,1,expected
2018-11-26 21:41:07.802874,172,52.94.235.50,443,3.0,0,1,1,23,1,expected
2018-11-26 21:41:07.824631,172,52.94.235.50,443,3.0,0,1,1,23,1,expected
2018-11-26 21:41:07.831241,172,52.94.235.50,443,3.0,0,1,1,23,1,expected
2018-11-26 21:41:07.845209,172,52.94.235.50,443,3.0,0,1,1,23,1,expected
2018-11-26 21:41:07.880484,172,52.94.235.50,443,3.0,0,1,1,23,1,expected
2018-11-26 21:41:07.894336,172,52.94.235.50,443,3.0,0,1,1,23,1,expected
2018-11-26 21:41:07.914631,172,52.94.235.50,443,3.0,0,1,1,23,1,expected
2018-11-26 21:41:07.928085,172,52.94.235.50,443,3.0,0,1,1,23,1,expected
2018-11-26 21:41:07.963223,172,52.94.235.50,443,3.0,0,1,1,23,1,expected
2018-11-26 21:41:07.976973,172,52.94.235.50,443,3.0,0,1,1,23,1,expected
2018-11-26 21:41:07.991114,172,52.94.235.50,443,3.0,0,1,1,23,1,expected
2018-11-26 21:41:08.005623,172,52.94.235.50,443,3.0,0,1,1,23,1,expected
2018-11-26 21:41:08.041842,172,52.94.235.50,443,3.0,0,1,1,23,1,expected
2018-11-26 21:41:08.054213,172,52.94.235.50,443,3.0,0,1,1,23,1,expected
2018-11-26 21:41:08.075400,172,52.94.235.50,443,3.0,0,1,1,23,1,expected
2018-11-26 21:41:08.089116,172,52.94.235.50,443,3.0,0,1,1,23,1,expected
2018-11-26 21:41:08.124226,172,52.94.235.50,443,3.0,0,1,1,23,1,expected
2018-11-26 21:41:08.137873,172,52.94.235.50,443,3.0,0,1,1,23,1,expected
2018-11-26 21:41:08.151937,172,52.94.235.50,443,3.0,0,1,1,23,1,expected
2018-11-26 21:41:08.165946,172,52.94.235.50,443,3.0,0,1,1,23,1,expected
2018-11-26 21:41:08.201485,172,52.94.235.50,443,3.0,0,1,1,23,1,expected
2018-11-26 21:41:08.215077,172,52.94.235.50,443,3.0,0,1,1,23,1,expected
2018-11-26 21:41:08.228846,172,52.94.235.50,443,3.0,0,1,1,23,1,expected
2018-11-26 21:41:08.250323,172,52.94.235.50,443,3.0,0,1,1,23,1,expected
2018-11-26 21:41:08.277754,172,52.94.235.50,443,3.0,0,1,1,23,1,expected
2018-11-26 21:41:08.330070,172,52.94.235.50,443,3.0,0,1,1,23,1,expected
2018-11-26 21:41:08.330269,172,52.94.235.50,443,3.0,0,1,1,23,1,expected
2018-11-26 21:41:08.330490,172,52.94.235.50,443,3.0,0,1,1,23,1,expected
2018-11-26 21:41:08.362968,172,52.94.235.50,443,3.0,0,1,1,23,1,expected
2018-11-26 21:41:08.376101,172,52.94.235.50,443,3.0,0,1,1,23,1,expected
2018-11-26 21:41:08.390643,172,52.94.235.50,443,3.0,0,1,1,23,1,expected
2018-11-26 21:41:08.411170,172,52.94.235.50,443,3.0,0,1,1,23,1,expected
2018-11-26 21:41:08.438865,172,52.94.235.50,443,3.0,0,1,1,23,1,expected
2018-11-26 21:41:08.459916,172,52.94.235.50,443,3.0,0,1,1,23,1,expected
2018-11-26 21:41:08.473988,172,52.94.235.50,443,3.0,0,1,1,23,1,expected
2018-11-26 21:41:08.488192,172,52.94.235.50,443,3.0,0,1,1,23,1,expected
2018-11-26 21:41:08.522963,172,52.94.235.50,443,3.0,0,1,1,23,1,expected
2018-11-26 21:41:08.536939,172,52.94.235.50,443,3.0,0,1,1,23,1,expected
2018-11-26 21:41:08.551479,172,52.94.235.50,443,3.0,0,1,1,23,1,expected
2018-11-26 21:41:08.565174,172,52.94.235.50,443,3.0,0,1,1,23,1,expected
2018-11-26 21:41:08.600551,172,52.94.235.50,443,3.0,0,1,1,23,1,expected
2018-11-26 21:41:08.614208,172,52.94.235.50,443,3.0,0,1,1,23,1,expected
2018-11-26 21:41:08.634786,172,52.94.235.50,443,3.0,0,1,1,23,1,expected
2018-11-26 21:41:08.648868,172,52.94.235.50,443,3.0,0,1,1,23,1,expected
2018-11-26 21:41:08.677110,172,52.94.235.50,443,3.0,0,1,1,23,1,expected
2018-11-26 21:41:08.698089,172,52.94.235.50,443,3.0,0,1,1,23,1,expected
2018-11-26 21:41:08.712141,172,52.94.235.50,443,3.0,0,1,1,23,1,expected
2018-11-26 21:41:08.726467,172,52.94.235.50,443,3.0,0,1,1,23,1,expected
2018-11-26 21:41:08.761172,172,52.94.235.50,443,3.0,0,1,1,23,1,expected
2018-11-26 21:41:08.774893,172,52.94.235.50,443,3.0,0,1,1,23,1,expected
2018-11-26 21:41:08.796198,172,52.94.235.50,443,3.0,0,1,1,23,1,expected
2018-11-26 21:41:08.809806,172,52.94.235.50,443,3.0,0,1,1,23,1,expected
2018-11-26 21:41:08.838236,172,52.94.235.50,443,3.0,0,1,1,23,1,expected
2018-11-26 21:41:08.859088,172,52.94.235.50,443,3.0,0,1,1,23,1,expected
2018-11-26 21:41:08.873184,172,52.94.235.50,443,3.0,0,1,1,23,1,expected
2018-11-26 21:41:08.887455,172,52.94.235.50,443,3.0,0,1,1,23,1,expected
2018-11-26 21:41:08.921973,172,52.94.235.50,443,3.0,0,1,1,23,1,expected
2018-11-26 21:41:08.936493,172,52.94.235.50,443,3.0,0,1,1,23,1,expected
2018-11-26 21:41:08.950012,172,52.94.235.50,443,3.0,0,1,1,23,1,expected
2018-11-26 21:41:08.971485,172,52.94.235.50,443,3.0,0,1,1,23,1,expected
2018-11-26 21:41:09.030028,172,52.94.235.50,443,3.0,0,1,1,23,1,expected
2018-11-26 21:41:09.030201,172,52.94.235.50,443,3.0,0,1,1,23,1,expected
2018-11-26 21:41:09.038790,172,52.94.235.50,443,3.0,0,1,1,23,1,expected
2018-11-26 21:41:09.048254,172,52.94.235.50,443,3.0,0,1,1,23,1,expected
2018-11-26 21:41:09.083252,172,52.94.235.50,443,3.0,0,1,1,23,1,expected
2018-11-26 21:41:09.097040,172,52.94.235.50,443,3.0,0,1,1,23,1,expected
2018-11-26 21:41:09.111050,172,52.94.235.50,443,3.0,0,1,1,23,1,expected
2018-11-26 21:41:09.131867,172,52.94.235.50,443,3.0,0,1,1,23,1,expected
2018-11-26 21:41:09.163193,172,52.94.235.50,443,3.0,0,1,1,23,1,expected
2018-11-26 21:41:09.173930,172,52.94.235.50,443,3.0,0,1,1,23,1,expected
2018-11-26 21:41:09.194917,172,52.94.235.50,443,3.0,0,1,1,23,1,expected
2018-11-26 21:41:09.209300,172,52.94.235.50,443,3.0,0,1,1,23,1,expected
2018-11-26 21:41:09.243602,172,52.94.235.50,443,3.0,0,1,1,23,1,expected
2018-11-26 21:41:09.257012,172,52.94.235.50,443,3.0,0,1,1,23,1,expected
2018-11-26 21:41:09.271376,172,52.94.235.50,443,3.0,0,1,1,23,1,expected
2018-11-26 21:41:09.285250,172,52.94.235.50,443,3.0,0,1,1,23,1,expected
2018-11-26 21:41:09.320466,172,52.94.235.50,443,3.0,0,1,1,23,1,expected
2018-11-26 21:41:09.334577,172,52.94.235.50,443,3.0,0,1,1,23,1,expected
2018-11-26 21:41:09.355077,172,52.94.235.50,443,3.0,0,1,1,23,1,expected
2018-11-26 21:41:09.369028,172,52.94.235.50,443,3.0,0,1,1,23,1,expected
2018-11-26 21:41:09.397689,172,52.94.235.50,443,3.0,0,1,1,23,1,expected
2018-11-26 21:41:09.418777,172,52.94.235.50,443,3.0,0,1,1,23,1,expected
2018-11-26 21:41:09.439437,172,52.94.235.50,443,3.0,0,1,1,23,1,expected
2018-11-26 21:41:09.446241,172,52.94.235.50,443,3.0,0,1,1,23,1,expected
2018-11-26 21:41:09.481210,172,52.94.235.50,443,3.0,0,1,1,23,1,expected
2018-11-26 21:41:09.495013,172,52.94.235.50,443,3.0,0,1,1,23,1,expected
2018-11-26 21:41:09.509389,172,52.94.235.50,443,3.0,0,1,1,23,1,expected
2018-11-26 21:41:09.530156,172,52.94.235.50,443,3.0,0,1,1,23,1,expected
2018-11-26 21:41:09.558212,172,52.94.235.50,443,3.0,0,1,1,23,1,expected
2018-11-26 21:41:09.578957,172,52.94.235.50,443,3.0,0,1,1,23,1,expected
2018-11-26 21:41:09.593022,172,52.94.235.50,443,3.0,0,1,1,23,1,expected
2018-11-26 21:41:09.607152,172,52.94.235.50,443,3.0,0,1,1,23,1,expected
2018-11-26 21:41:09.642146,172,52.94.235.50,443,3.0,0,1,1,23,1,expected
2018-11-26 21:41:09.656120,172,52.94.235.50,443,3.0,0,1,1,23,1,expected
2018-11-26 21:41:09.670336,172,52.94.235.50,443,3.0,0,1,1,23,1,expected
2018-11-26 21:41:09.691730,172,52.94.235.50,443,3.0,0,1,1,23,1,expected
2018-11-26 21:41:09.724725,172,52.94.235.50,443,3.0,0,1,1,23,1,expected
2018-11-26 21:41:09.733598,172,52.94.235.50,443,3.0,0,1,1,23,1,expected
2018-11-26 21:41:09.755555,172,52.94.235.50,443,3.0,0,1,1,23,1,expected
2018-11-26 21:41:09.768240,172,52.94.235.50,443,3.0,0,1,1,23,1,expected
2018-11-26 21:41:09.803375,172,52.94.235.50,443,3.0,0,1,1,23,1,expected
2018-11-26 21:41:09.816958,172,52.94.235.50,443,3.0,0,1,1,23,1,expected
2018-11-26 21:41:09.831098,172,52.94.235.50,443,3.0,0,1,1,23,1,expected
2018-11-26 21:41:09.852434,172,52.94.235.50,443,3.0,0,1,1,23,1,expected
2018-11-26 21:41:09.880507,172,52.94.235.50,443,3.0,0,1,1,23,1,expected
2018-11-26 21:41:09.894253,172,52.94.235.50,443,3.0,0,1,1,23,1,expected
2018-11-26 21:41:09.915188,172,52.94.235.50,443,3.0,0,1,1,23,1,expected
2018-11-26 21:41:09.919134,136,52.94.235.50,443,3.0,0,1,1,23,1,expected
2018-11-26 21:41:09.919758,92,52.94.235.50,443,3.0,0,1,1,23,1,expected
2018-11-26 21:41:09.936401,74,54.239.29.0,443,1.0,4551846464,0,1,,1,retransmit
2018-11-26 21:41:09.969552,54,52.94.235.50,443,1.0,2276,1,1,,1,ack
2018-11-26 21:41:09.977633,54,54.239.29.0,443,1.0,41,1,1,,1,ack
2018-11-26 21:41:09.979655,312,54.239.29.0,443,3.0,0,1,1,22,1,handshake
2018-11-26 21:41:10.023288,54,54.239.29.0,443,1.0,45,1,1,,1,ack
2018-11-26 21:41:10.025113,105,54.239.29.0,443,3.0,0,1,1,20,1,handshake
2018-11-26 21:41:10.123947,809,54.239.29.0,443,3.0,0,1,1,23,1,expected
2018-11-26 21:41:10.174072,85,54.239.29.0,443,3.0,0,1,1,21,1,handshake
2018-11-26 21:41:10.174253,54,54.239.29.0,443,1.0,150,1,1,,1,ack
2018-11-26 21:41:10.217997,54,54.239.29.0,443,1.0,43,1,1,,1,ack
2018-11-26 21:41:10.479242,640,52.94.235.50,443,3.0,0,1,1,23,1,expected
2018-11-26 21:41:10.479934,190,52.94.235.50,443,3.0,0,1,1,23,1,expected
2018-11-26 21:41:10.480869,1514,52.94.235.50,443,1.0,511,1,1,,1,not_relevant
2018-11-26 21:41:10.480925,1281,52.94.235.50,443,3.0,0,1,1,23,1,expected
2018-11-26 21:41:10.527255,174,52.94.235.50,443,3.0,0,1,1,23,1,expected
2018-11-26 21:41:10.660666,54,52.94.235.50,443,1.0,179,1,1,,1,ack
2018-11-26 21:41:10.660892,54,52.94.235.50,443,1.0,0,1,1,,1,ack
2018-11-26 21:41:10.660970,54,52.94.235.50,443,1.0,0,1,1,,1,ack
2018-11-26 21:41:10.661048,54,52.94.235.50,443,1.0,0,1,1,,1,ack
2018-11-26 21:41:10.661124,54,52.94.235.50,443,1.0,0,1,1,,1,ack
2018-11-26 21:41:10.661505,54,52.94.235.50,443,1.0,0,1,1,,1,ack
2018-11-26 21:41:10.661665,54,52.94.235.50,443,1.0,0,1,1,,1,ack
2018-11-26 21:41:10.661836,54,52.94.235.50,443,1.0,0,1,1,,1,ack
2018-11-26 21:41:10.661915,54,52.94.235.50,443,1.0,0,1,1,,1,ack
2018-11-26 21:41:10.662766,54,52.94.235.50,443,1.0,0,1,1,,1,ack
2018-11-26 21:41:10.699818,54,52.94.235.50,443,1.0,37,1,1,,1,ack
2018-11-26 21:41:10.700036,54,52.94.235.50,443,1.0,0,1,1,,1,ack
2018-11-26 21:41:10.700114,54,52.94.235.50,443,1.0,0,1,1,,1,ack
2018-11-26 21:41:10.700724,54,52.94.235.50,443,1.0,0,1,1,,1,ack
2018-11-26 21:41:10.715361,74,54.239.29.0,443,1.0,4551835407,0,1,,1,retransmit
2018-11-26 21:41:10.759006,54,54.239.29.0,443,1.0,43,1,1,,1,ack
2018-11-26 21:41:10.760589,312,54.239.29.0,443,3.0,0,1,1,22,1,handshake
2018-11-26 21:41:10.802079,54,54.239.29.0,443,1.0,43,1,1,,1,ack
2018-11-26 21:41:10.808555,105,54.239.29.0,443,3.0,0,1,1,20,1,handshake
2018-11-26 21:41:10.901587,783,54.239.29.0,443,3.0,0,1,1,23,1,expected
2018-11-26 21:41:10.947839,85,54.239.29.0,443,3.0,0,1,1,21,1,handshake
2018-11-26 21:41:10.948012,54,54.239.29.0,443,1.0,145,1,1,,1,ack
2018-11-26 21:41:10.988142,296,52.94.235.50,443,3.0,0,1,1,23,1,expected
2018-11-26 21:41:10.988686,1514,52.94.235.50,443,3.0,0,1,1,23,1,expected
2018-11-26 21:41:10.989149,1514,52.94.235.50,443,1.0,288,1,1,,1,not_relevant
2018-11-26 21:41:10.989215,1514,52.94.235.50,443,3.0,0,1,1,23,1,expected
2018-11-26 21:41:10.989234,54,54.239.29.0,443,1.0,41,1,1,,1,ack
2018-11-26 21:41:10.989380,82,52.94.235.50,443,3.0,0,1,1,23,1,expected
2018-11-26 21:41:11.036169,286,52.94.235.50,443,3.0,0,1,1,23,1,expected
2018-11-26 21:41:11.037538,190,52.94.235.50,443,3.0,0,1,1,23,1,expected
2018-11-26 21:41:11.039823,1514,52.94.235.50,443,1.0,50,1,1,,1,not_relevant
2018-11-26 21:41:11.039914,1282,52.94.235.50,443,3.0,0,1,1,23,1,expected
2018-11-26 21:41:11.078207,174,52.94.235.50,443,3.0,0,1,1,23,1,expected
2018-11-26 21:41:11.128068,54,52.94.235.50,443,1.0,88,1,1,,1,ack
2018-11-26 21:41:11.132853,54,52.94.235.50,443,1.0,4,1,1,,1,ack
2018-11-26 21:41:11.133348,54,52.94.235.50,443,1.0,0,1,1,,1,ack
2018-11-26 21:41:11.133438,74,54.239.29.0,443,1.0,4551830990,0,1,,1,retransmit
2018-11-26 21:41:11.174038,54,54.239.29.0,443,1.0,40,1,1,,1,ack
2018-11-26 21:41:11.176045,312,54.239.29.0,443,3.0,0,1,1,22,1,handshake
2018-11-26 21:41:11.195432,54,52.94.235.50,443,1.0,62,1,1,,1,ack
2018-11-26 21:41:11.195607,54,52.94.235.50,443,1.0,0,1,1,,1,ack
2018-11-26 21:41:11.222573,54,54.239.29.0,443,1.0,48,1,1,,1,ack
2018-11-26 21:41:11.222994,105,54.239.29.0,443,3.0,0,1,1,20,1,handshake
2018-11-26 21:41:11.234462,54,52.94.235.50,443,1.0,38,1,1,,1,ack
2018-11-26 21:41:11.235206,54,52.94.235.50,443,1.0,0,1,1,,1,ack
2018-11-26 21:41:11.316091,795,54.239.29.0,443,3.0,0,1,1,23,1,expected
2018-11-26 21:41:11.366011,85,54.239.29.0,443,3.0,0,1,1,21,1,handshake
2018-11-26 21:41:11.366316,54,54.239.29.0,443,1.0,143,1,1,,1,ack
2018-11-26 21:41:11.407787,54,54.239.29.0,443,1.0,41,1,1,,1,ack
2018-11-26 21:41:13.773749,288,52.94.235.50,443,3.0,0,1,1,23,1,expected
2018-11-26 21:41:13.774111,1514,52.94.235.50,443,3.0,0,1,1,23,1,expected
2018-11-26 21:41:13.774139,1514,52.94.235.50,443,1.0,2538,1,1,,1,not_relevant
2018-11-26 21:41:13.774331,1514,52.94.235.50,443,3.0,0,1,1,23,1,expected
2018-11-26 21:41:13.774353,82,52.94.235.50,443,3.0,0,1,1,23,1,expected
2018-11-26 21:41:13.835206,1514,52.94.235.50,443,3.0,0,1,1,23,1,expected
2018-11-26 21:41:13.836909,1514,52.94.235.50,443,1.0,62,1,1,,1,not_relevant
2018-11-26 21:41:13.836936,1514,52.94.235.50,443,1.0,0,1,1,,1,not_relevant
2018-11-26 21:41:13.836952,316,52.94.235.50,443,3.0,0,1,1,23,1,expected
2018-11-26 21:41:14.028048,54,52.94.235.50,443,1.0,191,1,1,,1,ack
2018-11-26 21:41:14.028507,54,52.94.235.50,443,1.0,0,1,1,,1,ack
2018-11-26 21:41:14.063875,54,52.94.235.50,443,1.0,35,1,1,,1,ack
2018-11-26 21:41:14.176612,54,52.94.235.50,443,1.0,112,1,1,,1,ack
2018-11-26 21:41:14.286984,284,52.94.235.50,443,3.0,0,1,1,23,1,expected
2018-11-26 21:41:14.325176,1514,52.94.235.50,443,3.0,0,1,1,23,1,expected
2018-11-26 21:41:14.325822,1514,52.94.235.50,443,1.0,149,1,1,,1,not_relevant
2018-11-26 21:41:14.325877,1514,52.94.235.50,443,3.0,0,1,1,23,1,expected
2018-11-26 21:41:14.325913,77,52.94.235.50,443,3.0,0,1,1,23,1,expected
2018-11-26 21:41:14.493286,54,52.94.235.50,443,1.0,167,1,1,,1,ack
2018-11-26 21:41:14.493874,54,52.94.235.50,443,1.0,0,1,1,,1,ack
2018-11-26 21:41:35.342588,287,52.94.235.50,443,3.0,0,1,1,23,1,expected
2018-11-26 21:41:35.342893,190,52.94.235.50,443,3.0,0,1,1,23,1,expected
2018-11-26 21:41:35.343590,1514,52.94.235.50,443,1.0,20849,1,1,,1,not_relevant
2018-11-26 21:41:35.343630,1514,52.94.235.50,443,1.0,0,1,1,,1,not_relevant
2018-11-26 21:41:35.387463,390,52.94.235.50,443,3.0,0,1,1,23,1,expected
2018-11-26 21:41:35.438015,54,52.94.235.50,443,1.0,94,1,1,,1,ack
2018-11-26 21:41:35.498626,54,52.94.235.50,443,1.0,60,1,1,,1,ack
2018-11-26 21:41:35.498829,100,52.94.235.50,443,3.0,0,1,1,23,1,syn
2018-11-26 21:41:35.678024,54,52.94.235.50,443,1.0,179,1,1,,1,ack
2018-11-26 21:41:45.864716,287,52.94.235.50,443,3.0,0,1,1,23,1,expected
2018-11-26 21:41:45.864915,190,52.94.235.50,443,3.0,0,1,1,23,1,expected
2018-11-26 21:41:45.865370,1514,52.94.235.50,443,1.0,10187,1,1,,1,not_relevant
2018-11-26 21:41:45.865429,1514,52.94.235.50,443,1.0,0,1,1,,1,not_relevant
2018-11-26 21:41:45.904947,74,54.239.29.0,443,1.0,4551799048,0,1,,1,retransmit
2018-11-26 21:41:45.909744,1514,52.94.235.50,443,3.0,0,1,1,23,1,expected
2018-11-26 21:41:45.910782,1514,52.94.235.50,443,3.0,0,1,1,23,1,expected
2018-11-26 21:41:45.912923,1514,52.94.235.50,443,1.0,47,1,1,,1,not_relevant
2018-11-26 21:41:45.912990,1514,52.94.235.50,443,1.0,0,1,1,,1,not_relevant
2018-11-26 21:41:45.913057,932,52.94.235.50,443,3.0,0,1,1,23,1,expected
2018-11-26 21:41:45.945914,54,54.239.29.0,443,1.0,40,1,1,,1,ack
2018-11-26 21:41:45.947357,312,54.239.29.0,443,3.0,0,1,1,22,1,handshake
2018-11-26 21:41:45.975760,1514,52.94.235.50,443,1.0,62,1,1,,1,not_relevant
2018-11-26 21:41:45.975807,1514,52.94.235.50,443,1.0,0,1,1,,1,not_relevant
2018-11-26 21:41:45.975868,1472,52.94.235.50,443,3.0,0,1,1,23,1,expected
2018-11-26 21:41:45.990030,54,54.239.29.0,443,1.0,44,1,1,,1,ack
2018-11-26 21:41:45.990480,54,54.239.29.0,443,1.0,0,1,1,,1,ack
2018-11-26 21:41:45.991330,54,54.239.29.0,443,1.0,0,1,1,,1,ack
2018-11-26 21:41:45.993954,54,54.239.29.0,443,1.0,2,1,1,,1,ack
2018-11-26 21:41:45.994597,172,52.94.235.50,443,3.0,0,1,1,23,1,expected
2018-11-26 21:41:46.013943,66,54.239.29.0,443,1.0,19,1,1,,1,ack
2018-11-26 21:41:46.016197,172,52.94.235.50,443,3.0,0,1,1,23,1,expected
2018-11-26 21:41:46.031641,180,54.239.29.0,443,3.0,0,1,1,22,1,handshake
2018-11-26 21:41:46.043727,172,52.94.235.50,443,3.0,0,1,1,23,1,expected
2018-11-26 21:41:46.057797,172,52.94.235.50,443,3.0,0,1,1,23,1,expected
2018-11-26 21:41:46.074489,172,52.94.235.50,443,3.0,0,1,1,23,1,expected
2018-11-26 21:41:46.076571,54,54.239.29.0,443,1.0,62,1,1,,1,ack
2018-11-26 21:41:46.078893,764,54.239.29.0,443,3.0,0,1,1,23,1,expected
2018-11-26 21:41:46.086543,172,52.94.235.50,443,3.0,0,1,1,23,1,expected
2018-11-26 21:41:46.124859,172,52.94.235.50,443,3.0,0,1,1,23,1,expected
2018-11-26 21:41:46.128562,85,54.239.29.0,443,3.0,0,1,1,21,1,handshake
2018-11-26 21:41:46.128757,54,54.239.29.0,443,1.0,52,1,1,,1,ack
2018-11-26 21:41:46.134350,172,52.94.235.50,443,3.0,0,1,1,23,1,expected
2018-11-26 21:41:46.154944,172,52.94.235.50,443,3.0,0,1,1,23,1,expected
2018-11-26 21:41:46.168631,172,52.94.235.50,443,3.0,0,1,1,23,1,expected
2018-11-26 21:41:46.171789,54,54.239.29.0,443,1.0,43,1,1,,1,ack
2018-11-26 21:41:46.202937,172,52.94.235.50,443,3.0,0,1,1,23,1,expected
2018-11-26 21:41:46.216980,172,52.94.235.50,443,3.0,0,1,1,23,1,expected
2018-11-26 21:41:46.231432,172,52.94.235.50,443,3.0,0,1,1,23,1,expected
2018-11-26 21:41:46.245287,172,52.94.235.50,443,3.0,0,1,1,23,1,expected
2018-11-26 21:41:46.283678,172,52.94.235.50,443,3.0,0,1,1,23,1,expected
2018-11-26 21:41:46.294493,172,52.94.235.50,443,3.0,0,1,1,23,1,expected
2018-11-26 21:41:46.315007,172,52.94.235.50,443,3.0,0,1,1,23,1,expected
2018-11-26 21:41:46.329159,172,52.94.235.50,443,3.0,0,1,1,23,1,expected
2018-11-26 21:41:46.357407,172,52.94.235.50,443,3.0,0,1,1,23,1,expected
2018-11-26 21:41:46.368940,288,52.94.235.50,443,3.0,0,1,1,23,1,expected
2018-11-26 21:41:46.370041,190,52.94.235.50,443,3.0,0,1,1,23,1,expected
2018-11-26 21:41:46.398814,1514,52.94.235.50,443,1.0,423,1,1,,1,not_relevant
2018-11-26 21:41:46.400493,1514,52.94.235.50,443,3.0,0,1,1,23,1,expected
2018-11-26 21:41:46.408372,299,52.94.235.50,443,3.0,0,1,1,23,1,expected
2018-11-26 21:41:46.444681,172,52.94.235.50,443,3.0,0,1,1,23,1,expected
2018-11-26 21:41:46.455185,172,52.94.235.50,443,3.0,0,1,1,23,1,expected
2018-11-26 21:41:46.469541,172,52.94.235.50,443,3.0,0,1,1,23,1,expected
2018-11-26 21:41:46.490795,172,52.94.235.50,443,3.0,0,1,1,23,1,expected
2018-11-26 21:41:46.518705,172,52.94.235.50,443,3.0,0,1,1,23,1,expected
2018-11-26 21:41:46.538741,172,52.94.235.50,443,3.0,0,1,1,23,1,expected
2018-11-26 21:41:46.552826,172,52.94.235.50,443,3.0,0,1,1,23,1,expected
2018-11-26 21:41:46.566714,172,52.94.235.50,443,3.0,0,1,1,23,1,expected
2018-11-26 21:41:46.574401,54,52.94.235.50,443,1.0,175,1,1,,1,ack
2018-11-26 21:41:46.602243,172,52.94.235.50,443,3.0,0,1,1,23,1,expected
2018-11-26 21:41:46.616171,172,52.94.235.50,443,3.0,0,1,1,23,1,expected
2018-11-26 21:41:46.630320,172,52.94.235.50,443,3.0,0,1,1,23,1,expected
2018-11-26 21:41:46.651716,172,52.94.235.50,443,3.0,0,1,1,23,1,expected
2018-11-26 21:41:46.679433,172,52.94.235.50,443,3.0,0,1,1,23,1,expected
2018-11-26 21:41:46.693538,172,52.94.235.50,443,3.0,0,1,1,23,1,expected
2018-11-26 21:41:46.714905,172,52.94.235.50,443,3.0,0,1,1,23,1,expected
2018-11-26 21:41:46.727815,172,52.94.235.50,443,3.0,0,1,1,23,1,expected
2018-11-26 21:41:46.763684,172,52.94.235.50,443,3.0,0,1,1,23,1,expected
2018-11-26 21:41:46.776990,172,52.94.235.50,443,3.0,0,1,1,23,1,expected
2018-11-26 21:41:46.791001,172,52.94.235.50,443,3.0,0,1,1,23,1,expected
2018-11-26 21:41:46.830246,172,52.94.235.50,443,3.0,0,1,1,23,1,expected
2018-11-26 21:41:46.839894,172,52.94.235.50,443,3.0,0,1,1,23,1,expected
2018-11-26 21:41:46.854118,172,52.94.235.50,443,3.0,0,1,1,23,1,expected
2018-11-26 21:41:46.875391,172,52.94.235.50,443,3.0,0,1,1,23,1,expected
2018-11-26 21:41:46.889035,172,52.94.235.50,443,3.0,0,1,1,23,1,expected
2018-11-26 21:41:46.917416,172,52.94.235.50,443,3.0,0,1,1,23,1,expected
2018-11-26 21:41:46.938062,172,52.94.235.50,443,3.0,0,1,1,23,1,expected
2018-11-26 21:41:46.952442,172,52.94.235.50,443,3.0,0,1,1,23,1,expected
2018-11-26 21:41:46.966284,172,52.94.235.50,443,3.0,0,1,1,23,1,expected
2018-11-26 21:41:47.001459,172,52.94.235.50,443,3.0,0,1,1,23,1,expected
2018-11-26 21:41:47.015182,172,52.94.235.50,443,3.0,0,1,1,23,1,expected
2018-11-26 21:41:47.029252,172,52.94.235.50,443,3.0,0,1,1,23,1,expected
2018-11-26 21:41:47.050193,172,52.94.235.50,443,3.0,0,1,1,23,1,expected
2018-11-26 21:41:47.077974,172,52.94.235.50,443,3.0,0,1,1,23,1,expected
2018-11-26 21:41:47.099751,172,52.94.235.50,443,3.0,0,1,1,23,1,expected
2018-11-26 21:41:47.113012,172,52.94.235.50,443,3.0,0,1,1,23,1,expected
2018-11-26 21:41:47.127277,172,52.94.235.50,443,3.0,0,1,1,23,1,expected
2018-11-26 21:41:47.161894,172,52.94.235.50,443,3.0,0,1,1,23,1,expected
2018-11-26 21:41:47.175677,172,52.94.235.50,443,3.0,0,1,1,23,1,expected
2018-11-26 21:41:47.196347,172,52.94.235.50,443,3.0,0,1,1,23,1,expected
2018-11-26 21:41:47.209994,172,52.94.235.50,443,3.0,0,1,1,23,1,expected
2018-11-26 21:41:47.238428,172,52.94.235.50,443,3.0,0,1,1,23,1,expected
2018-11-26 21:41:47.259116,172,52.94.235.50,443,3.0,0,1,1,23,1,expected
2018-11-26 21:41:47.273267,172,52.94.235.50,443,3.0,0,1,1,23,1,expected
2018-11-26 21:41:47.287197,172,52.94.235.50,443,3.0,0,1,1,23,1,expected
2018-11-26 21:41:47.322010,172,52.94.235.50,443,3.0,0,1,1,23,1,expected
2018-11-26 21:41:47.336625,172,52.94.235.50,443,3.0,0,1,1,23,1,expected
2018-11-26 21:41:47.350145,172,52.94.235.50,443,3.0,0,1,1,23,1,expected
2018-11-26 21:41:47.371550,172,52.94.235.50,443,3.0,0,1,1,23,1,expected
2018-11-26 21:41:47.398889,172,52.94.235.50,443,3.0,0,1,1,23,1,expected
2018-11-26 21:41:47.413028,172,52.94.235.50,443,3.0,0,1,1,23,1,expected
2018-11-26 21:41:47.434483,172,52.94.235.50,443,3.0,0,1,1,23,1,expected
2018-11-26 21:41:47.448260,172,52.94.235.50,443,3.0,0,1,1,23,1,expected
2018-11-26 21:41:47.483397,172,52.94.235.50,443,3.0,0,1,1,23,1,expected
2018-11-26 21:41:47.497000,172,52.94.235.50,443,3.0,0,1,1,23,1,expected
2018-11-26 21:41:47.531399,172,52.94.235.50,443,3.0,0,1,1,23,1,expected
2018-11-26 21:41:47.531914,172,52.94.235.50,443,3.0,0,1,1,23,1,expected
2018-11-26 21:41:47.560274,172,52.94.235.50,443,3.0,0,1,1,23,1,expected
2018-11-26 21:41:47.573981,172,52.94.235.50,443,3.0,0,1,1,23,1,expected
2018-11-26 21:41:47.595360,172,52.94.235.50,443,3.0,0,1,1,23,1,expected
2018-11-26 21:41:47.609417,172,52.94.235.50,443,3.0,0,1,1,23,1,expected
2018-11-26 21:41:47.645545,172,52.94.235.50,443,3.0,0,1,1,23,1,expected
2018-11-26 21:41:47.660817,172,52.94.235.50,443,3.0,0,1,1,23,1,expected
2018-11-26 21:41:47.675352,172,52.94.235.50,443,3.0,0,1,1,23,1,expected
2018-11-26 21:41:47.686298,172,52.94.235.50,443,3.0,0,1,1,23,1,expected
2018-11-26 21:41:47.721121,172,52.94.235.50,443,3.0,0,1,1,23,1,expected
2018-11-26 21:41:47.735190,172,52.94.235.50,443,3.0,0,1,1,23,1,expected
2018-11-26 21:41:47.748880,172,52.94.235.50,443,3.0,0,1,1,23,1,expected
2018-11-26 21:41:47.770045,172,52.94.235.50,443,3.0,0,1,1,23,1,expected
2018-11-26 21:41:47.797951,172,52.94.235.50,443,3.0,0,1,1,23,1,expected
2018-11-26 21:41:47.819173,172,52.94.235.50,443,3.0,0,1,1,23,1,expected
2018-11-26 21:41:47.832901,172,52.94.235.50,443,3.0,0,1,1,23,1,expected
2018-11-26 21:41:47.848240,172,52.94.235.50,443,3.0,0,1,1,23,1,expected
2018-11-26 21:41:47.881883,172,52.94.235.50,443,3.0,0,1,1,23,1,expected
2018-11-26 21:41:47.895737,172,52.94.235.50,443,3.0,0,1,1,23,1,expected
2018-11-26 21:41:47.913738,172,52.94.235.50,443,3.0,0,1,1,23,1,expected
2018-11-26 21:41:47.930894,172,52.94.235.50,443,3.0,0,1,1,23,1,expected
2018-11-26 21:41:47.958365,172,52.94.235.50,443,3.0,0,1,1,23,1,expected
2018-11-26 21:41:47.979323,172,52.94.235.50,443,3.0,0,1,1,23,1,expected
2018-11-26 21:41:47.993049,172,52.94.235.50,443,3.0,0,1,1,23,1,expected
2018-11-26 21:41:48.007186,172,52.94.235.50,443,3.0,0,1,1,23,1,expected
2018-11-26 21:41:48.042922,172,52.94.235.50,443,3.0,0,1,1,23,1,expected
2018-11-26 21:41:48.055146,172,52.94.235.50,443,3.0,0,1,1,23,1,expected
2018-11-26 21:41:48.069234,172,52.94.235.50,443,3.0,0,1,1,23,1,expected
2018-11-26 21:41:48.090625,172,52.94.235.50,443,3.0,0,1,1,23,1,expected
2018-11-26 21:41:48.117901,172,52.94.235.50,443,3.0,0,1,1,23,1,expected
2018-11-26 21:41:48.139376,172,52.94.235.50,443,3.0,0,1,1,23,1,expected
2018-11-26 21:41:48.153417,172,52.94.235.50,443,3.0,0,1,1,23,1,expected
2018-11-26 21:41:48.167119,172,52.94.235.50,443,3.0,0,1,1,23,1,expected
2018-11-26 21:41:48.224949,172,52.94.235.50,443,3.0,0,1,1,23,1,expected
2018-11-26 21:41:48.225307,172,52.94.235.50,443,3.0,0,1,1,23,1,expected
2018-11-26 21:41:48.229161,172,52.94.235.50,443,3.0,0,1,1,23,1,expected
2018-11-26 21:41:48.250477,172,52.94.235.50,443,3.0,0,1,1,23,1,expected
2018-11-26 21:41:48.277719,172,52.94.235.50,443,3.0,0,1,1,23,1,expected
2018-11-26 21:41:48.298626,172,52.94.235.50,443,3.0,0,1,1,23,1,expected
2018-11-26 21:41:48.312848,172,52.94.235.50,443,3.0,0,1,1,23,1,expected
2018-11-26 21:41:48.327400,172,52.94.235.50,443,3.0,0,1,1,23,1,expected
2018-11-26 21:41:48.362404,172,52.94.235.50,443,3.0,0,1,1,23,1,expected
2018-11-26 21:41:48.376490,172,52.94.235.50,443,3.0,0,1,1,23,1,expected
2018-11-26 21:41:48.397395,172,52.94.235.50,443,3.0,0,1,1,23,1,expected
2018-11-26 21:41:48.410148,172,52.94.235.50,443,3.0,0,1,1,23,1,expected
2018-11-26 21:41:48.438010,172,52.94.235.50,443,3.0,0,1,1,23,1,expected
2018-11-26 21:41:48.459258,172,52.94.235.50,443,3.0,0,1,1,23,1,expected
2018-11-26 21:41:48.473183,172,52.94.235.50,443,3.0,0,1,1,23,1,expected
2018-11-26 21:41:48.487444,172,52.94.235.50,443,3.0,0,1,1,23,1,expected
2018-11-26 21:41:48.522149,172,52.94.235.50,443,3.0,0,1,1,23,1,expected
2018-11-26 21:41:48.536573,172,52.94.235.50,443,3.0,0,1,1,23,1,expected
2018-11-26 21:41:48.544024,136,52.94.235.50,443,3.0,0,1,1,23,1,expected
2018-11-26 21:41:48.549496,92,52.94.235.50,443,3.0,0,1,1,23,1,expected
2018-11-26 21:41:48.560502,74,54.239.29.0,443,1.0,4551745686,0,1,,1,retransmit
2018-11-26 21:41:48.589478,54,52.94.235.50,443,1.0,2015,1,1,,1,ack
2018-11-26 21:41:48.600255,54,54.239.29.0,443,1.0,39,1,1,,1,ack
2018-11-26 21:41:48.601498,312,54.239.29.0,443,3.0,0,1,1,22,1,handshake
2018-11-26 21:41:48.643887,54,54.239.29.0,443,1.0,43,1,1,,1,ack
2018-11-26 21:41:48.646382,105,54.239.29.0,443,3.0,0,1,1,20,1,handshake
2018-11-26 21:41:48.738049,809,54.239.29.0,443,3.0,0,1,1,23,1,expected
2018-11-26 21:41:48.784399,85,54.239.29.0,443,3.0,0,1,1,21,1,handshake
2018-11-26 21:41:48.784630,54,54.239.29.0,443,1.0,140,1,1,,1,ack
2018-11-26 21:41:48.826180,54,54.239.29.0,443,1.0,41,1,1,,1,ack
2018-11-26 21:41:49.083018,287,52.94.235.50,443,3.0,0,1,1,23,1,expected
2018-11-26 21:41:49.083727,1514,52.94.235.50,443,3.0,0,1,1,23,1,expected
2018-11-26 21:41:49.083800,1514,52.94.235.50,443,1.0,494,1,1,,1,not_relevant
2018-11-26 21:41:49.083821,1499,52.94.235.50,443,3.0,0,1,1,23,1,expected
2018-11-26 21:41:49.084409,92,52.94.235.50,443,3.0,0,1,1,23,1,expected
2018-11-26 21:41:49.131704,54,52.94.235.50,443,1.0,47,1,1,,1,ack
2018-11-26 21:41:49.239686,54,52.94.235.50,443,1.0,107,1,1,,1,ack
2018-11-26 21:41:49.239908,54,52.94.235.50,443,1.0,0,1,1,,1,ack
2018-11-26 21:41:49.350354,54,52.94.235.50,443,1.0,110,1,1,,1,ack
2018-11-26 21:41:49.351608,54,52.94.235.50,443,1.0,1,1,1,,1,ack
2018-11-26 21:41:49.351761,54,52.94.235.50,443,1.0,0,1,1,,1,ack
2018-11-26 21:41:49.354532,54,52.94.235.50,443,1.0,2,1,1,,1,ack
2018-11-26 21:41:49.354672,54,52.94.235.50,443,1.0,0,1,1,,1,ack
2018-11-26 21:41:49.354816,54,52.94.235.50,443,1.0,0,1,1,,1,ack
2018-11-26 21:41:49.354956,54,52.94.235.50,443,1.0,0,1,1,,1,ack
2018-11-26 21:41:49.355138,54,52.94.235.50,443,1.0,0,1,1,,1,ack
2018-11-26 21:41:49.355339,54,52.94.235.50,443,1.0,0,1,1,,1,ack
2018-11-26 21:41:49.355607,54,52.94.235.50,443,1.0,0,1,1,,1,ack
2018-11-26 21:41:49.394768,54,52.94.235.50,443,1.0,39,1,1,,1,ack
2018-11-26 21:41:49.402988,54,52.94.235.50,443,1.0,8,1,1,,1,ack
2018-11-26 21:41:49.403301,54,52.94.235.50,443,1.0,0,1,1,,1,ack
2018-11-26 21:41:49.407313,54,52.94.235.50,443,1.0,4,1,1,,1,ack
2018-11-26 21:41:49.407475,96,52.94.235.50,443,3.0,0,1,1,23,1,expected
2018-11-26 21:41:49.409348,74,54.239.29.0,443,1.0,4551802474,0,1,,1,retransmit
2018-11-26 21:41:49.453363,54,54.239.29.0,443,1.0,44,1,1,,1,ack
2018-11-26 21:41:49.454771,312,54.239.29.0,443,3.0,0,1,1,22,1,handshake
2018-11-26 21:41:49.501677,54,54.239.29.0,443,1.0,48,1,1,,1,ack
2018-11-26 21:41:49.503760,105,54.239.29.0,443,3.0,0,1,1,20,1,handshake
2018-11-26 21:41:49.548044,286,52.94.235.50,443,3.0,0,1,1,23,1,expected
2018-11-26 21:41:49.549294,1514,52.94.235.50,443,3.0,0,1,1,23,1,expected
2018-11-26 21:41:49.549395,1514,52.94.235.50,443,1.0,142,1,1,,1,not_relevant
2018-11-26 21:41:49.549525,1422,52.94.235.50,443,3.0,0,1,1,23,1,expected
2018-11-26 21:41:49.549707,136,52.94.235.50,443,3.0,0,1,1,23,1,expected
2018-11-26 21:41:49.591406,92,52.94.235.50,443,3.0,0,1,1,23,1,expected
2018-11-26 21:41:49.591934,782,54.239.29.0,443,3.0,0,1,1,23,1,expected
2018-11-26 21:41:49.644929,85,54.239.29.0,443,3.0,0,1,1,21,1,handshake
2018-11-26 21:41:49.645151,54,54.239.29.0,443,1.0,143,1,1,,1,ack
2018-11-26 21:41:49.683860,287,52.94.235.50,443,3.0,0,1,1,23,1,expected
2018-11-26 21:41:49.683970,190,52.94.235.50,443,3.0,0,1,1,23,1,expected
2018-11-26 21:41:49.684380,1514,52.94.235.50,443,1.0,134,1,1,,1,not_relevant
2018-11-26 21:41:49.684407,1282,52.94.235.50,443,3.0,0,1,1,23,1,expected
2018-11-26 21:41:49.688368,54,54.239.29.0,443,1.0,43,1,1,,1,ack
2018-11-26 21:41:49.696997,54,52.94.235.50,443,1.0,12,1,1,,1,ack
2018-11-26 21:41:49.726687,174,52.94.235.50,443,3.0,0,1,1,23,1,expected
2018-11-26 21:41:49.836869,74,54.239.29.0,443,1.0,4551843844,0,1,,1,retransmit
2018-11-26 21:41:49.862184,54,52.94.235.50,443,1.0,165,1,1,,1,ack
2018-11-26 21:41:49.877411,54,54.239.29.0,443,1.0,40,1,1,,1,ack
2018-11-26 21:41:49.879014,312,54.239.29.0,443,3.0,0,1,1,22,1,handshake
2018-11-26 21:41:49.886968,54,52.94.235.50,443,1.0,24,1,1,,1,ack
2018-11-26 21:41:49.923710,54,54.239.29.0,443,1.0,46,1,1,,1,ack
2018-11-26 21:41:49.923902,54,54.239.29.0,443,1.0,0,1,1,,1,ack
2018-11-26 21:41:49.924003,105,54.239.29.0,443,3.0,0,1,1,20,1,handshake
2018-11-26 21:41:50.004523,797,54.239.29.0,443,3.0,0,1,1,23,1,expected
2018-11-26 21:41:50.050283,85,54.239.29.0,443,3.0,0,1,1,21,1,handshake
2018-11-26 21:41:50.050452,54,54.239.29.0,443,1.0,126,1,1,,1,ack
2018-11-26 21:41:50.093962,54,54.239.29.0,443,1.0,43,1,1,,1,ack
2018-11-26 21:41:52.368674,641,52.94.235.50,443,3.0,0,1,1,23,1,expected
2018-11-26 21:41:52.369125,190,52.94.235.50,443,3.0,0,1,1,23,1,expected
2018-11-26 21:41:52.369210,1514,52.94.235.50,443,1.0,2482,1,1,,1,not_relevant
2018-11-26 21:41:52.369374,1286,52.94.235.50,443,3.0,0,1,1,23,1,expected
2018-11-26 21:41:52.430421,1514,52.94.235.50,443,3.0,0,1,1,23,1,expected
2018-11-26 21:41:52.432031,1514,52.94.235.50,443,1.0,62,1,1,,1,not_relevant
2018-11-26 21:41:52.433559,1514,52.94.235.50,443,1.0,1,1,1,,1,not_relevant
2018-11-26 21:41:52.433580,443,52.94.235.50,443,3.0,0,1,1,23,1,expected
2018-11-26 21:41:52.653947,54,52.94.235.50,443,1.0,220,1,1,,1,ack
2018-11-26 21:41:52.874984,287,52.94.235.50,443,3.0,0,1,1,23,1,expected
2018-11-26 21:41:52.896923,190,52.94.235.50,443,3.0,0,1,1,23,1,expected
2018-11-26 21:41:52.946697,1514,52.94.235.50,443,1.0,292,1,1,,1,not_relevant
2018-11-26 21:41:52.947456,1281,52.94.235.50,443,3.0,0,1,1,23,1,expected
2018-11-26 21:41:52.951334,174,52.94.235.50,443,3.0,0,1,1,23,1,expected
2018-11-26 21:41:53.131312,54,52.94.235.50,443,1.0,184,1,1,,1,ack
2018-11-26 21:41:56.069307,295,52.119.196.87,443,3.0,0,1,1,23,1,expected
2018-11-26 21:41:56.114513,54,52.119.196.87,443,1.0,4551872090,1,1,,1,ack
2018-11-26 21:42:05.499982,100,52.94.235.50,443,3.0,0,1,1,23,1,syn
2018-11-26 21:42:18.397325,286,52.94.235.50,443,3.0,0,1,1,23,1,expected
2018-11-26 21:42:18.397566,190,52.94.235.50,443,3.0,0,1,1,23,1,expected
2018-11-26 21:42:18.398619,1514,52.94.235.50,443,1.0,25267,1,1,,1,not_relevant
2018-11-26 21:42:18.399987,1514,52.94.235.50,443,1.0,1,1,1,,1,not_relevant
2018-11-26 21:42:18.439142,1514,52.94.235.50,443,3.0,0,1,1,23,1,expected
2018-11-26 21:42:18.440215,74,54.239.29.0,443,1.0,4551894127,0,1,,1,retransmit
2018-11-26 21:42:18.450069,1514,52.94.235.50,443,3.0,0,1,1,23,1,expected
2018-11-26 21:42:18.451901,1514,52.94.235.50,443,1.0,51,1,1,,1,not_relevant
2018-11-26 21:42:18.451965,1514,52.94.235.50,443,1.0,0,1,1,,1,not_relevant
2018-11-26 21:42:18.451982,899,52.94.235.50,443,3.0,0,1,1,23,1,expected
2018-11-26 21:42:18.489329,54,54.239.29.0,443,1.0,49,1,1,,1,ack
2018-11-26 21:42:18.494536,312,54.239.29.0,443,3.0,0,1,1,22,1,handshake
2018-11-26 21:42:18.505020,1514,52.94.235.50,443,1.0,53,1,1,,1,not_relevant
2018-11-26 21:42:18.505115,1514,52.94.235.50,443,1.0,0,1,1,,1,not_relevant
2018-11-26 21:42:18.505181,1514,52.94.235.50,443,1.0,0,1,1,,1,not_relevant
2018-11-26 21:42:18.505242,172,52.94.235.50,443,3.0,0,1,1,23,1,expected
2018-11-26 21:42:18.536849,54,54.239.29.0,443,1.0,47,1,1,,1,ack
2018-11-26 21:42:18.537328,105,54.239.29.0,443,3.0,0,1,1,20,1,handshake
2018-11-26 21:42:18.549314,172,52.94.235.50,443,3.0,0,1,1,23,1,expected
2018-11-26 21:42:18.552637,172,52.94.235.50,443,3.0,0,1,1,23,1,expected
2018-11-26 21:42:18.568430,172,52.94.235.50,443,3.0,0,1,1,23,1,expected
2018-11-26 21:42:18.572897,54,52.94.235.50,443,1.0,67,1,1,,1,ack
2018-11-26 21:42:18.587569,172,52.94.235.50,443,3.0,0,1,1,23,1,expected
2018-11-26 21:42:18.601282,172,52.94.235.50,443,3.0,0,1,1,23,1,expected
2018-11-26 21:42:18.626138,766,54.239.29.0,443,3.0,0,1,1,23,1,expected
2018-11-26 21:42:18.629313,172,52.94.235.50,443,3.0,0,1,1,23,1,expected
2018-11-26 21:42:18.650888,172,52.94.235.50,443,3.0,0,1,1,23,1,expected
2018-11-26 21:42:18.663748,172,52.94.235.50,443,3.0,0,1,1,23,1,expected
2018-11-26 21:42:18.673220,85,54.239.29.0,443,3.0,0,1,1,21,1,handshake
2018-11-26 21:42:18.673408,54,54.239.29.0,443,1.0,136,1,1,,1,ack
2018-11-26 21:42:18.678055,172,52.94.235.50,443,3.0,0,1,1,23,1,expected
2018-11-26 21:42:18.711828,54,54.239.29.0,443,1.0,38,1,1,,1,ack
2018-11-26 21:42:18.712734,172,52.94.235.50,443,3.0,0,1,1,23,1,expected
2018-11-26 21:42:18.727202,172,52.94.235.50,443,3.0,0,1,1,23,1,expected
2018-11-26 21:42:18.741266,172,52.94.235.50,443,3.0,0,1,1,23,1,expected
2018-11-26 21:42:18.762194,172,52.94.235.50,443,3.0,0,1,1,23,1,expected
2018-11-26 21:42:18.790133,172,52.94.235.50,443,3.0,0,1,1,23,1,expected
2018-11-26 21:42:18.811481,172,52.94.235.50,443,3.0,0,1,1,23,1,expected
2018-11-26 21:42:18.824865,172,52.94.235.50,443,3.0,0,1,1,23,1,expected
2018-11-26 21:42:18.838756,172,52.94.235.50,443,3.0,0,1,1,23,1,expected
2018-11-26 21:42:18.875342,172,52.94.235.50,443,3.0,0,1,1,23,1,expected
2018-11-26 21:42:18.890072,172,52.94.235.50,443,3.0,0,1,1,23,1,expected
2018-11-26 21:42:18.901985,172,52.94.235.50,443,3.0,0,1,1,23,1,expected
2018-11-26 21:42:18.923359,172,52.94.235.50,443,3.0,0,1,1,23,1,expected
2018-11-26 21:42:18.931511,290,52.94.235.50,443,3.0,0,1,1,23,1,expected
2018-11-26 21:42:18.932268,190,52.94.235.50,443,3.0,0,1,1,23,1,expected
2018-11-26 21:42:18.946282,1514,52.94.235.50,443,1.0,373,1,1,,1,not_relevant
2018-11-26 21:42:18.970192,1514,52.94.235.50,443,3.0,0,1,1,23,1,expected
2018-11-26 21:42:18.971533,181,52.94.235.50,443,3.0,0,1,1,23,1,expected
2018-11-26 21:42:18.987538,172,52.94.235.50,443,3.0,0,1,1,23,1,expected
2018-11-26 21:42:19.030476,172,52.94.235.50,443,3.0,0,1,1,23,1,expected
2018-11-26 21:42:19.034949,172,52.94.235.50,443,3.0,0,1,1,23,1,expected
2018-11-26 21:42:19.049283,172,52.94.235.50,443,3.0,0,1,1,23,1,expected
2018-11-26 21:42:19.063278,172,52.94.235.50,443,3.0,0,1,1,23,1,expected
2018-11-26 21:42:19.076955,172,52.94.235.50,443,3.0,0,1,1,23,1,expected
2018-11-26 21:42:19.112449,172,52.94.235.50,443,3.0,0,1,1,23,1,expected
2018-11-26 21:42:19.126225,172,52.94.235.50,443,3.0,0,1,1,23,1,expected
2018-11-26 21:42:19.148744,172,52.94.235.50,443,3.0,0,1,1,23,1,expected
2018-11-26 21:42:19.161516,172,52.94.235.50,443,3.0,0,1,1,23,1,expected
2018-11-26 21:42:19.171469,54,52.94.235.50,443,1.0,225,1,1,,1,ack
2018-11-26 21:42:19.195738,172,52.94.235.50,443,3.0,0,1,1,23,1,expected
2018-11-26 21:42:19.209862,172,52.94.235.50,443,3.0,0,1,1,23,1,expected
2018-11-26 21:42:19.224551,172,52.94.235.50,443,3.0,0,1,1,23,1,expected
2018-11-26 21:42:19.237945,172,52.94.235.50,443,3.0,0,1,1,23,1,expected
2018-11-26 21:42:19.272953,172,52.94.235.50,443,3.0,0,1,1,23,1,expected
2018-11-26 21:42:19.287204,172,52.94.235.50,443,3.0,0,1,1,23,1,expected
2018-11-26 21:42:19.301353,172,52.94.235.50,443,3.0,0,1,1,23,1,expected
2018-11-26 21:42:19.324313,172,52.94.235.50,443,3.0,0,1,1,23,1,expected
2018-11-26 21:42:19.352799,172,52.94.235.50,443,3.0,0,1,1,23,1,expected
2018-11-26 21:42:19.371443,172,52.94.235.50,443,3.0,0,1,1,23,1,expected
2018-11-26 21:42:19.385234,172,52.94.235.50,443,3.0,0,1,1,23,1,expected
2018-11-26 21:42:19.399355,172,52.94.235.50,443,3.0,0,1,1,23,1,expected
2018-11-26 21:42:19.434389,172,52.94.235.50,443,3.0,0,1,1,23,1,expected
2018-11-26 21:42:19.448353,172,52.94.235.50,443,3.0,0,1,1,23,1,expected
2018-11-26 21:42:19.462456,172,52.94.235.50,443,3.0,0,1,1,23,1,expected
2018-11-26 21:42:19.483432,172,52.94.235.50,443,3.0,0,1,1,23,1,expected
2018-11-26 21:42:19.504622,100,52.94.235.50,443,3.0,0,1,1,23,1,syn
2018-11-26 21:42:19.511217,172,52.94.235.50,443,3.0,0,1,1,23,1,expected
2018-11-26 21:42:19.525342,172,52.94.235.50,443,3.0,0,1,1,23,1,expected
2018-11-26 21:42:19.545670,172,52.94.235.50,443,3.0,0,1,1,23,1,expected
2018-11-26 21:42:19.559849,172,52.94.235.50,443,3.0,0,1,1,23,1,expected
2018-11-26 21:42:19.597585,172,52.94.235.50,443,3.0,0,1,1,23,1,expected
2018-11-26 21:42:19.609530,172,52.94.235.50,443,3.0,0,1,1,23,1,expected
2018-11-26 21:42:19.628916,172,52.94.235.50,443,3.0,0,1,1,23,1,expected
2018-11-26 21:42:19.637850,172,52.94.235.50,443,3.0,0,1,1,23,1,expected
2018-11-26 21:42:19.671793,172,52.94.235.50,443,3.0,0,1,1,23,1,expected
2018-11-26 21:42:19.685841,172,52.94.235.50,443,3.0,0,1,1,23,1,expected
2018-11-26 21:42:19.725971,172,52.94.235.50,443,3.0,0,1,1,23,1,expected
2018-11-26 21:42:19.726109,172,52.94.235.50,443,3.0,0,1,1,23,1,expected
2018-11-26 21:42:19.748984,172,52.94.235.50,443,3.0,0,1,1,23,1,expected
2018-11-26 21:42:19.770225,172,52.94.235.50,443,3.0,0,1,1,23,1,expected
2018-11-26 21:42:19.784114,172,52.94.235.50,443,3.0,0,1,1,23,1,expected
2018-11-26 21:42:19.797808,172,52.94.235.50,443,3.0,0,1,1,23,1,expected
2018-11-26 21:42:19.833302,172,52.94.235.50,443,3.0,0,1,1,23,1,expected
2018-11-26 21:42:19.847140,172,52.94.235.50,443,3.0,0,1,1,23,1,expected
2018-11-26 21:42:19.861137,172,52.94.235.50,443,3.0,0,1,1,23,1,expected
2018-11-26 21:42:19.882239,172,52.94.235.50,443,3.0,0,1,1,23,1,expected
2018-11-26 21:42:19.909760,172,52.94.235.50,443,3.0,0,1,1,23,1,expected
2018-11-26 21:42:19.930845,172,52.94.235.50,443,3.0,0,1,1,23,1,expected
2018-11-26 21:42:19.945341,172,52.94.235.50,443,3.0,0,1,1,23,1,expected
2018-11-26 21:42:19.959345,172,52.94.235.50,443,3.0,0,1,1,23,1,expected
2018-11-26 21:42:19.997453,172,52.94.235.50,443,3.0,0,1,1,23,1,expected
2018-11-26 21:42:20.011255,172,52.94.235.50,443,3.0,0,1,1,23,1,expected
2018-11-26 21:42:20.025522,172,52.94.235.50,443,3.0,0,1,1,23,1,expected
2018-11-26 21:42:20.043245,172,52.94.235.50,443,3.0,0,1,1,23,1,expected
2018-11-26 21:42:20.071516,172,52.94.235.50,443,3.0,0,1,1,23,1,expected
2018-11-26 21:42:20.085087,172,52.94.235.50,443,3.0,0,1,1,23,1,expected
2018-11-26 21:42:20.106712,172,52.94.235.50,443,3.0,0,1,1,23,1,expected
2018-11-26 21:42:20.120287,172,52.94.235.50,443,3.0,0,1,1,23,1,expected
2018-11-26 21:42:20.154884,172,52.94.235.50,443,3.0,0,1,1,23,1,expected
2018-11-26 21:42:20.168882,172,52.94.235.50,443,3.0,0,1,1,23,1,expected
2018-11-26 21:42:20.185861,172,52.94.235.50,443,3.0,0,1,1,23,1,expected
2018-11-26 21:42:20.197179,172,52.94.235.50,443,3.0,0,1,1,23,1,expected
2018-11-26 21:42:20.232074,172,52.94.235.50,443,3.0,0,1,1,23,1,expected
2018-11-26 21:42:20.246306,172,52.94.235.50,443,3.0,0,1,1,23,1,expected
2018-11-26 21:42:20.267082,172,52.94.235.50,443,3.0,0,1,1,23,1,expected
2018-11-26 21:42:20.281071,172,52.94.235.50,443,3.0,0,1,1,23,1,expected
2018-11-26 21:42:20.315180,172,52.94.235.50,443,3.0,0,1,1,23,1,expected
2018-11-26 21:42:20.328852,172,52.94.235.50,443,3.0,0,1,1,23,1,expected
2018-11-26 21:42:20.343093,172,52.94.235.50,443,3.0,0,1,1,23,1,expected
2018-11-26 21:42:20.359487,172,52.94.235.50,443,3.0,0,1,1,23,1,expected
2018-11-26 21:42:20.391876,172,52.94.235.50,443,3.0,0,1,1,23,1,expected
2018-11-26 21:42:20.433444,172,52.94.235.50,443,3.0,0,1,1,23,1,expected
2018-11-26 21:42:20.433590,172,52.94.235.50,443,3.0,0,1,1,23,1,expected
2018-11-26 21:42:20.441788,172,52.94.235.50,443,3.0,0,1,1,23,1,expected
2018-11-26 21:42:20.469134,172,52.94.235.50,443,3.0,0,1,1,23,1,expected
2018-11-26 21:42:20.490129,172,52.94.235.50,443,3.0,0,1,1,23,1,expected
2018-11-26 21:42:20.504311,172,52.94.235.50,443,3.0,0,1,1,23,1,expected
2018-11-26 21:42:20.610138,172,52.94.235.50,443,3.0,0,1,1,23,1,expected
2018-11-26 21:42:20.610433,172,52.94.235.50,443,3.0,0,1,1,23,1,expected
2018-11-26 21:42:20.610661,408,52.94.235.50,443,3.0,0,1,1,23,1,expected
2018-11-26 21:42:20.630280,172,52.94.235.50,443,3.0,0,1,1,23,1,expected
2018-11-26 21:42:20.705462,172,52.94.235.50,443,3.0,0,1,1,23,1,expected
2018-11-26 21:42:20.746959,172,52.94.235.50,443,3.0,0,1,1,23,1,expected
2018-11-26 21:42:20.747144,408,52.94.235.50,443,3.0,0,1,1,23,1,expected
2018-11-26 21:42:20.747172,172,52.94.235.50,443,3.0,0,1,1,23,1,expected
2018-11-26 21:42:20.763196,172,52.94.235.50,443,3.0,0,1,1,23,1,expected
2018-11-26 21:42:20.794508,172,52.94.235.50,443,3.0,0,1,1,23,1,expected
2018-11-26 21:42:20.879764,408,52.94.235.50,443,3.0,0,1,1,23,1,expected
2018-11-26 21:42:20.879956,172,52.94.235.50,443,3.0,0,1,1,23,1,expected
2018-11-26 21:42:20.889679,172,52.94.235.50,443,3.0,0,1,1,23,1,expected
2018-11-26 21:42:20.903361,172,52.94.235.50,443,3.0,0,1,1,23,1,expected
2018-11-26 21:42:20.917085,172,52.94.235.50,443,3.0,0,1,1,23,1,expected
2018-11-26 21:42:20.952084,172,52.94.235.50,443,3.0,0,1,1,23,1,expected
2018-11-26 21:42:20.975163,172,52.94.235.50,443,3.0,0,1,1,23,1,expected
2018-11-26 21:42:20.993783,172,52.94.235.50,443,3.0,0,1,1,23,1,expected
2018-11-26 21:42:21.007267,172,52.94.235.50,443,3.0,0,1,1,23,1,expected
2018-11-26 21:42:21.036181,172,52.94.235.50,443,3.0,0,1,1,23,1,expected
2018-11-26 21:42:21.057693,172,52.94.235.50,443,3.0,0,1,1,23,1,expected
2018-11-26 21:42:21.064743,172,52.94.235.50,443,3.0,0,1,1,23,1,expected
2018-11-26 21:42:21.078785,172,52.94.235.50,443,3.0,0,1,1,23,1,expected
2018-11-26 21:42:21.192303,172,52.94.235.50,443,3.0,0,1,1,23,1,expected
2018-11-26 21:42:21.192611,172,52.94.235.50,443,3.0,0,1,1,23,1,expected
2018-11-26 21:42:21.192795,172,52.94.235.50,443,3.0,0,1,1,23,1,expected
2018-11-26 21:42:21.194267,290,52.94.235.50,443,3.0,0,1,1,23,1,expected
2018-11-26 21:42:21.214194,172,52.94.235.50,443,3.0,0,1,1,23,1,expected
2018-11-26 21:42:21.231157,254,52.94.235.50,443,3.0,0,1,1,23,1,expected
2018-11-26 21:42:21.235184,92,52.94.235.50,443,3.0,0,1,1,23,1,expected
2018-11-26 21:42:21.250957,74,54.239.29.0,443,1.0,4551896647,0,1,,1,retransmit
2018-11-26 21:42:21.290971,54,54.239.29.0,443,1.0,40,1,1,,1,ack
2018-11-26 21:42:21.292271,312,54.239.29.0,443,3.0,0,1,1,22,1,handshake
2018-11-26 21:42:21.339219,54,54.239.29.0,443,1.0,48,1,1,,1,ack
2018-11-26 21:42:21.339462,105,54.239.29.0,443,3.0,0,1,1,20,1,handshake
2018-11-26 21:42:21.433434,808,54.239.29.0,443,3.0,0,1,1,23,1,expected
2018-11-26 21:42:21.480246,85,54.239.29.0,443,3.0,0,1,1,21,1,handshake
2018-11-26 21:42:21.480413,54,54.239.29.0,443,1.0,141,1,1,,1,ack
2018-11-26 21:42:21.519781,54,54.239.29.0,443,1.0,39,1,1,,1,ack
2018-11-26 21:42:21.763677,286,52.94.235.50,443,3.0,0,1,1,23,1,expected
2018-11-26 21:42:21.763866,190,52.94.235.50,443,3.0,0,1,1,23,1,expected
2018-11-26 21:42:21.764689,1514,52.94.235.50,443,1.0,2593,1,1,,1,not_relevant
2018-11-26 21:42:21.766668,1281,52.94.235.50,443,3.0,0,1,1,23,1,expected
2018-11-26 21:42:21.830668,174,52.94.235.50,443,3.0,0,1,1,23,1,expected
2018-11-26 21:42:21.836730,66,99.84.170.80,80,1.0,4551896994,1,1,,1,ack
2018-11-26 21:42:21.897232,74,99.84.170.19,80,1.0,4551888592,0,1,,1,retransmit
2018-11-26 21:42:21.902629,54,52.94.235.50,443,1.0,137,1,1,,1,ack
2018-11-26 21:42:21.903663,54,52.94.235.50,443,1.0,1,1,1,,1,ack
2018-11-26 21:42:21.904682,54,52.94.235.50,443,1.0,1,1,1,,1,ack
2018-11-26 21:42:21.905529,54,52.94.235.50,443,1.0,0,1,1,,1,ack
2018-11-26 21:42:21.906455,54,52.94.235.50,443,1.0,0,1,1,,1,ack
2018-11-26 21:42:21.922589,66,99.84.170.19,80,1.0,25,1,1,,1,ack
2018-11-26 21:42:21.924740,256,99.84.170.19,80,3.0,0,1,1,,1,not_relevant
2018-11-26 21:42:21.941412,54,52.94.235.50,443,1.0,34,1,1,,1,ack
2018-11-26 21:42:21.942121,54,52.94.235.50,443,1.0,0,1,1,,1,ack
2018-11-26 21:42:21.951273,74,54.239.29.0,443,1.0,4551879261,0,1,,1,retransmit
2018-11-26 21:42:21.958433,66,99.84.170.19,80,1.0,35,1,1,,1,ack
2018-11-26 21:42:21.963154,54,52.216.230.83,80,1.0,4551875618,1,1,,1,ack
2018-11-26 21:42:21.974833,54,52.94.235.50,443,1.0,32,1,1,,1,ack
2018-11-26 21:42:21.997851,54,54.239.29.0,443,1.0,46,1,1,,1,ack
2018-11-26 21:42:21.999598,312,54.239.29.0,443,3.0,0,1,1,22,1,handshake
2018-11-26 21:42:22.009595,74,52.216.96.219,80,1.0,4551875491,0,1,,1,retransmit
2018-11-26 21:42:22.041616,54,54.239.29.0,443,1.0,43,1,1,,1,ack
2018-11-26 21:42:22.042686,105,54.239.29.0,443,3.0,0,1,1,20,1,handshake
2018-11-26 21:42:22.057461,54,52.216.96.219,80,1.0,47,1,1,,1,ack
2018-11-26 21:42:22.059359,200,52.216.96.219,80,3.0,0,1,1,,1,not_relevant
2018-11-26 21:42:22.061387,66,99.84.170.80,80,1.0,224,1,1,,1,ack
2018-11-26 21:42:22.109247,54,52.216.96.219,80,1.0,51,1,1,,1,ack
2018-11-26 21:42:22.109403,54,52.216.96.219,80,1.0,0,1,1,,1,ack
2018-11-26 21:42:22.125427,66,52.216.96.219,80,1.0,16,1,1,,1,ack
2018-11-26 21:42:22.138702,786,54.239.29.0,443,3.0,0,1,1,23,1,expected
2018-11-26 21:42:22.159684,287,52.94.235.50,443,3.0,0,1,1,23,1,expected
2018-11-26 21:42:22.160583,190,52.94.235.50,443,3.0,0,1,1,23,1,expected
2018-11-26 21:42:22.171372,1514,52.94.235.50,443,1.0,196,1,1,,1,not_relevant
2018-11-26 21:42:22.171453,1406,52.94.235.50,443,3.0,0,1,1,23,1,expected
2018-11-26 21:42:22.184722,85,54.239.29.0,443,3.0,0,1,1,21,1,handshake
2018-11-26 21:42:22.185033,54,54.239.29.0,443,1.0,143,1,1,,1,ack
2018-11-26 21:42:22.209449,54,52.216.230.83,80,1.0,246,1,1,,1,ack
2018-11-26 21:42:22.221369,54,54.239.29.0,443,1.0,36,1,1,,1,ack
2018-11-26 21:42:22.235986,285,52.94.235.50,443,3.0,0,1,1,23,1,expected
2018-11-26 21:42:22.236537,190,52.94.235.50,443,3.0,0,1,1,23,1,expected
2018-11-26 21:42:22.237840,1514,52.94.235.50,443,1.0,66,1,1,,1,not_relevant
2018-11-26 21:42:22.239316,1282,52.94.235.50,443,3.0,0,1,1,23,1,expected
2018-11-26 21:42:22.274686,174,52.94.235.50,443,3.0,0,1,1,23,1,expected
2018-11-26 21:42:22.289346,66,99.84.170.80,80,1.0,227,1,1,,1,ack
2018-11-26 21:42:22.346622,54,52.94.235.50,443,1.0,108,1,1,,1,ack
2018-11-26 21:42:22.398389,54,52.94.235.50,443,1.0,51,1,1,,1,ack
2018-11-26 21:42:22.462413,54,52.216.230.83,80,1.0,252,1,1,,1,ack
2018-11-26 21:42:22.530623,74,54.239.29.0,443,1.0,4551875810,0,1,,1,retransmit
2018-11-26 21:42:22.551088,54,52.94.235.50,443,1.0,152,1,1,,1,ack
2018-11-26 21:42:22.577737,54,54.239.29.0,443,1.0,47,1,1,,1,ack
2018-11-26 21:42:22.579293,312,54.239.29.0,443,3.0,0,1,1,22,1,handshake
2018-11-26 21:42:22.589616,54,52.94.235.50,443,1.0,38,1,1,,1,ack
2018-11-26 21:42:22.620737,54,54.239.29.0,443,1.0,43,1,1,,1,ack
2018-11-26 21:42:22.621375,105,54.239.29.0,443,3.0,0,1,1,20,1,handshake
2018-11-26 21:42:22.706642,795,54.239.29.0,443,3.0,0,1,1,23,1,expected
2018-11-26 21:42:22.749325,66,99.84.170.80,80,1.0,459,1,1,,1,ack
2018-11-26 21:42:22.751745,85,54.239.29.0,443,3.0,0,1,1,21,1,handshake
2018-11-26 21:42:22.751947,54,54.239.29.0,443,1.0,131,1,1,,1,ack
2018-11-26 21:42:22.794918,54,54.239.29.0,443,1.0,42,1,1,,1,ack
2018-11-26 21:42:22.962427,54,52.216.230.83,80,1.0,500,1,1,,1,ack
2018-11-26 21:42:23.672586,66,99.84.170.80,80,1.0,923,1,1,,1,ack
2018-11-26 21:42:23.965441,54,52.216.230.83,80,1.0,1003,1,1,,1,ack
2018-11-26 21:42:25.015982,286,52.94.235.50,443,3.0,0,1,1,23,1,expected
2018-11-26 21:42:25.023385,190,52.94.235.50,443,3.0,0,1,1,23,1,expected
2018-11-26 21:42:25.026620,1514,52.94.235.50,443,1.0,2437,1,1,,1,not_relevant
2018-11-26 21:42:25.026926,1285,52.94.235.50,443,3.0,0,1,1,23,1,expected
2018-11-26 21:42:25.066450,1514,52.94.235.50,443,3.0,0,1,1,23,1,expected
2018-11-26 21:42:25.066779,1514,52.94.235.50,443,1.0,40,1,1,,1,not_relevant
2018-11-26 21:42:25.073121,1514,52.94.235.50,443,1.0,6,1,1,,1,not_relevant
2018-11-26 21:42:25.074409,434,52.94.235.50,443,3.0,0,1,1,23,1,expected
2018-11-26 21:42:25.118963,54,52.94.235.50,443,1.0,45,1,1,,1,ack
2018-11-26 21:42:25.218084,54,52.94.235.50,443,1.0,99,1,1,,1,ack
2018-11-26 21:42:25.218234,54,52.94.235.50,443,1.0,0,1,1,,1,ack
2018-11-26 21:42:25.278400,54,52.94.235.50,443,1.0,60,1,1,,1,ack
2018-11-26 21:42:25.278582,54,52.94.235.50,443,1.0,0,1,1,,1,ack
2018-11-26 21:42:25.514073,66,99.84.170.80,80,1.0,1841,1,1,,1,ack
2018-11-26 21:42:25.520165,286,52.94.235.50,443,3.0,0,1,1,23,1,expected
2018-11-26 21:42:25.525987,190,52.94.235.50,443,3.0,0,1,1,23,1,expected
2018-11-26 21:42:25.532267,1514,52.94.235.50,443,1.0,253,1,1,,1,not_relevant
2018-11-26 21:42:25.532436,1281,52.94.235.50,443,3.0,0,1,1,23,1,expected
2018-11-26 21:42:25.565300,174,52.94.235.50,443,3.0,0,1,1,23,1,expected
2018-11-26 21:42:25.720982,54,52.94.235.50,443,1.0,188,1,1,,1,ack
2018-11-26 21:42:25.721223,54,52.94.235.50,443,1.0,0,1,1,,1,ack
2018-11-26 21:42:25.963012,54,52.216.230.83,80,1.0,1997,1,1,,1,ack
2018-11-26 21:42:29.202867,66,99.84.170.80,80,1.0,3688,1,1,,1,ack
2018-11-26 21:42:29.973173,54,52.216.230.83,80,1.0,4010,1,1,,1,ack
