date,length,dstip,dstport,highest_layer,delta,ack_flag,microphone,content_type,synchronized,class
2018-11-27 02:40:41.727701,100,52.94.235.50,443,3.0,0,1,1,23,1,syn
2018-11-27 02:40:52.225737,287,52.94.235.50,443,3.0,0,1,1,23,1,expected
2018-11-27 02:40:52.225931,190,52.94.235.50,443,3.0,0,1,1,23,1,expected
2018-11-27 02:40:52.226236,1514,52.94.235.50,443,1.0,-3782098,1,1,,1,not_relevant
2018-11-27 02:40:52.226475,1514,52.94.235.50,443,1.0,0,1,1,,1,not_relevant
2018-11-27 02:40:52.226503,701,52.94.235.50,443,3.0,0,1,1,23,1,expected
2018-11-27 02:40:52.229990,132,52.94.235.50,443,3.0,0,1,1,23,1,expected
2018-11-27 02:40:52.230380,1514,52.94.235.50,443,3.0,0,1,1,23,1,expected
2018-11-27 02:40:52.285208,74,54.239.26.255,443,1.0,-3859424,0,1,,1,retransmit
2018-11-27 02:40:52.290673,1514,52.94.235.50,443,3.0,0,1,1,23,1,expected
2018-11-27 02:40:52.299088,1514,52.94.235.50,443,1.0,72,1,1,,1,not_relevant
2018-11-27 02:40:52.299436,1514,52.94.235.50,443,1.0,0,1,1,,1,not_relevant
2018-11-27 02:40:52.301041,1403,52.94.235.50,443,3.0,0,1,1,23,1,expected
2018-11-27 02:40:52.316613,1514,52.94.235.50,443,1.0,17,1,1,,1,not_relevant
2018-11-27 02:40:52.316653,1514,52.94.235.50,443,1.0,0,1,1,,1,not_relevant
2018-11-27 02:40:52.316670,1472,52.94.235.50,443,3.0,0,1,1,23,1,expected
2018-11-27 02:40:52.354192,290,52.94.235.50,443,3.0,0,1,1,23,1,expected
2018-11-27 02:40:52.361632,54,54.239.26.255,443,1.0,76,1,1,,1,ack
2018-11-27 02:40:52.363332,312,54.239.26.255,443,3.0,0,1,1,22,1,handshake
2018-11-27 02:40:52.377213,172,52.94.235.50,443,3.0,0,1,1,23,1,expected
2018-11-27 02:40:52.390953,172,52.94.235.50,443,3.0,0,1,1,23,1,expected
2018-11-27 02:40:52.411946,172,52.94.235.50,443,3.0,0,1,1,23,1,expected
2018-11-27 02:40:52.426697,172,52.94.235.50,443,3.0,0,1,1,23,1,expected
2018-11-27 02:40:52.431922,54,52.94.235.50,443,1.0,115,1,1,,1,ack
2018-11-27 02:40:52.436465,54,54.239.26.255,443,1.0,74,1,1,,1,ack
2018-11-27 02:40:52.437971,54,54.239.26.255,443,1.0,1,1,1,,1,ack
2018-11-27 02:40:52.438095,54,54.239.26.255,443,1.0,0,1,1,,1,ack
2018-11-27 02:40:52.438191,54,54.239.26.255,443,1.0,0,1,1,,1,ack
2018-11-27 02:40:52.460943,172,52.94.235.50,443,3.0,0,1,1,23,1,expected
2018-11-27 02:40:52.468573,66,54.239.26.255,443,1.0,30,1,1,,1,ack
2018-11-27 02:40:52.474661,172,52.94.235.50,443,3.0,0,1,1,23,1,expected
2018-11-27 02:40:52.493981,180,54.239.26.255,443,3.0,0,1,1,22,1,handshake
2018-11-27 02:40:52.496295,172,52.94.235.50,443,3.0,0,1,1,23,1,expected
2018-11-27 02:40:52.503131,172,52.94.235.50,443,3.0,0,1,1,23,1,expected
2018-11-27 02:40:52.537826,172,52.94.235.50,443,3.0,0,1,1,23,1,expected
2018-11-27 02:40:52.551351,172,52.94.235.50,443,3.0,0,1,1,23,1,expected
2018-11-27 02:40:52.566371,54,54.239.26.255,443,1.0,97,1,1,,1,ack
2018-11-27 02:40:52.568696,764,54.239.26.255,443,3.0,0,1,1,23,1,expected
2018-11-27 02:40:52.572868,172,52.94.235.50,443,3.0,0,1,1,23,1,expected
2018-11-27 02:40:52.587138,172,52.94.235.50,443,3.0,0,1,1,23,1,expected
2018-11-27 02:40:52.615350,172,52.94.235.50,443,3.0,0,1,1,23,1,expected
2018-11-27 02:40:52.635787,172,52.94.235.50,443,3.0,0,1,1,23,1,expected
2018-11-27 02:40:52.648948,85,54.239.26.255,443,3.0,0,1,1,21,1,handshake
2018-11-27 02:40:52.649194,54,54.239.26.255,443,1.0,82,1,1,,1,ack
2018-11-27 02:40:52.649796,172,52.94.235.50,443,3.0,0,1,1,23,1,expected
2018-11-27 02:40:52.663395,172,52.94.235.50,443,3.0,0,1,1,23,1,expected
2018-11-27 02:40:52.698357,172,52.94.235.50,443,3.0,0,1,1,23,1,expected
2018-11-27 02:40:52.729015,172,52.94.235.50,443,3.0,0,1,1,23,1,expected
2018-11-27 02:40:52.729614,287,52.94.235.50,443,3.0,0,1,1,23,1,expected
2018-11-27 02:40:52.729661,190,52.94.235.50,443,3.0,0,1,1,23,1,expected
2018-11-27 02:40:52.729717,1514,52.94.235.50,443,1.0,297,1,1,,1,not_relevant
2018-11-27 02:40:52.729735,54,54.239.26.255,443,1.0,80,1,1,,1,ack
2018-11-27 02:40:52.731136,1514,52.94.235.50,443,1.0,1,1,1,,1,not_relevant
2018-11-27 02:40:52.731200,642,52.94.235.50,443,3.0,0,1,1,23,1,expected
2018-11-27 02:40:52.796530,290,52.94.235.50,443,3.0,0,1,1,23,1,expected
2018-11-27 02:40:52.796839,172,52.94.235.50,443,3.0,0,1,1,23,1,expected
2018-11-27 02:40:52.812658,172,52.94.235.50,443,3.0,0,1,1,23,1,expected
2018-11-27 02:40:52.826255,172,52.94.235.50,443,3.0,0,1,1,23,1,expected
2018-11-27 02:40:52.861849,172,52.94.235.50,443,3.0,0,1,1,23,1,expected
2018-11-27 02:40:52.876325,172,52.94.235.50,443,3.0,0,1,1,23,1,expected
2018-11-27 02:40:52.887699,172,52.94.235.50,443,3.0,0,1,1,23,1,expected
2018-11-27 02:40:52.893365,54,52.94.235.50,443,1.0,162,1,1,,1,ack
2018-11-27 02:40:52.910034,172,52.94.235.50,443,3.0,0,1,1,23,1,expected
2018-11-27 02:40:52.938795,172,52.94.235.50,443,3.0,0,1,1,23,1,expected
2018-11-27 02:40:52.950277,172,52.94.235.50,443,3.0,0,1,1,23,1,expected
2018-11-27 02:40:52.973118,172,52.94.235.50,443,3.0,0,1,1,23,1,expected
2018-11-27 02:40:52.985660,172,52.94.235.50,443,3.0,0,1,1,23,1,expected
2018-11-27 02:40:53.020480,172,52.94.235.50,443,3.0,0,1,1,23,1,expected
2018-11-27 02:40:53.034465,172,52.94.235.50,443,3.0,0,1,1,23,1,expected
2018-11-27 02:40:53.048961,172,52.94.235.50,443,3.0,0,1,1,23,1,expected
2018-11-27 02:40:53.062769,172,52.94.235.50,443,3.0,0,1,1,23,1,expected
2018-11-27 02:40:53.097564,172,52.94.235.50,443,3.0,0,1,1,23,1,expected
2018-11-27 02:40:53.111442,172,52.94.235.50,443,3.0,0,1,1,23,1,expected
2018-11-27 02:40:53.132500,172,52.94.235.50,443,3.0,0,1,1,23,1,expected
2018-11-27 02:40:53.146535,172,52.94.235.50,443,3.0,0,1,1,23,1,expected
2018-11-27 02:40:53.174365,172,52.94.235.50,443,3.0,0,1,1,23,1,expected
2018-11-27 02:40:53.195382,172,52.94.235.50,443,3.0,0,1,1,23,1,expected
2018-11-27 02:40:53.210082,172,52.94.235.50,443,3.0,0,1,1,23,1,expected
2018-11-27 02:40:53.223700,172,52.94.235.50,443,3.0,0,1,1,23,1,expected
2018-11-27 02:40:53.258614,172,52.94.235.50,443,3.0,0,1,1,23,1,expected
2018-11-27 02:40:53.272568,172,52.94.235.50,443,3.0,0,1,1,23,1,expected
2018-11-27 02:40:53.286906,172,52.94.235.50,443,3.0,0,1,1,23,1,expected
2018-11-27 02:40:53.307314,172,52.94.235.50,443,3.0,0,1,1,23,1,expected
2018-11-27 02:40:53.335686,172,52.94.235.50,443,3.0,0,1,1,23,1,expected
2018-11-27 02:40:53.356629,172,52.94.235.50,443,3.0,0,1,1,23,1,expected
2018-11-27 02:40:53.370227,172,52.94.235.50,443,3.0,0,1,1,23,1,expected
2018-11-27 02:40:53.384243,172,52.94.235.50,443,3.0,0,1,1,23,1,expected
2018-11-27 02:40:53.428779,172,52.94.235.50,443,3.0,0,1,1,23,1,expected
2018-11-27 02:40:53.433068,172,52.94.235.50,443,3.0,0,1,1,23,1,expected
2018-11-27 02:40:53.447300,172,52.94.235.50,443,3.0,0,1,1,23,1,expected
2018-11-27 02:40:53.468785,172,52.94.235.50,443,3.0,0,1,1,23,1,expected
2018-11-27 02:40:53.498660,172,52.94.235.50,443,3.0,0,1,1,23,1,expected
2018-11-27 02:40:53.515277,172,52.94.235.50,443,3.0,0,1,1,23,1,expected
2018-11-27 02:40:53.536659,172,52.94.235.50,443,3.0,0,1,1,23,1,expected
2018-11-27 02:40:53.545871,172,52.94.235.50,443,3.0,0,1,1,23,1,expected
2018-11-27 02:40:53.580876,172,52.94.235.50,443,3.0,0,1,1,23,1,expected
2018-11-27 02:40:53.594467,172,52.94.235.50,443,3.0,0,1,1,23,1,expected
2018-11-27 02:40:53.608701,172,52.94.235.50,443,3.0,0,1,1,23,1,expected
2018-11-27 02:40:53.622638,172,52.94.235.50,443,3.0,0,1,1,23,1,expected
2018-11-27 02:40:53.657727,172,52.94.235.50,443,3.0,0,1,1,23,1,expected
2018-11-27 02:40:53.671586,172,52.94.235.50,443,3.0,0,1,1,23,1,expected
2018-11-27 02:40:53.692595,172,52.94.235.50,443,3.0,0,1,1,23,1,expected
2018-11-27 02:40:53.706820,172,52.94.235.50,443,3.0,0,1,1,23,1,expected
2018-11-27 02:40:53.734487,172,52.94.235.50,443,3.0,0,1,1,23,1,expected
2018-11-27 02:40:53.755661,172,52.94.235.50,443,3.0,0,1,1,23,1,expected
2018-11-27 02:40:53.770267,172,52.94.235.50,443,3.0,0,1,1,23,1,expected
2018-11-27 02:40:53.783484,172,52.94.235.50,443,3.0,0,1,1,23,1,expected
2018-11-27 02:40:53.818565,172,52.94.235.50,443,3.0,0,1,1,23,1,expected
2018-11-27 02:40:53.832532,172,52.94.235.50,443,3.0,0,1,1,23,1,expected
2018-11-27 02:40:53.846536,172,52.94.235.50,443,3.0,0,1,1,23,1,expected
2018-11-27 02:40:53.867248,172,52.94.235.50,443,3.0,0,1,1,23,1,expected
2018-11-27 02:40:53.895511,172,52.94.235.50,443,3.0,0,1,1,23,1,expected
2018-11-27 02:40:53.916399,172,52.94.235.50,443,3.0,0,1,1,23,1,expected
2018-11-27 02:40:53.930307,172,52.94.235.50,443,3.0,0,1,1,23,1,expected
2018-11-27 02:40:53.949813,172,52.94.235.50,443,3.0,0,1,1,23,1,expected
2018-11-27 02:40:53.979422,172,52.94.235.50,443,3.0,0,1,1,23,1,expected
2018-11-27 02:40:53.993150,172,52.94.235.50,443,3.0,0,1,1,23,1,expected
2018-11-27 02:40:54.007618,172,52.94.235.50,443,3.0,0,1,1,23,1,expected
2018-11-27 02:40:54.028812,172,52.94.235.50,443,3.0,0,1,1,23,1,expected
2018-11-27 02:40:54.056577,172,52.94.235.50,443,3.0,0,1,1,23,1,expected
2018-11-27 02:40:54.070426,172,52.94.235.50,443,3.0,0,1,1,23,1,expected
2018-11-27 02:40:54.090468,172,52.94.235.50,443,3.0,0,1,1,23,1,expected
2018-11-27 02:40:54.134066,172,52.94.235.50,443,3.0,0,1,1,23,1,expected
2018-11-27 02:40:54.139720,172,52.94.235.50,443,3.0,0,1,1,23,1,expected
2018-11-27 02:40:54.153404,172,52.94.235.50,443,3.0,0,1,1,23,1,expected
2018-11-27 02:40:54.167770,172,52.94.235.50,443,3.0,0,1,1,23,1,expected
2018-11-27 02:40:54.188962,172,52.94.235.50,443,3.0,0,1,1,23,1,expected
2018-11-27 02:40:54.216612,172,52.94.235.50,443,3.0,0,1,1,23,1,expected
2018-11-27 02:40:54.230242,172,52.94.235.50,443,3.0,0,1,1,23,1,expected
2018-11-27 02:40:54.256814,172,52.94.235.50,443,3.0,0,1,1,23,1,expected
2018-11-27 02:40:54.265731,172,52.94.235.50,443,3.0,0,1,1,23,1,expected
2018-11-27 02:40:54.300600,172,52.94.235.50,443,3.0,0,1,1,23,1,expected
2018-11-27 02:40:54.314267,172,52.94.235.50,443,3.0,0,1,1,23,1,expected
2018-11-27 02:40:54.328312,172,52.94.235.50,443,3.0,0,1,1,23,1,expected
2018-11-27 02:40:54.343640,172,52.94.235.50,443,3.0,0,1,1,23,1,expected
2018-11-27 02:40:54.377565,172,52.94.235.50,443,3.0,0,1,1,23,1,expected
2018-11-27 02:40:54.391299,172,52.94.235.50,443,3.0,0,1,1,23,1,expected
2018-11-27 02:40:54.412677,172,52.94.235.50,443,3.0,0,1,1,23,1,expected
2018-11-27 02:40:54.426779,172,52.94.235.50,443,3.0,0,1,1,23,1,expected
2018-11-27 02:40:54.460385,172,52.94.235.50,443,3.0,0,1,1,23,1,expected
2018-11-27 02:40:54.474624,172,52.94.235.50,443,3.0,0,1,1,23,1,expected
2018-11-27 02:40:54.488898,172,52.94.235.50,443,3.0,0,1,1,23,1,expected
2018-11-27 02:40:54.502783,172,52.94.235.50,443,3.0,0,1,1,23,1,expected
2018-11-27 02:40:54.539833,172,52.94.235.50,443,3.0,0,1,1,23,1,expected
2018-11-27 02:40:54.550964,172,52.94.235.50,443,3.0,0,1,1,23,1,expected
2018-11-27 02:40:54.571373,172,52.94.235.50,443,3.0,0,1,1,23,1,expected
2018-11-27 02:40:54.585393,172,52.94.235.50,443,3.0,0,1,1,23,1,expected
2018-11-27 02:40:54.620529,172,52.94.235.50,443,3.0,0,1,1,23,1,expected
2018-11-27 02:40:54.634198,172,52.94.235.50,443,3.0,0,1,1,23,1,expected
2018-11-27 02:40:54.647550,172,52.94.235.50,443,3.0,0,1,1,23,1,expected
2018-11-27 02:40:54.669135,172,52.94.235.50,443,3.0,0,1,1,23,1,expected
2018-11-27 02:40:54.696736,172,52.94.235.50,443,3.0,0,1,1,23,1,expected
2018-11-27 02:40:54.710678,172,52.94.235.50,443,3.0,0,1,1,23,1,expected
2018-11-27 02:40:54.731890,172,52.94.235.50,443,3.0,0,1,1,23,1,expected
2018-11-27 02:40:54.745889,172,52.94.235.50,443,3.0,0,1,1,23,1,expected
2018-11-27 02:40:54.781874,172,52.94.235.50,443,3.0,0,1,1,23,1,expected
2018-11-27 02:40:54.794237,172,52.94.235.50,443,3.0,0,1,1,23,1,expected
2018-11-27 02:40:54.831655,172,52.94.235.50,443,3.0,0,1,1,23,1,expected
2018-11-27 02:40:54.831802,172,52.94.235.50,443,3.0,0,1,1,23,1,expected
2018-11-27 02:40:54.857845,172,52.94.235.50,443,3.0,0,1,1,23,1,expected
2018-11-27 02:40:54.871561,172,52.94.235.50,443,3.0,0,1,1,23,1,expected
2018-11-27 02:40:54.894198,172,52.94.235.50,443,3.0,0,1,1,23,1,expected
2018-11-27 02:40:54.895581,136,52.94.235.50,443,3.0,0,1,1,23,1,expected
2018-11-27 02:40:54.896288,92,52.94.235.50,443,3.0,0,1,1,23,1,expected
2018-11-27 02:40:54.912211,74,54.239.26.255,443,1.0,-3575279,0,1,,1,retransmit
2018-11-27 02:40:54.944871,54,52.94.235.50,443,1.0,2051,1,1,,1,ack
2018-11-27 02:40:54.971174,54,54.239.26.255,443,1.0,58,1,1,,1,ack
2018-11-27 02:40:54.972529,312,54.239.26.255,443,3.0,0,1,1,22,1,handshake
2018-11-27 02:40:55.034712,54,54.239.26.255,443,1.0,63,1,1,,1,ack
2018-11-27 02:40:55.038041,105,54.239.26.255,443,3.0,0,1,1,20,1,handshake
2018-11-27 02:40:55.145693,807,54.239.26.255,443,3.0,0,1,1,23,1,expected
2018-11-27 02:40:55.204685,54,52.94.235.50,443,1.0,259,1,1,,1,ack
2018-11-27 02:40:55.209486,85,54.239.26.255,443,3.0,0,1,1,21,1,handshake
2018-11-27 02:40:55.209725,54,54.239.26.255,443,1.0,175,1,1,,1,ack
2018-11-27 02:40:55.215028,74,54.239.26.255,443,1.0,-3577434,0,1,,1,retransmit
2018-11-27 02:40:55.259684,54,54.239.26.255,443,1.0,44,1,1,,1,ack
2018-11-27 02:40:55.261564,312,54.239.26.255,443,3.0,0,1,1,22,1,handshake
2018-11-27 02:40:55.265786,54,54.239.26.255,443,1.0,56,1,1,,1,ack
2018-11-27 02:40:55.320697,54,54.239.26.255,443,1.0,61,1,1,,1,ack
2018-11-27 02:40:55.322613,105,54.239.26.255,443,3.0,0,1,1,20,1,handshake
2018-11-27 02:40:55.446162,779,54.239.26.255,443,3.0,0,1,1,23,1,expected
2018-11-27 02:40:55.471457,641,52.94.235.50,443,3.0,0,1,1,23,1,expected
2018-11-27 02:40:55.472491,190,52.94.235.50,443,3.0,0,1,1,23,1,expected
2018-11-27 02:40:55.472533,1514,52.94.235.50,443,1.0,267,1,1,,1,not_relevant
2018-11-27 02:40:55.472553,1514,52.94.235.50,443,1.0,0,1,1,,1,not_relevant
2018-11-27 02:40:55.472570,400,52.94.235.50,443,3.0,0,1,1,23,1,expected
2018-11-27 02:40:55.472584,136,52.94.235.50,443,3.0,0,1,1,23,1,expected
2018-11-27 02:40:55.472676,92,52.94.235.50,443,3.0,0,1,1,23,1,expected
2018-11-27 02:40:55.535212,85,54.239.26.255,443,3.0,0,1,1,21,1,handshake
2018-11-27 02:40:55.535362,54,54.239.26.255,443,1.0,214,1,1,,1,ack
2018-11-27 02:40:55.596312,54,54.239.26.255,443,1.0,60,1,1,,1,ack
2018-11-27 02:40:55.695079,54,52.94.235.50,443,1.0,222,1,1,,1,ack
2018-11-27 02:40:55.695243,54,52.94.235.50,443,1.0,0,1,1,,1,ack
2018-11-27 02:40:55.705254,54,52.94.235.50,443,1.0,10,1,1,,1,ack
2018-11-27 02:40:55.705544,54,52.94.235.50,443,1.0,0,1,1,,1,ack
2018-11-27 02:40:55.753125,54,52.94.235.50,443,1.0,47,1,1,,1,ack
2018-11-27 02:40:55.753989,54,52.94.235.50,443,1.0,0,1,1,,1,ack
2018-11-27 02:40:55.761840,54,52.94.235.50,443,1.0,7,1,1,,1,ack
2018-11-27 02:40:55.762025,54,52.94.235.50,443,1.0,0,1,1,,1,ack
2018-11-27 02:40:55.806937,54,52.94.235.50,443,1.0,44,1,1,,1,ack
2018-11-27 02:40:55.819868,54,52.94.235.50,443,1.0,12,1,1,,1,ack
2018-11-27 02:40:55.820673,54,52.94.235.50,443,1.0,0,1,1,,1,ack
2018-11-27 02:40:55.820757,54,52.94.235.50,443,1.0,0,1,1,,1,ack
2018-11-27 02:40:55.862732,54,52.94.235.50,443,1.0,41,1,1,,1,ack
2018-11-27 02:40:55.876724,54,52.94.235.50,443,1.0,13,1,1,,1,ack
2018-11-27 02:40:55.876872,54,52.94.235.50,443,1.0,0,1,1,,1,ack
2018-11-27 02:40:55.876951,54,52.94.235.50,443,1.0,0,1,1,,1,ack
2018-11-27 02:40:55.924921,54,52.94.235.50,443,1.0,47,1,1,,1,ack
2018-11-27 02:40:55.935137,54,52.94.235.50,443,1.0,10,1,1,,1,ack
2018-11-27 02:40:55.977988,54,52.94.235.50,443,1.0,42,1,1,,1,ack
2018-11-27 02:40:55.984149,54,52.94.235.50,443,1.0,6,1,1,,1,ack
2018-11-27 02:40:55.996694,54,52.94.235.50,443,1.0,12,1,1,,1,ack
2018-11-27 02:40:55.999322,96,52.94.235.50,443,3.0,0,1,1,23,1,expected
2018-11-27 02:40:56.001128,74,54.239.26.255,443,1.0,-3576893,0,1,,1,retransmit
2018-11-27 02:40:56.040900,54,52.94.235.50,443,1.0,44,1,1,,1,ack
2018-11-27 02:40:56.056385,54,54.239.26.255,443,1.0,55,1,1,,1,ack
2018-11-27 02:40:56.057562,54,52.94.235.50,443,1.0,16,1,1,,1,ack
2018-11-27 02:40:56.059829,312,54.239.26.255,443,3.0,0,1,1,22,1,handshake
2018-11-27 02:40:56.095378,54,52.94.235.50,443,1.0,37,1,1,,1,ack
2018-11-27 02:40:56.097127,54,52.94.235.50,443,1.0,1,1,1,,1,ack
2018-11-27 02:40:56.115180,54,52.94.235.50,443,1.0,18,1,1,,1,ack
2018-11-27 02:40:56.118764,54,54.239.26.255,443,1.0,62,1,1,,1,ack
2018-11-27 02:40:56.122673,105,54.239.26.255,443,3.0,0,1,1,20,1,handshake
2018-11-27 02:40:56.150282,54,52.94.235.50,443,1.0,35,1,1,,1,ack
2018-11-27 02:40:56.151566,54,52.94.235.50,443,1.0,1,1,1,,1,ack
2018-11-27 02:40:56.174817,54,52.94.235.50,443,1.0,23,1,1,,1,ack
2018-11-27 02:40:56.234083,295,52.94.235.50,443,3.0,0,1,1,23,1,expected
2018-11-27 02:40:56.235005,190,52.94.235.50,443,3.0,0,1,1,23,1,expected
2018-11-27 02:40:56.235102,1514,52.94.235.50,443,1.0,60,1,1,,1,not_relevant
2018-11-27 02:40:56.235136,1514,52.94.235.50,443,1.0,0,1,1,,1,not_relevant
2018-11-27 02:40:56.235176,524,52.94.235.50,443,3.0,0,1,1,23,1,expected
2018-11-27 02:40:56.243124,54,52.94.235.50,443,1.0,7,1,1,,1,ack
2018-11-27 02:40:56.243714,54,52.94.235.50,443,1.0,0,1,1,,1,ack
2018-11-27 02:40:56.243881,54,52.94.235.50,443,1.0,0,1,1,,1,ack
2018-11-27 02:40:56.244131,784,54.239.26.255,443,3.0,0,1,1,23,1,expected
2018-11-27 02:40:56.244174,96,52.94.235.50,443,3.0,0,1,1,23,1,expected
2018-11-27 02:40:56.302020,288,52.94.235.50,443,3.0,0,1,1,23,1,expected
2018-11-27 02:40:56.306287,1514,52.94.235.50,443,3.0,0,1,1,23,1,expected
2018-11-27 02:40:56.307020,1514,52.94.235.50,443,1.0,63,1,1,,1,not_relevant
2018-11-27 02:40:56.307075,1514,52.94.235.50,443,1.0,0,1,1,,1,not_relevant
2018-11-27 02:40:56.307110,656,52.94.235.50,443,3.0,0,1,1,23,1,expected
2018-11-27 02:40:56.307146,54,52.94.235.50,443,1.0,0,1,1,,1,ack
2018-11-27 02:40:56.309164,54,52.94.235.50,443,1.0,2,1,1,,1,ack
2018-11-27 02:40:56.310934,54,52.94.235.50,443,1.0,1,1,1,,1,ack
2018-11-27 02:40:56.318574,85,54.239.26.255,443,3.0,0,1,1,21,1,handshake
2018-11-27 02:40:56.318811,54,54.239.26.255,443,1.0,200,1,1,,1,ack
2018-11-27 02:40:56.354824,54,52.94.235.50,443,1.0,43,1,1,,1,ack
2018-11-27 02:40:56.366747,54,52.94.235.50,443,1.0,11,1,1,,1,ack
2018-11-27 02:40:56.367738,54,52.94.235.50,443,1.0,0,1,1,,1,ack
2018-11-27 02:40:56.370749,54,52.94.235.50,443,1.0,3,1,1,,1,ack
2018-11-27 02:40:56.372702,54,54.239.26.255,443,1.0,53,1,1,,1,ack
2018-11-27 02:40:56.424567,54,52.94.235.50,443,1.0,53,1,1,,1,ack
2018-11-27 02:40:56.424824,54,52.94.235.50,443,1.0,0,1,1,,1,ack
2018-11-27 02:40:56.430356,54,52.94.235.50,443,1.0,5,1,1,,1,ack
2018-11-27 02:40:56.430849,54,52.94.235.50,443,1.0,0,1,1,,1,ack
2018-11-27 02:40:56.534606,54,52.94.235.50,443,1.0,103,1,1,,1,ack
2018-11-27 02:40:56.534779,54,52.94.235.50,443,1.0,0,1,1,,1,ack
2018-11-27 02:40:56.534860,96,52.94.235.50,443,3.0,0,1,1,23,1,expected
2018-11-27 02:40:56.539720,54,52.94.235.50,443,1.0,4,1,1,,1,ack
2018-11-27 02:40:56.539936,54,52.94.235.50,443,1.0,0,1,1,,1,ack
2018-11-27 02:40:56.574739,54,52.94.235.50,443,1.0,34,1,1,,1,ack
2018-11-27 02:40:56.667724,54,52.94.235.50,443,1.0,92,1,1,,1,ack
2018-11-27 02:40:56.667903,54,52.94.235.50,443,1.0,0,1,1,,1,ack
2018-11-27 02:40:56.669585,54,52.94.235.50,443,1.0,1,1,1,,1,ack
2018-11-27 02:40:56.670679,54,52.94.235.50,443,1.0,1,1,1,,1,ack
2018-11-27 02:40:56.671986,54,52.94.235.50,443,1.0,1,1,1,,1,ack
2018-11-27 02:40:56.806792,54,52.94.235.50,443,1.0,134,1,1,,1,ack
2018-11-27 02:40:56.806988,54,52.94.235.50,443,1.0,0,1,1,,1,ack
2018-11-27 02:40:56.814665,96,52.94.235.50,443,3.0,0,1,1,23,1,expected
2018-11-27 02:40:56.831378,74,54.239.26.255,443,1.0,-3576512,0,1,,1,retransmit
2018-11-27 02:40:56.977256,54,54.239.26.255,443,1.0,145,1,1,,1,ack
2018-11-27 02:40:56.978612,312,54.239.26.255,443,3.0,0,1,1,22,1,handshake
2018-11-27 02:40:57.137809,295,52.94.232.230,443,3.0,0,1,1,23,1,expected
2018-11-27 02:40:57.195347,54,52.94.232.230,443,1.0,-3576368,1,1,,1,ack
2018-11-27 02:40:57.253835,66,54.239.26.255,443,1.0,276,1,1,,1,ack
2018-11-27 02:40:57.557822,105,54.239.26.255,443,1.0,303,1,1,,1,not_relevant
2018-11-27 02:40:57.667596,795,54.239.26.255,443,3.0,0,1,1,23,1,expected
2018-11-27 02:40:57.739257,54,54.239.26.255,443,1.0,181,1,1,,1,ack
2018-11-27 02:40:57.739669,85,54.239.26.255,443,3.0,0,1,1,21,1,handshake
2018-11-27 02:40:57.739869,54,54.239.26.255,443,1.0,0,1,1,,1,ack
2018-11-27 02:40:57.799278,54,54.239.26.255,443,1.0,59,1,1,,1,ack
2018-11-27 02:41:11.739511,100,52.94.235.50,443,3.0,0,1,1,23,1,syn
2018-11-27 02:41:16.192420,288,52.94.235.50,443,3.0,0,1,1,23,1,expected
2018-11-27 02:41:16.192672,190,52.94.235.50,443,3.0,0,1,1,23,1,expected
2018-11-27 02:41:16.193621,1514,52.94.235.50,443,1.0,19386,1,1,,1,not_relevant
2018-11-27 02:41:16.193638,1514,52.94.235.50,443,1.0,0,1,1,,1,not_relevant
2018-11-27 02:41:16.193672,404,52.94.235.50,443,3.0,0,1,1,23,1,expected
2018-11-27 02:41:16.193687,136,52.94.235.50,443,3.0,0,1,1,23,1,expected
2018-11-27 02:41:16.194888,92,52.94.235.50,443,3.0,0,1,1,23,1,expected
2018-11-27 02:41:16.269615,1514,52.94.235.50,443,3.0,0,1,1,23,1,expected
2018-11-27 02:41:16.272449,1514,52.94.235.50,443,1.0,78,1,1,,1,not_relevant
2018-11-27 02:41:16.274148,1514,52.94.235.50,443,1.0,1,1,1,,1,not_relevant
2018-11-27 02:41:16.274543,894,52.94.235.50,443,3.0,0,1,1,23,1,expected
2018-11-27 02:41:16.274563,1514,52.94.235.50,443,1.0,0,1,1,,1,not_relevant
2018-11-27 02:41:16.377133,54,52.94.235.50,443,1.0,102,1,1,,1,ack
2018-11-27 02:41:16.478041,54,52.94.235.50,443,1.0,100,1,1,,1,ack
2018-11-27 02:41:16.698544,288,52.94.235.50,443,3.0,0,1,1,23,1,expected
2018-11-27 02:41:16.699381,190,52.94.235.50,443,3.0,0,1,1,23,1,expected
2018-11-27 02:41:16.705557,1514,52.94.235.50,443,1.0,227,1,1,,1,not_relevant
2018-11-27 02:41:16.706995,1514,52.94.235.50,443,1.0,1,1,1,,1,not_relevant
2018-11-27 02:41:16.774234,520,52.94.235.50,443,3.0,0,1,1,23,1,expected
2018-11-27 02:41:16.884615,54,52.94.235.50,443,1.0,177,1,1,,1,ack
2018-11-27 02:41:16.943082,54,52.94.235.50,443,1.0,58,1,1,,1,ack
2018-11-27 02:41:16.943257,54,52.94.235.50,443,1.0,0,1,1,,1,ack
2018-11-27 02:41:36.466246,288,52.94.235.50,443,3.0,0,1,1,23,1,expected
2018-11-27 02:41:36.466497,1514,52.94.235.50,443,3.0,0,1,1,23,1,expected
2018-11-27 02:41:36.466875,1514,52.94.235.50,443,1.0,19523,1,1,,1,not_relevant
2018-11-27 02:41:36.466896,1514,52.94.235.50,443,1.0,0,1,1,,1,not_relevant
2018-11-27 02:41:36.466912,1514,52.94.235.50,443,3.0,0,1,1,23,1,expected
2018-11-27 02:41:36.466927,1107,52.94.235.50,443,3.0,0,1,1,23,1,expected
2018-11-27 02:41:36.504647,74,52.94.232.195,443,1.0,-3586012,0,1,,1,retransmit
2018-11-27 02:41:36.538069,1514,52.94.235.50,443,3.0,0,1,1,23,1,expected
2018-11-27 02:41:36.538780,1514,52.94.235.50,443,1.0,71,1,1,,1,not_relevant
2018-11-27 02:41:36.540527,1514,52.94.235.50,443,1.0,1,1,1,,1,not_relevant
2018-11-27 02:41:36.540563,1150,52.94.235.50,443,3.0,0,1,1,23,1,expected
2018-11-27 02:41:36.550425,54,52.94.232.195,443,1.0,45,1,1,,1,ack
2018-11-27 02:41:36.555444,1514,52.94.235.50,443,1.0,14,1,1,,1,not_relevant
2018-11-27 02:41:36.556748,312,52.94.232.195,443,3.0,0,1,1,22,1,handshake
2018-11-27 02:41:36.609346,1514,52.94.235.50,443,1.0,53,1,1,,1,not_relevant
2018-11-27 02:41:36.610290,1514,52.94.235.50,443,3.0,0,1,1,23,1,expected
2018-11-27 02:41:36.610475,88,52.94.235.50,443,3.0,0,1,1,23,1,expected
2018-11-27 02:41:36.610562,54,52.94.232.195,443,1.0,60,1,1,,1,ack
2018-11-27 02:41:36.615189,105,52.94.232.195,443,3.0,0,1,1,20,1,handshake
2018-11-27 02:41:36.616739,172,52.94.235.50,443,3.0,0,1,1,23,1,expected
2018-11-27 02:41:36.635740,172,52.94.235.50,443,3.0,0,1,1,23,1,expected
2018-11-27 02:41:36.650051,172,52.94.235.50,443,3.0,0,1,1,23,1,expected
2018-11-27 02:41:36.683039,172,52.94.235.50,443,3.0,0,1,1,23,1,expected
2018-11-27 02:41:36.698599,172,52.94.235.50,443,3.0,0,1,1,23,1,expected
2018-11-27 02:41:36.710692,54,52.94.235.50,443,1.0,101,1,1,,1,ack
2018-11-27 02:41:36.710899,54,52.94.235.50,443,1.0,0,1,1,,1,ack
2018-11-27 02:41:36.715187,172,52.94.235.50,443,3.0,0,1,1,23,1,expected
2018-11-27 02:41:36.727093,172,52.94.235.50,443,3.0,0,1,1,23,1,expected
2018-11-27 02:41:36.731800,768,52.94.232.195,443,3.0,0,1,1,23,1,expected
2018-11-27 02:41:36.747703,172,52.94.235.50,443,3.0,0,1,1,23,1,expected
2018-11-27 02:41:36.775614,172,52.94.235.50,443,3.0,0,1,1,23,1,expected
2018-11-27 02:41:36.798360,172,52.94.235.50,443,3.0,0,1,1,23,1,expected
2018-11-27 02:41:36.798611,85,52.94.232.195,443,3.0,0,1,1,21,1,handshake
2018-11-27 02:41:36.798691,54,52.94.232.195,443,1.0,188,1,1,,1,ack
2018-11-27 02:41:36.834229,172,52.94.235.50,443,3.0,0,1,1,23,1,expected
2018-11-27 02:41:36.834385,172,52.94.235.50,443,3.0,0,1,1,23,1,expected
2018-11-27 02:41:36.854219,54,52.94.232.195,443,1.0,55,1,1,,1,ack
2018-11-27 02:41:36.859398,172,52.94.235.50,443,3.0,0,1,1,23,1,expected
2018-11-27 02:41:36.873867,172,52.94.235.50,443,3.0,0,1,1,23,1,expected
2018-11-27 02:41:36.887561,172,52.94.235.50,443,3.0,0,1,1,23,1,expected
2018-11-27 02:41:36.908735,172,52.94.235.50,443,3.0,0,1,1,23,1,expected
2018-11-27 02:41:36.936902,172,52.94.235.50,443,3.0,0,1,1,23,1,expected
2018-11-27 02:41:36.950927,172,52.94.235.50,443,3.0,0,1,1,23,1,expected
2018-11-27 02:41:36.973604,286,52.94.235.50,443,3.0,0,1,1,23,1,expected
2018-11-27 02:41:36.973962,1514,52.94.235.50,443,3.0,0,1,1,23,1,expected
2018-11-27 02:41:36.977962,1514,52.94.235.50,443,1.0,267,1,1,,1,not_relevant
2018-11-27 02:41:36.978346,1514,52.94.235.50,443,1.0,0,1,1,,1,not_relevant
2018-11-27 02:41:37.024515,1014,52.94.235.50,443,3.0,0,1,1,23,1,expected
2018-11-27 02:41:37.034551,172,52.94.235.50,443,3.0,0,1,1,23,1,expected
2018-11-27 02:41:37.048985,172,52.94.235.50,443,3.0,0,1,1,23,1,expected
2018-11-27 02:41:37.062683,172,52.94.235.50,443,3.0,0,1,1,23,1,expected
2018-11-27 02:41:37.100473,172,52.94.235.50,443,3.0,0,1,1,23,1,expected
2018-11-27 02:41:37.111550,172,52.94.235.50,443,3.0,0,1,1,23,1,expected
2018-11-27 02:41:37.133296,172,52.94.235.50,443,3.0,0,1,1,23,1,expected
2018-11-27 02:41:37.147073,172,52.94.235.50,443,3.0,0,1,1,23,1,expected
2018-11-27 02:41:37.175693,172,52.94.235.50,443,3.0,0,1,1,23,1,expected
2018-11-27 02:41:37.196630,172,52.94.235.50,443,3.0,0,1,1,23,1,expected
2018-11-27 02:41:37.212595,172,52.94.235.50,443,3.0,0,1,1,23,1,expected
2018-11-27 02:41:37.216377,54,52.94.235.50,443,1.0,238,1,1,,1,ack
2018-11-27 02:41:37.224450,172,52.94.235.50,443,3.0,0,1,1,23,1,expected
2018-11-27 02:41:37.261605,172,52.94.235.50,443,3.0,0,1,1,23,1,expected
2018-11-27 02:41:37.272729,172,52.94.235.50,443,3.0,0,1,1,23,1,expected
2018-11-27 02:41:37.286811,172,52.94.235.50,443,3.0,0,1,1,23,1,expected
2018-11-27 02:41:37.308123,172,52.94.235.50,443,3.0,0,1,1,23,1,expected
2018-11-27 02:41:37.335585,172,52.94.235.50,443,3.0,0,1,1,23,1,expected
2018-11-27 02:41:37.356038,172,52.94.235.50,443,3.0,0,1,1,23,1,expected
2018-11-27 02:41:37.370295,172,52.94.235.50,443,3.0,0,1,1,23,1,expected
2018-11-27 02:41:37.387578,172,52.94.235.50,443,3.0,0,1,1,23,1,expected
2018-11-27 02:41:37.418244,172,52.94.235.50,443,3.0,0,1,1,23,1,expected
2018-11-27 02:41:37.432245,172,52.94.235.50,443,3.0,0,1,1,23,1,expected
2018-11-27 02:41:37.447064,172,52.94.235.50,443,3.0,0,1,1,23,1,expected
2018-11-27 02:41:37.467342,172,52.94.235.50,443,3.0,0,1,1,23,1,expected
2018-11-27 02:41:37.495797,172,52.94.235.50,443,3.0,0,1,1,23,1,expected
2018-11-27 02:41:37.534008,172,52.94.235.50,443,3.0,0,1,1,23,1,expected
2018-11-27 02:41:37.534156,172,52.94.235.50,443,3.0,0,1,1,23,1,expected
2018-11-27 02:41:37.544868,172,52.94.235.50,443,3.0,0,1,1,23,1,expected
2018-11-27 02:41:37.583091,172,52.94.235.50,443,3.0,0,1,1,23,1,expected
2018-11-27 02:41:37.593721,172,52.94.235.50,443,3.0,0,1,1,23,1,expected
2018-11-27 02:41:37.608421,172,52.94.235.50,443,3.0,0,1,1,23,1,expected
2018-11-27 02:41:37.622353,172,52.94.235.50,443,3.0,0,1,1,23,1,expected
2018-11-27 02:41:37.656920,172,52.94.235.50,443,3.0,0,1,1,23,1,expected
2018-11-27 02:41:37.670637,172,52.94.235.50,443,3.0,0,1,1,23,1,expected
2018-11-27 02:41:37.692295,172,52.94.235.50,443,3.0,0,1,1,23,1,expected
2018-11-27 02:41:37.706571,172,52.94.235.50,443,3.0,0,1,1,23,1,expected
2018-11-27 02:41:37.740935,172,52.94.235.50,443,3.0,0,1,1,23,1,expected
2018-11-27 02:41:37.754490,172,52.94.235.50,443,3.0,0,1,1,23,1,expected
2018-11-27 02:41:37.768531,172,52.94.235.50,443,3.0,0,1,1,23,1,expected
2018-11-27 02:41:37.782388,172,52.94.235.50,443,3.0,0,1,1,23,1,expected
2018-11-27 02:41:37.817151,172,52.94.235.50,443,3.0,0,1,1,23,1,expected
2018-11-27 02:41:37.830928,172,52.94.235.50,443,3.0,0,1,1,23,1,expected
2018-11-27 02:41:37.852291,172,52.94.235.50,443,3.0,0,1,1,23,1,expected
2018-11-27 02:41:37.866656,172,52.94.235.50,443,3.0,0,1,1,23,1,expected
2018-11-27 02:41:37.894150,172,52.94.235.50,443,3.0,0,1,1,23,1,expected
2018-11-27 02:41:37.915700,172,52.94.235.50,443,3.0,0,1,1,23,1,expected
2018-11-27 02:41:37.929997,172,52.94.235.50,443,3.0,0,1,1,23,1,expected
2018-11-27 02:41:37.943397,172,52.94.235.50,443,3.0,0,1,1,23,1,expected
2018-11-27 02:41:37.978877,172,52.94.235.50,443,3.0,0,1,1,23,1,expected
2018-11-27 02:41:37.996612,172,52.94.235.50,443,3.0,0,1,1,23,1,expected
2018-11-27 02:41:38.006439,172,52.94.235.50,443,3.0,0,1,1,23,1,expected
2018-11-27 02:41:38.029015,172,52.94.235.50,443,3.0,0,1,1,23,1,expected
2018-11-27 02:41:38.055452,172,52.94.235.50,443,3.0,0,1,1,23,1,expected
2018-11-27 02:41:38.076669,172,52.94.235.50,443,3.0,0,1,1,23,1,expected
2018-11-27 02:41:38.091092,172,52.94.235.50,443,3.0,0,1,1,23,1,expected
2018-11-27 02:41:38.104988,172,52.94.235.50,443,3.0,0,1,1,23,1,expected
2018-11-27 02:41:38.139395,172,52.94.235.50,443,3.0,0,1,1,23,1,expected
2018-11-27 02:41:38.153200,172,52.94.235.50,443,3.0,0,1,1,23,1,expected
2018-11-27 02:41:38.168792,172,52.94.235.50,443,3.0,0,1,1,23,1,expected
2018-11-27 02:41:38.188468,172,52.94.235.50,443,3.0,0,1,1,23,1,expected
2018-11-27 02:41:38.234247,172,52.94.235.50,443,3.0,0,1,1,23,1,expected
2018-11-27 02:41:38.234421,172,52.94.235.50,443,3.0,0,1,1,23,1,expected
2018-11-27 02:41:38.251260,172,52.94.235.50,443,3.0,0,1,1,23,1,expected
2018-11-27 02:41:38.265288,172,52.94.235.50,443,3.0,0,1,1,23,1,expected
2018-11-27 02:41:38.302104,172,52.94.235.50,443,3.0,0,1,1,23,1,expected
2018-11-27 02:41:38.314191,172,52.94.235.50,443,3.0,0,1,1,23,1,expected
2018-11-27 02:41:38.329271,172,52.94.235.50,443,3.0,0,1,1,23,1,expected
2018-11-27 02:41:38.342753,172,52.94.235.50,443,3.0,0,1,1,23,1,expected
2018-11-27 02:41:38.378974,172,52.94.235.50,443,3.0,0,1,1,23,1,expected
2018-11-27 02:41:38.391443,172,52.94.235.50,443,3.0,0,1,1,23,1,expected
2018-11-27 02:41:38.413773,172,52.94.235.50,443,3.0,0,1,1,23,1,expected
2018-11-27 02:41:38.426528,172,52.94.235.50,443,3.0,0,1,1,23,1,expected
2018-11-27 02:41:38.455146,172,52.94.235.50,443,3.0,0,1,1,23,1,expected
2018-11-27 02:41:38.475346,172,52.94.235.50,443,3.0,0,1,1,23,1,expected
2018-11-27 02:41:38.489020,172,52.94.235.50,443,3.0,0,1,1,23,1,expected
2018-11-27 02:41:38.503057,172,52.94.235.50,443,3.0,0,1,1,23,1,expected
2018-11-27 02:41:38.538603,172,52.94.235.50,443,3.0,0,1,1,23,1,expected
2018-11-27 02:41:38.552414,172,52.94.235.50,443,3.0,0,1,1,23,1,expected
2018-11-27 02:41:38.573782,172,52.94.235.50,443,3.0,0,1,1,23,1,expected
2018-11-27 02:41:38.588738,172,52.94.235.50,443,3.0,0,1,1,23,1,expected
2018-11-27 02:41:38.614359,172,52.94.235.50,443,3.0,0,1,1,23,1,expected
2018-11-27 02:41:38.635809,172,52.94.235.50,443,3.0,0,1,1,23,1,expected
2018-11-27 02:41:38.650365,172,52.94.235.50,443,3.0,0,1,1,23,1,expected
2018-11-27 02:41:38.663698,172,52.94.235.50,443,3.0,0,1,1,23,1,expected
2018-11-27 02:41:38.701860,172,52.94.235.50,443,3.0,0,1,1,23,1,expected
2018-11-27 02:41:38.713823,172,52.94.235.50,443,3.0,0,1,1,23,1,expected
2018-11-27 02:41:38.726677,172,52.94.235.50,443,3.0,0,1,1,23,1,expected
2018-11-27 02:41:38.748086,172,52.94.235.50,443,3.0,0,1,1,23,1,expected
2018-11-27 02:41:38.775794,172,52.94.235.50,443,3.0,0,1,1,23,1,expected
2018-11-27 02:41:38.797652,172,52.94.235.50,443,3.0,0,1,1,23,1,expected
2018-11-27 02:41:38.810350,172,52.94.235.50,443,3.0,0,1,1,23,1,expected
2018-11-27 02:41:38.825027,172,52.94.235.50,443,3.0,0,1,1,23,1,expected
2018-11-27 02:41:38.860441,172,52.94.235.50,443,3.0,0,1,1,23,1,expected
2018-11-27 02:41:38.873037,172,52.94.235.50,443,3.0,0,1,1,23,1,expected
2018-11-27 02:41:38.888336,172,52.94.235.50,443,3.0,0,1,1,23,1,expected
2018-11-27 02:41:38.934057,172,52.94.235.50,443,3.0,0,1,1,23,1,expected
2018-11-27 02:41:38.937802,172,52.94.235.50,443,3.0,0,1,1,23,1,expected
2018-11-27 02:41:38.943110,74,52.94.232.195,443,1.0,-3586470,0,1,,1,retransmit
2018-11-27 02:41:38.954169,136,52.94.235.50,443,3.0,0,1,1,23,1,expected
2018-11-27 02:41:38.954300,92,52.94.235.50,443,3.0,0,1,1,23,1,expected
2018-11-27 02:41:38.992692,54,52.94.232.195,443,1.0,49,1,1,,1,ack
2018-11-27 02:41:38.999602,312,52.94.232.195,443,3.0,0,1,1,22,1,handshake
2018-11-27 02:41:39.045056,54,52.94.232.195,443,1.0,52,1,1,,1,ack
2018-11-27 02:41:39.047224,105,52.94.232.195,443,3.0,0,1,1,20,1,handshake
2018-11-27 02:41:39.143695,812,52.94.232.195,443,3.0,0,1,1,23,1,expected
2018-11-27 02:41:39.196893,85,52.94.232.195,443,3.0,0,1,1,21,1,handshake
2018-11-27 02:41:39.197172,54,52.94.232.195,443,1.0,152,1,1,,1,ack
2018-11-27 02:41:39.198249,74,52.94.232.195,443,1.0,-3586442,0,1,,1,retransmit
2018-11-27 02:41:39.224826,54,52.94.235.50,443,1.0,2008,1,1,,1,ack
2018-11-27 02:41:39.248307,54,52.94.232.195,443,1.0,51,1,1,,1,ack
2018-11-27 02:41:39.253835,54,52.94.232.195,443,1.0,55,1,1,,1,ack
2018-11-27 02:41:39.258324,312,52.94.232.195,443,3.0,0,1,1,22,1,handshake
2018-11-27 02:41:39.311760,54,52.94.232.195,443,1.0,57,1,1,,1,ack
2018-11-27 02:41:39.312411,105,52.94.232.195,443,3.0,0,1,1,20,1,handshake
2018-11-27 02:41:39.419403,782,52.94.232.195,443,3.0,0,1,1,23,1,expected
2018-11-27 02:41:39.476474,285,52.94.235.50,443,3.0,0,1,1,23,1,expected
2018-11-27 02:41:39.476661,190,52.94.235.50,443,3.0,0,1,1,23,1,expected
2018-11-27 02:41:39.482350,54,52.94.235.50,443,1.0,257,1,1,,1,ack
2018-11-27 02:41:39.482550,54,52.94.235.50,443,1.0,0,1,1,,1,ack
2018-11-27 02:41:39.482644,54,52.94.235.50,443,1.0,0,1,1,,1,ack
2018-11-27 02:41:39.482794,54,52.94.235.50,443,1.0,0,1,1,,1,ack
2018-11-27 02:41:39.482867,54,52.94.235.50,443,1.0,0,1,1,,1,ack
2018-11-27 02:41:39.482940,54,52.94.235.50,443,1.0,0,1,1,,1,ack
2018-11-27 02:41:39.483050,54,52.94.235.50,443,1.0,0,1,1,,1,ack
2018-11-27 02:41:39.483132,54,52.94.235.50,443,1.0,0,1,1,,1,ack
2018-11-27 02:41:39.483860,1514,52.94.235.50,443,1.0,0,1,1,,1,not_relevant
2018-11-27 02:41:39.484224,1514,52.94.235.50,443,1.0,0,1,1,,1,not_relevant
2018-11-27 02:41:39.484246,54,52.94.235.50,443,1.0,0,1,1,,1,ack
2018-11-27 02:41:39.484524,400,52.94.235.50,443,3.0,0,1,1,23,1,expected
2018-11-27 02:41:39.484541,85,52.94.232.195,443,3.0,0,1,1,21,1,handshake
2018-11-27 02:41:39.484625,54,52.94.232.195,443,1.0,172,1,1,,1,ack
2018-11-27 02:41:39.543262,54,52.94.232.195,443,1.0,58,1,1,,1,ack
2018-11-27 02:41:39.548378,174,52.94.235.50,443,3.0,0,1,1,23,1,expected
2018-11-27 02:41:39.559611,54,52.94.235.50,443,1.0,75,1,1,,1,ack
2018-11-27 02:41:39.559815,54,52.94.235.50,443,1.0,0,1,1,,1,ack
2018-11-27 02:41:39.559950,54,52.94.235.50,443,1.0,0,1,1,,1,ack
2018-11-27 02:41:39.560113,54,52.94.235.50,443,1.0,0,1,1,,1,ack
2018-11-27 02:41:39.560245,54,52.94.235.50,443,1.0,0,1,1,,1,ack
2018-11-27 02:41:39.594820,54,52.94.235.50,443,1.0,34,1,1,,1,ack
2018-11-27 02:41:39.635957,54,52.94.235.50,443,1.0,41,1,1,,1,ack
2018-11-27 02:41:39.636780,54,52.94.235.50,443,1.0,0,1,1,,1,ack
2018-11-27 02:41:39.637649,54,52.94.235.50,443,1.0,0,1,1,,1,ack
2018-11-27 02:41:39.639284,54,52.94.235.50,443,1.0,1,1,1,,1,ack
2018-11-27 02:41:39.639736,54,52.94.235.50,443,1.0,0,1,1,,1,ack
2018-11-27 02:41:39.646636,74,52.94.232.195,443,1.0,-3586301,0,1,,1,retransmit
2018-11-27 02:41:39.694797,54,52.94.235.50,443,1.0,55,1,1,,1,ack
2018-11-27 02:41:39.714321,54,52.94.232.195,443,1.0,67,1,1,,1,ack
2018-11-27 02:41:39.714456,54,52.94.235.50,443,1.0,19,1,1,,1,ack
2018-11-27 02:41:39.714659,312,52.94.232.195,443,3.0,0,1,1,22,1,handshake
2018-11-27 02:41:39.714677,96,52.94.235.50,443,3.0,0,1,1,23,1,expected
2018-11-27 02:41:39.714813,54,52.94.235.50,443,1.0,0,1,1,,1,ack
2018-11-27 02:41:39.714893,54,52.94.235.50,443,1.0,0,1,1,,1,ack
2018-11-27 02:41:39.714964,54,52.94.235.50,443,1.0,0,1,1,,1,ack
2018-11-27 02:41:39.715053,54,52.94.235.50,443,1.0,0,1,1,,1,ack
2018-11-27 02:41:39.757770,54,52.94.235.50,443,1.0,42,1,1,,1,ack
2018-11-27 02:41:39.782488,54,52.94.235.50,443,1.0,24,1,1,,1,ack
2018-11-27 02:41:39.783877,54,52.94.235.50,443,1.0,1,1,1,,1,ack
2018-11-27 02:41:39.784075,54,52.94.235.50,443,1.0,0,1,1,,1,ack
2018-11-27 02:41:39.787421,54,52.94.235.50,443,1.0,3,1,1,,1,ack
2018-11-27 02:41:39.787578,54,52.94.235.50,443,1.0,0,1,1,,1,ack
2018-11-27 02:41:39.795612,54,52.94.232.195,443,1.0,81,1,1,,1,ack
2018-11-27 02:41:39.797157,105,52.94.232.195,443,3.0,0,1,1,20,1,handshake
2018-11-27 02:41:39.825958,54,52.94.235.50,443,1.0,38,1,1,,1,ack
2018-11-27 02:41:39.849280,54,52.94.235.50,443,1.0,23,1,1,,1,ack
2018-11-27 02:41:39.853583,96,52.94.235.50,443,3.0,0,1,1,23,1,expected
2018-11-27 02:41:39.858143,54,52.94.235.50,443,1.0,8,1,1,,1,ack
2018-11-27 02:41:39.860555,54,52.94.235.50,443,1.0,2,1,1,,1,ack
2018-11-27 02:41:39.860634,54,52.94.235.50,443,1.0,0,1,1,,1,ack
2018-11-27 02:41:39.861604,54,52.94.235.50,443,1.0,0,1,1,,1,ack
2018-11-27 02:41:39.894694,54,52.94.235.50,443,1.0,33,1,1,,1,ack
2018-11-27 02:41:39.902663,287,52.94.235.50,443,3.0,0,1,1,23,1,expected
2018-11-27 02:41:39.906002,190,52.94.235.50,443,3.0,0,1,1,23,1,expected
2018-11-27 02:41:39.914287,54,52.94.235.50,443,1.0,19,1,1,,1,ack
2018-11-27 02:41:39.919531,1514,52.94.235.50,443,1.0,5,1,1,,1,not_relevant
2018-11-27 02:41:39.919556,1514,52.94.235.50,443,1.0,0,1,1,,1,not_relevant
2018-11-27 02:41:39.925716,788,52.94.232.195,443,3.0,0,1,1,23,1,expected
2018-11-27 02:41:39.926605,1514,52.94.235.50,443,3.0,0,1,1,23,1,expected
2018-11-27 02:41:39.927516,54,52.94.235.50,443,1.0,7,1,1,,1,ack
2018-11-27 02:41:39.928323,54,52.94.235.50,443,1.0,0,1,1,,1,ack
2018-11-27 02:41:39.928815,54,52.94.235.50,443,1.0,0,1,1,,1,ack
2018-11-27 02:41:39.963270,54,52.94.235.50,443,1.0,34,1,1,,1,ack
2018-11-27 02:41:39.972882,1514,52.94.235.50,443,1.0,9,1,1,,1,not_relevant
2018-11-27 02:41:39.977073,1514,52.94.235.50,443,1.0,4,1,1,,1,not_relevant
2018-11-27 02:41:39.982386,1404,52.94.235.50,443,3.0,0,1,1,23,1,expected
2018-11-27 02:41:39.995850,54,52.94.235.50,443,1.0,18,1,1,,1,ack
2018-11-27 02:41:39.997289,54,52.94.235.50,443,1.0,1,1,1,,1,ack
2018-11-27 02:41:40.011595,85,52.94.232.195,443,3.0,0,1,1,21,1,handshake
2018-11-27 02:41:40.011681,54,52.94.232.195,443,1.0,216,1,1,,1,ack
2018-11-27 02:41:40.021178,74,52.94.232.195,443,1.0,-3586152,0,1,,1,retransmit
2018-11-27 02:41:40.035566,54,52.94.235.50,443,1.0,38,1,1,,1,ack
2018-11-27 02:41:40.064303,54,52.94.232.195,443,1.0,43,1,1,,1,ack
2018-11-27 02:41:40.065819,312,52.94.232.195,443,3.0,0,1,1,22,1,handshake
2018-11-27 02:41:40.090200,54,52.94.232.195,443,1.0,78,1,1,,1,ack
2018-11-27 02:41:40.124585,54,52.94.235.50,443,1.0,89,1,1,,1,ack
2018-11-27 02:41:40.127236,54,52.94.235.50,443,1.0,2,1,1,,1,ack
2018-11-27 02:41:40.132379,54,52.94.232.195,443,1.0,68,1,1,,1,ack
2018-11-27 02:41:40.133068,105,52.94.232.195,443,3.0,0,1,1,20,1,handshake
2018-11-27 02:41:40.156200,54,52.94.235.50,443,1.0,28,1,1,,1,ack
2018-11-27 02:41:40.158528,54,52.94.235.50,443,1.0,2,1,1,,1,ack
2018-11-27 02:41:40.232395,798,52.94.232.195,443,3.0,0,1,1,23,1,expected
2018-11-27 02:41:40.294941,85,52.94.232.195,443,3.0,0,1,1,21,1,handshake
2018-11-27 02:41:40.295137,54,52.94.232.195,443,1.0,162,1,1,,1,ack
2018-11-27 02:41:40.346707,54,52.94.232.195,443,1.0,51,1,1,,1,ack
2018-11-27 02:41:41.731904,54,52.94.235.50,443,1.0,1573,1,1,,1,ack
2018-11-27 02:41:41.732947,100,52.94.235.50,443,3.0,0,1,1,23,1,syn
2018-11-27 02:41:51.744598,100,52.94.235.50,443,3.0,0,1,1,23,1,syn
2018-11-27 02:41:51.855578,54,52.94.235.50,443,1.0,10123,1,1,,1,ack
2018-11-27 02:41:53.263035,66,99.84.170.19,80,1.0,-3662314,1,1,,1,ack
2018-11-27 02:41:53.322627,74,99.84.170.140,80,1.0,-3723442,0,1,,1,retransmit
2018-11-27 02:41:53.347472,66,99.84.170.140,80,1.0,24,1,1,,1,ack
2018-11-27 02:41:53.351400,256,99.84.170.140,80,3.0,0,1,1,,1,not_relevant
2018-11-27 02:41:53.381797,66,99.84.170.140,80,1.0,34,1,1,,1,ack
2018-11-27 02:41:53.388558,54,52.216.21.91,80,1.0,-3670111,1,1,,1,ack
2018-11-27 02:41:53.435442,74,52.216.21.43,80,1.0,-3626498,0,1,,1,retransmit
2018-11-27 02:41:53.487533,66,99.84.170.19,80,1.0,224,1,1,,1,ack
2018-11-27 02:41:53.488810,54,52.216.21.43,80,1.0,53,1,1,,1,ack
2018-11-27 02:41:53.498511,200,52.216.21.43,80,3.0,0,1,1,,1,not_relevant
2018-11-27 02:41:53.563619,54,52.216.21.43,80,1.0,74,1,1,,1,ack
2018-11-27 02:41:53.563806,54,52.216.21.43,80,1.0,0,1,1,,1,ack
2018-11-27 02:41:53.582288,66,52.216.21.43,80,1.0,18,1,1,,1,ack
2018-11-27 02:41:53.674532,54,52.216.21.91,80,1.0,285,1,1,,1,ack
2018-11-27 02:41:53.717548,66,99.84.170.19,80,1.0,230,1,1,,1,ack
2018-11-27 02:41:53.968198,54,52.216.21.91,80,1.0,293,1,1,,1,ack
2018-11-27 02:41:54.178042,66,99.84.170.19,80,1.0,460,1,1,,1,ack
2018-11-27 02:41:54.551288,54,52.216.21.91,80,1.0,583,1,1,,1,ack
2018-11-27 02:41:55.101856,66,99.84.170.19,80,1.0,923,1,1,,1,ack
2018-11-27 02:41:55.732249,54,52.216.21.91,80,1.0,1180,1,1,,1,ack
2018-11-27 02:41:56.940325,66,99.84.170.19,80,1.0,1838,1,1,,1,ack
2018-11-27 02:41:58.028675,54,52.216.21.91,80,1.0,2296,1,1,,1,ack
2018-11-27 02:41:59.884503,286,52.94.235.50,443,3.0,0,1,1,23,1,expected
2018-11-27 02:41:59.892237,190,52.94.235.50,443,3.0,0,1,1,23,1,expected
2018-11-27 02:41:59.898442,1514,52.94.235.50,443,1.0,8042,1,1,,1,not_relevant
2018-11-27 02:41:59.899357,1514,52.94.235.50,443,1.0,0,1,1,,1,not_relevant
2018-11-27 02:41:59.900881,526,52.94.235.50,443,3.0,0,1,1,23,1,expected
2018-11-27 02:41:59.959632,1514,52.94.235.50,443,3.0,0,1,1,23,1,expected
2018-11-27 02:41:59.960349,1514,52.94.235.50,443,1.0,60,1,1,,1,not_relevant
2018-11-27 02:41:59.964077,1514,52.94.235.50,443,1.0,3,1,1,,1,not_relevant
2018-11-27 02:41:59.964824,1249,52.94.235.50,443,3.0,0,1,1,23,1,expected
2018-11-27 02:42:00.062488,54,52.94.235.50,443,1.0,98,1,1,,1,ack
2018-11-27 02:42:00.062704,54,52.94.235.50,443,1.0,0,1,1,,1,ack
2018-11-27 02:42:00.269085,54,52.94.235.50,443,1.0,206,1,1,,1,ack
2018-11-27 02:42:00.269310,54,52.94.235.50,443,1.0,0,1,1,,1,ack
2018-11-27 02:42:00.384122,297,52.94.235.50,443,3.0,0,1,1,23,1,expected
2018-11-27 02:42:00.384361,190,52.94.235.50,443,3.0,0,1,1,23,1,expected
2018-11-27 02:42:00.384742,1514,52.94.235.50,443,1.0,115,1,1,,1,not_relevant
2018-11-27 02:42:00.385178,1514,52.94.235.50,443,1.0,0,1,1,,1,not_relevant
2018-11-27 02:42:00.385229,400,52.94.235.50,443,3.0,0,1,1,23,1,expected
2018-11-27 02:42:00.452572,174,52.94.235.50,443,3.0,0,1,1,23,1,expected
2018-11-27 02:42:00.629734,66,99.84.170.19,80,1.0,3689,1,1,,1,ack
2018-11-27 02:42:00.633315,54,52.94.235.50,443,1.0,248,1,1,,1,ack
2018-11-27 02:42:00.633495,54,52.94.235.50,443,1.0,0,1,1,,1,ack
2018-11-27 02:42:02.678217,54,52.216.21.91,80,1.0,4649,1,1,,1,ack
2018-11-27 02:42:07.999465,66,99.84.170.19,80,1.0,7369,1,1,,1,ack
2018-11-27 02:42:11.710766,54,52.94.235.50,443,1.0,11077,1,1,,1,ack
2018-11-27 02:42:11.712084,100,52.94.235.50,443,3.0,0,1,1,23,1,syn
2018-11-27 02:42:11.978205,54,52.216.21.91,80,1.0,9299,1,1,,1,ack
2018-11-27 02:42:16.596319,54,52.216.21.43,80,1.0,23014,1,1,,1,ack
2018-11-27 02:42:22.738509,66,99.84.170.19,80,1.0,14739,1,1,,1,ack
2018-11-27 02:42:30.578333,54,52.216.21.91,80,1.0,18600,1,1,,1,ack
2018-11-27 02:42:40.463231,288,52.94.235.50,443,3.0,0,1,1,23,1,expected
2018-11-27 02:42:40.463650,1514,52.94.235.50,443,3.0,0,1,1,23,1,expected
2018-11-27 02:42:40.463692,1514,52.94.235.50,443,1.0,28752,1,1,,1,not_relevant
2018-11-27 02:42:40.463712,1514,52.94.235.50,443,1.0,0,1,1,,1,not_relevant
2018-11-27 02:42:40.463908,837,52.94.235.50,443,3.0,0,1,1,23,1,expected
2018-11-27 02:42:40.463929,132,52.94.235.50,443,3.0,0,1,1,23,1,expected
2018-11-27 02:42:40.534106,74,52.94.232.195,443,1.0,-3566460,0,1,,1,retransmit
2018-11-27 02:42:40.538096,1514,52.94.235.50,443,3.0,0,1,1,23,1,expected
2018-11-27 02:42:40.540180,1514,52.94.235.50,443,3.0,0,1,1,23,1,expected
2018-11-27 02:42:40.540930,1514,52.94.235.50,443,1.0,77,1,1,,1,not_relevant
2018-11-27 02:42:40.540952,1514,52.94.235.50,443,1.0,0,1,1,,1,not_relevant
2018-11-27 02:42:40.541897,1396,52.94.235.50,443,3.0,0,1,1,23,1,expected
2018-11-27 02:42:40.589319,54,52.94.232.195,443,1.0,55,1,1,,1,ack
2018-11-27 02:42:40.593169,312,52.94.232.195,443,3.0,0,1,1,22,1,handshake
2018-11-27 02:42:40.597362,1514,52.94.235.50,443,1.0,56,1,1,,1,not_relevant
2018-11-27 02:42:40.599618,1514,52.94.235.50,443,1.0,2,1,1,,1,not_relevant
2018-11-27 02:42:40.601174,1514,52.94.235.50,443,1.0,1,1,1,,1,not_relevant
2018-11-27 02:42:40.601220,412,52.94.235.50,443,3.0,0,1,1,23,1,expected
2018-11-27 02:42:40.615767,172,52.94.235.50,443,3.0,0,1,1,23,1,expected
2018-11-27 02:42:40.639068,54,52.94.232.195,443,1.0,49,1,1,,1,ack
2018-11-27 02:42:40.639263,54,52.94.232.195,443,1.0,0,1,1,,1,ack
2018-11-27 02:42:40.639442,105,52.94.232.195,443,3.0,0,1,1,20,1,handshake
2018-11-27 02:42:40.653479,290,52.94.235.50,443,3.0,0,1,1,23,1,expected
2018-11-27 02:42:40.664529,172,52.94.235.50,443,3.0,0,1,1,23,1,expected
2018-11-27 02:42:40.679173,54,52.94.235.50,443,1.0,77,1,1,,1,ack
2018-11-27 02:42:40.699755,172,52.94.235.50,443,3.0,0,1,1,23,1,expected
2018-11-27 02:42:40.713299,172,52.94.235.50,443,3.0,0,1,1,23,1,expected
2018-11-27 02:42:40.727032,172,52.94.235.50,443,3.0,0,1,1,23,1,expected
2018-11-27 02:42:40.730203,768,52.94.232.195,443,3.0,0,1,1,23,1,expected
2018-11-27 02:42:40.748931,172,52.94.235.50,443,3.0,0,1,1,23,1,expected
2018-11-27 02:42:40.776043,172,52.94.235.50,443,3.0,0,1,1,23,1,expected
2018-11-27 02:42:40.781129,85,52.94.232.195,443,3.0,0,1,1,21,1,handshake
2018-11-27 02:42:40.781402,54,52.94.232.195,443,1.0,142,1,1,,1,ack
2018-11-27 02:42:40.790134,172,52.94.235.50,443,3.0,0,1,1,23,1,expected
2018-11-27 02:42:40.811407,172,52.94.235.50,443,3.0,0,1,1,23,1,expected
2018-11-27 02:42:40.825056,54,52.94.232.195,443,1.0,43,1,1,,1,ack
2018-11-27 02:42:40.825327,172,52.94.235.50,443,3.0,0,1,1,23,1,expected
2018-11-27 02:42:40.861053,172,52.94.235.50,443,3.0,0,1,1,23,1,expected
2018-11-27 02:42:40.873955,172,52.94.235.50,443,3.0,0,1,1,23,1,expected
2018-11-27 02:42:40.888114,172,52.94.235.50,443,3.0,0,1,1,23,1,expected
2018-11-27 02:42:40.902247,172,52.94.235.50,443,3.0,0,1,1,23,1,expected
2018-11-27 02:42:40.937654,172,52.94.235.50,443,3.0,0,1,1,23,1,expected
2018-11-27 02:42:40.950887,172,52.94.235.50,443,3.0,0,1,1,23,1,expected
2018-11-27 02:42:40.971953,172,52.94.235.50,443,3.0,0,1,1,23,1,expected
2018-11-27 02:42:40.981329,287,52.94.235.50,443,3.0,0,1,1,23,1,expected
2018-11-27 02:42:40.982727,190,52.94.235.50,443,3.0,0,1,1,23,1,expected
2018-11-27 02:42:40.997591,1514,52.94.235.50,443,1.0,318,1,1,,1,not_relevant
2018-11-27 02:42:40.999029,1514,52.94.235.50,443,1.0,1,1,1,,1,not_relevant
2018-11-27 02:42:41.030039,760,52.94.235.50,443,3.0,0,1,1,23,1,expected
2018-11-27 02:42:41.035084,172,52.94.235.50,443,3.0,0,1,1,23,1,expected
2018-11-27 02:42:41.049376,172,52.94.235.50,443,3.0,0,1,1,23,1,expected
2018-11-27 02:42:41.063052,172,52.94.235.50,443,3.0,0,1,1,23,1,expected
2018-11-27 02:42:41.098219,172,52.94.235.50,443,3.0,0,1,1,23,1,expected
2018-11-27 02:42:41.112134,172,52.94.235.50,443,3.0,0,1,1,23,1,expected
2018-11-27 02:42:41.126029,172,52.94.235.50,443,3.0,0,1,1,23,1,expected
2018-11-27 02:42:41.147212,172,52.94.235.50,443,3.0,0,1,1,23,1,expected
2018-11-27 02:42:41.175643,172,52.94.235.50,443,3.0,0,1,1,23,1,expected
2018-11-27 02:42:41.196954,172,52.94.235.50,443,3.0,0,1,1,23,1,expected
2018-11-27 02:42:41.234132,172,52.94.235.50,443,3.0,0,1,1,23,1,expected
2018-11-27 02:42:41.234281,172,52.94.235.50,443,3.0,0,1,1,23,1,expected
2018-11-27 02:42:41.255312,54,52.94.235.50,443,1.0,256,1,1,,1,ack
2018-11-27 02:42:41.260005,172,52.94.235.50,443,3.0,0,1,1,23,1,expected
2018-11-27 02:42:41.272783,172,52.94.235.50,443,3.0,0,1,1,23,1,expected
2018-11-27 02:42:41.287436,172,52.94.235.50,443,3.0,0,1,1,23,1,expected
2018-11-27 02:42:41.308073,172,52.94.235.50,443,3.0,0,1,1,23,1,expected
2018-11-27 02:42:41.336586,172,52.94.235.50,443,3.0,0,1,1,23,1,expected
2018-11-27 02:42:41.352048,172,52.94.235.50,443,3.0,0,1,1,23,1,expected
2018-11-27 02:42:41.370969,172,52.94.235.50,443,3.0,0,1,1,23,1,expected
2018-11-27 02:42:41.385205,172,52.94.235.50,443,3.0,0,1,1,23,1,expected
2018-11-27 02:42:41.419871,172,52.94.235.50,443,3.0,0,1,1,23,1,expected
2018-11-27 02:42:41.433009,172,52.94.235.50,443,3.0,0,1,1,23,1,expected
2018-11-27 02:42:41.447145,172,52.94.235.50,443,3.0,0,1,1,23,1,expected
2018-11-27 02:42:41.468420,172,52.94.235.50,443,3.0,0,1,1,23,1,expected
2018-11-27 02:42:41.498116,172,52.94.235.50,443,3.0,0,1,1,23,1,expected
2018-11-27 02:42:41.509911,172,52.94.235.50,443,3.0,0,1,1,23,1,expected
2018-11-27 02:42:41.531203,172,52.94.235.50,443,3.0,0,1,1,23,1,expected
2018-11-27 02:42:41.545208,172,52.94.235.50,443,3.0,0,1,1,23,1,expected
2018-11-27 02:42:41.582533,172,52.94.235.50,443,3.0,0,1,1,23,1,expected
2018-11-27 02:42:41.596862,172,52.94.235.50,443,3.0,0,1,1,23,1,expected
2018-11-27 02:42:41.608100,172,52.94.235.50,443,3.0,0,1,1,23,1,expected
2018-11-27 02:42:41.622236,172,52.94.235.50,443,3.0,0,1,1,23,1,expected
2018-11-27 02:42:41.657003,172,52.94.235.50,443,3.0,0,1,1,23,1,expected
2018-11-27 02:42:41.671142,172,52.94.235.50,443,3.0,0,1,1,23,1,expected
2018-11-27 02:42:41.692085,172,52.94.235.50,443,3.0,0,1,1,23,1,expected
2018-11-27 02:42:41.706490,172,52.94.235.50,443,3.0,0,1,1,23,1,expected
2018-11-27 02:42:41.725156,100,52.94.235.50,443,3.0,0,1,1,23,1,syn
2018-11-27 02:42:41.734032,172,52.94.235.50,443,3.0,0,1,1,23,1,expected
2018-11-27 02:42:41.755976,172,52.94.235.50,443,3.0,0,1,1,23,1,expected
2018-11-27 02:42:41.770297,172,52.94.235.50,443,3.0,0,1,1,23,1,expected
2018-11-27 02:42:41.783062,172,52.94.235.50,443,3.0,0,1,1,23,1,expected
2018-11-27 02:42:41.818813,172,52.94.235.50,443,3.0,0,1,1,23,1,expected
2018-11-27 02:42:41.832986,172,52.94.235.50,443,3.0,0,1,1,23,1,expected
2018-11-27 02:42:41.846303,172,52.94.235.50,443,3.0,0,1,1,23,1,expected
2018-11-27 02:42:41.867024,172,52.94.235.50,443,3.0,0,1,1,23,1,expected
2018-11-27 02:42:41.896335,172,52.94.235.50,443,3.0,0,1,1,23,1,expected
2018-11-27 02:42:41.934391,172,52.94.235.50,443,3.0,0,1,1,23,1,expected
2018-11-27 02:42:41.934585,172,52.94.235.50,443,3.0,0,1,1,23,1,expected
2018-11-27 02:42:41.944450,172,52.94.235.50,443,3.0,0,1,1,23,1,expected
2018-11-27 02:42:41.980565,172,52.94.235.50,443,3.0,0,1,1,23,1,expected
2018-11-27 02:42:41.995552,172,52.94.235.50,443,3.0,0,1,1,23,1,expected
2018-11-27 02:42:42.009368,172,52.94.235.50,443,3.0,0,1,1,23,1,expected
2018-11-27 02:42:42.028643,172,52.94.235.50,443,3.0,0,1,1,23,1,expected
2018-11-27 02:42:42.055923,172,52.94.235.50,443,3.0,0,1,1,23,1,expected
2018-11-27 02:42:42.070227,172,52.94.235.50,443,3.0,0,1,1,23,1,expected
2018-11-27 02:42:42.090871,172,52.94.235.50,443,3.0,0,1,1,23,1,expected
2018-11-27 02:42:42.104874,172,52.94.235.50,443,3.0,0,1,1,23,1,expected
2018-11-27 02:42:42.140280,172,52.94.235.50,443,3.0,0,1,1,23,1,expected
2018-11-27 02:42:42.153749,172,52.94.235.50,443,3.0,0,1,1,23,1,expected
2018-11-27 02:42:42.167924,172,52.94.235.50,443,3.0,0,1,1,23,1,expected
2018-11-27 02:42:42.182335,172,52.94.235.50,443,3.0,0,1,1,23,1,expected
2018-11-27 02:42:42.216851,172,52.94.235.50,443,3.0,0,1,1,23,1,expected
2018-11-27 02:42:42.235832,172,52.94.235.50,443,3.0,0,1,1,23,1,expected
2018-11-27 02:42:42.255559,172,52.94.235.50,443,3.0,0,1,1,23,1,expected
2018-11-27 02:42:42.268685,172,52.94.235.50,443,3.0,0,1,1,23,1,expected
2018-11-27 02:42:42.294369,172,52.94.235.50,443,3.0,0,1,1,23,1,expected
2018-11-27 02:42:42.315278,172,52.94.235.50,443,3.0,0,1,1,23,1,expected
2018-11-27 02:42:42.329331,172,52.94.235.50,443,3.0,0,1,1,23,1,expected
2018-11-27 02:42:42.342908,172,52.94.235.50,443,3.0,0,1,1,23,1,expected
2018-11-27 02:42:42.381639,172,52.94.235.50,443,3.0,0,1,1,23,1,expected
2018-11-27 02:42:42.391300,172,52.94.235.50,443,3.0,0,1,1,23,1,expected
2018-11-27 02:42:42.413002,172,52.94.235.50,443,3.0,0,1,1,23,1,expected
2018-11-27 02:42:42.426996,172,52.94.235.50,443,3.0,0,1,1,23,1,expected
2018-11-27 02:42:42.454260,172,52.94.235.50,443,3.0,0,1,1,23,1,expected
2018-11-27 02:42:42.475175,172,52.94.235.50,443,3.0,0,1,1,23,1,expected
2018-11-27 02:42:42.489600,172,52.94.235.50,443,3.0,0,1,1,23,1,expected
2018-11-27 02:42:42.503078,172,52.94.235.50,443,3.0,0,1,1,23,1,expected
2018-11-27 02:42:42.540833,172,52.94.235.50,443,3.0,0,1,1,23,1,expected
2018-11-27 02:42:42.552309,172,52.94.235.50,443,3.0,0,1,1,23,1,expected
2018-11-27 02:42:42.566270,172,52.94.235.50,443,3.0,0,1,1,23,1,expected
2018-11-27 02:42:42.593487,172,52.94.235.50,443,3.0,0,1,1,23,1,expected
2018-11-27 02:42:42.628971,172,52.94.235.50,443,3.0,0,1,1,23,1,expected
2018-11-27 02:42:42.635570,172,52.94.235.50,443,3.0,0,1,1,23,1,expected
2018-11-27 02:42:42.649605,172,52.94.235.50,443,3.0,0,1,1,23,1,expected
2018-11-27 02:42:42.663254,172,52.94.235.50,443,3.0,0,1,1,23,1,expected
2018-11-27 02:42:42.701014,172,52.94.235.50,443,3.0,0,1,1,23,1,expected
2018-11-27 02:42:42.712766,172,52.94.235.50,443,3.0,0,1,1,23,1,expected
2018-11-27 02:42:42.726511,172,52.94.235.50,443,3.0,0,1,1,23,1,expected
2018-11-27 02:42:42.747024,172,52.94.235.50,443,3.0,0,1,1,23,1,expected
2018-11-27 02:42:42.775028,172,52.94.235.50,443,3.0,0,1,1,23,1,expected
2018-11-27 02:42:42.797328,172,52.94.235.50,443,3.0,0,1,1,23,1,expected
2018-11-27 02:42:42.800052,136,52.94.235.50,443,3.0,0,1,1,23,1,expected
2018-11-27 02:42:42.800570,92,52.94.235.50,443,3.0,0,1,1,23,1,expected
2018-11-27 02:42:42.814924,74,52.94.232.195,443,1.0,-3573722,0,1,,1,retransmit
2018-11-27 02:42:42.844472,54,52.94.235.50,443,1.0,1589,1,1,,1,ack
2018-11-27 02:42:42.856361,54,52.94.232.195,443,1.0,41,1,1,,1,ack
2018-11-27 02:42:42.858734,312,52.94.232.195,443,3.0,0,1,1,22,1,handshake
2018-11-27 02:42:42.907878,54,52.94.232.195,443,1.0,51,1,1,,1,ack
2018-11-27 02:42:42.910221,105,52.94.232.195,443,3.0,0,1,1,20,1,handshake
2018-11-27 02:42:43.013621,812,52.94.232.195,443,3.0,0,1,1,23,1,expected
2018-11-27 02:42:43.081560,85,52.94.232.195,443,3.0,0,1,1,21,1,handshake
2018-11-27 02:42:43.081753,54,52.94.232.195,443,1.0,173,1,1,,1,ack
2018-11-27 02:42:43.085018,54,52.94.235.50,443,1.0,240,1,1,,1,ack
2018-11-27 02:42:43.089133,74,52.94.232.195,443,1.0,-3576269,0,1,,1,retransmit
2018-11-27 02:42:43.145169,54,52.94.232.195,443,1.0,63,1,1,,1,ack
2018-11-27 02:42:43.156878,54,52.94.232.195,443,1.0,67,1,1,,1,ack
2018-11-27 02:42:43.158023,312,52.94.232.195,443,3.0,0,1,1,22,1,handshake
2018-11-27 02:42:43.224657,54,52.94.232.195,443,1.0,67,1,1,,1,ack
2018-11-27 02:42:43.225445,105,52.94.232.195,443,3.0,0,1,1,20,1,handshake
2018-11-27 02:42:43.342431,781,52.94.232.195,443,3.0,0,1,1,23,1,expected
2018-11-27 02:42:43.378909,287,52.94.235.50,443,3.0,0,1,1,23,1,expected
2018-11-27 02:42:43.379845,54,52.94.235.50,443,1.0,294,1,1,,1,ack
2018-11-27 02:42:43.381604,190,52.94.235.50,443,3.0,0,1,1,23,1,expected
2018-11-27 02:42:43.384005,1514,52.94.235.50,443,1.0,4,1,1,,1,not_relevant
2018-11-27 02:42:43.384087,1514,52.94.235.50,443,1.0,0,1,1,,1,not_relevant
2018-11-27 02:42:43.384150,400,52.94.235.50,443,3.0,0,1,1,23,1,expected
2018-11-27 02:42:43.384323,54,52.94.235.50,443,1.0,0,1,1,,1,ack
2018-11-27 02:42:43.387334,54,52.94.235.50,443,1.0,3,1,1,,1,ack
2018-11-27 02:42:43.387903,54,52.94.235.50,443,1.0,0,1,1,,1,ack
2018-11-27 02:42:43.388890,54,52.94.235.50,443,1.0,0,1,1,,1,ack
2018-11-27 02:42:43.418996,85,52.94.232.195,443,3.0,0,1,1,21,1,handshake
2018-11-27 02:42:43.420091,54,52.94.232.195,443,1.0,195,1,1,,1,ack
2018-11-27 02:42:43.455125,174,52.94.235.50,443,3.0,0,1,1,23,1,expected
2018-11-27 02:42:43.463730,54,52.94.235.50,443,1.0,74,1,1,,1,ack
2018-11-27 02:42:43.463932,54,52.94.235.50,443,1.0,0,1,1,,1,ack
2018-11-27 02:42:43.465263,54,52.94.235.50,443,1.0,1,1,1,,1,ack
2018-11-27 02:42:43.465572,54,52.94.235.50,443,1.0,0,1,1,,1,ack
2018-11-27 02:42:43.467958,54,52.94.235.50,443,1.0,2,1,1,,1,ack
2018-11-27 02:42:43.468855,54,52.94.235.50,443,1.0,0,1,1,,1,ack
2018-11-27 02:42:43.470874,96,52.94.235.50,443,3.0,0,1,1,23,1,expected
2018-11-27 02:42:43.477930,74,52.94.232.195,443,1.0,-3576172,0,1,,1,retransmit
2018-11-27 02:42:43.483811,54,52.94.232.195,443,1.0,63,1,1,,1,ack
2018-11-27 02:42:43.531099,54,52.94.232.195,443,1.0,53,1,1,,1,ack
2018-11-27 02:42:43.533188,312,52.94.232.195,443,3.0,0,1,1,22,1,handshake
2018-11-27 02:42:43.541353,54,52.94.235.50,443,1.0,72,1,1,,1,ack
2018-11-27 02:42:43.541461,54,52.94.235.50,443,1.0,0,1,1,,1,ack
2018-11-27 02:42:43.564866,54,52.94.235.50,443,1.0,23,1,1,,1,ack
2018-11-27 02:42:43.565102,54,52.94.235.50,443,1.0,0,1,1,,1,ack
2018-11-27 02:42:43.565184,54,52.94.235.50,443,1.0,0,1,1,,1,ack
2018-11-27 02:42:43.565259,54,52.94.235.50,443,1.0,0,1,1,,1,ack
2018-11-27 02:42:43.565332,54,52.94.235.50,443,1.0,0,1,1,,1,ack
2018-11-27 02:42:43.610608,54,52.94.232.195,443,1.0,79,1,1,,1,ack
2018-11-27 02:42:43.629663,105,52.94.232.195,443,3.0,0,1,1,20,1,handshake
2018-11-27 02:42:43.629893,54,52.94.235.50,443,1.0,64,1,1,,1,ack
2018-11-27 02:42:43.629972,54,52.94.235.50,443,1.0,0,1,1,,1,ack
2018-11-27 02:42:43.640371,54,52.94.235.50,443,1.0,10,1,1,,1,ack
2018-11-27 02:42:43.640503,54,52.94.235.50,443,1.0,0,1,1,,1,ack
2018-11-27 02:42:43.648961,287,52.94.235.50,443,3.0,0,1,1,23,1,expected
2018-11-27 02:42:43.649348,1514,52.94.235.50,443,3.0,0,1,1,23,1,expected
2018-11-27 02:42:43.650591,1514,52.94.235.50,443,1.0,10,1,1,,1,not_relevant
2018-11-27 02:42:43.650904,1514,52.94.235.50,443,1.0,0,1,1,,1,not_relevant
2018-11-27 02:42:43.650927,541,52.94.235.50,443,3.0,0,1,1,23,1,expected
2018-11-27 02:42:43.650942,54,52.94.235.50,443,1.0,0,1,1,,1,ack
2018-11-27 02:42:43.651048,54,52.94.235.50,443,1.0,0,1,1,,1,ack
2018-11-27 02:42:43.651136,54,52.94.235.50,443,1.0,0,1,1,,1,ack
2018-11-27 02:42:43.653365,136,52.94.235.50,443,3.0,0,1,1,23,1,expected
2018-11-27 02:42:43.710821,54,52.94.235.50,443,1.0,59,1,1,,1,ack
2018-11-27 02:42:43.711050,54,52.94.235.50,443,1.0,0,1,1,,1,ack
2018-11-27 02:42:43.716498,54,52.94.235.50,443,1.0,5,1,1,,1,ack
2018-11-27 02:42:43.717583,54,52.94.235.50,443,1.0,1,1,1,,1,ack
2018-11-27 02:42:43.728442,134,52.94.235.50,443,3.0,0,1,1,23,1,expected
2018-11-27 02:42:43.736517,54,52.94.235.50,443,1.0,18,1,1,,1,ack
2018-11-27 02:42:43.738693,54,52.94.235.50,443,1.0,2,1,1,,1,ack
2018-11-27 02:42:43.739569,54,52.94.235.50,443,1.0,0,1,1,,1,ack
2018-11-27 02:42:43.740799,54,52.94.235.50,443,1.0,1,1,1,,1,ack
2018-11-27 02:42:43.741679,96,52.94.235.50,443,3.0,0,1,1,23,1,expected
2018-11-27 02:42:43.753627,788,52.94.232.195,443,3.0,0,1,1,23,1,expected
2018-11-27 02:42:43.770561,287,52.94.235.50,443,3.0,0,1,1,23,1,expected
2018-11-27 02:42:43.771218,190,52.94.235.50,443,3.0,0,1,1,23,1,expected
2018-11-27 02:42:43.774968,1514,52.94.235.50,443,1.0,34,1,1,,1,not_relevant
2018-11-27 02:42:43.789820,54,52.94.235.50,443,1.0,14,1,1,,1,ack
2018-11-27 02:42:43.790701,54,52.94.235.50,443,1.0,0,1,1,,1,ack
2018-11-27 02:42:43.799127,54,52.94.235.50,443,1.0,8,1,1,,1,ack
2018-11-27 02:42:43.799344,54,52.94.235.50,443,1.0,0,1,1,,1,ack
2018-11-27 02:42:43.814441,1514,52.94.235.50,443,1.0,15,1,1,,1,not_relevant
2018-11-27 02:42:43.814629,54,52.94.235.50,443,1.0,0,1,1,,1,ack
2018-11-27 02:42:43.819509,54,52.94.235.50,443,1.0,4,1,1,,1,ack
2018-11-27 02:42:43.820824,54,52.94.235.50,443,1.0,1,1,1,,1,ack
2018-11-27 02:42:43.824376,521,52.94.235.50,443,3.0,0,1,1,23,1,expected
2018-11-27 02:42:43.834678,85,52.94.232.195,443,3.0,0,1,1,21,1,handshake
2018-11-27 02:42:43.835253,54,52.94.232.195,443,1.0,224,1,1,,1,ack
2018-11-27 02:42:43.863860,54,52.94.235.50,443,1.0,43,1,1,,1,ack
2018-11-27 02:42:43.869781,96,52.94.235.50,443,3.0,0,1,1,23,1,expected
2018-11-27 02:42:43.872187,74,52.94.232.195,443,1.0,-3576206,0,1,,1,retransmit
2018-11-27 02:42:43.886740,54,52.94.235.50,443,1.0,22,1,1,,1,ack
2018-11-27 02:42:43.905975,54,52.94.232.195,443,1.0,70,1,1,,1,ack
2018-11-27 02:42:43.922039,54,52.94.232.195,443,1.0,49,1,1,,1,ack
2018-11-27 02:42:43.922745,312,52.94.232.195,443,3.0,0,1,1,22,1,handshake
2018-11-27 02:42:43.934826,54,52.94.235.50,443,1.0,48,1,1,,1,ack
2018-11-27 02:42:43.994190,54,52.94.235.50,443,1.0,59,1,1,,1,ack
2018-11-27 02:42:44.035329,54,52.94.232.195,443,1.0,113,1,1,,1,ack
2018-11-27 02:42:44.036534,105,52.94.232.195,443,3.0,0,1,1,20,1,handshake
2018-11-27 02:42:44.170476,796,52.94.232.195,443,3.0,0,1,1,23,1,expected
2018-11-27 02:42:44.265077,85,52.94.232.195,443,3.0,0,1,1,21,1,handshake
2018-11-27 02:42:44.265232,54,52.94.232.195,443,1.0,229,1,1,,1,ack
2018-11-27 02:42:44.357851,54,52.94.232.195,443,1.0,92,1,1,,1,ack
2018-11-27 02:42:52.217832,66,99.84.170.19,80,1.0,29479,1,1,,1,ack
2018-11-27 02:42:58.032676,97,99.84.170.26,443,3.0,0,1,1,21,1,handshake
2018-11-27 02:42:58.032941,66,99.84.170.26,443,1.0,-3562356,1,1,,1,ack
2018-11-27 02:43:03.710537,287,52.94.235.50,443,3.0,0,1,1,23,1,expected
2018-11-27 02:43:03.711164,1514,52.94.235.50,443,3.0,0,1,1,23,1,expected
2018-11-27 02:43:03.711740,1514,52.94.235.50,443,1.0,19717,1,1,,1,not_relevant
2018-11-27 02:43:03.713445,1514,52.94.235.50,443,1.0,1,1,1,,1,not_relevant
2018-11-27 02:43:03.713567,661,52.94.235.50,443,3.0,0,1,1,23,1,expected
2018-11-27 02:43:03.768568,287,52.94.235.50,443,3.0,0,1,1,23,1,expected
2018-11-27 02:43:03.769178,190,52.94.235.50,443,3.0,0,1,1,23,1,expected
2018-11-27 02:43:03.772592,1514,52.94.235.50,443,1.0,59,1,1,,1,not_relevant
2018-11-27 02:43:03.773595,1514,52.94.235.50,443,1.0,1,1,1,,1,not_relevant
2018-11-27 02:43:03.774953,487,52.94.235.50,443,3.0,0,1,1,23,1,expected
2018-11-27 02:43:03.820229,92,52.94.235.50,443,3.0,0,1,1,23,1,expected
2018-11-27 02:43:03.911787,54,52.94.235.50,443,1.0,138,1,1,,1,ack
2018-11-27 02:43:03.911952,54,52.94.235.50,443,1.0,0,1,1,,1,ack
2018-11-27 02:43:03.950621,54,52.94.235.50,443,1.0,38,1,1,,1,ack
2018-11-27 02:43:03.950789,54,52.94.235.50,443,1.0,0,1,1,,1,ack
2018-11-27 02:43:04.202617,287,52.94.235.50,443,3.0,0,1,1,23,1,expected
2018-11-27 02:43:04.203038,1514,52.94.235.50,443,3.0,0,1,1,23,1,expected
2018-11-27 02:43:04.203067,1514,52.94.235.50,443,1.0,252,1,1,,1,not_relevant
2018-11-27 02:43:04.203084,1514,52.94.235.50,443,1.0,0,1,1,,1,not_relevant
2018-11-27 02:43:04.203099,656,52.94.235.50,443,3.0,0,1,1,23,1,expected
2018-11-27 02:43:04.374882,54,52.94.235.50,443,1.0,171,1,1,,1,ack
2018-11-27 02:43:04.374994,54,52.94.235.50,443,1.0,0,1,1,,1,ack
2018-11-27 02:43:07.832935,54,52.216.21.91,80,1.0,37254,1,1,,1,ack
2018-11-27 02:43:11.728204,54,52.94.235.50,443,1.0,7353,1,1,,1,ack
2018-11-27 02:43:11.728659,100,52.94.235.50,443,3.0,0,1,1,23,1,syn
2018-11-27 02:43:41.719422,100,52.94.235.50,443,3.0,0,1,1,23,1,syn
2018-11-27 02:43:53.424251,66,99.84.170.140,80,1.0,120042,1,1,,1,ack
2018-11-27 02:44:11.732638,100,52.94.235.50,443,3.0,0,1,1,23,1,syn
2018-11-27 02:44:16.160320,286,52.94.235.50,443,3.0,0,1,1,23,1,expected
2018-11-27 02:44:16.160714,190,52.94.235.50,443,3.0,0,1,1,23,1,expected
2018-11-27 02:44:16.207160,1514,52.94.235.50,443,1.0,64478,1,1,,1,not_relevant
2018-11-27 02:44:16.207232,1514,52.94.235.50,443,1.0,0,1,1,,1,not_relevant
2018-11-27 02:44:16.207304,701,52.94.235.50,443,3.0,0,1,1,23,1,expected
2018-11-27 02:44:16.221194,1514,52.94.235.50,443,3.0,0,1,1,23,1,expected
2018-11-27 02:44:16.228237,1514,52.94.235.50,443,3.0,0,1,1,23,1,expected
2018-11-27 02:44:16.250209,74,54.239.26.255,443,1.0,-3532577,0,1,,1,retransmit
2018-11-27 02:44:16.262645,1514,52.94.235.50,443,1.0,55,1,1,,1,not_relevant
2018-11-27 02:44:16.269433,1514,52.94.235.50,443,1.0,6,1,1,,1,not_relevant
2018-11-27 02:44:16.270951,1481,52.94.235.50,443,3.0,0,1,1,23,1,expected
2018-11-27 02:44:16.301988,1514,52.94.235.50,443,1.0,32,1,1,,1,not_relevant
2018-11-27 02:44:16.302041,1514,52.94.235.50,443,1.0,0,1,1,,1,not_relevant
2018-11-27 02:44:16.311261,54,54.239.26.255,443,1.0,61,1,1,,1,ack
2018-11-27 02:44:16.313504,312,54.239.26.255,443,3.0,0,1,1,22,1,handshake
2018-11-27 02:44:16.317644,1514,52.94.235.50,443,1.0,15,1,1,,1,not_relevant
2018-11-27 02:44:16.325959,290,52.94.235.50,443,3.0,0,1,1,23,1,expected
2018-11-27 02:44:16.362511,54,54.239.26.255,443,1.0,51,1,1,,1,ack
2018-11-27 02:44:16.388705,105,54.239.26.255,443,3.0,0,1,1,20,1,handshake
2018-11-27 02:44:16.388931,172,52.94.235.50,443,3.0,0,1,1,23,1,expected
2018-11-27 02:44:16.390609,332,52.94.235.50,443,3.0,0,1,1,23,1,expected
2018-11-27 02:44:16.402805,54,52.94.235.50,443,1.0,85,1,1,,1,ack
2018-11-27 02:44:16.428792,172,52.94.235.50,443,3.0,0,1,1,23,1,expected
2018-11-27 02:44:16.428960,172,52.94.235.50,443,3.0,0,1,1,23,1,expected
2018-11-27 02:44:16.459629,172,52.94.235.50,443,3.0,0,1,1,23,1,expected
2018-11-27 02:44:16.473360,763,54.239.26.255,443,3.0,0,1,1,23,1,expected
2018-11-27 02:44:16.473594,172,52.94.235.50,443,3.0,0,1,1,23,1,expected
2018-11-27 02:44:16.487651,172,52.94.235.50,443,3.0,0,1,1,23,1,expected
2018-11-27 02:44:16.501896,172,52.94.235.50,443,3.0,0,1,1,23,1,expected
2018-11-27 02:44:16.536500,85,54.239.26.255,443,3.0,0,1,1,21,1,handshake
2018-11-27 02:44:16.536803,54,54.239.26.255,443,1.0,174,1,1,,1,ack
2018-11-27 02:44:16.536889,172,52.94.235.50,443,3.0,0,1,1,23,1,expected
2018-11-27 02:44:16.550848,172,52.94.235.50,443,3.0,0,1,1,23,1,expected
2018-11-27 02:44:16.572096,172,52.94.235.50,443,3.0,0,1,1,23,1,expected
2018-11-27 02:44:16.579059,54,54.239.26.255,443,1.0,42,1,1,,1,ack
2018-11-27 02:44:16.586105,172,52.94.235.50,443,3.0,0,1,1,23,1,expected
2018-11-27 02:44:16.613809,172,52.94.235.50,443,3.0,0,1,1,23,1,expected
2018-11-27 02:44:16.634655,172,52.94.235.50,443,3.0,0,1,1,23,1,expected
2018-11-27 02:44:16.648773,172,52.94.235.50,443,3.0,0,1,1,23,1,expected
2018-11-27 02:44:16.667581,172,52.94.235.50,443,3.0,0,1,1,23,1,expected
2018-11-27 02:44:16.686924,643,52.94.235.50,443,3.0,0,1,1,23,1,expected
2018-11-27 02:44:16.687406,190,52.94.235.50,443,3.0,0,1,1,23,1,expected
2018-11-27 02:44:16.695520,1514,52.94.235.50,443,1.0,292,1,1,,1,not_relevant
2018-11-27 02:44:16.727082,1514,52.94.235.50,443,1.0,31,1,1,,1,not_relevant
2018-11-27 02:44:16.727448,878,52.94.235.50,443,3.0,0,1,1,23,1,expected
2018-11-27 02:44:16.747896,172,52.94.235.50,443,3.0,0,1,1,23,1,expected
2018-11-27 02:44:16.775230,172,52.94.235.50,443,3.0,0,1,1,23,1,expected
2018-11-27 02:44:16.795806,172,52.94.235.50,443,3.0,0,1,1,23,1,expected
2018-11-27 02:44:16.809892,172,52.94.235.50,443,3.0,0,1,1,23,1,expected
2018-11-27 02:44:16.823779,172,52.94.235.50,443,3.0,0,1,1,23,1,expected
2018-11-27 02:44:16.858998,172,52.94.235.50,443,3.0,0,1,1,23,1,expected
2018-11-27 02:44:16.872419,172,52.94.235.50,443,3.0,0,1,1,23,1,expected
2018-11-27 02:44:16.886587,172,52.94.235.50,443,3.0,0,1,1,23,1,expected
2018-11-27 02:44:16.892213,54,52.94.235.50,443,1.0,165,1,1,,1,ack
2018-11-27 02:44:16.907737,172,52.94.235.50,443,3.0,0,1,1,23,1,expected
2018-11-27 02:44:16.935906,172,52.94.235.50,443,3.0,0,1,1,23,1,expected
2018-11-27 02:44:16.949450,172,52.94.235.50,443,3.0,0,1,1,23,1,expected
2018-11-27 02:44:16.970560,172,52.94.235.50,443,3.0,0,1,1,23,1,expected
2018-11-27 02:44:16.985557,172,52.94.235.50,443,3.0,0,1,1,23,1,expected
2018-11-27 02:44:17.021703,172,52.94.235.50,443,3.0,0,1,1,23,1,expected
2018-11-27 02:44:17.033435,172,52.94.235.50,443,3.0,0,1,1,23,1,expected
2018-11-27 02:44:17.047933,172,52.94.235.50,443,3.0,0,1,1,23,1,expected
2018-11-27 02:44:17.061826,172,52.94.235.50,443,3.0,0,1,1,23,1,expected
2018-11-27 02:44:17.096905,172,52.94.235.50,443,3.0,0,1,1,23,1,expected
2018-11-27 02:44:17.128915,172,52.94.235.50,443,3.0,0,1,1,23,1,expected
2018-11-27 02:44:17.131618,172,52.94.235.50,443,3.0,0,1,1,23,1,expected
2018-11-27 02:44:17.145863,172,52.94.235.50,443,3.0,0,1,1,23,1,expected
2018-11-27 02:44:17.173905,172,52.94.235.50,443,3.0,0,1,1,23,1,expected
2018-11-27 02:44:17.194733,172,52.94.235.50,443,3.0,0,1,1,23,1,expected
2018-11-27 02:44:17.209078,172,52.94.235.50,443,3.0,0,1,1,23,1,expected
2018-11-27 02:44:17.223096,172,52.94.235.50,443,3.0,0,1,1,23,1,expected
2018-11-27 02:44:17.258081,172,52.94.235.50,443,3.0,0,1,1,23,1,expected
2018-11-27 02:44:17.271938,172,52.94.235.50,443,3.0,0,1,1,23,1,expected
2018-11-27 02:44:17.286320,172,52.94.235.50,443,3.0,0,1,1,23,1,expected
2018-11-27 02:44:17.307030,172,52.94.235.50,443,3.0,0,1,1,23,1,expected
2018-11-27 02:44:17.335192,172,52.94.235.50,443,3.0,0,1,1,23,1,expected
2018-11-27 02:44:17.355737,172,52.94.235.50,443,3.0,0,1,1,23,1,expected
2018-11-27 02:44:17.369857,172,52.94.235.50,443,3.0,0,1,1,23,1,expected
2018-11-27 02:44:17.383605,172,52.94.235.50,443,3.0,0,1,1,23,1,expected
2018-11-27 02:44:17.418728,172,52.94.235.50,443,3.0,0,1,1,23,1,expected
2018-11-27 02:44:17.432326,172,52.94.235.50,443,3.0,0,1,1,23,1,expected
2018-11-27 02:44:17.445609,172,52.94.235.50,443,3.0,0,1,1,23,1,expected
2018-11-27 02:44:17.466936,172,52.94.235.50,443,3.0,0,1,1,23,1,expected
2018-11-27 02:44:17.494516,172,52.94.235.50,443,3.0,0,1,1,23,1,expected
2018-11-27 02:44:17.515618,172,52.94.235.50,443,3.0,0,1,1,23,1,expected
2018-11-27 02:44:17.529921,172,52.94.235.50,443,3.0,0,1,1,23,1,expected
2018-11-27 02:44:17.543729,172,52.94.235.50,443,3.0,0,1,1,23,1,expected
2018-11-27 02:44:17.579035,172,52.94.235.50,443,3.0,0,1,1,23,1,expected
2018-11-27 02:44:17.592401,172,52.94.235.50,443,3.0,0,1,1,23,1,expected
2018-11-27 02:44:17.606483,172,52.94.235.50,443,3.0,0,1,1,23,1,expected
2018-11-27 02:44:17.627623,172,52.94.235.50,443,3.0,0,1,1,23,1,expected
2018-11-27 02:44:17.654922,172,52.94.235.50,443,3.0,0,1,1,23,1,expected
2018-11-27 02:44:17.675753,172,52.94.235.50,443,3.0,0,1,1,23,1,expected
2018-11-27 02:44:17.689803,172,52.94.235.50,443,3.0,0,1,1,23,1,expected
2018-11-27 02:44:17.704129,172,52.94.235.50,443,3.0,0,1,1,23,1,expected
2018-11-27 02:44:17.741030,172,52.94.235.50,443,3.0,0,1,1,23,1,expected
2018-11-27 02:44:17.754622,172,52.94.235.50,443,3.0,0,1,1,23,1,expected
2018-11-27 02:44:17.769120,172,52.94.235.50,443,3.0,0,1,1,23,1,expected
2018-11-27 02:44:17.789096,172,52.94.235.50,443,3.0,0,1,1,23,1,expected
2018-11-27 02:44:17.834127,172,52.94.235.50,443,3.0,0,1,1,23,1,expected
2018-11-27 02:44:17.834266,172,52.94.235.50,443,3.0,0,1,1,23,1,expected
2018-11-27 02:44:17.850956,172,52.94.235.50,443,3.0,0,1,1,23,1,expected
2018-11-27 02:44:17.864927,172,52.94.235.50,443,3.0,0,1,1,23,1,expected
2018-11-27 02:44:17.899594,172,52.94.235.50,443,3.0,0,1,1,23,1,expected
2018-11-27 02:44:17.913365,172,52.94.235.50,443,3.0,0,1,1,23,1,expected
2018-11-27 02:44:17.928815,172,52.94.235.50,443,3.0,0,1,1,23,1,expected
2018-11-27 02:44:17.944444,172,52.94.235.50,443,3.0,0,1,1,23,1,expected
2018-11-27 02:44:17.976544,172,52.94.235.50,443,3.0,0,1,1,23,1,expected
2018-11-27 02:44:17.990595,172,52.94.235.50,443,3.0,0,1,1,23,1,expected
2018-11-27 02:44:18.011889,172,52.94.235.50,443,3.0,0,1,1,23,1,expected
2018-11-27 02:44:18.025690,172,52.94.235.50,443,3.0,0,1,1,23,1,expected
2018-11-27 02:44:18.053967,172,52.94.235.50,443,3.0,0,1,1,23,1,expected
2018-11-27 02:44:18.074793,172,52.94.235.50,443,3.0,0,1,1,23,1,expected
2018-11-27 02:44:18.088948,172,52.94.235.50,443,3.0,0,1,1,23,1,expected
2018-11-27 02:44:18.102655,172,52.94.235.50,443,3.0,0,1,1,23,1,expected
2018-11-27 02:44:18.137615,172,52.94.235.50,443,3.0,0,1,1,23,1,expected
2018-11-27 02:44:18.152549,172,52.94.235.50,443,3.0,0,1,1,23,1,expected
2018-11-27 02:44:18.165681,172,52.94.235.50,443,3.0,0,1,1,23,1,expected
2018-11-27 02:44:18.186977,172,52.94.235.50,443,3.0,0,1,1,23,1,expected
2018-11-27 02:44:18.214567,172,52.94.235.50,443,3.0,0,1,1,23,1,expected
2018-11-27 02:44:18.236937,172,52.94.235.50,443,3.0,0,1,1,23,1,expected
2018-11-27 02:44:18.255443,172,52.94.235.50,443,3.0,0,1,1,23,1,expected
2018-11-27 02:44:18.267137,172,52.94.235.50,443,3.0,0,1,1,23,1,expected
2018-11-27 02:44:18.299172,172,52.94.235.50,443,3.0,0,1,1,23,1,expected
2018-11-27 02:44:18.312609,172,52.94.235.50,443,3.0,0,1,1,23,1,expected
2018-11-27 02:44:18.326589,172,52.94.235.50,443,3.0,0,1,1,23,1,expected
2018-11-27 02:44:18.348164,172,52.94.235.50,443,3.0,0,1,1,23,1,expected
2018-11-27 02:44:18.375288,172,52.94.235.50,443,3.0,0,1,1,23,1,expected
2018-11-27 02:44:18.395915,172,52.94.235.50,443,3.0,0,1,1,23,1,expected
2018-11-27 02:44:18.409596,172,52.94.235.50,443,3.0,0,1,1,23,1,expected
2018-11-27 02:44:18.423617,172,52.94.235.50,443,3.0,0,1,1,23,1,expected
2018-11-27 02:44:18.458778,172,52.94.235.50,443,3.0,0,1,1,23,1,expected
2018-11-27 02:44:18.472447,172,52.94.235.50,443,3.0,0,1,1,23,1,expected
2018-11-27 02:44:18.486949,172,52.94.235.50,443,3.0,0,1,1,23,1,expected
2018-11-27 02:44:18.531494,172,52.94.235.50,443,3.0,0,1,1,23,1,expected
2018-11-27 02:44:18.538955,172,52.94.235.50,443,3.0,0,1,1,23,1,expected
2018-11-27 02:44:18.550574,172,52.94.235.50,443,3.0,0,1,1,23,1,expected
2018-11-27 02:44:18.570709,172,52.94.235.50,443,3.0,0,1,1,23,1,expected
2018-11-27 02:44:18.584758,172,52.94.235.50,443,3.0,0,1,1,23,1,expected
2018-11-27 02:44:18.619748,172,52.94.235.50,443,3.0,0,1,1,23,1,expected
2018-11-27 02:44:18.633541,172,52.94.235.50,443,3.0,0,1,1,23,1,expected
2018-11-27 02:44:18.648086,172,52.94.235.50,443,3.0,0,1,1,23,1,expected
2018-11-27 02:44:18.662008,172,52.94.235.50,443,3.0,0,1,1,23,1,expected
2018-11-27 02:44:18.696881,172,52.94.235.50,443,3.0,0,1,1,23,1,expected
2018-11-27 02:44:18.710677,172,52.94.235.50,443,3.0,0,1,1,23,1,expected
2018-11-27 02:44:18.732027,172,52.94.235.50,443,3.0,0,1,1,23,1,expected
2018-11-27 02:44:18.746021,172,52.94.235.50,443,3.0,0,1,1,23,1,expected
2018-11-27 02:44:18.762601,136,52.94.235.50,443,3.0,0,1,1,23,1,expected
2018-11-27 02:44:18.762787,92,52.94.235.50,443,3.0,0,1,1,23,1,expected
2018-11-27 02:44:18.783887,74,54.239.26.255,443,1.0,-3532669,0,1,,1,retransmit
2018-11-27 02:44:18.804057,54,52.94.235.50,443,1.0,1911,1,1,,1,ack
2018-11-27 02:44:18.843796,54,54.239.26.255,443,1.0,59,1,1,,1,ack
2018-11-27 02:44:18.845069,312,54.239.26.255,443,3.0,0,1,1,22,1,handshake
2018-11-27 02:44:18.910336,54,54.239.26.255,443,1.0,66,1,1,,1,ack
2018-11-27 02:44:18.912190,105,54.239.26.255,443,3.0,0,1,1,20,1,handshake
2018-11-27 02:44:19.010971,810,54.239.26.255,443,3.0,0,1,1,23,1,expected
2018-11-27 02:44:19.080952,85,54.239.26.255,443,3.0,0,1,1,21,1,handshake
2018-11-27 02:44:19.081152,54,54.239.26.255,443,1.0,170,1,1,,1,ack
2018-11-27 02:44:19.142573,54,54.239.26.255,443,1.0,61,1,1,,1,ack
2018-11-27 02:44:19.155918,54,52.94.235.50,443,1.0,351,1,1,,1,ack
2018-11-27 02:44:19.161000,74,54.239.26.255,443,1.0,-3532614,0,1,,1,retransmit
2018-11-27 02:44:19.235632,54,54.239.26.255,443,1.0,74,1,1,,1,ack
2018-11-27 02:44:19.241530,312,54.239.26.255,443,3.0,0,1,1,22,1,handshake
2018-11-27 02:44:19.296364,295,52.94.235.50,443,3.0,0,1,1,23,1,expected
2018-11-27 02:44:19.296526,190,52.94.235.50,443,3.0,0,1,1,23,1,expected
2018-11-27 02:44:19.297261,1514,52.94.235.50,443,1.0,141,1,1,,1,not_relevant
2018-11-27 02:44:19.297728,1514,52.94.235.50,443,1.0,0,1,1,,1,not_relevant
2018-11-27 02:44:19.297810,54,54.239.26.255,443,1.0,62,1,1,,1,ack
2018-11-27 02:44:19.298113,520,52.94.235.50,443,3.0,0,1,1,23,1,expected
2018-11-27 02:44:19.298178,105,54.239.26.255,443,3.0,0,1,1,20,1,handshake
2018-11-27 02:44:19.403759,781,54.239.26.255,443,3.0,0,1,1,23,1,expected
2018-11-27 02:44:19.465878,85,54.239.26.255,443,3.0,0,1,1,21,1,handshake
2018-11-27 02:44:19.466033,54,54.239.26.255,443,1.0,168,1,1,,1,ack
2018-11-27 02:44:19.484185,54,52.94.235.50,443,1.0,186,1,1,,1,ack
2018-11-27 02:44:19.486671,54,52.94.235.50,443,1.0,2,1,1,,1,ack
2018-11-27 02:44:19.521631,54,54.239.26.255,443,1.0,55,1,1,,1,ack
2018-11-27 02:44:19.655555,54,52.94.235.50,443,1.0,168,1,1,,1,ack
2018-11-27 02:44:19.656413,54,52.94.235.50,443,1.0,0,1,1,,1,ack
2018-11-27 02:44:19.656616,54,52.94.235.50,443,1.0,0,1,1,,1,ack
2018-11-27 02:44:19.657413,54,52.94.235.50,443,1.0,0,1,1,,1,ack
2018-11-27 02:44:19.657608,54,52.94.235.50,443,1.0,0,1,1,,1,ack
2018-11-27 02:44:19.658384,54,52.94.235.50,443,1.0,0,1,1,,1,ack
2018-11-27 02:44:19.658464,54,52.94.235.50,443,1.0,0,1,1,,1,ack
2018-11-27 02:44:19.659434,54,52.94.235.50,443,1.0,0,1,1,,1,ack
2018-11-27 02:44:19.659524,54,52.94.235.50,443,1.0,0,1,1,,1,ack
2018-11-27 02:44:19.662325,54,52.94.235.50,443,1.0,2,1,1,,1,ack
2018-11-27 02:44:19.714472,54,52.94.235.50,443,1.0,52,1,1,,1,ack
2018-11-27 02:44:19.714700,54,52.94.235.50,443,1.0,0,1,1,,1,ack
2018-11-27 02:44:19.714808,54,52.94.235.50,443,1.0,0,1,1,,1,ack
2018-11-27 02:44:19.718373,54,52.94.235.50,443,1.0,3,1,1,,1,ack
2018-11-27 02:44:19.718554,54,52.94.235.50,443,1.0,0,1,1,,1,ack
2018-11-27 02:44:19.719557,54,52.94.235.50,443,1.0,1,1,1,,1,ack
2018-11-27 02:44:19.720540,54,52.94.235.50,443,1.0,0,1,1,,1,ack
2018-11-27 02:44:19.721406,54,52.94.235.50,443,1.0,0,1,1,,1,ack
2018-11-27 02:44:19.722748,54,52.94.235.50,443,1.0,1,1,1,,1,ack
2018-11-27 02:44:19.727992,74,54.239.26.255,443,1.0,-3532518,0,1,,1,retransmit
2018-11-27 02:44:19.753962,54,52.94.235.50,443,1.0,31,1,1,,1,ack
2018-11-27 02:44:19.775930,54,52.94.235.50,443,1.0,21,1,1,,1,ack
2018-11-27 02:44:19.807644,54,52.94.235.50,443,1.0,31,1,1,,1,ack
2018-11-27 02:44:19.807839,54,52.94.235.50,443,1.0,0,1,1,,1,ack
2018-11-27 02:44:19.807996,54,52.94.235.50,443,1.0,0,1,1,,1,ack
2018-11-27 02:44:19.808077,54,52.94.235.50,443,1.0,0,1,1,,1,ack
2018-11-27 02:44:19.808170,54,54.239.26.255,443,1.0,80,1,1,,1,ack
2018-11-27 02:44:19.808466,312,54.239.26.255,443,3.0,0,1,1,22,1,handshake
2018-11-27 02:44:19.808485,96,52.94.235.50,443,3.0,0,1,1,23,1,expected
2018-11-27 02:44:19.808586,54,52.94.235.50,443,1.0,0,1,1,,1,ack
2018-11-27 02:44:19.808686,54,52.94.235.50,443,1.0,0,1,1,,1,ack
2018-11-27 02:44:19.808767,54,52.94.235.50,443,1.0,0,1,1,,1,ack
2018-11-27 02:44:19.834317,54,52.94.235.50,443,1.0,25,1,1,,1,ack
2018-11-27 02:44:19.864046,54,54.239.26.255,443,1.0,55,1,1,,1,ack
2018-11-27 02:44:19.888904,105,54.239.26.255,443,3.0,0,1,1,20,1,handshake
2018-11-27 02:44:19.889064,54,52.94.235.50,443,1.0,54,1,1,,1,ack
2018-11-27 02:44:19.889199,54,52.94.235.50,443,1.0,0,1,1,,1,ack
2018-11-27 02:44:19.889333,54,52.94.235.50,443,1.0,0,1,1,,1,ack
2018-11-27 02:44:19.889413,54,52.94.235.50,443,1.0,0,1,1,,1,ack
2018-11-27 02:44:19.889583,54,52.94.235.50,443,1.0,0,1,1,,1,ack
2018-11-27 02:44:19.889656,54,52.94.235.50,443,1.0,0,1,1,,1,ack
2018-11-27 02:44:19.889727,54,52.94.235.50,443,1.0,0,1,1,,1,ack
2018-11-27 02:44:19.889806,96,52.94.235.50,443,3.0,0,1,1,23,1,expected
2018-11-27 02:44:19.898563,54,52.94.235.50,443,1.0,8,1,1,,1,ack
2018-11-27 02:44:19.898718,54,52.94.235.50,443,1.0,0,1,1,,1,ack
2018-11-27 02:44:19.954358,54,52.94.235.50,443,1.0,55,1,1,,1,ack
2018-11-27 02:44:19.954662,54,52.94.235.50,443,1.0,0,1,1,,1,ack
2018-11-27 02:44:19.970114,286,52.94.235.50,443,3.0,0,1,1,23,1,expected
2018-11-27 02:44:19.970484,1514,52.94.235.50,443,3.0,0,1,1,23,1,expected
2018-11-27 02:44:19.971344,1514,52.94.235.50,443,1.0,16,1,1,,1,not_relevant
2018-11-27 02:44:19.971365,1514,52.94.235.50,443,1.0,0,1,1,,1,not_relevant
2018-11-27 02:44:19.971384,661,52.94.235.50,443,3.0,0,1,1,23,1,expected
2018-11-27 02:44:19.971397,54,52.94.235.50,443,1.0,0,1,1,,1,ack
2018-11-27 02:44:19.971479,54,52.94.235.50,443,1.0,0,1,1,,1,ack
2018-11-27 02:44:19.971576,54,52.94.235.50,443,1.0,0,1,1,,1,ack
2018-11-27 02:44:19.971654,54,52.94.235.50,443,1.0,0,1,1,,1,ack
2018-11-27 02:44:19.977535,54,52.94.235.50,443,1.0,5,1,1,,1,ack
2018-11-27 02:44:19.977724,54,52.94.235.50,443,1.0,0,1,1,,1,ack
2018-11-27 02:44:19.978215,96,52.94.235.50,443,3.0,0,1,1,23,1,expected
2018-11-27 02:44:19.992312,787,54.239.26.255,443,3.0,0,1,1,23,1,expected
2018-11-27 02:44:20.014472,54,52.94.235.50,443,1.0,36,1,1,,1,ack
2018-11-27 02:44:20.015630,54,52.94.235.50,443,1.0,1,1,1,,1,ack
2018-11-27 02:44:20.036350,54,52.94.235.50,443,1.0,20,1,1,,1,ack
2018-11-27 02:44:20.037698,54,52.94.235.50,443,1.0,1,1,1,,1,ack
2018-11-27 02:44:20.044662,85,54.239.26.255,443,3.0,0,1,1,21,1,handshake
2018-11-27 02:44:20.044820,54,54.239.26.255,443,1.0,180,1,1,,1,ack
2018-11-27 02:44:20.052953,74,54.239.26.255,443,1.0,-3532541,0,1,,1,retransmit
2018-11-27 02:44:20.053194,54,52.94.235.50,443,1.0,15,1,1,,1,ack
2018-11-27 02:44:20.094063,54,54.239.26.255,443,1.0,49,1,1,,1,ack
2018-11-27 02:44:20.094346,54,54.239.26.255,443,1.0,41,1,1,,1,ack
2018-11-27 02:44:20.096482,312,54.239.26.255,443,3.0,0,1,1,22,1,handshake
2018-11-27 02:44:20.130349,288,52.94.235.50,443,3.0,0,1,1,23,1,expected
2018-11-27 02:44:20.131402,190,52.94.235.50,443,3.0,0,1,1,23,1,expected
2018-11-27 02:44:20.132364,1514,52.94.235.50,443,1.0,79,1,1,,1,not_relevant
2018-11-27 02:44:20.132399,1514,52.94.235.50,443,1.0,0,1,1,,1,not_relevant
2018-11-27 02:44:20.133749,401,52.94.235.50,443,3.0,0,1,1,23,1,expected
2018-11-27 02:44:20.150394,54,54.239.26.255,443,1.0,56,1,1,,1,ack
2018-11-27 02:44:20.154680,105,54.239.26.255,443,3.0,0,1,1,20,1,handshake
2018-11-27 02:44:20.186623,54,52.94.235.50,443,1.0,54,1,1,,1,ack
2018-11-27 02:44:20.188102,174,52.94.235.50,443,3.0,0,1,1,23,1,expected
2018-11-27 02:44:20.250785,795,54.239.26.255,443,3.0,0,1,1,23,1,expected
2018-11-27 02:44:20.304921,85,54.239.26.255,443,3.0,0,1,1,21,1,handshake
2018-11-27 02:44:20.305107,54,54.239.26.255,443,1.0,154,1,1,,1,ack
2018-11-27 02:44:20.318090,54,52.94.235.50,443,1.0,131,1,1,,1,ack
2018-11-27 02:44:20.349504,54,54.239.26.255,443,1.0,44,1,1,,1,ack
2018-11-27 02:44:37.585984,295,52.94.232.230,443,3.0,0,1,1,23,1,expected
2018-11-27 02:44:37.638059,54,52.94.232.230,443,1.0,220442,1,1,,1,ack
2018-11-27 02:44:39.956765,287,52.94.235.50,443,3.0,0,1,1,23,1,expected
2018-11-27 02:44:39.959476,190,52.94.235.50,443,3.0,0,1,1,23,1,expected
2018-11-27 02:44:39.965715,1514,52.94.235.50,443,1.0,19647,1,1,,1,not_relevant
2018-11-27 02:44:39.965757,1514,52.94.235.50,443,1.0,0,1,1,,1,not_relevant
2018-11-27 02:44:39.965818,405,52.94.235.50,443,3.0,0,1,1,23,1,expected
2018-11-27 02:44:40.019083,1514,52.94.235.50,443,3.0,0,1,1,23,1,expected
2018-11-27 02:44:40.019979,1514,52.94.235.50,443,1.0,54,1,1,,1,not_relevant
2018-11-27 02:44:40.030641,1514,52.94.235.50,443,1.0,10,1,1,,1,not_relevant
2018-11-27 02:44:40.031045,1014,52.94.235.50,443,3.0,0,1,1,23,1,expected
2018-11-27 02:44:40.064010,54,52.94.235.50,443,1.0,33,1,1,,1,ack
2018-11-27 02:44:40.178265,54,52.94.235.50,443,1.0,114,1,1,,1,ack
2018-11-27 02:44:40.178583,54,52.94.235.50,443,1.0,0,1,1,,1,ack
2018-11-27 02:44:40.192418,54,52.94.235.50,443,1.0,13,1,1,,1,ack
2018-11-27 02:44:40.192626,54,52.94.235.50,443,1.0,0,1,1,,1,ack
2018-11-27 02:44:40.449109,287,52.94.235.50,443,3.0,0,1,1,23,1,expected
2018-11-27 02:44:40.449390,190,52.94.235.50,443,3.0,0,1,1,23,1,expected
2018-11-27 02:44:40.449793,1514,52.94.235.50,443,1.0,257,1,1,,1,not_relevant
2018-11-27 02:44:40.450055,1514,52.94.235.50,443,1.0,0,1,1,,1,not_relevant
2018-11-27 02:44:40.450094,400,52.94.235.50,443,3.0,0,1,1,23,1,expected
2018-11-27 02:44:40.506505,174,52.94.235.50,443,3.0,0,1,1,23,1,expected
2018-11-27 02:44:40.667938,54,52.94.235.50,443,1.0,217,1,1,,1,ack
2018-11-27 02:44:40.668276,54,52.94.235.50,443,1.0,0,1,1,,1,ack
2018-11-27 02:44:41.737734,54,52.94.235.50,443,1.0,1069,1,1,,1,ack
2018-11-27 02:44:41.739070,100,52.94.235.50,443,3.0,0,1,1,23,1,syn
2018-11-27 02:45:11.748645,100,52.94.235.50,443,3.0,0,1,1,23,1,syn
2018-11-27 02:45:18.621561,288,52.94.235.50,443,3.0,0,1,1,23,1,expected
2018-11-27 02:45:18.622072,190,52.94.235.50,443,3.0,0,1,1,23,1,expected
2018-11-27 02:45:18.622156,1514,52.94.235.50,443,1.0,36884,1,1,,1,not_relevant
2018-11-27 02:45:18.622174,1514,52.94.235.50,443,1.0,0,1,1,,1,not_relevant
2018-11-27 02:45:18.622207,701,52.94.235.50,443,3.0,0,1,1,23,1,expected
2018-11-27 02:45:18.668298,74,54.239.26.255,443,1.0,-3560397,0,1,,1,retransmit
2018-11-27 02:45:18.693672,1514,52.94.235.50,443,3.0,0,1,1,23,1,expected
2018-11-27 02:45:18.694401,1514,52.94.235.50,443,3.0,0,1,1,23,1,expected
2018-11-27 02:45:18.695560,1514,52.94.235.50,443,1.0,73,1,1,,1,not_relevant
2018-11-27 02:45:18.696347,1514,52.94.235.50,443,1.0,0,1,1,,1,not_relevant
2018-11-27 02:45:18.696383,1458,52.94.235.50,443,3.0,0,1,1,23,1,expected
2018-11-27 02:45:18.735264,1514,52.94.235.50,443,1.0,38,1,1,,1,not_relevant
2018-11-27 02:45:18.735289,54,54.239.26.255,443,1.0,66,1,1,,1,ack
2018-11-27 02:45:18.735386,312,54.239.26.255,443,3.0,0,1,1,22,1,handshake
2018-11-27 02:45:18.758538,1514,52.94.235.50,443,1.0,23,1,1,,1,not_relevant
2018-11-27 02:45:18.758851,1514,52.94.235.50,443,3.0,0,1,1,23,1,expected
2018-11-27 02:45:18.762740,248,52.94.235.50,443,3.0,0,1,1,23,1,expected
2018-11-27 02:45:18.778010,172,52.94.235.50,443,3.0,0,1,1,23,1,expected
2018-11-27 02:45:18.792185,172,52.94.235.50,443,3.0,0,1,1,23,1,expected
2018-11-27 02:45:18.808722,172,52.94.235.50,443,3.0,0,1,1,23,1,expected
2018-11-27 02:45:18.810276,54,54.239.26.255,443,1.0,74,1,1,,1,ack
2018-11-27 02:45:18.810789,105,54.239.26.255,443,3.0,0,1,1,20,1,handshake
2018-11-27 02:45:18.826891,172,52.94.235.50,443,3.0,0,1,1,23,1,expected
2018-11-27 02:45:18.854647,172,52.94.235.50,443,3.0,0,1,1,23,1,expected
2018-11-27 02:45:18.865462,54,52.94.235.50,443,1.0,106,1,1,,1,ack
2018-11-27 02:45:18.875523,172,52.94.235.50,443,3.0,0,1,1,23,1,expected
2018-11-27 02:45:18.889347,172,52.94.235.50,443,3.0,0,1,1,23,1,expected
2018-11-27 02:45:18.904375,172,52.94.235.50,443,3.0,0,1,1,23,1,expected
2018-11-27 02:45:18.937495,764,54.239.26.255,443,3.0,0,1,1,23,1,expected
2018-11-27 02:45:18.938356,172,52.94.235.50,443,3.0,0,1,1,23,1,expected
2018-11-27 02:45:18.952208,172,52.94.235.50,443,3.0,0,1,1,23,1,expected
2018-11-27 02:45:18.967292,172,52.94.235.50,443,3.0,0,1,1,23,1,expected
2018-11-27 02:45:18.987501,172,52.94.235.50,443,3.0,0,1,1,23,1,expected
2018-11-27 02:45:19.014924,172,52.94.235.50,443,3.0,0,1,1,23,1,expected
2018-11-27 02:45:19.021943,85,54.239.26.255,443,3.0,0,1,1,21,1,handshake
2018-11-27 02:45:19.022155,54,54.239.26.255,443,1.0,211,1,1,,1,ack
2018-11-27 02:45:19.035727,172,52.94.235.50,443,3.0,0,1,1,23,1,expected
2018-11-27 02:45:19.049268,172,52.94.235.50,443,3.0,0,1,1,23,1,expected
2018-11-27 02:45:19.063431,172,52.94.235.50,443,3.0,0,1,1,23,1,expected
2018-11-27 02:45:19.099745,54,54.239.26.255,443,1.0,77,1,1,,1,ack
2018-11-27 02:45:19.100152,172,52.94.235.50,443,3.0,0,1,1,23,1,expected
2018-11-27 02:45:19.112379,172,52.94.235.50,443,3.0,0,1,1,23,1,expected
2018-11-27 02:45:19.127897,172,52.94.235.50,443,3.0,0,1,1,23,1,expected
2018-11-27 02:45:19.135343,287,52.94.235.50,443,3.0,0,1,1,23,1,expected
2018-11-27 02:45:19.138379,1514,52.94.235.50,443,3.0,0,1,1,23,1,expected
2018-11-27 02:45:19.138489,1514,52.94.235.50,443,1.0,273,1,1,,1,not_relevant
2018-11-27 02:45:19.138858,1514,52.94.235.50,443,1.0,0,1,1,,1,not_relevant
2018-11-27 02:45:19.138900,660,52.94.235.50,443,3.0,0,1,1,23,1,expected
2018-11-27 02:45:19.184816,290,52.94.235.50,443,3.0,0,1,1,23,1,expected
2018-11-27 02:45:19.189597,172,52.94.235.50,443,3.0,0,1,1,23,1,expected
2018-11-27 02:45:19.211765,172,52.94.235.50,443,3.0,0,1,1,23,1,expected
2018-11-27 02:45:19.224501,172,52.94.235.50,443,3.0,0,1,1,23,1,expected
2018-11-27 02:45:19.259758,172,52.94.235.50,443,3.0,0,1,1,23,1,expected
2018-11-27 02:45:19.273445,172,52.94.235.50,443,3.0,0,1,1,23,1,expected
2018-11-27 02:45:19.287531,172,52.94.235.50,443,3.0,0,1,1,23,1,expected
2018-11-27 02:45:19.301654,172,52.94.235.50,443,3.0,0,1,1,23,1,expected
2018-11-27 02:45:19.330761,54,52.94.235.50,443,1.0,191,1,1,,1,ack
2018-11-27 02:45:19.336211,172,52.94.235.50,443,3.0,0,1,1,23,1,expected
2018-11-27 02:45:19.349511,172,52.94.235.50,443,3.0,0,1,1,23,1,expected
2018-11-27 02:45:19.370381,172,52.94.235.50,443,3.0,0,1,1,23,1,expected
2018-11-27 02:45:19.384700,172,52.94.235.50,443,3.0,0,1,1,23,1,expected
2018-11-27 02:45:19.428815,172,52.94.235.50,443,3.0,0,1,1,23,1,expected
2018-11-27 02:45:19.433292,172,52.94.235.50,443,3.0,0,1,1,23,1,expected
2018-11-27 02:45:19.450884,172,52.94.235.50,443,3.0,0,1,1,23,1,expected
2018-11-27 02:45:19.465256,172,52.94.235.50,443,3.0,0,1,1,23,1,expected
2018-11-27 02:45:19.499964,172,52.94.235.50,443,3.0,0,1,1,23,1,expected
2018-11-27 02:45:19.510867,172,52.94.235.50,443,3.0,0,1,1,23,1,expected
2018-11-27 02:45:19.531501,172,52.94.235.50,443,3.0,0,1,1,23,1,expected
2018-11-27 02:45:19.545881,172,52.94.235.50,443,3.0,0,1,1,23,1,expected
2018-11-27 02:45:19.576301,172,52.94.235.50,443,3.0,0,1,1,23,1,expected
2018-11-27 02:45:19.595705,172,52.94.235.50,443,3.0,0,1,1,23,1,expected
2018-11-27 02:45:19.609922,172,52.94.235.50,443,3.0,0,1,1,23,1,expected
2018-11-27 02:45:19.623492,172,52.94.235.50,443,3.0,0,1,1,23,1,expected
2018-11-27 02:45:19.659592,172,52.94.235.50,443,3.0,0,1,1,23,1,expected
2018-11-27 02:45:19.671386,172,52.94.235.50,443,3.0,0,1,1,23,1,expected
2018-11-27 02:45:19.685766,172,52.94.235.50,443,3.0,0,1,1,23,1,expected
2018-11-27 02:45:19.706451,172,52.94.235.50,443,3.0,0,1,1,23,1,expected
2018-11-27 02:45:19.734867,172,52.94.235.50,443,3.0,0,1,1,23,1,expected
2018-11-27 02:45:19.755499,172,52.94.235.50,443,3.0,0,1,1,23,1,expected
2018-11-27 02:45:19.769211,172,52.94.235.50,443,3.0,0,1,1,23,1,expected
2018-11-27 02:45:19.783299,172,52.94.235.50,443,3.0,0,1,1,23,1,expected
2018-11-27 02:45:19.821499,172,52.94.235.50,443,3.0,0,1,1,23,1,expected
2018-11-27 02:45:19.832170,172,52.94.235.50,443,3.0,0,1,1,23,1,expected
2018-11-27 02:45:19.846393,172,52.94.235.50,443,3.0,0,1,1,23,1,expected
2018-11-27 02:45:19.868181,172,52.94.235.50,443,3.0,0,1,1,23,1,expected
2018-11-27 02:45:19.895338,172,52.94.235.50,443,3.0,0,1,1,23,1,expected
2018-11-27 02:45:19.909299,172,52.94.235.50,443,3.0,0,1,1,23,1,expected
2018-11-27 02:45:19.930688,172,52.94.235.50,443,3.0,0,1,1,23,1,expected
2018-11-27 02:45:19.944960,172,52.94.235.50,443,3.0,0,1,1,23,1,expected
2018-11-27 02:45:19.981627,172,52.94.235.50,443,3.0,0,1,1,23,1,expected
2018-11-27 02:45:19.993675,172,52.94.235.50,443,3.0,0,1,1,23,1,expected
2018-11-27 02:45:20.007363,172,52.94.235.50,443,3.0,0,1,1,23,1,expected
2018-11-27 02:45:20.021536,172,52.94.235.50,443,3.0,0,1,1,23,1,expected
2018-11-27 02:45:20.060227,172,52.94.235.50,443,3.0,0,1,1,23,1,expected
2018-11-27 02:45:20.070363,172,52.94.235.50,443,3.0,0,1,1,23,1,expected
2018-11-27 02:45:20.091436,172,52.94.235.50,443,3.0,0,1,1,23,1,expected
2018-11-27 02:45:20.128858,172,52.94.235.50,443,3.0,0,1,1,23,1,expected
2018-11-27 02:45:20.133356,172,52.94.235.50,443,3.0,0,1,1,23,1,expected
2018-11-27 02:45:20.154767,172,52.94.235.50,443,3.0,0,1,1,23,1,expected
2018-11-27 02:45:20.168590,172,52.94.235.50,443,3.0,0,1,1,23,1,expected
2018-11-27 02:45:20.182493,172,52.94.235.50,443,3.0,0,1,1,23,1,expected
2018-11-27 02:45:20.217717,172,52.94.235.50,443,3.0,0,1,1,23,1,expected
2018-11-27 02:45:20.231682,172,52.94.235.50,443,3.0,0,1,1,23,1,expected
2018-11-27 02:45:20.245597,172,52.94.235.50,443,3.0,0,1,1,23,1,expected
2018-11-27 02:45:20.266465,172,52.94.235.50,443,3.0,0,1,1,23,1,expected
2018-11-27 02:45:20.295472,172,52.94.235.50,443,3.0,0,1,1,23,1,expected
2018-11-27 02:45:20.315273,172,52.94.235.50,443,3.0,0,1,1,23,1,expected
2018-11-27 02:45:20.329314,172,52.94.235.50,443,3.0,0,1,1,23,1,expected
2018-11-27 02:45:20.342836,172,52.94.235.50,443,3.0,0,1,1,23,1,expected
2018-11-27 02:45:20.378488,172,52.94.235.50,443,3.0,0,1,1,23,1,expected
2018-11-27 02:45:20.393471,172,52.94.235.50,443,3.0,0,1,1,23,1,expected
2018-11-27 02:45:20.408030,172,52.94.235.50,443,3.0,0,1,1,23,1,expected
2018-11-27 02:45:20.426794,172,52.94.235.50,443,3.0,0,1,1,23,1,expected
2018-11-27 02:45:20.454883,172,52.94.235.50,443,3.0,0,1,1,23,1,expected
2018-11-27 02:45:20.474850,172,52.94.235.50,443,3.0,0,1,1,23,1,expected
2018-11-27 02:45:20.488863,172,52.94.235.50,443,3.0,0,1,1,23,1,expected
2018-11-27 02:45:20.502343,172,52.94.235.50,443,3.0,0,1,1,23,1,expected
2018-11-27 02:45:20.537609,172,52.94.235.50,443,3.0,0,1,1,23,1,expected
2018-11-27 02:45:20.551765,172,52.94.235.50,443,3.0,0,1,1,23,1,expected
2018-11-27 02:45:20.565548,172,52.94.235.50,443,3.0,0,1,1,23,1,expected
2018-11-27 02:45:20.586818,172,52.94.235.50,443,3.0,0,1,1,23,1,expected
2018-11-27 02:45:20.625112,172,52.94.235.50,443,3.0,0,1,1,23,1,expected
2018-11-27 02:45:20.643165,172,52.94.235.50,443,3.0,0,1,1,23,1,expected
2018-11-27 02:45:20.649913,172,52.94.235.50,443,3.0,0,1,1,23,1,expected
2018-11-27 02:45:20.663527,172,52.94.235.50,443,3.0,0,1,1,23,1,expected
2018-11-27 02:45:20.699000,172,52.94.235.50,443,3.0,0,1,1,23,1,expected
2018-11-27 02:45:20.712373,172,52.94.235.50,443,3.0,0,1,1,23,1,expected
2018-11-27 02:45:20.726492,172,52.94.235.50,443,3.0,0,1,1,23,1,expected
2018-11-27 02:45:20.748230,172,52.94.235.50,443,3.0,0,1,1,23,1,expected
2018-11-27 02:45:20.774920,172,52.94.235.50,443,3.0,0,1,1,23,1,expected
2018-11-27 02:45:20.795213,172,52.94.235.50,443,3.0,0,1,1,23,1,expected
2018-11-27 02:45:20.829510,172,52.94.235.50,443,3.0,0,1,1,23,1,expected
2018-11-27 02:45:20.829741,172,52.94.235.50,443,3.0,0,1,1,23,1,expected
2018-11-27 02:45:20.861661,172,52.94.235.50,443,3.0,0,1,1,23,1,expected
2018-11-27 02:45:20.874796,172,52.94.235.50,443,3.0,0,1,1,23,1,expected
2018-11-27 02:45:20.887842,172,52.94.235.50,443,3.0,0,1,1,23,1,expected
2018-11-27 02:45:20.906757,172,52.94.235.50,443,3.0,0,1,1,23,1,expected
2018-11-27 02:45:20.933837,172,52.94.235.50,443,3.0,0,1,1,23,1,expected
2018-11-27 02:45:20.954563,172,52.94.235.50,443,3.0,0,1,1,23,1,expected
2018-11-27 02:45:20.968622,172,52.94.235.50,443,3.0,0,1,1,23,1,expected
2018-11-27 02:45:20.982368,172,52.94.235.50,443,3.0,0,1,1,23,1,expected
2018-11-27 02:45:21.017522,172,52.94.235.50,443,3.0,0,1,1,23,1,expected
2018-11-27 02:45:21.038827,172,52.94.235.50,443,3.0,0,1,1,23,1,expected
2018-11-27 02:45:21.046213,172,52.94.235.50,443,3.0,0,1,1,23,1,expected
2018-11-27 02:45:21.066873,172,52.94.235.50,443,3.0,0,1,1,23,1,expected
2018-11-27 02:45:21.094677,172,52.94.235.50,443,3.0,0,1,1,23,1,expected
2018-11-27 02:45:21.114552,172,52.94.235.50,443,3.0,0,1,1,23,1,expected
2018-11-27 02:45:21.129108,172,52.94.235.50,443,3.0,0,1,1,23,1,expected
2018-11-27 02:45:21.142734,172,52.94.235.50,443,3.0,0,1,1,23,1,expected
2018-11-27 02:45:21.177625,172,52.94.235.50,443,3.0,0,1,1,23,1,expected
2018-11-27 02:45:21.191476,172,52.94.235.50,443,3.0,0,1,1,23,1,expected
2018-11-27 02:45:21.205385,172,52.94.235.50,443,3.0,0,1,1,23,1,expected
2018-11-27 02:45:21.227330,172,52.94.235.50,443,3.0,0,1,1,23,1,expected
2018-11-27 02:45:21.261544,136,52.94.235.50,443,3.0,0,1,1,23,1,expected
2018-11-27 02:45:21.261871,92,52.94.235.50,443,3.0,0,1,1,23,1,expected
2018-11-27 02:45:21.268451,74,54.239.26.255,443,1.0,-3560614,0,1,,1,retransmit
2018-11-27 02:45:21.293831,54,52.94.235.50,443,1.0,1963,1,1,,1,ack
2018-11-27 02:45:21.307609,54,54.239.26.255,443,1.0,39,1,1,,1,ack
2018-11-27 02:45:21.309094,312,54.239.26.255,443,3.0,0,1,1,22,1,handshake
2018-11-27 02:45:21.391788,54,54.239.26.255,443,1.0,84,1,1,,1,ack
2018-11-27 02:45:21.392248,105,54.239.26.255,443,3.0,0,1,1,20,1,handshake
2018-11-27 02:45:21.534295,812,54.239.26.255,443,3.0,0,1,1,23,1,expected
2018-11-27 02:45:21.612017,85,54.239.26.255,443,3.0,0,1,1,21,1,handshake
2018-11-27 02:45:21.612198,54,54.239.26.255,443,1.0,220,1,1,,1,ack
2018-11-27 02:45:21.644814,54,52.94.235.50,443,1.0,350,1,1,,1,ack
2018-11-27 02:45:21.652282,74,54.239.26.255,443,1.0,-3560472,0,1,,1,retransmit
2018-11-27 02:45:21.683647,54,54.239.26.255,443,1.0,71,1,1,,1,ack
2018-11-27 02:45:21.714199,54,54.239.26.255,443,1.0,61,1,1,,1,ack
2018-11-27 02:45:21.720504,312,54.239.26.255,443,3.0,0,1,1,22,1,handshake
2018-11-27 02:45:41.719925,100,52.94.235.50,443,3.0,0,1,1,23,1,syn
2018-11-27 02:45:42.126186,639,52.94.235.50,443,3.0,0,1,1,23,1,expected
2018-11-27 02:45:42.126503,190,52.94.235.50,443,3.0,0,1,1,23,1,expected
2018-11-27 02:45:42.129693,1514,52.94.235.50,443,1.0,20484,1,1,,1,not_relevant
2018-11-27 02:45:42.129929,1514,52.94.235.50,443,1.0,0,1,1,,1,not_relevant
2018-11-27 02:45:42.129971,525,52.94.235.50,443,3.0,0,1,1,23,1,expected
2018-11-27 02:45:42.193128,296,52.94.235.50,443,3.0,0,1,1,23,1,expected
2018-11-27 02:45:42.196354,190,52.94.235.50,443,3.0,0,1,1,23,1,expected
2018-11-27 02:45:42.203784,1514,52.94.235.50,443,1.0,73,1,1,,1,not_relevant
2018-11-27 02:45:42.203810,1514,52.94.235.50,443,1.0,0,1,1,,1,not_relevant
2018-11-27 02:45:42.203828,405,52.94.235.50,443,3.0,0,1,1,23,1,expected
2018-11-27 02:45:42.203844,136,52.94.235.50,443,3.0,0,1,1,23,1,expected
2018-11-27 02:45:42.208555,92,52.94.235.50,443,3.0,0,1,1,23,1,expected
2018-11-27 02:45:42.286213,54,52.94.235.50,443,1.0,82,1,1,,1,ack
2018-11-27 02:45:42.412460,54,52.94.235.50,443,1.0,126,1,1,,1,ack
2018-11-27 02:45:42.412614,54,52.94.235.50,443,1.0,0,1,1,,1,ack
2018-11-27 02:45:42.432523,54,52.94.235.50,443,1.0,19,1,1,,1,ack
2018-11-27 02:45:42.432749,54,52.94.235.50,443,1.0,0,1,1,,1,ack
2018-11-27 02:45:42.631370,287,52.94.235.50,443,3.0,0,1,1,23,1,expected
2018-11-27 02:45:42.631826,1514,52.94.235.50,443,3.0,0,1,1,23,1,expected
2018-11-27 02:45:42.631863,1514,52.94.235.50,443,1.0,199,1,1,,1,not_relevant
2018-11-27 02:45:42.631886,1514,52.94.235.50,443,1.0,0,1,1,,1,not_relevant
2018-11-27 02:45:42.632032,656,52.94.235.50,443,3.0,0,1,1,23,1,expected
2018-11-27 02:45:42.783155,54,52.94.235.50,443,1.0,151,1,1,,1,ack
2018-11-27 02:45:42.783323,54,52.94.235.50,443,1.0,0,1,1,,1,ack
2018-11-27 02:46:11.743596,54,52.94.235.50,443,1.0,28960,1,1,,1,ack
2018-11-27 02:46:11.749270,100,52.94.235.50,443,3.0,0,1,1,23,1,syn
